molecule_chembl_id,canonical_smiles,standard_relation,standard_value,standard_units,standard_type,pchembl_value,target_pref_name,bao_label
CHEMBL316157,O=C(Cc1cccs1)N[C@@H]1C(=O)N2C(C(=O)[O-])=C(C[n+]3ccccc3)CS[C@H]12,=,120.0,/s,Kcat,,Beta-lactamase OXA-23,single protein format
CHEMBL29,CC1(C)S[C@@H]2[C@H](NC(=O)Cc3ccccc3)C(=O)N2[C@H]1C(=O)O,=,240.0,/s,Kcat,,Beta-lactamase OXA-23,single protein format
CHEMBL148,C[C@@H](O)[C@H]1C(=O)N2C(C(=O)O)=C(SCCNC=N)C[C@H]12,=,45.0,/s,Kcat,,Beta-lactamase OXA-23,single protein format
CHEMBL127,C[C@@H](O)[C@H]1C(=O)N2C(C(=O)O)=C(S[C@@H]3CN[C@H](C(=O)N(C)C)C3)[C@H](C)[C@H]12,=,170.0,/s,Kcat,,Beta-lactamase OXA-23,single protein format
CHEMBL491571,C[C@@H](O)[C@H]1C(=O)N2C(C(=O)O)=C(S[C@@H]3CN[C@H](CNS(N)(=O)=O)C3)[C@H](C)[C@H]12,=,170.0,/s,Kcat,,Beta-lactamase OXA-23,single protein format
CHEMBL44354,CC(C)(O/N=C(\C(=O)N[C@@H]1C(=O)N2C(C(=O)[O-])=C(C[n+]3ccccc3)CS[C@H]12)c1csc(N)n1)C(=O)O,=,77.0,/s,Kcat,,Beta-lactamase OXA-23,single protein format
CHEMBL316157,O=C(Cc1cccs1)N[C@@H]1C(=O)N2C(C(=O)[O-])=C(C[n+]3ccccc3)CS[C@H]12,=,450.0,/s,Kcat,,Beta-lactamase OXA-23,single protein format
CHEMBL29,CC1(C)S[C@@H]2[C@H](NC(=O)Cc3ccccc3)C(=O)N2[C@H]1C(=O)O,=,530.0,/s,Kcat,,Beta-lactamase OXA-23,single protein format
CHEMBL148,C[C@@H](O)[C@H]1C(=O)N2C(C(=O)O)=C(SCCNC=N)C[C@H]12,=,0.92,/s,Kcat,,Beta-lactamase OXA-23,single protein format
CHEMBL127,C[C@@H](O)[C@H]1C(=O)N2C(C(=O)O)=C(S[C@@H]3CN[C@H](C(=O)N(C)C)C3)[C@H](C)[C@H]12,=,0.13,nmol/min,Kcat,,Beta-lactamase OXA-23,single protein format
CHEMBL491571,C[C@@H](O)[C@H]1C(=O)N2C(C(=O)O)=C(S[C@@H]3CN[C@H](CNS(N)(=O)=O)C3)[C@H](C)[C@H]12,=,0.2,/s,Kcat,,Beta-lactamase OXA-23,single protein format
CHEMBL44354,CC(C)(O/N=C(\C(=O)N[C@@H]1C(=O)N2C(C(=O)[O-])=C(C[n+]3ccccc3)CS[C@H]12)c1csc(N)n1)C(=O)O,<=,0.0042,/s,Kcat,,Beta-lactamase OXA-23,single protein format
CHEMBL316157,O=C(Cc1cccs1)N[C@@H]1C(=O)N2C(C(=O)[O-])=C(C[n+]3ccccc3)CS[C@H]12,=,9600.0,nM,Km,,Beta-lactamase OXA-23,single protein format
CHEMBL29,CC1(C)S[C@@H]2[C@H](NC(=O)Cc3ccccc3)C(=O)N2[C@H]1C(=O)O,=,27000.0,nM,Km,,Beta-lactamase OXA-23,single protein format
CHEMBL148,C[C@@H](O)[C@H]1C(=O)N2C(C(=O)O)=C(SCCNC=N)C[C@H]12,=,82000.0,nM,Km,,Beta-lactamase OXA-23,single protein format
CHEMBL127,C[C@@H](O)[C@H]1C(=O)N2C(C(=O)O)=C(S[C@@H]3CN[C@H](C(=O)N(C)C)C3)[C@H](C)[C@H]12,=,130000.0,nM,Km,,Beta-lactamase OXA-23,single protein format
CHEMBL491571,C[C@@H](O)[C@H]1C(=O)N2C(C(=O)O)=C(S[C@@H]3CN[C@H](CNS(N)(=O)=O)C3)[C@H](C)[C@H]12,=,110000.0,nM,Km,,Beta-lactamase OXA-23,single protein format
CHEMBL44354,CC(C)(O/N=C(\C(=O)N[C@@H]1C(=O)N2C(C(=O)[O-])=C(C[n+]3ccccc3)CS[C@H]12)c1csc(N)n1)C(=O)O,=,120000.0,nM,Km,,Beta-lactamase OXA-23,single protein format
CHEMBL316157,O=C(Cc1cccs1)N[C@@H]1C(=O)N2C(C(=O)[O-])=C(C[n+]3ccccc3)CS[C@H]12,=,1300000.0,nM,Km,,Beta-lactamase OXA-23,single protein format
CHEMBL29,CC1(C)S[C@@H]2[C@H](NC(=O)Cc3ccccc3)C(=O)N2[C@H]1C(=O)O,=,13000.0,nM,Km,,Beta-lactamase OXA-23,single protein format
CHEMBL148,C[C@@H](O)[C@H]1C(=O)N2C(C(=O)O)=C(SCCNC=N)C[C@H]12,=,1300.0,nM,Km,,Beta-lactamase OXA-23,single protein format
CHEMBL127,C[C@@H](O)[C@H]1C(=O)N2C(C(=O)O)=C(S[C@@H]3CN[C@H](C(=O)N(C)C)C3)[C@H](C)[C@H]12,=,2500.0,nM,Km,,Beta-lactamase OXA-23,single protein format
CHEMBL491571,C[C@@H](O)[C@H]1C(=O)N2C(C(=O)O)=C(S[C@@H]3CN[C@H](CNS(N)(=O)=O)C3)[C@H](C)[C@H]12,=,1800.0,nM,Km,,Beta-lactamase OXA-23,single protein format
CHEMBL44354,CC(C)(O/N=C(\C(=O)N[C@@H]1C(=O)N2C(C(=O)[O-])=C(C[n+]3ccccc3)CS[C@H]12)c1csc(N)n1)C(=O)O,,,,Km,,Beta-lactamase OXA-23,single protein format
CHEMBL316157,O=C(Cc1cccs1)N[C@@H]1C(=O)N2C(C(=O)[O-])=C(C[n+]3ccccc3)CS[C@H]12,=,13.0,/s/microM,Kcat/Km,,Beta-lactamase OXA-23,single protein format
CHEMBL29,CC1(C)S[C@@H]2[C@H](NC(=O)Cc3ccccc3)C(=O)N2[C@H]1C(=O)O,=,8.9,/s/microM,Kcat/Km,,Beta-lactamase OXA-23,single protein format
CHEMBL148,C[C@@H](O)[C@H]1C(=O)N2C(C(=O)O)=C(SCCNC=N)C[C@H]12,=,0.55,/s/microM,Kcat/Km,,Beta-lactamase OXA-23,single protein format
CHEMBL127,C[C@@H](O)[C@H]1C(=O)N2C(C(=O)O)=C(S[C@@H]3CN[C@H](C(=O)N(C)C)C3)[C@H](C)[C@H]12,=,1.3,/s/microM,Kcat/Km,,Beta-lactamase OXA-23,single protein format
CHEMBL491571,C[C@@H](O)[C@H]1C(=O)N2C(C(=O)O)=C(S[C@@H]3CN[C@H](CNS(N)(=O)=O)C3)[C@H](C)[C@H]12,=,1.5,/s/microM,Kcat/Km,,Beta-lactamase OXA-23,single protein format
CHEMBL44354,CC(C)(O/N=C(\C(=O)N[C@@H]1C(=O)N2C(C(=O)[O-])=C(C[n+]3ccccc3)CS[C@H]12)c1csc(N)n1)C(=O)O,=,0.64,/s/microM,Kcat/Km,,Beta-lactamase OXA-23,single protein format
CHEMBL316157,O=C(Cc1cccs1)N[C@@H]1C(=O)N2C(C(=O)[O-])=C(C[n+]3ccccc3)CS[C@H]12,=,0.35,/s/microM,Kcat/Km,,Beta-lactamase OXA-23,single protein format
CHEMBL29,CC1(C)S[C@@H]2[C@H](NC(=O)Cc3ccccc3)C(=O)N2[C@H]1C(=O)O,=,41.0,/s/microM,Kcat/Km,,Beta-lactamase OXA-23,single protein format
CHEMBL148,C[C@@H](O)[C@H]1C(=O)N2C(C(=O)O)=C(SCCNC=N)C[C@H]12,=,0.05,/s/microM,Kcat/Km,,Beta-lactamase OXA-23,single protein format
CHEMBL127,C[C@@H](O)[C@H]1C(=O)N2C(C(=O)O)=C(S[C@@H]3CN[C@H](C(=O)N(C)C)C3)[C@H](C)[C@H]12,=,0.052,/s/microM,Kcat/Km,,Beta-lactamase OXA-23,single protein format
CHEMBL491571,C[C@@H](O)[C@H]1C(=O)N2C(C(=O)O)=C(S[C@@H]3CN[C@H](CNS(N)(=O)=O)C3)[C@H](C)[C@H]12,=,0.11,/s/microM,Kcat/Km,,Beta-lactamase OXA-23,single protein format
CHEMBL44354,CC(C)(O/N=C(\C(=O)N[C@@H]1C(=O)N2C(C(=O)[O-])=C(C[n+]3ccccc3)CS[C@H]12)c1csc(N)n1)C(=O)O,,,,Kcat/Km,,Beta-lactamase OXA-23,single protein format
CHEMBL29,CC1(C)S[C@@H]2[C@H](NC(=O)Cc3ccccc3)C(=O)N2[C@H]1C(=O)O,=,200.0,%,Activity,,Beta-lactamase OXA-23,single protein format
CHEMBL29,CC1(C)S[C@@H]2[C@H](NC(=O)Cc3ccccc3)C(=O)N2[C@H]1C(=O)O,=,120.0,%,Activity,,Beta-lactamase OXA-23,single protein format
CHEMBL29,CC1(C)S[C@@H]2[C@H](NC(=O)Cc3ccccc3)C(=O)N2[C@H]1C(=O)O,=,68.0,%,Activity,,Beta-lactamase OXA-23,single protein format
CHEMBL29,CC1(C)S[C@@H]2[C@H](NC(=O)Cc3ccccc3)C(=O)N2[C@H]1C(=O)O,=,12000.0,%,Activity,,Beta-lactamase OXA-23,single protein format
CHEMBL44354,CC(C)(O/N=C(\C(=O)N[C@@H]1C(=O)N2C(C(=O)[O-])=C(C[n+]3ccccc3)CS[C@H]12)c1csc(N)n1)C(=O)O,=,64.0,%,Activity,,Beta-lactamase OXA-23,single protein format
CHEMBL44354,CC(C)(O/N=C(\C(=O)N[C@@H]1C(=O)N2C(C(=O)[O-])=C(C[n+]3ccccc3)CS[C@H]12)c1csc(N)n1)C(=O)O,<=,0.00093,%,Activity,,Beta-lactamase OXA-23,single protein format
CHEMBL44354,CC(C)(O/N=C(\C(=O)N[C@@H]1C(=O)N2C(C(=O)[O-])=C(C[n+]3ccccc3)CS[C@H]12)c1csc(N)n1)C(=O)O,=,4.9,%,Activity,,Beta-lactamase OXA-23,single protein format
CHEMBL44354,CC(C)(O/N=C(\C(=O)N[C@@H]1C(=O)N2C(C(=O)[O-])=C(C[n+]3ccccc3)CS[C@H]12)c1csc(N)n1)C(=O)O,,,,Activity,,Beta-lactamase OXA-23,single protein format
CHEMBL491571,C[C@@H](O)[C@H]1C(=O)N2C(C(=O)O)=C(S[C@@H]3CN[C@H](CNS(N)(=O)=O)C3)[C@H](C)[C@H]12,=,140.0,%,Activity,,Beta-lactamase OXA-23,single protein format
CHEMBL491571,C[C@@H](O)[C@H]1C(=O)N2C(C(=O)O)=C(S[C@@H]3CN[C@H](CNS(N)(=O)=O)C3)[C@H](C)[C@H]12,=,0.044,%,Activity,,Beta-lactamase OXA-23,single protein format
CHEMBL491571,C[C@@H](O)[C@H]1C(=O)N2C(C(=O)O)=C(S[C@@H]3CN[C@H](CNS(N)(=O)=O)C3)[C@H](C)[C@H]12,=,12.0,%,Activity,,Beta-lactamase OXA-23,single protein format
CHEMBL491571,C[C@@H](O)[C@H]1C(=O)N2C(C(=O)O)=C(S[C@@H]3CN[C@H](CNS(N)(=O)=O)C3)[C@H](C)[C@H]12,=,31.0,%,Activity,,Beta-lactamase OXA-23,single protein format
CHEMBL148,C[C@@H](O)[C@H]1C(=O)N2C(C(=O)O)=C(SCCNC=N)C[C@H]12,=,38.0,%,Activity,,Beta-lactamase OXA-23,single protein format
CHEMBL148,C[C@@H](O)[C@H]1C(=O)N2C(C(=O)O)=C(SCCNC=N)C[C@H]12,=,0.2,%,Activity,,Beta-lactamase OXA-23,single protein format
CHEMBL148,C[C@@H](O)[C@H]1C(=O)N2C(C(=O)O)=C(SCCNC=N)C[C@H]12,=,4.2,%,Activity,,Beta-lactamase OXA-23,single protein format
CHEMBL148,C[C@@H](O)[C@H]1C(=O)N2C(C(=O)O)=C(SCCNC=N)C[C@H]12,=,14200.0,%,Activity,,Beta-lactamase OXA-23,single protein format
CHEMBL127,C[C@@H](O)[C@H]1C(=O)N2C(C(=O)O)=C(S[C@@H]3CN[C@H](C(=O)N(C)C)C3)[C@H](C)[C@H]12,=,140.0,%,Activity,,Beta-lactamase OXA-23,single protein format
CHEMBL127,C[C@@H](O)[C@H]1C(=O)N2C(C(=O)O)=C(S[C@@H]3CN[C@H](C(=O)N(C)C)C3)[C@H](C)[C@H]12,=,0.029,%,Activity,,Beta-lactamase OXA-23,single protein format
CHEMBL127,C[C@@H](O)[C@H]1C(=O)N2C(C(=O)O)=C(S[C@@H]3CN[C@H](C(=O)N(C)C)C3)[C@H](C)[C@H]12,=,10.0,%,Activity,,Beta-lactamase OXA-23,single protein format
CHEMBL127,C[C@@H](O)[C@H]1C(=O)N2C(C(=O)O)=C(S[C@@H]3CN[C@H](C(=O)N(C)C)C3)[C@H](C)[C@H]12,=,14.9,%,Activity,,Beta-lactamase OXA-23,single protein format
CHEMBL4476567,O=C(NNC(=O)[C@@H]1CC[C@@H]2CN1C(=O)N2OS(=O)(=O)O)C1CCCNC1,=,8.0,,FC,,Beta-lactamase OXA-23,single protein format
CHEMBL4476567,O=C(NNC(=O)[C@@H]1CC[C@@H]2CN1C(=O)N2OS(=O)(=O)O)C1CCCNC1,=,4.0,,FC,,Beta-lactamase OXA-23,single protein format
CHEMBL2107817,NC(=O)[C@@H]1CC[C@@H]2CN1C(=O)N2OS(=O)(=O)[O-].[Na+],=,4.0,ug.mL-1,MIC,,Beta-lactamase OXA-23,assay format
CHEMBL3112741,O=C(NC1CCNCC1)[C@@H]1CC[C@@H]2CN1C(=O)N2OS(=O)(=O)O,=,8.0,ug.mL-1,MIC,,Beta-lactamase OXA-23,assay format
CHEMBL1257120,C[C@]1(COC(=O)Cc2ccc(O)c(O)c2)[C@H](C(=O)O)N2C(=O)/C(=C/c3ccccn3)[C@H]2S1(=O)=O,=,0.5,ug.mL-1,MIC,,Beta-lactamase OXA-23,assay format
CHEMBL4434716,Cn1cc(-c2ccnc(/C=C3/C(=O)N4[C@@H](C(=O)O)[C@](C)(COC(=O)Cc5ccc(O)c(O)c5)S(=O)(=O)[C@H]34)c2)cn1,=,1.0,ug.mL-1,MIC,,Beta-lactamase OXA-23,assay format
CHEMBL4476316,C[C@]1(COC(=O)Cc2ccc(O)c(O)c2)[C@H](C(=O)O)N2C(=O)/C(=C/c3cc(Br)ccn3)[C@H]2S1(=O)=O,=,1.0,ug.mL-1,MIC,,Beta-lactamase OXA-23,assay format
CHEMBL4475789,C[C@]1(COC(=O)Cc2ccc(O)c(O)c2)[C@H](C(=O)O)N2C(=O)/C(=C/c3ccc(F)cn3)[C@H]2S1(=O)=O,=,1.0,ug.mL-1,MIC,,Beta-lactamase OXA-23,assay format
CHEMBL4470481,COc1ccnc(/C=C2/C(=O)N3[C@@H](C(=O)O)[C@](C)(COC(=O)Cc4ccc(O)c(O)c4)S(=O)(=O)[C@H]23)c1OC,=,4.0,ug.mL-1,MIC,,Beta-lactamase OXA-23,assay format
CHEMBL4591213,C[C@]1(COC(=O)Cc2ccc(O)c(O)c2)[C@H](C(=O)O)N2C(=O)/C(=C/c3nccc4ccsc34)[C@H]2S1(=O)=O,=,2.0,ug.mL-1,MIC,,Beta-lactamase OXA-23,assay format
CHEMBL4572192,C[C@]1(COC(=O)Cc2ccc(O)c(O)c2)[C@H](C(=O)O)N2C(=O)/C(=C/c3cc4ccccc4cn3)[C@H]2S1(=O)=O,=,2.0,ug.mL-1,MIC,,Beta-lactamase OXA-23,assay format
CHEMBL4640467,O=C(O)c1nccc2c1OB(O)CC2,=,2.5,ug ml-1,MEC,,Beta-lactamase OXA-23,single protein format
CHEMBL4632613,COc1ccc2c(c1C(=O)O)OB(O)C=C2,>,20.0,ug ml-1,MEC,,Beta-lactamase OXA-23,single protein format
CHEMBL4640900,COc1ccc2c(c1C(=O)O)OB(O)C(F)=C2,=,5.0,ug ml-1,MEC,,Beta-lactamase OXA-23,single protein format
CHEMBL4644272,C[C@H]1Cc2cccc(C(=O)O)c2OB1O,>,20.0,ug ml-1,MEC,,Beta-lactamase OXA-23,single protein format
CHEMBL4644962,C[C@@H]1Cc2cccc(C(=O)O)c2OB1O,>,20.0,ug ml-1,MEC,,Beta-lactamase OXA-23,single protein format
CHEMBL4637768,COc1ccc2c(c1C(=O)O)OB(O)C(CO)C2,>,20.0,ug ml-1,MEC,,Beta-lactamase OXA-23,single protein format
CHEMBL4649531,COc1ccc2c(c1C(=O)O)OB(O)[C@@H](CCO)C2,=,10.0,ug ml-1,MEC,,Beta-lactamase OXA-23,single protein format
CHEMBL4635940,COc1ccc2c(c1C(=O)O)OB(O)C1CC21,=,1.25,ug ml-1,MEC,,Beta-lactamase OXA-23,single protein format
CHEMBL4643706,COc1ccc2c(c1C(=O)O)OB(O)C1(CC1)C2,>,20.0,ug ml-1,MEC,,Beta-lactamase OXA-23,single protein format
CHEMBL4636107,COc1ccc2c(c1C(=O)O)OB(O)CC21CC1,=,2.5,ug ml-1,MEC,,Beta-lactamase OXA-23,single protein format
CHEMBL4635000,COc1ccc2c(c1C(=O)O)OB(O)C1CCC21,=,10.0,ug ml-1,MEC,,Beta-lactamase OXA-23,single protein format
CHEMBL4644617,COc1ccc2c(c1C(=O)O)OB(O)[C@H]1C[C@@H]21,=,1.25,ug ml-1,MEC,,Beta-lactamase OXA-23,single protein format
CHEMBL4635282,COc1ccc2c(c1C(=O)O)OB(O)[C@@H]1C[C@H]21,=,1.25,ug ml-1,MEC,,Beta-lactamase OXA-23,single protein format
CHEMBL4641499,O=C(O)c1cccc2c1OB(O)[C@H]1C[C@@H]21,=,20.0,ug ml-1,MEC,,Beta-lactamase OXA-23,single protein format
CHEMBL4642314,O=C(O)c1cccc2c1OB(O)[C@@H]1C[C@H]21,=,10.0,ug ml-1,MEC,,Beta-lactamase OXA-23,single protein format
CHEMBL4649540,COc1ccc2c(c1C(=O)O)OB(O)C1C2C1(F)F,=,10.0,ug ml-1,MEC,,Beta-lactamase OXA-23,single protein format
CHEMBL4646071,O=C(O)c1c(F)ccc2c1OB(O)[C@H]1C[C@@H]21,=,10.0,ug ml-1,MEC,,Beta-lactamase OXA-23,single protein format
CHEMBL4633785,O=C(O)c1c(F)ccc2c1OB(O)[C@@H]1C[C@H]21,=,0.74,nM,Ki,9.13,Beta-lactamase OXA-23,single protein format
CHEMBL4633785,O=C(O)c1c(F)ccc2c1OB(O)[C@@H]1C[C@H]21,=,1.25,ug ml-1,MEC,,Beta-lactamase OXA-23,single protein format
CHEMBL4635649,O=C(O)c1nccc2c1OB(O)[C@H]1C[C@@H]21,=,10.0,ug ml-1,MEC,,Beta-lactamase OXA-23,single protein format
CHEMBL4633016,O=C(O)c1nccc2c1OB(O)[C@@H]1C[C@H]21,=,1.25,ug ml-1,MEC,,Beta-lactamase OXA-23,single protein format
CHEMBL4633645,COc1ccc2c(c1C(=O)O)OB(O)C1(CO)CC21,=,10.0,ug ml-1,MEC,,Beta-lactamase OXA-23,single protein format
CHEMBL4645092,O=C(O)c1cccc2c1OB(O)CC2,=,20.0,ug ml-1,MEC,,Beta-lactamase OXA-23,single protein format
CHEMBL4649064,COc1ccc2c(c1C(=O)O)OB(O)CC2,=,0.6,ug ml-1,MEC,,Beta-lactamase OXA-23,single protein format
CHEMBL4649198,O=C(O)c1c(F)ccc2c1OB(O)CC2,=,2.5,ug ml-1,MEC,,Beta-lactamase OXA-23,single protein format
CHEMBL4636714,COc1ccc2c(c1C(=O)O)OB(O)[C@@H](Sc1nncs1)C2,>,20.0,ug ml-1,MEC,,Beta-lactamase OXA-23,single protein format
CHEMBL1689063,NC(=O)[C@@H]1CC[C@@H]2CN1C(=O)N2OS(=O)(=O)O,=,1700.0,nM,Ki,5.77,Beta-lactamase OXA-23,single protein format
CHEMBL3317857,O=C(O)C[C@@H]1CC[C@H](NC(=O)Cc2cccs2)B(O)O1,>,40000.0,nM,Ki,,Beta-lactamase OXA-23,single protein format
CHEMBL4638804,CSCC(=O)N[C@H]1Cc2ccc(F)c(C(=O)O)c2OB1O,>,20.0,ug ml-1,MEC,,Beta-lactamase OXA-23,single protein format
