molecule_chembl_id,canonical_smiles,standard_relation,standard_value,standard_units,standard_type,pchembl_value,target_pref_name,bao_label
CHEMBL148,C[C@@H](O)[C@H]1C(=O)N2C(C(=O)O)=C(SCCNC=N)C[C@H]12,=,1.6,umol/min/mg,Activity,,OXA-48,single protein format
CHEMBL127,C[C@@H](O)[C@H]1C(=O)N2C(C(=O)O)=C(S[C@@H]3CN[C@H](C(=O)N(C)C)C3)[C@H](C)[C@H]12,=,0.05,umol/min/mg,Activity,,OXA-48,single protein format
CHEMBL1359,C[C@@H](O)[C@H]1C(=O)N2C(C(=O)O)=C(S[C@@H]3CN[C@H](C(=O)Nc4cccc(C(=O)O)c4)C3)[C@H](C)[C@H]12,=,0.04,umol/min/mg,Activity,,OXA-48,single protein format
CHEMBL1650032,O=C(Cc1cccs1)N[C@@H]1C(=O)N2C(C(=O)O)=C(CSc3ccc([N+](=O)[O-])c(C(=O)O)c3)CS[C@H]12,=,0.66,/s,Kcat,,OXA-48,single protein format
CHEMBL480517,O=C(Cc1cccs1)N[C@@H]1C(=O)N2C(C(=O)O)=C(/C=C/c3ccc([N+](=O)[O-])cc3[N+](=O)[O-])CS[C@H]12,=,1500.0,/s,Kcat,,OXA-48,single protein format
CHEMBL1650032,O=C(Cc1cccs1)N[C@@H]1C(=O)N2C(C(=O)O)=C(CSc3ccc([N+](=O)[O-])c(C(=O)O)c3)CS[C@H]12,=,2.8,10'4/M/s,Kcat/Km,,OXA-48,single protein format
CHEMBL1650032,O=C(Cc1cccs1)N[C@@H]1C(=O)N2C(C(=O)O)=C(CSc3ccc([N+](=O)[O-])c(C(=O)O)c3)CS[C@H]12,=,24000.0,nM,Km,,OXA-48,single protein format
CHEMBL480517,O=C(Cc1cccs1)N[C@@H]1C(=O)N2C(C(=O)O)=C(/C=C/c3ccc([N+](=O)[O-])cc3[N+](=O)[O-])CS[C@H]12,=,1.7,10'7/M/s,Kcat/Km,,OXA-48,single protein format
CHEMBL480517,O=C(Cc1cccs1)N[C@@H]1C(=O)N2C(C(=O)O)=C(/C=C/c3ccc([N+](=O)[O-])cc3[N+](=O)[O-])CS[C@H]12,=,90000.0,nM,Km,,OXA-48,single protein format
CHEMBL174,CC1(C)S[C@@H]2[C@H](NC(=O)[C@H](N)c3ccccc3)C(=O)N2[C@H]1C(=O)O,=,150000.0,nM,Km,,OXA-48,single protein format
CHEMBL186,CO/N=C(\C(=O)N[C@@H]1C(=O)N2C(C(=O)[O-])=C(C[N+]3(C)CCCC3)CS[C@H]12)c1csc(N)n1,=,300000.0,nM,Km,,OXA-48,single protein format
CHEMBL148,C[C@@H](O)[C@H]1C(=O)N2C(C(=O)O)=C(SCCNC=N)C[C@H]12,=,7900.0,nM,Km,,OXA-48,single protein format
CHEMBL127,C[C@@H](O)[C@H]1C(=O)N2C(C(=O)O)=C(S[C@@H]3CN[C@H](C(=O)N(C)C)C3)[C@H](C)[C@H]12,=,1000.0,nM,Km,,OXA-48,single protein format
CHEMBL29,CC1(C)S[C@@H]2[C@H](NC(=O)Cc3ccccc3)C(=O)N2[C@H]1C(=O)O,=,700000.0,nM,Km,,OXA-48,single protein format
CHEMBL174,CC1(C)S[C@@H]2[C@H](NC(=O)[C@H](N)c3ccccc3)C(=O)N2[C@H]1C(=O)O,=,3.7,10'6/M/s,Kcat/Km,,OXA-48,single protein format
CHEMBL186,CO/N=C(\C(=O)N[C@@H]1C(=O)N2C(C(=O)[O-])=C(C[N+]3(C)CCCC3)CS[C@H]12)c1csc(N)n1,=,3.0,10'4/M/s,Kcat/Km,,OXA-48,single protein format
CHEMBL148,C[C@@H](O)[C@H]1C(=O)N2C(C(=O)O)=C(SCCNC=N)C[C@H]12,=,5.7,10'5/M/s,Kcat/Km,,OXA-48,single protein format
CHEMBL127,C[C@@H](O)[C@H]1C(=O)N2C(C(=O)O)=C(S[C@@H]3CN[C@H](C(=O)N(C)C)C3)[C@H](C)[C@H]12,=,9.8,10'4/M/s,Kcat/Km,,OXA-48,single protein format
CHEMBL29,CC1(C)S[C@@H]2[C@H](NC(=O)Cc3ccccc3)C(=O)N2[C@H]1C(=O)O,=,1.1,10'7/M/s,Kcat/Km,,OXA-48,single protein format
CHEMBL480517,O=C(Cc1cccs1)N[C@@H]1C(=O)N2C(C(=O)O)=C(/C=C/c3ccc([N+](=O)[O-])cc3[N+](=O)[O-])CS[C@H]12,=,150000.0,nM,Km,,OXA-48,assay format
CHEMBL480517,O=C(Cc1cccs1)N[C@@H]1C(=O)N2C(C(=O)O)=C(/C=C/c3ccc([N+](=O)[O-])cc3[N+](=O)[O-])CS[C@H]12,=,1.5,10'7/M/s,Kcat/Km,,OXA-48,assay format
CHEMBL1689063,NC(=O)[C@@H]1CC[C@@H]2CN1C(=O)N2OS(=O)(=O)O,=,50.0,%,Inhibition,,OXA-48,single protein format
CHEMBL127,C[C@@H](O)[C@H]1C(=O)N2C(C(=O)O)=C(S[C@@H]3CN[C@H](C(=O)N(C)C)C3)[C@H](C)[C@H]12,=,4.0,10'4/M/s,Ka,,OXA-48,assay format
CHEMBL127,C[C@@H](O)[C@H]1C(=O)N2C(C(=O)O)=C(S[C@@H]3CN[C@H](C(=O)N(C)C)C3)[C@H](C)[C@H]12,=,0.3463,/s,Kd,,OXA-48,assay format
CHEMBL127,C[C@@H](O)[C@H]1C(=O)N2C(C(=O)O)=C(S[C@@H]3CN[C@H](C(=O)N(C)C)C3)[C@H](C)[C@H]12,=,850.0,nM,Kd,6.07,OXA-48,assay format
CHEMBL3913021,O=C(O)c1cccc(-c2ccncc2)c1,=,280000.0,nM,Kd,,OXA-48,assay format
CHEMBL3896367,O=C(O)c1cccc(-c2cccnc2)c1,=,280000.0,nM,Kd,,OXA-48,assay format
CHEMBL3967375,O=C(O)c1cccc(-c2nccs2)c1,=,310000.0,nM,Kd,,OXA-48,assay format
CHEMBL1834963,O=C(O)c1cccc(C#Cc2ccccc2)c1,,,,Kd,,OXA-48,assay format
CHEMBL1327484,O=C(O)CSc1ccnc2cc(Cl)ccc12,,,,Kd,,OXA-48,assay format
CHEMBL582878,O=C(O)CCCc1c[nH]c2ccccc12,=,430000.0,nM,Kd,,OXA-48,assay format
CHEMBL2018158,O=C(O)c1ccc2[nH]ccc2c1,=,1380000.0,nM,Kd,,OXA-48,assay format
CHEMBL3950623,O=C(O)c1ccc2ccncc2c1,=,1180000.0,nM,Kd,,OXA-48,assay format
CHEMBL3951674,Cc1cc2ccc(C(=O)O)cc2cn1,=,700000.0,nM,Kd,,OXA-48,assay format
CHEMBL107518,O=C(O)c1ccc(Oc2ccccc2)cc1,=,660000.0,nM,Kd,,OXA-48,assay format
CHEMBL109074,c1ccc(-c2ccncc2)cc1,>,1000000.0,nM,Kd,,OXA-48,assay format
CHEMBL123234,O=C(O)c1cccc(-c2ccccc2)c1,=,370000.0,nM,Kd,,OXA-48,assay format
CHEMBL3908259,Nc1cccnc1-c1cccc(C(=O)O)c1,=,330000.0,nM,Kd,,OXA-48,assay format
CHEMBL3931620,CC(=O)c1cccc(-c2ccncc2)c1,>,1000000.0,nM,Kd,,OXA-48,assay format
CHEMBL541,O=C(O)c1ccccc1,>,1000000.0,nM,Kd,,OXA-48,assay format
CHEMBL72628,O=C(O)c1ccccn1,>,1000000.0,nM,Kd,,OXA-48,assay format
CHEMBL3910343,O=C(O)c1cc(-c2ccncc2)cc(-c2ccncc2)c1,=,50000.0,nM,Kd,4.30,OXA-48,assay format
CHEMBL3913021,O=C(O)c1cccc(-c2ccncc2)c1,=,250000.0,nM,IC50,,OXA-48,single protein format
CHEMBL3896367,O=C(O)c1cccc(-c2cccnc2)c1,=,240000.0,nM,IC50,,OXA-48,single protein format
CHEMBL3967375,O=C(O)c1cccc(-c2nccs2)c1,=,250000.0,nM,IC50,,OXA-48,single protein format
CHEMBL1834963,O=C(O)c1cccc(C#Cc2ccccc2)c1,=,480000.0,nM,IC50,,OXA-48,single protein format
CHEMBL1327484,O=C(O)CSc1ccnc2cc(Cl)ccc12,=,220000.0,nM,IC50,,OXA-48,single protein format
CHEMBL582878,O=C(O)CCCc1c[nH]c2ccccc12,=,480000.0,nM,IC50,,OXA-48,single protein format
CHEMBL2018158,O=C(O)c1ccc2[nH]ccc2c1,=,1390000.0,nM,IC50,,OXA-48,single protein format
CHEMBL3950623,O=C(O)c1ccc2ccncc2c1,=,2200000.0,nM,IC50,,OXA-48,single protein format
CHEMBL3951674,Cc1cc2ccc(C(=O)O)cc2cn1,=,1020000.0,nM,IC50,,OXA-48,single protein format
CHEMBL107518,O=C(O)c1ccc(Oc2ccccc2)cc1,=,870000.0,nM,IC50,,OXA-48,single protein format
CHEMBL109074,c1ccc(-c2ccncc2)cc1,>,2000000.0,nM,IC50,,OXA-48,single protein format
CHEMBL123234,O=C(O)c1cccc(-c2ccccc2)c1,=,260000.0,nM,IC50,,OXA-48,single protein format
CHEMBL3908259,Nc1cccnc1-c1cccc(C(=O)O)c1,=,180000.0,nM,IC50,,OXA-48,single protein format
CHEMBL3931620,CC(=O)c1cccc(-c2ccncc2)c1,>,2000000.0,nM,IC50,,OXA-48,single protein format
CHEMBL541,O=C(O)c1ccccc1,>,2000000.0,nM,IC50,,OXA-48,single protein format
CHEMBL72628,O=C(O)c1ccccn1,>,2000000.0,nM,IC50,,OXA-48,single protein format
CHEMBL3910343,O=C(O)c1cc(-c2ccncc2)cc(-c2ccncc2)c1,=,18000.0,nM,IC50,4.75,OXA-48,single protein format
CHEMBL174,CC1(C)S[C@@H]2[C@H](NC(=O)[C@H](N)c3ccccc3)C(=O)N2[C@H]1C(=O)O,=,560.0,/s,Kcat,,OXA-48,single protein format
CHEMBL186,CO/N=C(\C(=O)N[C@@H]1C(=O)N2C(C(=O)[O-])=C(C[N+]3(C)CCCC3)CS[C@H]12)c1csc(N)n1,=,9.0,/s,Kcat,,OXA-48,single protein format
CHEMBL148,C[C@@H](O)[C@H]1C(=O)N2C(C(=O)O)=C(SCCNC=N)C[C@H]12,=,4.5,/s,Kcat,,OXA-48,single protein format
CHEMBL127,C[C@@H](O)[C@H]1C(=O)N2C(C(=O)O)=C(S[C@@H]3CN[C@H](C(=O)N(C)C)C3)[C@H](C)[C@H]12,=,0.098,/s,Kcat,,OXA-48,single protein format
CHEMBL29,CC1(C)S[C@@H]2[C@H](NC(=O)Cc3ccccc3)C(=O)N2[C@H]1C(=O)O,=,8000.0,/s,Kcat,,OXA-48,single protein format
CHEMBL480517,O=C(Cc1cccs1)N[C@@H]1C(=O)N2C(C(=O)O)=C(/C=C/c3ccc([N+](=O)[O-])cc3[N+](=O)[O-])CS[C@H]12,=,2300.0,/s,Kcat,,OXA-48,assay format
