molecule_chembl_id,canonical_smiles,standard_relation,standard_value,standard_units,standard_type,pchembl_value,target_pref_name,bao_label
CHEMBL148,C[C@@H](O)[C@H]1C(=O)N2C(C(=O)O)=C(SCCNC=N)C[C@H]12,=,255.0,/s,Kcat,,Beta-lactamase,single protein format
CHEMBL148,C[C@@H](O)[C@H]1C(=O)N2C(C(=O)O)=C(SCCNC=N)C[C@H]12,=,99000.0,nM,Km,,Beta-lactamase,single protein format
CHEMBL3577961,O=C(CSc1nnc(-c2ccccc2C(=O)O)[nH]1)Nc1ccccc1,=,1800.0,nM,Ki,5.75,Beta-lactamase,assay format
CHEMBL3577962,O=C(CSc1nnc(-c2ccccc2C(=O)O)[nH]1)Nc1nc2ccccc2[nH]1,=,3600.0,nM,Ki,5.44,Beta-lactamase,assay format
CHEMBL3577963,O=C(CSc1nnc(-c2ccccc2C(=O)O)[nH]1)Nc1nc2ccccc2s1,=,1200.0,nM,Ki,5.92,Beta-lactamase,assay format
CHEMBL3577964,O=C(CSc1nnc(-c2ccccc2C(=O)O)[nH]1)Nc1ccc(Cl)cc1,=,1400.0,nM,Ki,5.85,Beta-lactamase,assay format
CHEMBL3577965,O=C(CSc1nnc(-c2ccccc2C(=O)O)[nH]1)Nc1ccc([N+](=O)[O-])cc1,=,2200.0,nM,Ki,5.66,Beta-lactamase,assay format
CHEMBL3577966,O=C(CSc1nnc(-c2ccccc2C(=O)O)[nH]1)NCc1ccccc1,,,,Ki,,Beta-lactamase,assay format
CHEMBL3577967,O=C(CSc1nnc(-c2ccccc2C(=O)O)[nH]1)Nc1ccccc1Cl,=,2300.0,nM,Ki,5.64,Beta-lactamase,assay format
CHEMBL3577968,O=C(CSc1nnc(-c2ccccc2C(=O)O)[nH]1)Nc1cccc(Cl)c1,=,2400.0,nM,Ki,5.62,Beta-lactamase,assay format
CHEMBL3577969,O=C(CSc1nnc(-c2ccccc2C(=O)O)[nH]1)Nc1ccccc1[N+](=O)[O-],=,2700.0,nM,Ki,5.57,Beta-lactamase,assay format
CHEMBL3577970,O=C(CSc1nnc(-c2ccccc2C(=O)O)[nH]1)Nc1cccc([N+](=O)[O-])c1,=,1900.0,nM,Ki,5.72,Beta-lactamase,assay format
CHEMBL3577971,O=C(O)CCc1nnc(SCC(=O)Nc2ccccc2)[nH]1,>,5000000.0,nM,Ki,,Beta-lactamase,assay format
CHEMBL3577972,O=C(O)CCc1nnc(SCC(=O)Nc2nc3ccccc3[nH]2)[nH]1,>,2500000.0,nM,Ki,,Beta-lactamase,assay format
CHEMBL3577973,O=C(O)CCc1nnc(SCC(=O)Nc2nc3ccccc3s2)[nH]1,,,,Ki,,Beta-lactamase,assay format
CHEMBL3577974,O=C(O)CCc1nnc(SCC(=O)Nc2ccc(Cl)cc2)[nH]1,>,5000000.0,nM,Ki,,Beta-lactamase,assay format
CHEMBL3577975,O=C(O)CCCc1nnc(SCC(=O)Nc2nc3ccccc3[nH]2)[nH]1,,,,Ki,,Beta-lactamase,assay format
CHEMBL3577961,O=C(CSc1nnc(-c2ccccc2C(=O)O)[nH]1)Nc1ccccc1,=,1.0,ug.mL-1,MIC,,Beta-lactamase,assay format
CHEMBL3577962,O=C(CSc1nnc(-c2ccccc2C(=O)O)[nH]1)Nc1nc2ccccc2[nH]1,=,1.0,ug.mL-1,MIC,,Beta-lactamase,assay format
CHEMBL3577963,O=C(CSc1nnc(-c2ccccc2C(=O)O)[nH]1)Nc1nc2ccccc2s1,=,1.0,ug.mL-1,MIC,,Beta-lactamase,assay format
CHEMBL3577964,O=C(CSc1nnc(-c2ccccc2C(=O)O)[nH]1)Nc1ccc(Cl)cc1,=,0.5,ug.mL-1,MIC,,Beta-lactamase,assay format
CHEMBL3577965,O=C(CSc1nnc(-c2ccccc2C(=O)O)[nH]1)Nc1ccc([N+](=O)[O-])cc1,=,0.5,ug.mL-1,MIC,,Beta-lactamase,assay format
CHEMBL3577966,O=C(CSc1nnc(-c2ccccc2C(=O)O)[nH]1)NCc1ccccc1,=,1.0,ug.mL-1,MIC,,Beta-lactamase,assay format
CHEMBL3577967,O=C(CSc1nnc(-c2ccccc2C(=O)O)[nH]1)Nc1ccccc1Cl,=,0.25,ug.mL-1,MIC,,Beta-lactamase,assay format
CHEMBL3577968,O=C(CSc1nnc(-c2ccccc2C(=O)O)[nH]1)Nc1cccc(Cl)c1,<,0.125,ug.mL-1,MIC,,Beta-lactamase,assay format
CHEMBL3577969,O=C(CSc1nnc(-c2ccccc2C(=O)O)[nH]1)Nc1ccccc1[N+](=O)[O-],<,0.125,ug.mL-1,MIC,,Beta-lactamase,assay format
CHEMBL3577970,O=C(CSc1nnc(-c2ccccc2C(=O)O)[nH]1)Nc1cccc([N+](=O)[O-])c1,=,0.25,ug.mL-1,MIC,,Beta-lactamase,assay format
