molecule_chembl_id,canonical_smiles,standard_relation,standard_value,standard_units,standard_type,pchembl_value,target_pref_name,bao_label
CHEMBL286204,O=C(O)c1cccnc1C(=O)O,=,130.0,%,Activity,,Beta-lactamase,single protein format
CHEMBL72628,O=C(O)c1ccccn1,=,8.0,%,Activity,,Beta-lactamase,single protein format
CHEMBL261326,O=C(O)c1ccncc1C(=O)O,=,116.0,%,Activity,,Beta-lactamase,single protein format
CHEMBL284104,O=C(O)c1cccc(C(=O)O)n1,=,12.0,%,Activity,,Beta-lactamase,single protein format
CHEMBL88972,O=C(O)c1ccc(C(=O)O)nc1,=,114.0,%,Activity,,Beta-lactamase,single protein format
CHEMBL316034,O=C(O)c1ccnc(C(=O)O)c1,=,38.0,%,Activity,,Beta-lactamase,single protein format
CHEMBL316034,O=C(O)c1ccnc(C(=O)O)c1,=,17000.0,nM,Ki,4.77,Beta-lactamase,single protein format
CHEMBL316034,O=C(O)c1ccnc(C(=O)O)c1,=,35000.0,nM,Ki,4.46,Beta-lactamase,single protein format
CHEMBL316034,O=C(O)c1ccnc(C(=O)O)c1,=,160000.0,nM,Ki,,Beta-lactamase,single protein format
CHEMBL316034,O=C(O)c1ccnc(C(=O)O)c1,=,520000.0,nM,Ki,,Beta-lactamase,single protein format
CHEMBL72628,O=C(O)c1ccccn1,=,46000.0,nM,Ki,4.34,Beta-lactamase,single protein format
CHEMBL72628,O=C(O)c1ccccn1,=,76000.0,nM,Ki,4.12,Beta-lactamase,single protein format
CHEMBL72628,O=C(O)c1ccccn1,=,440000.0,nM,Ki,,Beta-lactamase,single protein format
CHEMBL72628,O=C(O)c1ccccn1,=,1100000.0,nM,Ki,,Beta-lactamase,single protein format
CHEMBL286204,O=C(O)c1cccnc1C(=O)O,=,200000.0,nM,Ki,,Beta-lactamase,single protein format
CHEMBL72628,O=C(O)c1ccccn1,=,5700.0,nM,Ki,5.24,Beta-lactamase,single protein format
CHEMBL261326,O=C(O)c1ccncc1C(=O)O,=,1100000.0,nM,Ki,,Beta-lactamase,single protein format
CHEMBL88972,O=C(O)c1ccc(C(=O)O)nc1,=,420000.0,nM,Ki,,Beta-lactamase,single protein format
CHEMBL316034,O=C(O)c1ccnc(C(=O)O)c1,=,4500.0,nM,Ki,5.35,Beta-lactamase,single protein format
CHEMBL148,C[C@@H](O)[C@H]1C(=O)N2C(C(=O)O)=C(SCCNC=N)C[C@H]12,=,120000.0,nM,Km,,Beta-lactamase,single protein format
CHEMBL148,C[C@@H](O)[C@H]1C(=O)N2C(C(=O)O)=C(SCCNC=N)C[C@H]12,=,1.7,/uM/s,Ratio,,Beta-lactamase,single protein format
CHEMBL148,C[C@@H](O)[C@H]1C(=O)N2C(C(=O)O)=C(SCCNC=N)C[C@H]12,=,0.78,/uM/s,Ratio,,Beta-lactamase,single protein format
CHEMBL148,C[C@@H](O)[C@H]1C(=O)N2C(C(=O)O)=C(SCCNC=N)C[C@H]12,=,0.44,/uM/s,Ratio,,Beta-lactamase,single protein format
CHEMBL148,C[C@@H](O)[C@H]1C(=O)N2C(C(=O)O)=C(SCCNC=N)C[C@H]12,=,63000.0,nM,Km,,Beta-lactamase,single protein format
CHEMBL148,C[C@@H](O)[C@H]1C(=O)N2C(C(=O)O)=C(SCCNC=N)C[C@H]12,=,49.0,/s,Kcat,,Beta-lactamase,single protein format
CHEMBL148,C[C@@H](O)[C@H]1C(=O)N2C(C(=O)O)=C(SCCNC=N)C[C@H]12,=,210.0,/s,Kcat,,Beta-lactamase,single protein format
CHEMBL148,C[C@@H](O)[C@H]1C(=O)N2C(C(=O)O)=C(SCCNC=N)C[C@H]12,=,83000.0,nM,Km,,Beta-lactamase,single protein format
CHEMBL148,C[C@@H](O)[C@H]1C(=O)N2C(C(=O)O)=C(SCCNC=N)C[C@H]12,=,140.0,/s,Kcat,,Beta-lactamase,single protein format
CHEMBL148,C[C@@H](O)[C@H]1C(=O)N2C(C(=O)O)=C(SCCNC=N)C[C@H]12,,,,Km,,Beta-lactamase,single protein format
CHEMBL148,C[C@@H](O)[C@H]1C(=O)N2C(C(=O)O)=C(SCCNC=N)C[C@H]12,=,1.8,/uM/s,Ratio,,Beta-lactamase,single protein format
CHEMBL148,C[C@@H](O)[C@H]1C(=O)N2C(C(=O)O)=C(SCCNC=N)C[C@H]12,,,,Kcat,,Beta-lactamase,single protein format
