molecule_chembl_id,canonical_smiles,standard_relation,standard_value,standard_units,standard_type,pchembl_value,target_pref_name,bao_label
CHEMBL3949733,COC(=O)C1/C(=C(\C=O)C/C=C/c2ccccc2)O[C@@H]2CC(=O)N12,=,639.4,nM,IC50,6.19,Bacterial beta-lactamase TEM,assay format
CHEMBL777,O=C(O)[C@H]1/C(=C/CO)O[C@@H]2CC(=O)N21,=,29.5,nM,IC50,7.53,Bacterial beta-lactamase TEM,assay format
CHEMBL403,CC1(C)[C@H](C(=O)O)N2C(=O)C[C@H]2S1(=O)=O,=,1065.9,nM,IC50,5.97,Bacterial beta-lactamase TEM,assay format
CHEMBL404,C[C@]1(Cn2ccnn2)[C@H](C(=O)O)N2C(=O)C[C@H]2S1(=O)=O,=,17.2,nM,IC50,7.76,Bacterial beta-lactamase TEM,assay format
CHEMBL4114663,C=CC/C(C=O)=C1\O[C@@H]2CC(=O)N2C1C(=O)OCc1ccccc1,=,66.6,nM,IC50,7.18,Bacterial beta-lactamase TEM,assay format
CHEMBL4114809,C=CCC1(C(=O)OCc2ccccc2)/C(=C/C=O)O[C@@H]2CC(=O)N21,=,945.4,nM,IC50,6.02,Bacterial beta-lactamase TEM,assay format
CHEMBL4114670,C=CC/C(C=O)=C1\O[C@@H]2CC(=O)N2C1(CC=C)C(=O)OCc1ccccc1,=,8386.3,nM,IC50,5.08,Bacterial beta-lactamase TEM,assay format
CHEMBL4114713,O=C/C(C/C=C/c1ccccc1)=C1/O[C@@H]2CC(=O)N2C1C(=O)OCc1ccccc1,=,89.0,nM,IC50,7.05,Bacterial beta-lactamase TEM,assay format
CHEMBL3917939,O=C/C=C1\O[C@@H]2CC(=O)N2C1(C/C=C/c1ccccc1)C(=O)OCc1ccccc1,=,4923.3,nM,IC50,5.31,Bacterial beta-lactamase TEM,assay format
CHEMBL3917939,O=C/C=C1\O[C@@H]2CC(=O)N2C1(C/C=C/c1ccccc1)C(=O)OCc1ccccc1,=,2792.3,nM,IC50,5.55,Bacterial beta-lactamase TEM,assay format
CHEMBL4114757,O=C/C(C/C=C/CO)=C1/O[C@@H]2CC(=O)N2C1C(=O)OCc1ccccc1,=,78.4,nM,IC50,7.11,Bacterial beta-lactamase TEM,assay format
CHEMBL4114673,O=C/C=C1\O[C@@H]2CC(=O)N2C1(C/C=C/CO)C(=O)OCc1ccccc1,=,5642.2,nM,IC50,5.25,Bacterial beta-lactamase TEM,assay format
CHEMBL4114673,O=C/C=C1\O[C@@H]2CC(=O)N2C1(C/C=C/CO)C(=O)OCc1ccccc1,=,827.5,nM,IC50,6.08,Bacterial beta-lactamase TEM,assay format
CHEMBL4114790,CC(=O)OC/C=C/C/C(C=O)=C1\O[C@@H]2CC(=O)N2C1C(=O)OCc1ccccc1,=,139.9,nM,IC50,6.85,Bacterial beta-lactamase TEM,assay format
CHEMBL4114806,CC(=O)OC/C=C/CC1(C(=O)OCc2ccccc2)/C(=C/C=O)O[C@@H]2CC(=O)N21,=,7306.7,nM,IC50,5.14,Bacterial beta-lactamase TEM,assay format
CHEMBL4114806,CC(=O)OC/C=C/CC1(C(=O)OCc2ccccc2)/C(=C/C=O)O[C@@H]2CC(=O)N21,=,5897.7,nM,IC50,5.23,Bacterial beta-lactamase TEM,assay format
CHEMBL4114662,COC(=O)C1(C/C=C/c2ccccc2)/C(=C/C=O)O[C@@H]2CC(=O)N21,=,19632.0,nM,IC50,4.71,Bacterial beta-lactamase TEM,assay format
CHEMBL4114662,COC(=O)C1(C/C=C/c2ccccc2)/C(=C/C=O)O[C@@H]2CC(=O)N21,=,4268.3,nM,IC50,5.37,Bacterial beta-lactamase TEM,assay format
CHEMBL4114788,C=CC/C(C=O)=C1\O[C@@H]2CC(=O)N2C1C(=O)OC,=,65.2,nM,IC50,7.19,Bacterial beta-lactamase TEM,assay format
CHEMBL4114791,C=CCC1(C(=O)OC)/C(=C/C=O)O[C@@H]2CC(=O)N21,=,13259.6,nM,IC50,4.88,Bacterial beta-lactamase TEM,assay format
CHEMBL4115687,CC(C)(C)C(=O)OCOC(=O)C1/C(=C(\C=O)C/C=C/c2ccccc2)O[C@@H]2CC(=O)N12,=,27.1,nM,IC50,7.57,Bacterial beta-lactamase TEM,assay format
CHEMBL3964842,CC(C)(C)C(=O)OCOC(=O)C1(C/C=C/c2ccccc2)/C(=C/C=O)O[C@@H]2CC(=O)N21,=,870.6,nM,IC50,6.06,Bacterial beta-lactamase TEM,assay format
CHEMBL4114754,C=CC/C(C(=O)O)=C1\O[C@@H]2CC(=O)N2C1C(=O)OCc1ccccc1,=,30.6,nM,IC50,7.51,Bacterial beta-lactamase TEM,assay format
CHEMBL4114818,O=C(O)/C(C/C=C/c1ccccc1)=C1/O[C@@H]2CC(=O)N2C1C(=O)OCc1ccccc1,=,9.2,nM,IC50,8.04,Bacterial beta-lactamase TEM,assay format
CHEMBL4114763,O=C(O)/C=C1\O[C@@H]2CC(=O)N2C1(C/C=C/c1ccccc1)C(=O)OCc1ccccc1,=,426.1,nM,IC50,6.37,Bacterial beta-lactamase TEM,assay format
CHEMBL4114763,O=C(O)/C=C1\O[C@@H]2CC(=O)N2C1(C/C=C/c1ccccc1)C(=O)OCc1ccccc1,=,45684.4,nM,IC50,4.34,Bacterial beta-lactamase TEM,assay format
CHEMBL4114759,C=CC/C(C(=O)O)=C1\O[C@@H]2CC(=O)N2C1C(=O)OC,=,121.5,nM,IC50,6.92,Bacterial beta-lactamase TEM,assay format
CHEMBL4114697,COC(=O)C1/C(=C(/C/C=C/c2ccccc2)C(=O)O)O[C@@H]2CC(=O)N12,=,21.7,nM,IC50,7.66,Bacterial beta-lactamase TEM,assay format
CHEMBL4114792,COC(=O)C1(C/C=C/c2ccccc2)/C(=C/C(=O)O)O[C@@H]2CC(=O)N21,=,1561.5,nM,IC50,5.81,Bacterial beta-lactamase TEM,assay format
CHEMBL4114792,COC(=O)C1(C/C=C/c2ccccc2)/C(=C/C(=O)O)O[C@@H]2CC(=O)N21,=,407.6,nM,IC50,6.39,Bacterial beta-lactamase TEM,assay format
CHEMBL4114694,CC(C)(C)C(=O)OCOC(=O)C1/C(=C(/C/C=C/c2ccccc2)C(=O)O)O[C@@H]2CC(=O)N12,=,44.2,nM,IC50,7.36,Bacterial beta-lactamase TEM,assay format
CHEMBL4115678,C=CC/C(CO)=C1\O[C@@H]2CC(=O)N2C1C(=O)OCc1ccccc1,=,8016.0,nM,IC50,5.10,Bacterial beta-lactamase TEM,assay format
CHEMBL4115678,C=CC/C(CO)=C1\O[C@@H]2CC(=O)N2C1C(=O)OCc1ccccc1,=,1948.6,nM,IC50,5.71,Bacterial beta-lactamase TEM,assay format
CHEMBL4115684,O=C(OCc1ccccc1)C1/C(=C(\CO)C/C=C/c2ccccc2)O[C@@H]2CC(=O)N12,=,4124.9,nM,IC50,5.38,Bacterial beta-lactamase TEM,assay format
CHEMBL4114780,C=CCC1(C(=O)OCc2ccccc2)/C(=C/CO)O[C@@H]2CC(=O)N21,=,23621.5,nM,IC50,4.63,Bacterial beta-lactamase TEM,assay format
CHEMBL4114803,O=C1OC(CI)C/C1=C1/O[C@@H]2CC(=O)N2C1C(=O)OCc1ccccc1,=,0.2,nM,IC50,9.70,Bacterial beta-lactamase TEM,assay format
CHEMBL4114803,O=C1OC(CI)C/C1=C1/O[C@@H]2CC(=O)N2C1C(=O)OCc1ccccc1,=,1.7,nM,IC50,8.77,Bacterial beta-lactamase TEM,assay format
CHEMBL4109897,COC(=O)C1/C(=C2/CC(CI)OC2=O)O[C@@H]2CC(=O)N12,=,3.5,nM,IC50,8.46,Bacterial beta-lactamase TEM,assay format
CHEMBL4111477,CC1C/C(=C2\O[C@@H]3CC(=O)N3C2C(=O)OCc2ccccc2)C(=O)O1,=,1.7,nM,IC50,8.77,Bacterial beta-lactamase TEM,assay format
CHEMBL4111477,CC1C/C(=C2\O[C@@H]3CC(=O)N3C2C(=O)OCc2ccccc2)C(=O)O1,=,0.4,nM,IC50,9.40,Bacterial beta-lactamase TEM,assay format
CHEMBL4106976,[N-]=[N+]=NCC1C/C(=C2\O[C@@H]3CC(=O)N3C2C(=O)OCc2ccccc2)C(=O)O1,=,2.4,nM,IC50,8.62,Bacterial beta-lactamase TEM,assay format
CHEMBL4106598,CC1C/C(=C2\O[C@@H]3CC(=O)N3C2C(=O)O)C(=O)O1,=,1.8,nM,IC50,8.74,Bacterial beta-lactamase TEM,assay format
CHEMBL4114669,CC1C/C(=C2/O[C@@H]3CC(=O)N3C2C(=O)O)C(=O)O1,=,4.2,nM,IC50,8.38,Bacterial beta-lactamase TEM,assay format
CHEMBL4114761,CCC/C(C(=O)O)=C1\O[C@@H]2CC(=O)N2C1C(=O)O,=,254.0,nM,IC50,6.59,Bacterial beta-lactamase TEM,assay format
CHEMBL4114696,COC(=O)C1/C(=C(/CCCc2ccccc2)C(=O)O)O[C@@H]2CC(=O)N12,=,72.8,nM,IC50,7.14,Bacterial beta-lactamase TEM,assay format
CHEMBL4114769,CCC/C(C(=O)O)=C1\O[C@@H]2CC(=O)N2C1C(=O)OC,=,97.0,nM,IC50,7.01,Bacterial beta-lactamase TEM,assay format
CHEMBL4114742,CCC/C(CO)=C1\O[C@@H]2CC(=O)N2C1C(=O)O,=,118403.0,nM,IC50,,Bacterial beta-lactamase TEM,assay format
CHEMBL4114789,CCCC1(C(=O)O)/C(=C/CO)O[C@@H]2CC(=O)N21,=,17789.0,nM,IC50,4.75,Bacterial beta-lactamase TEM,assay format
CHEMBL4114672,COC(=O)/C(CCCc1ccccc1)=C1/O[C@@H]2CC(=O)N2C1C(=O)OC,=,10.6,nM,IC50,7.97,Bacterial beta-lactamase TEM,assay format
CHEMBL4114749,O=C(O)/C(C/C=C/CN(Cc1ccccc1)C(=O)OCc1ccccc1)=C1/O[C@@H]2CC(=O)N2C1C(=O)OCc1ccccc1,=,1.4,nM,IC50,8.85,Bacterial beta-lactamase TEM,assay format
CHEMBL4114687,O=C(OCc1ccccc1)C1/C(=C2\COC(CI)C2)O[C@@H]2CC(=O)N12,=,4392.3,nM,IC50,5.36,Bacterial beta-lactamase TEM,assay format
CHEMBL4065946,O=C(O)c1ccc(-c2ccc(F)cc2)cc1CS,=,32800.0,nM,IC50,4.48,Bacterial beta-lactamase TEM,cell-based format
CHEMBL4083640,O=C(O)c1ccc(-c2cccc(Cl)c2Cl)cc1CS,=,5500.0,nM,IC50,5.26,Bacterial beta-lactamase TEM,cell-based format
CHEMBL4126149,O=C(O)/C(S)=C/c1c2ccccc2cc2ccccc12,=,40.0,%,Activity,,Bacterial beta-lactamase TEM,assay format
CHEMBL4130029,CN1CCN(NC(=O)CN2C(=O)/C(=C/c3c4ccccc4cc4ccccc34)SC2=S)CC1,=,6.0,%,Activity,,Bacterial beta-lactamase TEM,assay format
CHEMBL66070,O=C(O)CN1C(=O)/C(=C/c2ccccc2)SC1=S,,,,Inhibition,,Bacterial beta-lactamase TEM,assay format
CHEMBL4126874,CN1CCN(NC(=O)CN2C(=O)/C(=C/c3ccccc3)SC2=S)CC1,,,,Inhibition,,Bacterial beta-lactamase TEM,assay format
CHEMBL4095898,O=C(O)/C(S)=C/c1ccccc1,,,,Inhibition,,Bacterial beta-lactamase TEM,assay format
CHEMBL4127551,Cc1ccc(/C=C2\SC(=S)N(CC(=O)O)C2=O)cc1,,,,Inhibition,,Bacterial beta-lactamase TEM,assay format
CHEMBL4127836,Cc1ccc(/C=C2\SC(=S)N(CC(=O)NN3CCN(C)CC3)C2=O)cc1,,,,Inhibition,,Bacterial beta-lactamase TEM,assay format
CHEMBL4129233,Cc1ccc(/C=C(\S)C(=O)O)cc1,,,,Inhibition,,Bacterial beta-lactamase TEM,assay format
CHEMBL1173347,O=C(O)CN1C(=O)/C(=C/c2ccc(F)cc2)SC1=S,,,,Inhibition,,Bacterial beta-lactamase TEM,assay format
CHEMBL4125789,CN1CCN(NC(=O)CN2C(=O)/C(=C/c3ccc(F)cc3)SC2=S)CC1,,,,Inhibition,,Bacterial beta-lactamase TEM,assay format
CHEMBL3221930,O=C(O)/C(S)=C/c1ccc(F)cc1,,,,Inhibition,,Bacterial beta-lactamase TEM,assay format
CHEMBL2062754,O=C(O)CN1C(=O)/C(=C/c2ccc(Br)cc2)SC1=S,,,,Inhibition,,Bacterial beta-lactamase TEM,assay format
CHEMBL3221932,O=C(O)/C(S)=C/c1ccc(Br)cc1,,,,Inhibition,,Bacterial beta-lactamase TEM,assay format
CHEMBL1631303,COc1ccc(/C=C2\SC(=S)N(CC(=O)O)C2=O)cc1,,,,Inhibition,,Bacterial beta-lactamase TEM,assay format
CHEMBL4129483,COc1ccc(/C=C2\SC(=S)N(CC(=O)NN3CCN(C)CC3)C2=O)cc1,,,,Inhibition,,Bacterial beta-lactamase TEM,assay format
CHEMBL4129039,COc1ccc(/C=C(\S)C(=O)O)cc1,,,,Inhibition,,Bacterial beta-lactamase TEM,assay format
CHEMBL4127636,O=C(O)CN1C(=O)/C(=C/c2ccccc2F)SC1=S,,,,Inhibition,,Bacterial beta-lactamase TEM,assay format
CHEMBL1451326,CN1CCN(NC(=O)CN2C(=O)/C(=C/c3ccccc3F)SC2=S)CC1,,,,Inhibition,,Bacterial beta-lactamase TEM,assay format
CHEMBL3221922,O=C(O)/C(S)=C/c1ccccc1F,,,,Inhibition,,Bacterial beta-lactamase TEM,assay format
CHEMBL4126842,O=C(O)CN1C(=O)/C(=C/c2ccccc2Cl)SC1=S,,,,Inhibition,,Bacterial beta-lactamase TEM,assay format
CHEMBL1605498,CN1CCN(NC(=O)CN2C(=O)/C(=C/c3ccccc3Cl)SC2=S)CC1,,,,Inhibition,,Bacterial beta-lactamase TEM,assay format
CHEMBL3221923,O=C(O)/C(S)=C/c1ccccc1Cl,,,,Inhibition,,Bacterial beta-lactamase TEM,assay format
CHEMBL4128891,O=C(O)CN1C(=O)/C(=C/c2ccccc2Br)SC1=S,,,,Inhibition,,Bacterial beta-lactamase TEM,assay format
CHEMBL4129315,CN1CCN(NC(=O)CN2C(=O)/C(=C/c3ccccc3Br)SC2=S)CC1,,,,Inhibition,,Bacterial beta-lactamase TEM,assay format
CHEMBL3221924,O=C(O)/C(S)=C/c1ccccc1Br,,,,Inhibition,,Bacterial beta-lactamase TEM,assay format
CHEMBL4126745,O=C(O)CN1C(=O)/C(=C/c2ccccc2I)SC1=S,,,,Inhibition,,Bacterial beta-lactamase TEM,assay format
CHEMBL4130010,CN1CCN(NC(=O)CN2C(=O)/C(=C/c3ccccc3I)SC2=S)CC1,,,,Inhibition,,Bacterial beta-lactamase TEM,assay format
CHEMBL3221925,O=C(O)/C(S)=C/c1ccccc1I,,,,Inhibition,,Bacterial beta-lactamase TEM,assay format
CHEMBL4128796,O=C(O)CN1C(=O)/C(=C/c2c(F)cccc2Cl)SC1=S,,,,Inhibition,,Bacterial beta-lactamase TEM,assay format
CHEMBL4129222,CN1CCN(NC(=O)CN2C(=O)/C(=C/c3c(F)cccc3Cl)SC2=S)CC1,,,,Inhibition,,Bacterial beta-lactamase TEM,assay format
CHEMBL4127821,O=C(O)/C(S)=C/c1c(F)cccc1Cl,,,,Inhibition,,Bacterial beta-lactamase TEM,assay format
CHEMBL4127980,O=C(O)CN1C(=O)/C(=C/c2c(F)ccc(F)c2F)SC1=S,,,,Inhibition,,Bacterial beta-lactamase TEM,assay format
CHEMBL4126589,CN1CCN(NC(=O)CN2C(=O)/C(=C/c3c(F)ccc(F)c3F)SC2=S)CC1,,,,Inhibition,,Bacterial beta-lactamase TEM,assay format
CHEMBL4126465,O=C(O)/C(S)=C/c1c(F)ccc(F)c1F,,,,Inhibition,,Bacterial beta-lactamase TEM,assay format
CHEMBL4129749,O=C(O)CN1C(=O)/C(=C/c2csc3ccccc23)SC1=S,,,,Inhibition,,Bacterial beta-lactamase TEM,assay format
CHEMBL4130192,CN1CCN(NC(=O)CN2C(=O)/C(=C/c3csc4ccccc34)SC2=S)CC1,,,,Inhibition,,Bacterial beta-lactamase TEM,assay format
CHEMBL4126927,O=C(O)/C(S)=C/c1csc2ccccc12,,,,Inhibition,,Bacterial beta-lactamase TEM,assay format
CHEMBL4126780,O=C(O)CN1C(=O)/C(=C/c2c(Cl)cccc2Cl)SC1=S,,,,Inhibition,,Bacterial beta-lactamase TEM,assay format
CHEMBL1559342,CN1CCN(NC(=O)CN2C(=O)/C(=C/c3c(Cl)cccc3Cl)SC2=S)CC1,,,,Inhibition,,Bacterial beta-lactamase TEM,assay format
CHEMBL4127736,O=C(O)/C(S)=C/c1c(Cl)cccc1Cl,,,,Inhibition,,Bacterial beta-lactamase TEM,assay format
CHEMBL4129136,O=C(O)CN1C(=O)/C(=C/c2cccc(Cl)c2Cl)SC1=S,,,,Inhibition,,Bacterial beta-lactamase TEM,assay format
CHEMBL4128976,CN1CCN(NC(=O)CN2C(=O)/C(=C/c3cccc(Cl)c3Cl)SC2=S)CC1,,,,Inhibition,,Bacterial beta-lactamase TEM,assay format
CHEMBL4125695,O=C(O)/C(S)=C/c1cccc(Cl)c1Cl,,,,Inhibition,,Bacterial beta-lactamase TEM,assay format
CHEMBL4129931,O=C(O)CN1C(=O)/C(=C/c2cc(Cl)ccc2Cl)SC1=S,,,,Inhibition,,Bacterial beta-lactamase TEM,assay format
CHEMBL4126663,CN1CCN(NC(=O)CN2C(=O)/C(=C/c3cc(Cl)ccc3Cl)SC2=S)CC1,,,,Inhibition,,Bacterial beta-lactamase TEM,assay format
CHEMBL4125965,O=C(O)/C(S)=C/c1cc(Cl)ccc1Cl,,,,Inhibition,,Bacterial beta-lactamase TEM,assay format
CHEMBL4129281,O=C(O)CN1C(=O)/C(=C/c2c(F)cccc2F)SC1=S,,,,Inhibition,,Bacterial beta-lactamase TEM,assay format
CHEMBL4127204,CN1CCN(NC(=O)CN2C(=O)/C(=C/c3c(F)cccc3F)SC2=S)CC1,,,,Inhibition,,Bacterial beta-lactamase TEM,assay format
CHEMBL4125829,O=C(O)/C(S)=C/c1c(F)cccc1F,,,,Inhibition,,Bacterial beta-lactamase TEM,assay format
CHEMBL4128178,Cc1cccc(C)c1/C=C1\SC(=S)N(CC(=O)O)C1=O,,,,Inhibition,,Bacterial beta-lactamase TEM,assay format
CHEMBL4126798,Cc1cccc(C)c1/C=C1\SC(=S)N(CC(=O)NN2CCN(C)CC2)C1=O,,,,Inhibition,,Bacterial beta-lactamase TEM,assay format
CHEMBL4129411,Cc1cccc(C)c1/C=C(\S)C(=O)O,,,,Inhibition,,Bacterial beta-lactamase TEM,assay format
CHEMBL4068716,CN1CCN(NC(=O)CN2C(=O)/C(=C/c3c(Cl)ccc(Cl)c3Cl)SC2=S)CC1,,,,Inhibition,,Bacterial beta-lactamase TEM,assay format
CHEMBL3792857,O=C(O)/C(S)=C/c1c(Cl)ccc(Cl)c1Cl,,,,Inhibition,,Bacterial beta-lactamase TEM,assay format
CHEMBL4128221,O=C(O)/C(S)=C/c1ccccc1Cc1ccc2ccccc2c1,,,,Inhibition,,Bacterial beta-lactamase TEM,assay format
CHEMBL4127119,CC1=N/C(=C\c2ccc(F)cc2)C(=O)O1,,,,Inhibition,,Bacterial beta-lactamase TEM,assay format
CHEMBL4129710,O=C(O)/C(O)=C/c1ccc(F)cc1,,,,Inhibition,,Bacterial beta-lactamase TEM,assay format
CHEMBL4126421,O=P(O)(O)C(O)c1ccc(Br)cc1F,,,,Inhibition,,Bacterial beta-lactamase TEM,assay format
CHEMBL4125691,O=P(O)(O)C(S)c1ccc(Br)cc1F,,,,Inhibition,,Bacterial beta-lactamase TEM,assay format
CHEMBL4533632,NCc1ccc(C(=O)N[C@H]2Cc3cccc(C(=O)O)c3OB2O)cc1,=,3.0,nM,IC50,8.52,Bacterial beta-lactamase TEM,assay format
CHEMBL4560540,NC[C@@H]1C=C(c2cnco2)[C@@H]2CN1C(=O)N2OS(=O)(=O)O,,,,Inhibition,,Bacterial beta-lactamase TEM,single protein format
CHEMBL3286879,O=C(O)/C=C/c1c(B(O)O)sc2ccccc12,=,40.0,nM,Ki,7.40,Bacterial beta-lactamase TEM,single protein format
CHEMBL4470848,Cc1c(Oc2nc(N)ns2)cc2c(c1C)[C@@H](CC(=O)O)OB2O,<=,5.0,nM,IC50,,Bacterial beta-lactamase TEM,single protein format
CHEMBL4450628,C[C@H](CS)C(=O)NCB(O)O,=,40970.0,nM,Ki,4.39,Bacterial beta-lactamase TEM,assay format
CHEMBL4577981,CCCC(=O)NCB(O)O,=,100280.0,nM,Ki,,Bacterial beta-lactamase TEM,assay format
CHEMBL4588584,CCC(=O)NCB(O)O,=,36260.0,nM,Ki,4.44,Bacterial beta-lactamase TEM,assay format
CHEMBL4546893,C[C@H](CS)C(=O)NCC(=O)O,>,300000.0,nM,Ki,,Bacterial beta-lactamase TEM,assay format
CHEMBL1560,C[C@H](CS)C(=O)N1CCC[C@H]1C(=O)O,>,300000.0,nM,Ki,,Bacterial beta-lactamase TEM,assay format
CHEMBL404,C[C@]1(Cn2ccnn2)[C@H](C(=O)O)N2C(=O)C[C@H]2S1(=O)=O,=,190.0,nM,Ki,6.72,Bacterial beta-lactamase TEM,assay format
CHEMBL4454286,C[C@H](CS)C(=O)N[C@@H](Cc1ccccc1)B(O)O,=,15410.0,nM,Ki,4.81,Bacterial beta-lactamase TEM,assay format
CHEMBL4451026,O=C(N[C@@H](Cc1ccccc1)B(O)O)C(CS)Cc1ccccc1,=,114070.0,nM,Ki,,Bacterial beta-lactamase TEM,assay format
CHEMBL4471673,O=C(N[C@@H](Cc1ccccc1)B(O)O)[C@@H](CS)N1C(=O)c2ccccc2C1=O,=,32820.0,nM,Ki,4.48,Bacterial beta-lactamase TEM,assay format
CHEMBL4460555,O=C(N[C@@H](Cc1ccccc1)B(O)O)[C@@H](CS)NCc1ccccc1,=,28020.0,nM,Ki,4.55,Bacterial beta-lactamase TEM,assay format
CHEMBL4527309,O=C(CCS)N[C@@H](Cc1ccccc1)B(O)O,=,15840.0,nM,Ki,4.80,Bacterial beta-lactamase TEM,assay format
CHEMBL4444728,O=C(CS)N[C@@H](Cc1ccccc1)B(O)O,=,18730.0,nM,Ki,4.73,Bacterial beta-lactamase TEM,assay format
CHEMBL4544829,CCCC(=O)N[C@@H](Cc1ccccc1)B(O)O,>,300000.0,nM,Ki,,Bacterial beta-lactamase TEM,assay format
CHEMBL4466256,CCC(=O)N[C@@H](Cc1ccccc1)B(O)O,>,300000.0,nM,Ki,,Bacterial beta-lactamase TEM,assay format
CHEMBL4464521,C[C@H](CS)C(=O)N[C@H](Cc1ccccc1)B(O)O,>,300000.0,nM,Ki,,Bacterial beta-lactamase TEM,assay format
CHEMBL4560468,C[C@H](CS)C(=O)N[C@@H](Cc1ccc(F)cc1)B(O)O,=,4160.0,nM,Ki,5.38,Bacterial beta-lactamase TEM,assay format
CHEMBL4545274,C[C@H](CS)C(=O)N[C@H](Cc1ccc(F)cc1)B(O)O,=,178980.0,nM,Ki,,Bacterial beta-lactamase TEM,assay format
CHEMBL4464588,COc1ccc(C[C@H](NC(=O)[C@H](C)CS)B(O)O)cc1,=,3360.0,nM,Ki,5.47,Bacterial beta-lactamase TEM,assay format
CHEMBL4543432,COc1ccc(C[C@@H](NC(=O)[C@H](C)CS)B(O)O)cc1,=,80720.0,nM,Ki,4.09,Bacterial beta-lactamase TEM,assay format
CHEMBL4439726,C[C@H](CS)C(=O)N[C@@H](Cc1coc2ccccc12)B(O)O,=,10770.0,nM,Ki,4.97,Bacterial beta-lactamase TEM,assay format
CHEMBL4460127,C[C@H](CS)C(=O)N[C@H](Cc1coc2ccccc12)B(O)O,=,32700.0,nM,Ki,4.49,Bacterial beta-lactamase TEM,assay format
CHEMBL4468952,C[C@H](CS)C(=O)N[C@H](B(O)O)c1ccccc1,=,6370.0,nM,Ki,5.20,Bacterial beta-lactamase TEM,assay format
CHEMBL4517893,C[C@H](CS)C(=O)N[C@@H](B(O)O)c1ccccc1,=,68590.0,nM,Ki,4.16,Bacterial beta-lactamase TEM,assay format
CHEMBL4453017,C[C@H](CS)C(=O)N[C@H](B(O)O)c1ccc(F)cc1,=,14170.0,nM,Ki,4.85,Bacterial beta-lactamase TEM,assay format
CHEMBL4545947,C[C@H](CS)C(=O)N[C@@H](B(O)O)c1ccc(F)cc1,=,67940.0,nM,Ki,4.17,Bacterial beta-lactamase TEM,assay format
CHEMBL4458011,Cc1ccc([C@H](NC(=O)[C@H](C)CS)B(O)O)cc1,=,2410.0,nM,Ki,5.62,Bacterial beta-lactamase TEM,assay format
CHEMBL4472399,Cc1ccc([C@@H](NC(=O)[C@H](C)CS)B(O)O)cc1,=,13500.0,nM,Ki,4.87,Bacterial beta-lactamase TEM,assay format
CHEMBL4450911,C[C@H](CS)C(=O)N[C@H](B(O)O)c1ccc2ccccc2c1,=,2030.0,nM,Ki,5.69,Bacterial beta-lactamase TEM,assay format
CHEMBL4444926,C[C@H](CS)C(=O)N[C@@H](B(O)O)c1ccc2ccccc2c1,=,215720.0,nM,Ki,,Bacterial beta-lactamase TEM,assay format
CHEMBL4445648,CC(C)[C@H](NC(=O)[C@H](C)CS)B(O)O,=,165780.0,nM,Ki,,Bacterial beta-lactamase TEM,assay format
CHEMBL4438924,CC(C)[C@@H](NC(=O)[C@H](C)CS)B(O)O,>,300000.0,nM,Ki,,Bacterial beta-lactamase TEM,assay format
CHEMBL4469059,CC(C)C[C@H](NC(=O)[C@H](C)CS)B(O)O,=,170700.0,nM,Ki,,Bacterial beta-lactamase TEM,assay format
CHEMBL4546207,CC(C)C[C@@H](NC(=O)[C@H](C)CS)B(O)O,=,70550.0,nM,Ki,4.15,Bacterial beta-lactamase TEM,assay format
CHEMBL4455145,O=C(CCS)N[C@H](Cc1coc2ccccc12)B(O)O,=,35740.0,nM,Ki,4.45,Bacterial beta-lactamase TEM,assay format
CHEMBL4471138,O=C(CS)N[C@H](Cc1coc2ccccc12)B(O)O,=,6840.0,nM,Ki,5.17,Bacterial beta-lactamase TEM,assay format
CHEMBL519374,CO[C@@]1(NC(=O)[C@H](C(=O)O)c2ccc(O)cc2)C(=O)N2C(C(=O)O)=C(CSc3nnnn3C)CO[C@@H]21,=,-4.5,degrees C,Delta Tm,,Bacterial beta-lactamase TEM,single protein format
CHEMBL91,Clc1ccc(COC(Cn2ccnc2)c2ccc(Cl)cc2Cl)c(Cl)c1,=,125000.0,nM,IC50,,Bacterial beta-lactamase TEM,single protein format
CHEMBL1325961,O=C1OC(c2cc(I)c(O)c(I)c2)(c2cc(I)c(O)c(I)c2)c2ccccc21,=,3400.0,nM,IC50,5.47,Bacterial beta-lactamase TEM,single protein format
CHEMBL1358,C[C@]12CC[C@@H]3c4ccc(O)cc4C[C@@H](CCCCCCCCC[S+]([O-])CCCC(F)(F)C(F)(F)F)[C@H]3[C@@H]1CC[C@@H]2O,=,55900.0,nM,IC50,4.25,Bacterial beta-lactamase TEM,single protein format
