molecule_chembl_id,canonical_smiles,standard_relation,standard_value,standard_units,standard_type,pchembl_value,target_pref_name,bao_label
CHEMBL509901,CCOC(=O)CC(N)(CC(=O)OCC)C(=O)OCC,=,98.0,%,Inhibition,,Beta-lactamase OXA-10,single protein format
CHEMBL509901,CCOC(=O)CC(N)(CC(=O)OCC)C(=O)OCC,=,92.0,%,Inhibition,,Beta-lactamase OXA-10,single protein format
CHEMBL511057,Cl.NC(CC(=O)O)(CC(=O)O)C(=O)O,=,100.0,%,Inhibition,,Beta-lactamase OXA-10,single protein format
CHEMBL511057,Cl.NC(CC(=O)O)(CC(=O)O)C(=O)O,=,83.0,%,Inhibition,,Beta-lactamase OXA-10,single protein format
CHEMBL509901,CCOC(=O)CC(N)(CC(=O)OCC)C(=O)OCC,=,98.0,%,Inhibition,,Beta-lactamase OXA-10,single protein format
CHEMBL551694,COC(=O)C(N)(CC(=O)OCc1ccccc1)CC(=O)OCc1ccccc1,=,100.0,%,Inhibition,,Beta-lactamase OXA-10,single protein format
CHEMBL561555,COC(=O)CC(N)(CC(=O)OC)C(=O)OCc1ccccc1,=,100.0,%,Inhibition,,Beta-lactamase OXA-10,single protein format
CHEMBL561821,NC(CC(=O)OCc1ccccc1)(CC(=O)OCc1ccccc1)C(=O)OCc1ccccc1,=,10.0,%,Inhibition,,Beta-lactamase OXA-10,single protein format
CHEMBL563044,COC(=O)C(CC(=O)OCc1ccccc1)(CC(=O)OCc1ccccc1)NC(=O)COc1ccccc1,=,10.0,%,Inhibition,,Beta-lactamase OXA-10,single protein format
CHEMBL553476,O=C(COc1ccccc1)NC(CC(=O)OCc1ccccc1)(CC(=O)OCc1ccccc1)C(=O)OCc1ccccc1,=,10.0,%,Inhibition,,Beta-lactamase OXA-10,single protein format
CHEMBL562155,COC(=O)C(CC(=O)O)(CC(=O)O)NC(=O)COc1ccccc1,=,100.0,%,Inhibition,,Beta-lactamase OXA-10,single protein format
CHEMBL562216,O=C(O)CC(CC(=O)O)(NC(=O)COc1ccccc1)C(=O)O,=,84.0,%,Inhibition,,Beta-lactamase OXA-10,single protein format
CHEMBL511057,Cl.NC(CC(=O)O)(CC(=O)O)C(=O)O,=,100.0,%,Inhibition,,Beta-lactamase OXA-10,single protein format
CHEMBL541497,COC(=O)C(N)(CC(=O)O)CC(=O)O.Cl,=,96.0,%,Inhibition,,Beta-lactamase OXA-10,single protein format
CHEMBL562158,COC(=O)CC(N)(CC(=O)OC)C(=O)O.Cl,=,100.0,%,Inhibition,,Beta-lactamase OXA-10,single protein format
CHEMBL559429,CCOC(=O)CCC1(C(=O)OCC)CCC(=O)N1,=,97.0,%,Inhibition,,Beta-lactamase OXA-10,single protein format
CHEMBL558874,CCOC(=O)C1CC(=O)NC1C(=O)OCC,=,91.0,%,Inhibition,,Beta-lactamase OXA-10,single protein format
CHEMBL541429,Cl.NC(C(=O)O)C(CC(=O)O)C(=O)O,=,92.0,%,Inhibition,,Beta-lactamase OXA-10,single protein format
CHEMBL562216,O=C(O)CC(CC(=O)O)(NC(=O)COc1ccccc1)C(=O)O,=,82.0,%,Inhibition,,Beta-lactamase OXA-10,single protein format
CHEMBL541497,COC(=O)C(N)(CC(=O)O)CC(=O)O.Cl,=,83.0,%,Inhibition,,Beta-lactamase OXA-10,single protein format
CHEMBL562158,COC(=O)CC(N)(CC(=O)OC)C(=O)O.Cl,=,79.0,%,Inhibition,,Beta-lactamase OXA-10,single protein format
CHEMBL559429,CCOC(=O)CCC1(C(=O)OCC)CCC(=O)N1,=,98.0,%,Inhibition,,Beta-lactamase OXA-10,single protein format
CHEMBL558874,CCOC(=O)C1CC(=O)NC1C(=O)OCC,=,87.0,%,Inhibition,,Beta-lactamase OXA-10,single protein format
CHEMBL541429,Cl.NC(C(=O)O)C(CC(=O)O)C(=O)O,=,85.0,%,Inhibition,,Beta-lactamase OXA-10,single protein format
CHEMBL561821,NC(CC(=O)OCc1ccccc1)(CC(=O)OCc1ccccc1)C(=O)OCc1ccccc1,=,95000.0,nM,Ki,4.02,Beta-lactamase OXA-10,single protein format
CHEMBL553476,O=C(COc1ccccc1)NC(CC(=O)OCc1ccccc1)(CC(=O)OCc1ccccc1)C(=O)OCc1ccccc1,=,20000.0,nM,Ki,4.70,Beta-lactamase OXA-10,single protein format
CHEMBL480517,O=C(Cc1cccs1)N[C@@H]1C(=O)N2C(C(=O)O)=C(/C=C/c3ccc([N+](=O)[O-])cc3[N+](=O)[O-])CS[C@H]12,=,400.0,/s,Kcat,,Beta-lactamase OXA-10,single protein format
CHEMBL480517,O=C(Cc1cccs1)N[C@@H]1C(=O)N2C(C(=O)O)=C(/C=C/c3ccc([N+](=O)[O-])cc3[N+](=O)[O-])CS[C@H]12,=,20000.0,nM,Km,,Beta-lactamase OXA-10,single protein format
CHEMBL480517,O=C(Cc1cccs1)N[C@@H]1C(=O)N2C(C(=O)O)=C(/C=C/c3ccc([N+](=O)[O-])cc3[N+](=O)[O-])CS[C@H]12,=,2.0,10'7/M/s,Ratio,,Beta-lactamase OXA-10,single protein format
CHEMBL509901,CCOC(=O)CC(N)(CC(=O)OCC)C(=O)OCC,,,,Inhibition,,Beta-lactamase OXA-10,single protein format
CHEMBL551694,COC(=O)C(N)(CC(=O)OCc1ccccc1)CC(=O)OCc1ccccc1,,,,Inhibition,,Beta-lactamase OXA-10,single protein format
CHEMBL561555,COC(=O)CC(N)(CC(=O)OC)C(=O)OCc1ccccc1,,,,Inhibition,,Beta-lactamase OXA-10,single protein format
CHEMBL561821,NC(CC(=O)OCc1ccccc1)(CC(=O)OCc1ccccc1)C(=O)OCc1ccccc1,,,,Inhibition,,Beta-lactamase OXA-10,single protein format
CHEMBL563044,COC(=O)C(CC(=O)OCc1ccccc1)(CC(=O)OCc1ccccc1)NC(=O)COc1ccccc1,,,,Inhibition,,Beta-lactamase OXA-10,single protein format
CHEMBL553476,O=C(COc1ccccc1)NC(CC(=O)OCc1ccccc1)(CC(=O)OCc1ccccc1)C(=O)OCc1ccccc1,,,,Inhibition,,Beta-lactamase OXA-10,single protein format
CHEMBL562155,COC(=O)C(CC(=O)O)(CC(=O)O)NC(=O)COc1ccccc1,,,,Inhibition,,Beta-lactamase OXA-10,single protein format
CHEMBL511057,Cl.NC(CC(=O)O)(CC(=O)O)C(=O)O,,,,Inhibition,,Beta-lactamase OXA-10,single protein format
CHEMBL561896,COC(=O)CC(CC(=O)OC)(NC(=O)Cc1ccccc1)C(=O)OC,,,,Inhibition,,Beta-lactamase OXA-10,single protein format
CHEMBL316157,O=C(Cc1cccs1)N[C@@H]1C(=O)N2C(C(=O)[O-])=C(C[n+]3ccccc3)CS[C@H]12,=,16.0,/s,Kcat,,Beta-lactamase OXA-10,single protein format
CHEMBL29,CC1(C)S[C@@H]2[C@H](NC(=O)Cc3ccccc3)C(=O)N2[C@H]1C(=O)O,=,86.0,/s,Kcat,,Beta-lactamase OXA-10,single protein format
CHEMBL148,C[C@@H](O)[C@H]1C(=O)N2C(C(=O)O)=C(SCCNC=N)C[C@H]12,<=,0.014,/s,Kcat,,Beta-lactamase OXA-10,single protein format
CHEMBL127,C[C@@H](O)[C@H]1C(=O)N2C(C(=O)O)=C(S[C@@H]3CN[C@H](C(=O)N(C)C)C3)[C@H](C)[C@H]12,<=,0.005,/s,Kcat,,Beta-lactamase OXA-10,single protein format
CHEMBL491571,C[C@@H](O)[C@H]1C(=O)N2C(C(=O)O)=C(S[C@@H]3CN[C@H](CNS(N)(=O)=O)C3)[C@H](C)[C@H]12,<=,0.0073,/s,Kcat,,Beta-lactamase OXA-10,single protein format
CHEMBL44354,CC(C)(O/N=C(\C(=O)N[C@@H]1C(=O)N2C(C(=O)[O-])=C(C[n+]3ccccc3)CS[C@H]12)c1csc(N)n1)C(=O)O,<=,0.0095,/s,Kcat,,Beta-lactamase OXA-10,single protein format
CHEMBL316157,O=C(Cc1cccs1)N[C@@H]1C(=O)N2C(C(=O)[O-])=C(C[n+]3ccccc3)CS[C@H]12,=,200000.0,nM,Km,,Beta-lactamase OXA-10,single protein format
CHEMBL29,CC1(C)S[C@@H]2[C@H](NC(=O)Cc3ccccc3)C(=O)N2[C@H]1C(=O)O,=,7900.0,nM,Km,,Beta-lactamase OXA-10,single protein format
CHEMBL148,C[C@@H](O)[C@H]1C(=O)N2C(C(=O)O)=C(SCCNC=N)C[C@H]12,,,,Km,,Beta-lactamase OXA-10,single protein format
CHEMBL127,C[C@@H](O)[C@H]1C(=O)N2C(C(=O)O)=C(S[C@@H]3CN[C@H](C(=O)N(C)C)C3)[C@H](C)[C@H]12,,,,Km,,Beta-lactamase OXA-10,single protein format
CHEMBL491571,C[C@@H](O)[C@H]1C(=O)N2C(C(=O)O)=C(S[C@@H]3CN[C@H](CNS(N)(=O)=O)C3)[C@H](C)[C@H]12,,,,Km,,Beta-lactamase OXA-10,single protein format
CHEMBL44354,CC(C)(O/N=C(\C(=O)N[C@@H]1C(=O)N2C(C(=O)[O-])=C(C[n+]3ccccc3)CS[C@H]12)c1csc(N)n1)C(=O)O,,,,Km,,Beta-lactamase OXA-10,single protein format
CHEMBL316157,O=C(Cc1cccs1)N[C@@H]1C(=O)N2C(C(=O)[O-])=C(C[n+]3ccccc3)CS[C@H]12,=,0.08,/s/microM,Kcat/Km,,Beta-lactamase OXA-10,single protein format
CHEMBL29,CC1(C)S[C@@H]2[C@H](NC(=O)Cc3ccccc3)C(=O)N2[C@H]1C(=O)O,=,11.0,/s/microM,Kcat/Km,,Beta-lactamase OXA-10,single protein format
CHEMBL148,C[C@@H](O)[C@H]1C(=O)N2C(C(=O)O)=C(SCCNC=N)C[C@H]12,,,,Kcat/Km,,Beta-lactamase OXA-10,single protein format
CHEMBL127,C[C@@H](O)[C@H]1C(=O)N2C(C(=O)O)=C(S[C@@H]3CN[C@H](C(=O)N(C)C)C3)[C@H](C)[C@H]12,,,,Kcat/Km,,Beta-lactamase OXA-10,single protein format
CHEMBL491571,C[C@@H](O)[C@H]1C(=O)N2C(C(=O)O)=C(S[C@@H]3CN[C@H](CNS(N)(=O)=O)C3)[C@H](C)[C@H]12,,,,Kcat/Km,,Beta-lactamase OXA-10,single protein format
CHEMBL44354,CC(C)(O/N=C(\C(=O)N[C@@H]1C(=O)N2C(C(=O)[O-])=C(C[n+]3ccccc3)CS[C@H]12)c1csc(N)n1)C(=O)O,,,,Kcat/Km,,Beta-lactamase OXA-10,single protein format
CHEMBL29,CC1(C)S[C@@H]2[C@H](NC(=O)Cc3ccccc3)C(=O)N2[C@H]1C(=O)O,=,540.0,%,Activity,,Beta-lactamase OXA-10,single protein format
CHEMBL148,C[C@@H](O)[C@H]1C(=O)N2C(C(=O)O)=C(SCCNC=N)C[C@H]12,<=,0.088,%,Activity,,Beta-lactamase OXA-10,single protein format
CHEMBL127,C[C@@H](O)[C@H]1C(=O)N2C(C(=O)O)=C(S[C@@H]3CN[C@H](C(=O)N(C)C)C3)[C@H](C)[C@H]12,<=,0.031,%,Activity,,Beta-lactamase OXA-10,single protein format
CHEMBL491571,C[C@@H](O)[C@H]1C(=O)N2C(C(=O)O)=C(S[C@@H]3CN[C@H](CNS(N)(=O)=O)C3)[C@H](C)[C@H]12,<=,0.046,%,Activity,,Beta-lactamase OXA-10,single protein format
CHEMBL44354,CC(C)(O/N=C(\C(=O)N[C@@H]1C(=O)N2C(C(=O)[O-])=C(C[n+]3ccccc3)CS[C@H]12)c1csc(N)n1)C(=O)O,<=,0.059,%,Activity,,Beta-lactamase OXA-10,single protein format
CHEMBL29,CC1(C)S[C@@H]2[C@H](NC(=O)Cc3ccccc3)C(=O)N2[C@H]1C(=O)O,=,14000.0,%,Activity,,Beta-lactamase OXA-10,single protein format
CHEMBL148,C[C@@H](O)[C@H]1C(=O)N2C(C(=O)O)=C(SCCNC=N)C[C@H]12,,,,Activity,,Beta-lactamase OXA-10,single protein format
CHEMBL127,C[C@@H](O)[C@H]1C(=O)N2C(C(=O)O)=C(S[C@@H]3CN[C@H](C(=O)N(C)C)C3)[C@H](C)[C@H]12,,,,Activity,,Beta-lactamase OXA-10,single protein format
CHEMBL491571,C[C@@H](O)[C@H]1C(=O)N2C(C(=O)O)=C(S[C@@H]3CN[C@H](CNS(N)(=O)=O)C3)[C@H](C)[C@H]12,,,,Activity,,Beta-lactamase OXA-10,single protein format
CHEMBL44354,CC(C)(O/N=C(\C(=O)N[C@@H]1C(=O)N2C(C(=O)[O-])=C(C[n+]3ccccc3)CS[C@H]12)c1csc(N)n1)C(=O)O,,,,Activity,,Beta-lactamase OXA-10,single protein format
CHEMBL4083640,O=C(O)c1ccc(-c2cccc(Cl)c2Cl)cc1CS,=,37300.0,nM,IC50,4.43,Beta-lactamase OXA-10,cell-based format
CHEMBL4126149,O=C(O)/C(S)=C/c1c2ccccc2cc2ccccc12,=,47.0,%,Activity,,Beta-lactamase OXA-10,single protein format
CHEMBL4130029,CN1CCN(NC(=O)CN2C(=O)/C(=C/c3c4ccccc4cc4ccccc34)SC2=S)CC1,=,41.0,%,Activity,,Beta-lactamase OXA-10,single protein format
CHEMBL66070,O=C(O)CN1C(=O)/C(=C/c2ccccc2)SC1=S,,,,Inhibition,,Beta-lactamase OXA-10,single protein format
CHEMBL4126874,CN1CCN(NC(=O)CN2C(=O)/C(=C/c3ccccc3)SC2=S)CC1,,,,Inhibition,,Beta-lactamase OXA-10,single protein format
CHEMBL4095898,O=C(O)/C(S)=C/c1ccccc1,,,,Inhibition,,Beta-lactamase OXA-10,single protein format
CHEMBL4127551,Cc1ccc(/C=C2\SC(=S)N(CC(=O)O)C2=O)cc1,,,,Inhibition,,Beta-lactamase OXA-10,single protein format
CHEMBL4127836,Cc1ccc(/C=C2\SC(=S)N(CC(=O)NN3CCN(C)CC3)C2=O)cc1,,,,Inhibition,,Beta-lactamase OXA-10,single protein format
CHEMBL4129233,Cc1ccc(/C=C(\S)C(=O)O)cc1,,,,Inhibition,,Beta-lactamase OXA-10,single protein format
CHEMBL1173347,O=C(O)CN1C(=O)/C(=C/c2ccc(F)cc2)SC1=S,,,,Inhibition,,Beta-lactamase OXA-10,single protein format
CHEMBL4125789,CN1CCN(NC(=O)CN2C(=O)/C(=C/c3ccc(F)cc3)SC2=S)CC1,,,,Inhibition,,Beta-lactamase OXA-10,single protein format
CHEMBL3221930,O=C(O)/C(S)=C/c1ccc(F)cc1,,,,Inhibition,,Beta-lactamase OXA-10,single protein format
CHEMBL2062754,O=C(O)CN1C(=O)/C(=C/c2ccc(Br)cc2)SC1=S,,,,Inhibition,,Beta-lactamase OXA-10,single protein format
CHEMBL3221932,O=C(O)/C(S)=C/c1ccc(Br)cc1,,,,Inhibition,,Beta-lactamase OXA-10,single protein format
CHEMBL1631303,COc1ccc(/C=C2\SC(=S)N(CC(=O)O)C2=O)cc1,,,,Inhibition,,Beta-lactamase OXA-10,single protein format
CHEMBL4129483,COc1ccc(/C=C2\SC(=S)N(CC(=O)NN3CCN(C)CC3)C2=O)cc1,,,,Inhibition,,Beta-lactamase OXA-10,single protein format
CHEMBL4129039,COc1ccc(/C=C(\S)C(=O)O)cc1,,,,Inhibition,,Beta-lactamase OXA-10,single protein format
CHEMBL4127636,O=C(O)CN1C(=O)/C(=C/c2ccccc2F)SC1=S,,,,Inhibition,,Beta-lactamase OXA-10,single protein format
CHEMBL1451326,CN1CCN(NC(=O)CN2C(=O)/C(=C/c3ccccc3F)SC2=S)CC1,,,,Inhibition,,Beta-lactamase OXA-10,single protein format
CHEMBL3221922,O=C(O)/C(S)=C/c1ccccc1F,,,,Inhibition,,Beta-lactamase OXA-10,single protein format
CHEMBL4126842,O=C(O)CN1C(=O)/C(=C/c2ccccc2Cl)SC1=S,,,,Inhibition,,Beta-lactamase OXA-10,single protein format
CHEMBL1605498,CN1CCN(NC(=O)CN2C(=O)/C(=C/c3ccccc3Cl)SC2=S)CC1,,,,Inhibition,,Beta-lactamase OXA-10,single protein format
CHEMBL3221923,O=C(O)/C(S)=C/c1ccccc1Cl,,,,Inhibition,,Beta-lactamase OXA-10,single protein format
CHEMBL4128891,O=C(O)CN1C(=O)/C(=C/c2ccccc2Br)SC1=S,,,,Inhibition,,Beta-lactamase OXA-10,single protein format
CHEMBL4129315,CN1CCN(NC(=O)CN2C(=O)/C(=C/c3ccccc3Br)SC2=S)CC1,,,,Inhibition,,Beta-lactamase OXA-10,single protein format
CHEMBL3221924,O=C(O)/C(S)=C/c1ccccc1Br,,,,Inhibition,,Beta-lactamase OXA-10,single protein format
CHEMBL4126745,O=C(O)CN1C(=O)/C(=C/c2ccccc2I)SC1=S,,,,Inhibition,,Beta-lactamase OXA-10,single protein format
CHEMBL4130010,CN1CCN(NC(=O)CN2C(=O)/C(=C/c3ccccc3I)SC2=S)CC1,,,,Inhibition,,Beta-lactamase OXA-10,single protein format
CHEMBL3221925,O=C(O)/C(S)=C/c1ccccc1I,,,,Inhibition,,Beta-lactamase OXA-10,single protein format
CHEMBL4128796,O=C(O)CN1C(=O)/C(=C/c2c(F)cccc2Cl)SC1=S,,,,Inhibition,,Beta-lactamase OXA-10,single protein format
CHEMBL4129222,CN1CCN(NC(=O)CN2C(=O)/C(=C/c3c(F)cccc3Cl)SC2=S)CC1,,,,Inhibition,,Beta-lactamase OXA-10,single protein format
CHEMBL4127821,O=C(O)/C(S)=C/c1c(F)cccc1Cl,,,,Inhibition,,Beta-lactamase OXA-10,single protein format
CHEMBL4127980,O=C(O)CN1C(=O)/C(=C/c2c(F)ccc(F)c2F)SC1=S,,,,Inhibition,,Beta-lactamase OXA-10,single protein format
CHEMBL4126589,CN1CCN(NC(=O)CN2C(=O)/C(=C/c3c(F)ccc(F)c3F)SC2=S)CC1,,,,Inhibition,,Beta-lactamase OXA-10,single protein format
CHEMBL4126465,O=C(O)/C(S)=C/c1c(F)ccc(F)c1F,,,,Inhibition,,Beta-lactamase OXA-10,single protein format
CHEMBL4129749,O=C(O)CN1C(=O)/C(=C/c2csc3ccccc23)SC1=S,,,,Inhibition,,Beta-lactamase OXA-10,single protein format
CHEMBL4130192,CN1CCN(NC(=O)CN2C(=O)/C(=C/c3csc4ccccc34)SC2=S)CC1,,,,Inhibition,,Beta-lactamase OXA-10,single protein format
CHEMBL4126927,O=C(O)/C(S)=C/c1csc2ccccc12,,,,Inhibition,,Beta-lactamase OXA-10,single protein format
CHEMBL4126780,O=C(O)CN1C(=O)/C(=C/c2c(Cl)cccc2Cl)SC1=S,,,,Inhibition,,Beta-lactamase OXA-10,single protein format
CHEMBL1559342,CN1CCN(NC(=O)CN2C(=O)/C(=C/c3c(Cl)cccc3Cl)SC2=S)CC1,,,,Inhibition,,Beta-lactamase OXA-10,single protein format
CHEMBL4127736,O=C(O)/C(S)=C/c1c(Cl)cccc1Cl,,,,Inhibition,,Beta-lactamase OXA-10,single protein format
CHEMBL4129136,O=C(O)CN1C(=O)/C(=C/c2cccc(Cl)c2Cl)SC1=S,,,,Inhibition,,Beta-lactamase OXA-10,single protein format
CHEMBL4128976,CN1CCN(NC(=O)CN2C(=O)/C(=C/c3cccc(Cl)c3Cl)SC2=S)CC1,,,,Inhibition,,Beta-lactamase OXA-10,single protein format
CHEMBL4125695,O=C(O)/C(S)=C/c1cccc(Cl)c1Cl,,,,Inhibition,,Beta-lactamase OXA-10,single protein format
CHEMBL4129931,O=C(O)CN1C(=O)/C(=C/c2cc(Cl)ccc2Cl)SC1=S,,,,Inhibition,,Beta-lactamase OXA-10,single protein format
CHEMBL4126663,CN1CCN(NC(=O)CN2C(=O)/C(=C/c3cc(Cl)ccc3Cl)SC2=S)CC1,,,,Inhibition,,Beta-lactamase OXA-10,single protein format
CHEMBL4125965,O=C(O)/C(S)=C/c1cc(Cl)ccc1Cl,,,,Inhibition,,Beta-lactamase OXA-10,single protein format
CHEMBL4129281,O=C(O)CN1C(=O)/C(=C/c2c(F)cccc2F)SC1=S,,,,Inhibition,,Beta-lactamase OXA-10,single protein format
CHEMBL4127204,CN1CCN(NC(=O)CN2C(=O)/C(=C/c3c(F)cccc3F)SC2=S)CC1,,,,Inhibition,,Beta-lactamase OXA-10,single protein format
CHEMBL4125829,O=C(O)/C(S)=C/c1c(F)cccc1F,,,,Inhibition,,Beta-lactamase OXA-10,single protein format
CHEMBL4128178,Cc1cccc(C)c1/C=C1\SC(=S)N(CC(=O)O)C1=O,,,,Inhibition,,Beta-lactamase OXA-10,single protein format
CHEMBL4126798,Cc1cccc(C)c1/C=C1\SC(=S)N(CC(=O)NN2CCN(C)CC2)C1=O,,,,Inhibition,,Beta-lactamase OXA-10,single protein format
CHEMBL4129411,Cc1cccc(C)c1/C=C(\S)C(=O)O,,,,Inhibition,,Beta-lactamase OXA-10,single protein format
CHEMBL4068716,CN1CCN(NC(=O)CN2C(=O)/C(=C/c3c(Cl)ccc(Cl)c3Cl)SC2=S)CC1,,,,Inhibition,,Beta-lactamase OXA-10,single protein format
CHEMBL3792857,O=C(O)/C(S)=C/c1c(Cl)ccc(Cl)c1Cl,,,,Inhibition,,Beta-lactamase OXA-10,single protein format
CHEMBL4128221,O=C(O)/C(S)=C/c1ccccc1Cc1ccc2ccccc2c1,,,,Inhibition,,Beta-lactamase OXA-10,single protein format
CHEMBL4127119,CC1=N/C(=C\c2ccc(F)cc2)C(=O)O1,,,,Inhibition,,Beta-lactamase OXA-10,single protein format
CHEMBL4129710,O=C(O)/C(O)=C/c1ccc(F)cc1,,,,Inhibition,,Beta-lactamase OXA-10,single protein format
CHEMBL4126421,O=P(O)(O)C(O)c1ccc(Br)cc1F,,,,Inhibition,,Beta-lactamase OXA-10,single protein format
CHEMBL4125691,O=P(O)(O)C(S)c1ccc(Br)cc1F,,,,Inhibition,,Beta-lactamase OXA-10,single protein format
CHEMBL4533632,NCc1ccc(C(=O)N[C@H]2Cc3cccc(C(=O)O)c3OB2O)cc1,=,5100.0,nM,IC50,5.29,Beta-lactamase OXA-10,cell-based format
