molecule_chembl_id,canonical_smiles,standard_relation,standard_value,standard_units,standard_type,pchembl_value,target_pref_name,bao_label
CHEMBL1089781,O=S(=O)(NCB(O)O)c1cc2c(Cl)ccc(Cl)c2s1,=,570.0,nM,IC50,6.24,Beta-lactamase SHV-5,single protein format
CHEMBL1795563,CO/N=C(\C(=O)NCP(=O)(O)Oc1ccc(C#N)c(F)c1)c1cnc(N)s1,>,50000.0,nM,IC50,,Beta-lactamase SHV-5,single protein format
CHEMBL1795564,CO/N=C(\C(=O)NCP(=O)(O)Oc1ccc(C#N)c(F)c1)c1cnc(NC(=O)C(Cl)(Cl)Cl)s1,=,25000.0,nM,IC50,4.60,Beta-lactamase SHV-5,single protein format
CHEMBL1795564,CO/N=C(\C(=O)NCP(=O)(O)Oc1ccc(C#N)c(F)c1)c1cnc(NC(=O)C(Cl)(Cl)Cl)s1,=,15000.0,nM,IC50,4.82,Beta-lactamase SHV-5,single protein format
CHEMBL1795565,CON=C(C(=O)NCP(=O)(O)Oc1ccc(C#N)c(F)c1)c1cccs1,>,50000.0,nM,IC50,,Beta-lactamase SHV-5,single protein format
CHEMBL1795566,CO/N=C(\C(=O)NCP(=O)(O)Oc1ccc(C#N)c(F)c1)c1cccs1,>,12500.0,nM,IC50,,Beta-lactamase SHV-5,single protein format
CHEMBL1795567,CO/N=C(/C(=O)NCP(=O)(O)Oc1ccc(C#N)c(F)c1)c1cccs1,=,22000.0,nM,IC50,4.66,Beta-lactamase SHV-5,single protein format
CHEMBL1795568,N#Cc1ccc(OP(=O)(O)CNC(=O)C(=NO)c2cccs2)cc1F,=,27000.0,nM,IC50,4.57,Beta-lactamase SHV-5,single protein format
CHEMBL1795569,CO/N=C(\C(=O)NCP(=O)(O)O)c1cccs1,>,50000.0,nM,IC50,,Beta-lactamase SHV-5,single protein format
CHEMBL1795570,CO/N=C(/C(=O)NCP(=O)(O)O)c1cccs1,>,50000.0,nM,IC50,,Beta-lactamase SHV-5,single protein format
CHEMBL1795571,N#Cc1ccc(OP(=O)([O-])CNC(=O)/C(=N\OCCC[n+]2ccccc2)c2cccs2)cc1F,>,50000.0,nM,IC50,,Beta-lactamase SHV-5,single protein format
CHEMBL1795571,N#Cc1ccc(OP(=O)([O-])CNC(=O)/C(=N\OCCC[n+]2ccccc2)c2cccs2)cc1F,>,50000.0,nM,IC50,,Beta-lactamase SHV-5,single protein format
CHEMBL777,O=C(O)[C@H]1/C(=C/CO)O[C@@H]2CC(=O)N21,=,25360.0,nM,Ki,4.60,Beta-lactamase SHV-5,single protein format
CHEMBL1673092,O=C(O)C1=CS[C@@H]2/C(=C\c3cc4n(n3)CSCC4)C(=O)N12,=,106210.0,nM,Ki,,Beta-lactamase SHV-5,single protein format
CHEMBL1673091,O=C(O)C1=CS[C@@H]2/C(=C\c3cc4n(n3)CSC4)C(=O)N12,=,28030.0,nM,Ki,4.55,Beta-lactamase SHV-5,single protein format
CHEMBL2236666,C[C@]1(COC(=O)Cc2ccc(O)c(O)c2)[C@H](C(=O)[O-])N2C(=O)/C(=C/c3ccccn3)[C@H]2S1(=O)=O.[Na+],=,1360.0,nM,Ki,5.87,Beta-lactamase SHV-5,single protein format
CHEMBL3317857,O=C(O)C[C@@H]1CC[C@H](NC(=O)Cc2cccs2)B(O)O1,=,0.25,ug.mL-1,MIC,,Beta-lactamase SHV-5,single protein format
