molecule_chembl_id,canonical_smiles,standard_relation,standard_value,standard_units,standard_type,pchembl_value,target_pref_name,bao_label
CHEMBL174,CC1(C)S[C@@H]2[C@H](NC(=O)[C@H](N)c3ccccc3)C(=O)N2[C@H]1C(=O)O,=,2.8,10'7/M/s,Kcat/Km,,Beta-lactamase TEM-1,single protein format
CHEMBL3112741,O=C(NC1CCNCC1)[C@@H]1CC[C@@H]2CN1C(=O)N2OS(=O)(=O)O,=,4.0,ug.mL-1,MIC,,Beta-lactamase TEM-1,assay format
CHEMBL1257120,C[C@]1(COC(=O)Cc2ccc(O)c(O)c2)[C@H](C(=O)O)N2C(=O)/C(=C/c3ccccn3)[C@H]2S1(=O)=O,=,2.0,ug.mL-1,MIC,,Beta-lactamase TEM-1,assay format
CHEMBL4434716,Cn1cc(-c2ccnc(/C=C3/C(=O)N4[C@@H](C(=O)O)[C@](C)(COC(=O)Cc5ccc(O)c(O)c5)S(=O)(=O)[C@H]34)c2)cn1,=,2.0,ug.mL-1,MIC,,Beta-lactamase TEM-1,assay format
CHEMBL4476316,C[C@]1(COC(=O)Cc2ccc(O)c(O)c2)[C@H](C(=O)O)N2C(=O)/C(=C/c3cc(Br)ccn3)[C@H]2S1(=O)=O,=,2.0,ug.mL-1,MIC,,Beta-lactamase TEM-1,assay format
CHEMBL4475789,C[C@]1(COC(=O)Cc2ccc(O)c(O)c2)[C@H](C(=O)O)N2C(=O)/C(=C/c3ccc(F)cn3)[C@H]2S1(=O)=O,=,2.0,ug.mL-1,MIC,,Beta-lactamase TEM-1,assay format
CHEMBL4470481,COc1ccnc(/C=C2/C(=O)N3[C@@H](C(=O)O)[C@](C)(COC(=O)Cc4ccc(O)c(O)c4)S(=O)(=O)[C@H]23)c1OC,=,2.0,ug.mL-1,MIC,,Beta-lactamase TEM-1,assay format
CHEMBL4591213,C[C@]1(COC(=O)Cc2ccc(O)c(O)c2)[C@H](C(=O)O)N2C(=O)/C(=C/c3nccc4ccsc34)[C@H]2S1(=O)=O,=,2.0,ug.mL-1,MIC,,Beta-lactamase TEM-1,assay format
CHEMBL4572192,C[C@]1(COC(=O)Cc2ccc(O)c(O)c2)[C@H](C(=O)O)N2C(=O)/C(=C/c3cc4ccccc4cn3)[C@H]2S1(=O)=O,=,4.0,ug.mL-1,MIC,,Beta-lactamase TEM-1,assay format
