molecule_chembl_id,canonical_smiles,standard_relation,standard_value,standard_units,standard_type,pchembl_value,target_pref_name,bao_label
CHEMBL777,O=C(O)[C@H]1/C(=C/CO)O[C@@H]2CC(=O)N21,=,0.013,uM,ID50,,SHV-5 extended spectrum beta-lactamase,single protein format
CHEMBL44999,O=C(NCP(=O)([O-])N[C@H](Cc1ccccc1)C(=O)[O-])OCc1ccccc1.[Li+].[Li+],>,100.0,uM,ID50,,SHV-5 extended spectrum beta-lactamase,single protein format
CHEMBL295576,O=C(NCP(=O)([O-])N[C@@H](Cc1ccccc1)C(=O)[O-])OCc1ccccc1.[Li+].[Li+],>,100.0,uM,ID50,,SHV-5 extended spectrum beta-lactamase,single protein format
CHEMBL45440,O=C([O-])CC(NP(=O)([O-])CNC(=O)OCc1ccccc1)c1ccccc1.[Li+].[Li+],=,63.0,uM,ID50,,SHV-5 extended spectrum beta-lactamase,single protein format
CHEMBL47131,O=C([O-])CNP(=O)([O-])CNC(=O)OCc1ccccc1.[Li+].[Li+],>,100.0,uM,ID50,,SHV-5 extended spectrum beta-lactamase,single protein format
CHEMBL44005,O=C(NCP(=O)([O-])N[C@@H](C(=O)[O-])c1ccccc1)OCc1ccccc1.[Li+].[Li+],>,100.0,uM,ID50,,SHV-5 extended spectrum beta-lactamase,single protein format
CHEMBL47552,O=C([O-])CCNP(=O)([O-])CNC(=O)OCc1ccccc1.[Li+].[Li+],=,33.0,uM,ID50,,SHV-5 extended spectrum beta-lactamase,single protein format
CHEMBL227452,CO/N=C(\C(=O)NCB(O)O)c1csc(N)n1,=,5000.0,nM,Ki,5.30,SHV-5 extended spectrum beta-lactamase,cell-based format
CHEMBL1231661,CC(C)(O/N=C(\C(=O)NCB(O)O)c1csc(N)n1)C(=O)O,=,4500.0,nM,Ki,5.35,SHV-5 extended spectrum beta-lactamase,cell-based format
CHEMBL227673,CC(=O)NCB(O)O,=,360000.0,nM,Ki,,SHV-5 extended spectrum beta-lactamase,cell-based format
