molecule_chembl_id,canonical_smiles,standard_relation,standard_value,standard_units,standard_type,pchembl_value,target_pref_name,bao_label
CHEMBL702,CCN1CCN(C(=O)N[C@@H](C(=O)N[C@@H]2C(=O)N3[C@@H](C(=O)O)C(C)(C)S[C@H]23)c2ccccc2)C(=O)C1=O,=,72000.0,nM,Km,,Metallo-beta-lactamase VIM-2,single protein format
CHEMBL617,CC(=O)OCC1=C(C(=O)O)N2C(=O)[C@@H](NC(=O)Cc3cccs3)[C@H]2SC1,=,44000.0,nM,Km,,Metallo-beta-lactamase VIM-2,single protein format
CHEMBL996,CO[C@@]1(NC(=O)Cc2cccs2)C(=O)N2C(C(=O)O)=C(COC(N)=O)CS[C@@H]21,=,24000.0,nM,Km,,Metallo-beta-lactamase VIM-2,single protein format
CHEMBL1730,CO/N=C(\C(=O)N[C@@H]1C(=O)N2C(C(=O)O)=C(COC(C)=O)CS[C@H]12)c1csc(N)n1,=,32000.0,nM,Km,,Metallo-beta-lactamase VIM-2,single protein format
CHEMBL1436,CO/N=C(\C(=O)N[C@@H]1C(=O)N2C(C(=O)O)=C(COC(N)=O)CS[C@H]12)c1ccco1,=,22000.0,nM,Km,,Metallo-beta-lactamase VIM-2,single protein format
CHEMBL44354,CC(C)(O/N=C(\C(=O)N[C@@H]1C(=O)N2C(C(=O)[O-])=C(C[n+]3ccccc3)CS[C@H]12)c1csc(N)n1)C(=O)O,=,98000.0,nM,Km,,Metallo-beta-lactamase VIM-2,single protein format
CHEMBL158,C[C@H]1[C@H](NC(=O)/C(=N\OC(C)(C)C(=O)O)c2csc(N)n2)C(=O)N1S(=O)(=O)O,,,,Km,,Metallo-beta-lactamase VIM-2,single protein format
CHEMBL186,CO/N=C(\C(=O)N[C@@H]1C(=O)N2C(C(=O)[O-])=C(C[N+]3(C)CCCC3)CS[C@H]12)c1csc(N)n1,=,184000.0,nM,Km,,Metallo-beta-lactamase VIM-2,single protein format
CHEMBL148,C[C@@H](O)[C@H]1C(=O)N2C(C(=O)O)=C(SCCNC=N)C[C@H]12,=,10000.0,nM,Km,,Metallo-beta-lactamase VIM-2,single protein format
CHEMBL127,C[C@@H](O)[C@H]1C(=O)N2C(C(=O)O)=C(S[C@@H]3CN[C@H](C(=O)N(C)C)C3)[C@H](C)[C@H]12,=,5000.0,nM,Km,,Metallo-beta-lactamase VIM-2,single protein format
CHEMBL702,CCN1CCN(C(=O)N[C@@H](C(=O)N[C@@H]2C(=O)N3[C@@H](C(=O)O)C(C)(C)S[C@H]23)c2ccccc2)C(=O)C1=O,=,0.45,/s/microM,Kcat/Km,,Metallo-beta-lactamase VIM-2,single protein format
CHEMBL617,CC(=O)OCC1=C(C(=O)O)N2C(=O)[C@@H](NC(=O)Cc3cccs3)[C@H]2SC1,=,1.28,/s/microM,Kcat/Km,,Metallo-beta-lactamase VIM-2,single protein format
CHEMBL996,CO[C@@]1(NC(=O)Cc2cccs2)C(=O)N2C(C(=O)O)=C(COC(N)=O)CS[C@@H]21,=,0.12,/s/microM,Kcat/Km,,Metallo-beta-lactamase VIM-2,single protein format
CHEMBL1730,CO/N=C(\C(=O)N[C@@H]1C(=O)N2C(C(=O)O)=C(COC(C)=O)CS[C@H]12)c1csc(N)n1,=,0.86,/s/microM,Kcat/Km,,Metallo-beta-lactamase VIM-2,single protein format
CHEMBL1436,CO/N=C(\C(=O)N[C@@H]1C(=O)N2C(C(=O)O)=C(COC(N)=O)CS[C@H]12)c1ccco1,=,0.55,/s/microM,Kcat/Km,,Metallo-beta-lactamase VIM-2,single protein format
CHEMBL44354,CC(C)(O/N=C(\C(=O)N[C@@H]1C(=O)N2C(C(=O)[O-])=C(C[n+]3ccccc3)CS[C@H]12)c1csc(N)n1)C(=O)O,=,0.9,/s/microM,Kcat/Km,,Metallo-beta-lactamase VIM-2,single protein format
CHEMBL158,C[C@H]1[C@H](NC(=O)/C(=N\OC(C)(C)C(=O)O)c2csc(N)n2)C(=O)N1S(=O)(=O)O,,,,Kcat/Km,,Metallo-beta-lactamase VIM-2,single protein format
CHEMBL186,CO/N=C(\C(=O)N[C@@H]1C(=O)N2C(C(=O)[O-])=C(C[N+]3(C)CCCC3)CS[C@H]12)c1csc(N)n1,=,0.03,/s/microM,Kcat/Km,,Metallo-beta-lactamase VIM-2,single protein format
CHEMBL148,C[C@@H](O)[C@H]1C(=O)N2C(C(=O)O)=C(SCCNC=N)C[C@H]12,=,0.99,/s/microM,Kcat/Km,,Metallo-beta-lactamase VIM-2,single protein format
CHEMBL127,C[C@@H](O)[C@H]1C(=O)N2C(C(=O)O)=C(S[C@@H]3CN[C@H](C(=O)N(C)C)C3)[C@H](C)[C@H]12,=,0.28,/s/microM,Kcat/Km,,Metallo-beta-lactamase VIM-2,single protein format
CHEMBL702,CCN1CCN(C(=O)N[C@@H](C(=O)N[C@@H]2C(=O)N3[C@@H](C(=O)O)C(C)(C)S[C@H]23)c2ccccc2)C(=O)C1=O,=,33.0,/s,Kcat,,Metallo-beta-lactamase VIM-2,single protein format
CHEMBL617,CC(=O)OCC1=C(C(=O)O)N2C(=O)[C@@H](NC(=O)Cc3cccs3)[C@H]2SC1,=,57.0,/s,Kcat,,Metallo-beta-lactamase VIM-2,single protein format
CHEMBL996,CO[C@@]1(NC(=O)Cc2cccs2)C(=O)N2C(C(=O)O)=C(COC(N)=O)CS[C@@H]21,=,3.0,/s,Kcat,,Metallo-beta-lactamase VIM-2,single protein format
CHEMBL1730,CO/N=C(\C(=O)N[C@@H]1C(=O)N2C(C(=O)O)=C(COC(C)=O)CS[C@H]12)c1csc(N)n1,=,28.0,/s,Kcat,,Metallo-beta-lactamase VIM-2,single protein format
CHEMBL1436,CO/N=C(\C(=O)N[C@@H]1C(=O)N2C(C(=O)O)=C(COC(N)=O)CS[C@H]12)c1ccco1,=,12.0,/s,Kcat,,Metallo-beta-lactamase VIM-2,single protein format
CHEMBL44354,CC(C)(O/N=C(\C(=O)N[C@@H]1C(=O)N2C(C(=O)[O-])=C(C[n+]3ccccc3)CS[C@H]12)c1csc(N)n1)C(=O)O,=,89.0,/s,Kcat,,Metallo-beta-lactamase VIM-2,single protein format
CHEMBL158,C[C@H]1[C@H](NC(=O)/C(=N\OC(C)(C)C(=O)O)c2csc(N)n2)C(=O)N1S(=O)(=O)O,<,0.5,/s,Kcat,,Metallo-beta-lactamase VIM-2,single protein format
CHEMBL186,CO/N=C(\C(=O)N[C@@H]1C(=O)N2C(C(=O)[O-])=C(C[N+]3(C)CCCC3)CS[C@H]12)c1csc(N)n1,=,5.0,/s,Kcat,,Metallo-beta-lactamase VIM-2,single protein format
CHEMBL148,C[C@@H](O)[C@H]1C(=O)N2C(C(=O)O)=C(SCCNC=N)C[C@H]12,=,10.0,/s,Kcat,,Metallo-beta-lactamase VIM-2,single protein format
CHEMBL127,C[C@@H](O)[C@H]1C(=O)N2C(C(=O)O)=C(S[C@@H]3CN[C@H](C(=O)N(C)C)C3)[C@H](C)[C@H]12,=,1.0,/s,Kcat,,Metallo-beta-lactamase VIM-2,single protein format
CHEMBL29,CC1(C)S[C@@H]2[C@H](NC(=O)Cc3ccccc3)C(=O)N2[C@H]1C(=O)O,=,49000.0,nM,Km,,Metallo-beta-lactamase VIM-2,single protein format
CHEMBL29,CC1(C)S[C@@H]2[C@H](NC(=O)Cc3ccccc3)C(=O)N2[C@H]1C(=O)O,=,56.0,/s,Kcat,,Metallo-beta-lactamase VIM-2,single protein format
CHEMBL29,CC1(C)S[C@@H]2[C@H](NC(=O)Cc3ccccc3)C(=O)N2[C@H]1C(=O)O,=,1.14,/s/microM,Kcat/Km,,Metallo-beta-lactamase VIM-2,single protein format
CHEMBL777,O=C(O)[C@H]1/C(=C/CO)O[C@@H]2CC(=O)N21,,,,Km,,Metallo-beta-lactamase VIM-2,single protein format
