molecule_chembl_id,canonical_smiles,standard_relation,standard_value,standard_units,standard_type,pchembl_value,target_pref_name,bao_label
CHEMBL702,CCN1CCN(C(=O)N[C@@H](C(=O)N[C@@H]2C(=O)N3[C@@H](C(=O)O)C(C)(C)S[C@H]23)c2ccccc2)C(=O)C1=O,=,1190.0,/mM/s,Kcat/Km,,Carbapenem-hydrolizing beta-lactamase SFC-1,assay format
CHEMBL702,CCN1CCN(C(=O)N[C@@H](C(=O)N[C@@H]2C(=O)N3[C@@H](C(=O)O)C(C)(C)S[C@H]23)c2ccccc2)C(=O)C1=O,=,38000.0,nM,Km,,Carbapenem-hydrolizing beta-lactamase SFC-1,assay format
CHEMBL702,CCN1CCN(C(=O)N[C@@H](C(=O)N[C@@H]2C(=O)N3[C@@H](C(=O)O)C(C)(C)S[C@H]23)c2ccccc2)C(=O)C1=O,=,44.7,/s,Kcat,,Carbapenem-hydrolizing beta-lactamase SFC-1,assay format
CHEMBL617,CC(=O)OCC1=C(C(=O)O)N2C(=O)[C@@H](NC(=O)Cc3cccs3)[C@H]2SC1,=,280.0,/s,Kcat,,Carbapenem-hydrolizing beta-lactamase SFC-1,assay format
CHEMBL617,CC(=O)OCC1=C(C(=O)O)N2C(=O)[C@@H](NC(=O)Cc3cccs3)[C@H]2SC1,=,129000.0,nM,Km,,Carbapenem-hydrolizing beta-lactamase SFC-1,assay format
CHEMBL617,CC(=O)OCC1=C(C(=O)O)N2C(=O)[C@@H](NC(=O)Cc3cccs3)[C@H]2SC1,=,2171.0,/mM/s,Kcat/Km,,Carbapenem-hydrolizing beta-lactamase SFC-1,assay format
CHEMBL1730,CO/N=C(\C(=O)N[C@@H]1C(=O)N2C(C(=O)O)=C(COC(C)=O)CS[C@H]12)c1csc(N)n1,=,8.3,/s,Kcat,,Carbapenem-hydrolizing beta-lactamase SFC-1,assay format
CHEMBL1730,CO/N=C(\C(=O)N[C@@H]1C(=O)N2C(C(=O)O)=C(COC(C)=O)CS[C@H]12)c1csc(N)n1,=,89000.0,nM,Km,,Carbapenem-hydrolizing beta-lactamase SFC-1,assay format
CHEMBL1730,CO/N=C(\C(=O)N[C@@H]1C(=O)N2C(C(=O)O)=C(COC(C)=O)CS[C@H]12)c1csc(N)n1,=,93.3,/mM/s,Kcat/Km,,Carbapenem-hydrolizing beta-lactamase SFC-1,assay format
CHEMBL44354,CC(C)(O/N=C(\C(=O)N[C@@H]1C(=O)N2C(C(=O)[O-])=C(C[n+]3ccccc3)CS[C@H]12)c1csc(N)n1)C(=O)O,=,2.1,/s,Kcat,,Carbapenem-hydrolizing beta-lactamase SFC-1,assay format
CHEMBL44354,CC(C)(O/N=C(\C(=O)N[C@@H]1C(=O)N2C(C(=O)[O-])=C(C[n+]3ccccc3)CS[C@H]12)c1csc(N)n1)C(=O)O,=,52000.0,nM,Km,,Carbapenem-hydrolizing beta-lactamase SFC-1,assay format
CHEMBL44354,CC(C)(O/N=C(\C(=O)N[C@@H]1C(=O)N2C(C(=O)[O-])=C(C[n+]3ccccc3)CS[C@H]12)c1csc(N)n1)C(=O)O,=,40.4,/mM/s,Kcat/Km,,Carbapenem-hydrolizing beta-lactamase SFC-1,assay format
CHEMBL996,CO[C@@]1(NC(=O)Cc2cccs2)C(=O)N2C(C(=O)O)=C(COC(N)=O)CS[C@@H]21,=,4.2,/s,Kcat,,Carbapenem-hydrolizing beta-lactamase SFC-1,assay format
CHEMBL996,CO[C@@]1(NC(=O)Cc2cccs2)C(=O)N2C(C(=O)O)=C(COC(N)=O)CS[C@@H]21,=,77000.0,nM,Km,,Carbapenem-hydrolizing beta-lactamase SFC-1,assay format
CHEMBL996,CO[C@@]1(NC(=O)Cc2cccs2)C(=O)N2C(C(=O)O)=C(COC(N)=O)CS[C@@H]21,=,54.5,/mM/s,Kcat/Km,,Carbapenem-hydrolizing beta-lactamase SFC-1,assay format
CHEMBL158,C[C@H]1[C@H](NC(=O)/C(=N\OC(C)(C)C(=O)O)c2csc(N)n2)C(=O)N1S(=O)(=O)O,=,162.0,/s,Kcat,,Carbapenem-hydrolizing beta-lactamase SFC-1,assay format
CHEMBL158,C[C@H]1[C@H](NC(=O)/C(=N\OC(C)(C)C(=O)O)c2csc(N)n2)C(=O)N1S(=O)(=O)O,=,484000.0,nM,Km,,Carbapenem-hydrolizing beta-lactamase SFC-1,assay format
CHEMBL158,C[C@H]1[C@H](NC(=O)/C(=N\OC(C)(C)C(=O)O)c2csc(N)n2)C(=O)N1S(=O)(=O)O,=,334.7,/mM/s,Kcat/Km,,Carbapenem-hydrolizing beta-lactamase SFC-1,assay format
CHEMBL148,C[C@@H](O)[C@H]1C(=O)N2C(C(=O)O)=C(SCCNC=N)C[C@H]12,=,54.0,/s,Kcat,,Carbapenem-hydrolizing beta-lactamase SFC-1,assay format
CHEMBL148,C[C@@H](O)[C@H]1C(=O)N2C(C(=O)O)=C(SCCNC=N)C[C@H]12,=,82000.0,nM,Km,,Carbapenem-hydrolizing beta-lactamase SFC-1,assay format
CHEMBL148,C[C@@H](O)[C@H]1C(=O)N2C(C(=O)O)=C(SCCNC=N)C[C@H]12,=,659.0,/mM/s,Kcat/Km,,Carbapenem-hydrolizing beta-lactamase SFC-1,assay format
CHEMBL127,C[C@@H](O)[C@H]1C(=O)N2C(C(=O)O)=C(S[C@@H]3CN[C@H](C(=O)N(C)C)C3)[C@H](C)[C@H]12,=,6.5,/s,Kcat,,Carbapenem-hydrolizing beta-lactamase SFC-1,assay format
CHEMBL127,C[C@@H](O)[C@H]1C(=O)N2C(C(=O)O)=C(S[C@@H]3CN[C@H](C(=O)N(C)C)C3)[C@H](C)[C@H]12,=,26000.0,nM,Km,,Carbapenem-hydrolizing beta-lactamase SFC-1,assay format
CHEMBL127,C[C@@H](O)[C@H]1C(=O)N2C(C(=O)O)=C(S[C@@H]3CN[C@H](C(=O)N(C)C)C3)[C@H](C)[C@H]12,=,250.0,/mM/s,Kcat/Km,,Carbapenem-hydrolizing beta-lactamase SFC-1,assay format
CHEMBL777,O=C(O)[C@H]1/C(=C/CO)O[C@@H]2CC(=O)N21,=,72800.0,nM,IC50,4.14,Carbapenem-hydrolizing beta-lactamase SFC-1,assay format
CHEMBL404,C[C@]1(Cn2ccnn2)[C@H](C(=O)O)N2C(=O)C[C@H]2S1(=O)=O,=,6900.0,nM,IC50,5.16,Carbapenem-hydrolizing beta-lactamase SFC-1,assay format
CHEMBL403,CC1(C)[C@H](C(=O)O)N2C(=O)C[C@H]2S1(=O)=O,=,22700.0,nM,IC50,4.64,Carbapenem-hydrolizing beta-lactamase SFC-1,assay format
CHEMBL858,O=C(O)CN(CCN(CC(=O)O)CC(=O)O)CC(=O)O,,,,Activity,,Carbapenem-hydrolizing beta-lactamase SFC-1,assay format
CHEMBL174,CC1(C)S[C@@H]2[C@H](NC(=O)[C@H](N)c3ccccc3)C(=O)N2[C@H]1C(=O)O,=,155.0,/s,Kcat,,Carbapenem-hydrolizing beta-lactamase SFC-1,assay format
CHEMBL174,CC1(C)S[C@@H]2[C@H](NC(=O)[C@H](N)c3ccccc3)C(=O)N2[C@H]1C(=O)O,=,881.0,/mM/s,Kcat/Km,,Carbapenem-hydrolizing beta-lactamase SFC-1,assay format
CHEMBL174,CC1(C)S[C@@H]2[C@H](NC(=O)[C@H](N)c3ccccc3)C(=O)N2[C@H]1C(=O)O,=,176000.0,nM,Km,,Carbapenem-hydrolizing beta-lactamase SFC-1,assay format
