molecule_chembl_id,canonical_smiles,standard_relation,standard_value,standard_units,standard_type,pchembl_value,target_pref_name,bao_label
CHEMBL1089781,O=S(=O)(NCB(O)O)c1cc2c(Cl)ccc(Cl)c2s1,=,5600.0,nM,IC50,5.25,Beta-lactamase,single protein format
CHEMBL1795563,CO/N=C(\C(=O)NCP(=O)(O)Oc1ccc(C#N)c(F)c1)c1cnc(N)s1,>,50000.0,nM,IC50,,Beta-lactamase,single protein format
CHEMBL1795564,CO/N=C(\C(=O)NCP(=O)(O)Oc1ccc(C#N)c(F)c1)c1cnc(NC(=O)C(Cl)(Cl)Cl)s1,>,12500.0,nM,IC50,,Beta-lactamase,single protein format
CHEMBL1795564,CO/N=C(\C(=O)NCP(=O)(O)Oc1ccc(C#N)c(F)c1)c1cnc(NC(=O)C(Cl)(Cl)Cl)s1,>,12500.0,nM,IC50,,Beta-lactamase,single protein format
CHEMBL1795565,CON=C(C(=O)NCP(=O)(O)Oc1ccc(C#N)c(F)c1)c1cccs1,>,50000.0,nM,IC50,,Beta-lactamase,single protein format
CHEMBL1795566,CO/N=C(\C(=O)NCP(=O)(O)Oc1ccc(C#N)c(F)c1)c1cccs1,=,26000.0,nM,IC50,4.58,Beta-lactamase,single protein format
CHEMBL1795567,CO/N=C(/C(=O)NCP(=O)(O)Oc1ccc(C#N)c(F)c1)c1cccs1,=,17000.0,nM,IC50,4.77,Beta-lactamase,single protein format
CHEMBL1795568,N#Cc1ccc(OP(=O)(O)CNC(=O)C(=NO)c2cccs2)cc1F,=,21000.0,nM,IC50,4.68,Beta-lactamase,single protein format
CHEMBL1795569,CO/N=C(\C(=O)NCP(=O)(O)O)c1cccs1,>,50000.0,nM,IC50,,Beta-lactamase,single protein format
CHEMBL1795570,CO/N=C(/C(=O)NCP(=O)(O)O)c1cccs1,>,50000.0,nM,IC50,,Beta-lactamase,single protein format
CHEMBL1795571,N#Cc1ccc(OP(=O)([O-])CNC(=O)/C(=N\OCCC[n+]2ccccc2)c2cccs2)cc1F,=,27000.0,nM,IC50,4.57,Beta-lactamase,single protein format
CHEMBL1795571,N#Cc1ccc(OP(=O)([O-])CNC(=O)/C(=N\OCCC[n+]2ccccc2)c2cccs2)cc1F,>,50000.0,nM,IC50,,Beta-lactamase,single protein format
CHEMBL1795572,CO/N=C(/C(=O)NCP(=O)(O)Oc1ccc(C#N)c(F)c1)c1ccc(Cl)s1,=,31000.0,nM,IC50,4.51,Beta-lactamase,single protein format
CHEMBL3112755,O=C(OC1CCNCC1)[C@@H]1CC[C@@H]2CN1C(=O)N2OS(=O)(=O)O,=,13000.0,nM,IC50,4.89,Beta-lactamase,single protein format
CHEMBL3112754,CN(C(=O)[C@@H]1CC[C@@H]2CN1C(=O)N2OS(=O)(=O)O)C1CCNCC1,>,50000.0,nM,IC50,,Beta-lactamase,single protein format
CHEMBL3112753,O=C(NCC1CCNCC1)[C@@H]1CC[C@@H]2CN1C(=O)N2OS(=O)(=O)O,>,50000.0,nM,IC50,,Beta-lactamase,single protein format
CHEMBL3112752,N[C@@H](Cc1ccc(NC(=O)[C@@H]2CC[C@@H]3CN2C(=O)N3OS(=O)(=O)O)cc1)C(=O)O,=,28000.0,nM,IC50,4.55,Beta-lactamase,single protein format
CHEMBL3112751,O=C(O)c1ccc(NC(=O)[C@@H]2CC[C@@H]3CN2C(=O)N3OS(=O)(=O)O)cc1,=,4800.0,nM,IC50,5.32,Beta-lactamase,single protein format
CHEMBL3112750,C[n+]1ccc(NC(=O)[C@@H]2CC[C@@H]3CN2C(=O)N3OS(=O)(=O)[O-])cc1,>,50000.0,nM,IC50,,Beta-lactamase,single protein format
CHEMBL3112749,NCc1ccc(NC(=O)[C@@H]2CC[C@@H]3CN2C(=O)N3OS(=O)(=O)O)nc1,=,4400.0,nM,IC50,5.36,Beta-lactamase,single protein format
CHEMBL3112591,Nc1cccc(NC(=O)[C@@H]2CC[C@@H]3CN2C(=O)N3OS(=O)(=O)O)n1,=,360.0,nM,IC50,6.44,Beta-lactamase,single protein format
CHEMBL3112748,O=C(Nc1ccccn1)[C@@H]1CC[C@@H]2CN1C(=O)N2OS(=O)(=O)O,=,530.0,nM,IC50,6.28,Beta-lactamase,single protein format
CHEMBL3112747,O=C(Nc1cccnc1)[C@@H]1CC[C@@H]2CN1C(=O)N2OS(=O)(=O)O,=,20000.0,nM,IC50,4.70,Beta-lactamase,single protein format
CHEMBL3112746,O=C(Nc1ccncc1)[C@@H]1CC[C@@H]2CN1C(=O)N2OS(=O)(=O)O,=,20000.0,nM,IC50,4.70,Beta-lactamase,single protein format
CHEMBL3112745,O=C(NC1CCS(=O)(=O)CC1)[C@@H]1CC[C@@H]2CN1C(=O)N2OS(=O)(=O)O,>,50000.0,nM,IC50,,Beta-lactamase,single protein format
CHEMBL3112744,CN1CCC(NC(=O)[C@@H]2CC[C@@H]3CN2C(=O)N3OS(=O)(=O)O)CC1,>,50000.0,nM,IC50,,Beta-lactamase,single protein format
CHEMBL3112743,O=C(N[C@@H]1CCNC1)[C@@H]1CC[C@@H]2CN1C(=O)N2OS(=O)(=O)O,>,50000.0,nM,IC50,,Beta-lactamase,single protein format
CHEMBL3112742,O=C(N[C@H]1CCNC1)[C@@H]1CC[C@@H]2CN1C(=O)N2OS(=O)(=O)O,>,50000.0,nM,IC50,,Beta-lactamase,single protein format
CHEMBL3112741,O=C(NC1CCNCC1)[C@@H]1CC[C@@H]2CN1C(=O)N2OS(=O)(=O)O,>,50000.0,nM,IC50,,Beta-lactamase,single protein format
CHEMBL3112757,O=C(N[C@@H]1CCCNCC1)[C@@H]1CC[C@@H]2CN1C(=O)N2OS(=O)(=O)O,>,50000.0,nM,IC50,,Beta-lactamase,single protein format
CHEMBL3112756,O=C(N[C@H]1CCCNCC1)[C@@H]1CC[C@@H]2CN1C(=O)N2OS(=O)(=O)O,>,50000.0,nM,IC50,,Beta-lactamase,single protein format
CHEMBL3895524,NC(=O)[C@H]1CC[C@H]2CN1C(=O)N2OS(=O)(=O)[O-].[Na+],<,0.06,ug.mL-1,MIC,,Beta-lactamase,single protein format
CHEMBL3895524,NC(=O)[C@H]1CC[C@H]2CN1C(=O)N2OS(=O)(=O)[O-].[Na+],=,16.0,ug.mL-1,MIC,,Beta-lactamase,single protein format
CHEMBL3895524,NC(=O)[C@H]1CC[C@H]2CN1C(=O)N2OS(=O)(=O)[O-].[Na+],=,16.0,ug.mL-1,MIC,,Beta-lactamase,single protein format
CHEMBL3895524,NC(=O)[C@H]1CC[C@H]2CN1C(=O)N2OS(=O)(=O)[O-].[Na+],=,16.0,ug.mL-1,MIC,,Beta-lactamase,single protein format
CHEMBL3895524,NC(=O)[C@H]1CC[C@H]2CN1C(=O)N2OS(=O)(=O)[O-].[Na+],=,16.0,ug.mL-1,MIC,,Beta-lactamase,single protein format
CHEMBL3895524,NC(=O)[C@H]1CC[C@H]2CN1C(=O)N2OS(=O)(=O)[O-].[Na+],=,16.0,ug.mL-1,MIC,,Beta-lactamase,single protein format
CHEMBL3895524,NC(=O)[C@H]1CC[C@H]2CN1C(=O)N2OS(=O)(=O)[O-].[Na+],=,16.0,ug.mL-1,MIC,,Beta-lactamase,single protein format
CHEMBL3895524,NC(=O)[C@H]1CC[C@H]2CN1C(=O)N2OS(=O)(=O)[O-].[Na+],=,16.0,ug.mL-1,MIC,,Beta-lactamase,single protein format
CHEMBL3895524,NC(=O)[C@H]1CC[C@H]2CN1C(=O)N2OS(=O)(=O)[O-].[Na+],=,32.0,ug.mL-1,MIC,,Beta-lactamase,single protein format
CHEMBL3895524,NC(=O)[C@H]1CC[C@H]2CN1C(=O)N2OS(=O)(=O)[O-].[Na+],=,32.0,ug.mL-1,MIC,,Beta-lactamase,single protein format
CHEMBL3895524,NC(=O)[C@H]1CC[C@H]2CN1C(=O)N2OS(=O)(=O)[O-].[Na+],=,16.0,ug.mL-1,MIC,,Beta-lactamase,single protein format
CHEMBL3895524,NC(=O)[C@H]1CC[C@H]2CN1C(=O)N2OS(=O)(=O)[O-].[Na+],<,0.06,ug.mL-1,MIC,,Beta-lactamase,single protein format
CHEMBL3895524,NC(=O)[C@H]1CC[C@H]2CN1C(=O)N2OS(=O)(=O)[O-].[Na+],<,0.06,ug.mL-1,MIC,,Beta-lactamase,single protein format
CHEMBL3895524,NC(=O)[C@H]1CC[C@H]2CN1C(=O)N2OS(=O)(=O)[O-].[Na+],<,0.06,ug.mL-1,MIC,,Beta-lactamase,single protein format
CHEMBL3895524,NC(=O)[C@H]1CC[C@H]2CN1C(=O)N2OS(=O)(=O)[O-].[Na+],<,0.06,ug.mL-1,MIC,,Beta-lactamase,single protein format
CHEMBL3895524,NC(=O)[C@H]1CC[C@H]2CN1C(=O)N2OS(=O)(=O)[O-].[Na+],<,0.06,ug.mL-1,MIC,,Beta-lactamase,single protein format
CHEMBL3895524,NC(=O)[C@H]1CC[C@H]2CN1C(=O)N2OS(=O)(=O)[O-].[Na+],<,0.06,ug.mL-1,MIC,,Beta-lactamase,single protein format
CHEMBL3895524,NC(=O)[C@H]1CC[C@H]2CN1C(=O)N2OS(=O)(=O)[O-].[Na+],<,0.06,ug.mL-1,MIC,,Beta-lactamase,single protein format
CHEMBL3895524,NC(=O)[C@H]1CC[C@H]2CN1C(=O)N2OS(=O)(=O)[O-].[Na+],<,0.06,ug.mL-1,MIC,,Beta-lactamase,single protein format
CHEMBL3895524,NC(=O)[C@H]1CC[C@H]2CN1C(=O)N2OS(=O)(=O)[O-].[Na+],<,0.06,ug.mL-1,MIC,,Beta-lactamase,single protein format
CHEMBL3895524,NC(=O)[C@H]1CC[C@H]2CN1C(=O)N2OS(=O)(=O)[O-].[Na+],<,0.06,ug.mL-1,MIC,,Beta-lactamase,single protein format
CHEMBL3895524,NC(=O)[C@H]1CC[C@H]2CN1C(=O)N2OS(=O)(=O)[O-].[Na+],<,0.06,ug.mL-1,MIC,,Beta-lactamase,single protein format
CHEMBL3895524,NC(=O)[C@H]1CC[C@H]2CN1C(=O)N2OS(=O)(=O)[O-].[Na+],=,16.0,ug.mL-1,MIC,,Beta-lactamase,single protein format
CHEMBL3895524,NC(=O)[C@H]1CC[C@H]2CN1C(=O)N2OS(=O)(=O)[O-].[Na+],=,4.0,ug.mL-1,MIC,,Beta-lactamase,single protein format
CHEMBL3895524,NC(=O)[C@H]1CC[C@H]2CN1C(=O)N2OS(=O)(=O)[O-].[Na+],=,1.0,ug.mL-1,MIC,,Beta-lactamase,single protein format
CHEMBL3895524,NC(=O)[C@H]1CC[C@H]2CN1C(=O)N2OS(=O)(=O)[O-].[Na+],=,0.5,ug.mL-1,MIC,,Beta-lactamase,single protein format
CHEMBL3895524,NC(=O)[C@H]1CC[C@H]2CN1C(=O)N2OS(=O)(=O)[O-].[Na+],=,16.0,ug.mL-1,MIC,,Beta-lactamase,single protein format
CHEMBL3895524,NC(=O)[C@H]1CC[C@H]2CN1C(=O)N2OS(=O)(=O)[O-].[Na+],=,4.0,ug.mL-1,MIC,,Beta-lactamase,single protein format
CHEMBL3895524,NC(=O)[C@H]1CC[C@H]2CN1C(=O)N2OS(=O)(=O)[O-].[Na+],=,1.0,ug.mL-1,MIC,,Beta-lactamase,single protein format
CHEMBL3895524,NC(=O)[C@H]1CC[C@H]2CN1C(=O)N2OS(=O)(=O)[O-].[Na+],=,0.5,ug.mL-1,MIC,,Beta-lactamase,single protein format
CHEMBL3895524,NC(=O)[C@H]1CC[C@H]2CN1C(=O)N2OS(=O)(=O)[O-].[Na+],=,16.0,ug.mL-1,MIC,,Beta-lactamase,single protein format
CHEMBL3895524,NC(=O)[C@H]1CC[C@H]2CN1C(=O)N2OS(=O)(=O)[O-].[Na+],=,8.0,ug.mL-1,MIC,,Beta-lactamase,single protein format
CHEMBL3895524,NC(=O)[C@H]1CC[C@H]2CN1C(=O)N2OS(=O)(=O)[O-].[Na+],=,0.5,ug.mL-1,MIC,,Beta-lactamase,single protein format
CHEMBL3895524,NC(=O)[C@H]1CC[C@H]2CN1C(=O)N2OS(=O)(=O)[O-].[Na+],=,0.5,ug.mL-1,MIC,,Beta-lactamase,single protein format
CHEMBL3895524,NC(=O)[C@H]1CC[C@H]2CN1C(=O)N2OS(=O)(=O)[O-].[Na+],=,16.0,ug.mL-1,MIC,,Beta-lactamase,single protein format
CHEMBL3895524,NC(=O)[C@H]1CC[C@H]2CN1C(=O)N2OS(=O)(=O)[O-].[Na+],=,8.0,ug.mL-1,MIC,,Beta-lactamase,single protein format
CHEMBL3895524,NC(=O)[C@H]1CC[C@H]2CN1C(=O)N2OS(=O)(=O)[O-].[Na+],<,0.03,ug.mL-1,MIC,,Beta-lactamase,single protein format
CHEMBL3895524,NC(=O)[C@H]1CC[C@H]2CN1C(=O)N2OS(=O)(=O)[O-].[Na+],<,0.03,ug.mL-1,MIC,,Beta-lactamase,single protein format
CHEMBL3895524,NC(=O)[C@H]1CC[C@H]2CN1C(=O)N2OS(=O)(=O)[O-].[Na+],=,16.0,ug.mL-1,MIC,,Beta-lactamase,single protein format
CHEMBL3895524,NC(=O)[C@H]1CC[C@H]2CN1C(=O)N2OS(=O)(=O)[O-].[Na+],=,8.0,ug.mL-1,MIC,,Beta-lactamase,single protein format
CHEMBL3895524,NC(=O)[C@H]1CC[C@H]2CN1C(=O)N2OS(=O)(=O)[O-].[Na+],=,0.12,ug.mL-1,MIC,,Beta-lactamase,single protein format
CHEMBL3895524,NC(=O)[C@H]1CC[C@H]2CN1C(=O)N2OS(=O)(=O)[O-].[Na+],=,0.5,ug.mL-1,MIC,,Beta-lactamase,single protein format
CHEMBL3895524,NC(=O)[C@H]1CC[C@H]2CN1C(=O)N2OS(=O)(=O)[O-].[Na+],>,32.0,ug.mL-1,MIC,,Beta-lactamase,single protein format
CHEMBL3895524,NC(=O)[C@H]1CC[C@H]2CN1C(=O)N2OS(=O)(=O)[O-].[Na+],=,16.0,ug.mL-1,MIC,,Beta-lactamase,single protein format
CHEMBL3895524,NC(=O)[C@H]1CC[C@H]2CN1C(=O)N2OS(=O)(=O)[O-].[Na+],=,16.0,ug.mL-1,MIC,,Beta-lactamase,single protein format
CHEMBL3895524,NC(=O)[C@H]1CC[C@H]2CN1C(=O)N2OS(=O)(=O)[O-].[Na+],=,32.0,ug.mL-1,MIC,,Beta-lactamase,single protein format
CHEMBL3895524,NC(=O)[C@H]1CC[C@H]2CN1C(=O)N2OS(=O)(=O)[O-].[Na+],=,32.0,ug.mL-1,MIC,,Beta-lactamase,single protein format
CHEMBL3895524,NC(=O)[C@H]1CC[C@H]2CN1C(=O)N2OS(=O)(=O)[O-].[Na+],=,16.0,ug.mL-1,MIC,,Beta-lactamase,single protein format
CHEMBL3895524,NC(=O)[C@H]1CC[C@H]2CN1C(=O)N2OS(=O)(=O)[O-].[Na+],=,16.0,ug.mL-1,MIC,,Beta-lactamase,single protein format
CHEMBL3895524,NC(=O)[C@H]1CC[C@H]2CN1C(=O)N2OS(=O)(=O)[O-].[Na+],=,16.0,ug.mL-1,MIC,,Beta-lactamase,single protein format
CHEMBL3895524,NC(=O)[C@H]1CC[C@H]2CN1C(=O)N2OS(=O)(=O)[O-].[Na+],<,0.06,ug.mL-1,MIC,,Beta-lactamase,single protein format
CHEMBL3895524,NC(=O)[C@H]1CC[C@H]2CN1C(=O)N2OS(=O)(=O)[O-].[Na+],<,0.06,ug.mL-1,MIC,,Beta-lactamase,single protein format
CHEMBL3895524,NC(=O)[C@H]1CC[C@H]2CN1C(=O)N2OS(=O)(=O)[O-].[Na+],<,0.06,ug.mL-1,MIC,,Beta-lactamase,single protein format
CHEMBL3895524,NC(=O)[C@H]1CC[C@H]2CN1C(=O)N2OS(=O)(=O)[O-].[Na+],<,0.06,ug.mL-1,MIC,,Beta-lactamase,single protein format
CHEMBL3895524,NC(=O)[C@H]1CC[C@H]2CN1C(=O)N2OS(=O)(=O)[O-].[Na+],<,0.06,ug.mL-1,MIC,,Beta-lactamase,single protein format
CHEMBL3895524,NC(=O)[C@H]1CC[C@H]2CN1C(=O)N2OS(=O)(=O)[O-].[Na+],<,0.06,ug.mL-1,MIC,,Beta-lactamase,single protein format
CHEMBL3895524,NC(=O)[C@H]1CC[C@H]2CN1C(=O)N2OS(=O)(=O)[O-].[Na+],<,0.06,ug.mL-1,MIC,,Beta-lactamase,single protein format
CHEMBL3895524,NC(=O)[C@H]1CC[C@H]2CN1C(=O)N2OS(=O)(=O)[O-].[Na+],<,0.06,ug.mL-1,MIC,,Beta-lactamase,single protein format
CHEMBL3895524,NC(=O)[C@H]1CC[C@H]2CN1C(=O)N2OS(=O)(=O)[O-].[Na+],<,0.06,ug.mL-1,MIC,,Beta-lactamase,single protein format
CHEMBL3895524,NC(=O)[C@H]1CC[C@H]2CN1C(=O)N2OS(=O)(=O)[O-].[Na+],<,0.06,ug.mL-1,MIC,,Beta-lactamase,single protein format
CHEMBL3895524,NC(=O)[C@H]1CC[C@H]2CN1C(=O)N2OS(=O)(=O)[O-].[Na+],<,0.06,ug.mL-1,MIC,,Beta-lactamase,single protein format
CHEMBL3895524,NC(=O)[C@H]1CC[C@H]2CN1C(=O)N2OS(=O)(=O)[O-].[Na+],<,0.06,ug.mL-1,MIC,,Beta-lactamase,single protein format
CHEMBL3895524,NC(=O)[C@H]1CC[C@H]2CN1C(=O)N2OS(=O)(=O)[O-].[Na+],=,16.0,ug.mL-1,MIC,,Beta-lactamase,single protein format
CHEMBL3895524,NC(=O)[C@H]1CC[C@H]2CN1C(=O)N2OS(=O)(=O)[O-].[Na+],=,4.0,ug.mL-1,MIC,,Beta-lactamase,single protein format
CHEMBL3895524,NC(=O)[C@H]1CC[C@H]2CN1C(=O)N2OS(=O)(=O)[O-].[Na+],=,1.0,ug.mL-1,MIC,,Beta-lactamase,single protein format
CHEMBL3895524,NC(=O)[C@H]1CC[C@H]2CN1C(=O)N2OS(=O)(=O)[O-].[Na+],=,0.5,ug.mL-1,MIC,,Beta-lactamase,single protein format
CHEMBL3895524,NC(=O)[C@H]1CC[C@H]2CN1C(=O)N2OS(=O)(=O)[O-].[Na+],=,16.0,ug.mL-1,MIC,,Beta-lactamase,single protein format
CHEMBL3895524,NC(=O)[C@H]1CC[C@H]2CN1C(=O)N2OS(=O)(=O)[O-].[Na+],=,4.0,ug.mL-1,MIC,,Beta-lactamase,single protein format
CHEMBL3895524,NC(=O)[C@H]1CC[C@H]2CN1C(=O)N2OS(=O)(=O)[O-].[Na+],=,1.0,ug.mL-1,MIC,,Beta-lactamase,single protein format
CHEMBL3895524,NC(=O)[C@H]1CC[C@H]2CN1C(=O)N2OS(=O)(=O)[O-].[Na+],=,0.5,ug.mL-1,MIC,,Beta-lactamase,single protein format
CHEMBL3895524,NC(=O)[C@H]1CC[C@H]2CN1C(=O)N2OS(=O)(=O)[O-].[Na+],=,16.0,ug.mL-1,MIC,,Beta-lactamase,single protein format
CHEMBL3895524,NC(=O)[C@H]1CC[C@H]2CN1C(=O)N2OS(=O)(=O)[O-].[Na+],=,8.0,ug.mL-1,MIC,,Beta-lactamase,single protein format
CHEMBL3895524,NC(=O)[C@H]1CC[C@H]2CN1C(=O)N2OS(=O)(=O)[O-].[Na+],=,0.5,ug.mL-1,MIC,,Beta-lactamase,single protein format
CHEMBL3895524,NC(=O)[C@H]1CC[C@H]2CN1C(=O)N2OS(=O)(=O)[O-].[Na+],=,0.5,ug.mL-1,MIC,,Beta-lactamase,single protein format
CHEMBL3895524,NC(=O)[C@H]1CC[C@H]2CN1C(=O)N2OS(=O)(=O)[O-].[Na+],=,16.0,ug.mL-1,MIC,,Beta-lactamase,single protein format
CHEMBL3895524,NC(=O)[C@H]1CC[C@H]2CN1C(=O)N2OS(=O)(=O)[O-].[Na+],=,8.0,ug.mL-1,MIC,,Beta-lactamase,single protein format
CHEMBL3895524,NC(=O)[C@H]1CC[C@H]2CN1C(=O)N2OS(=O)(=O)[O-].[Na+],<,0.03,ug.mL-1,MIC,,Beta-lactamase,single protein format
CHEMBL3895524,NC(=O)[C@H]1CC[C@H]2CN1C(=O)N2OS(=O)(=O)[O-].[Na+],<,0.03,ug.mL-1,MIC,,Beta-lactamase,single protein format
CHEMBL3895524,NC(=O)[C@H]1CC[C@H]2CN1C(=O)N2OS(=O)(=O)[O-].[Na+],=,16.0,ug.mL-1,MIC,,Beta-lactamase,single protein format
CHEMBL3895524,NC(=O)[C@H]1CC[C@H]2CN1C(=O)N2OS(=O)(=O)[O-].[Na+],=,8.0,ug.mL-1,MIC,,Beta-lactamase,single protein format
CHEMBL3895524,NC(=O)[C@H]1CC[C@H]2CN1C(=O)N2OS(=O)(=O)[O-].[Na+],=,0.12,ug.mL-1,MIC,,Beta-lactamase,single protein format
CHEMBL3895524,NC(=O)[C@H]1CC[C@H]2CN1C(=O)N2OS(=O)(=O)[O-].[Na+],=,0.5,ug.mL-1,MIC,,Beta-lactamase,single protein format
CHEMBL403,CC1(C)[C@H](C(=O)O)N2C(=O)C[C@H]2S1(=O)=O,>,32.0,ug.mL-1,MIC,,Beta-lactamase,single protein format
CHEMBL403,CC1(C)[C@H](C(=O)O)N2C(=O)C[C@H]2S1(=O)=O,>,32.0,ug.mL-1,MIC,,Beta-lactamase,single protein format
CHEMBL3895524,NC(=O)[C@H]1CC[C@H]2CN1C(=O)N2OS(=O)(=O)[O-].[Na+],=,2.0,ug.mL-1,MIC,,Beta-lactamase,single protein format
CHEMBL3895524,NC(=O)[C@H]1CC[C@H]2CN1C(=O)N2OS(=O)(=O)[O-].[Na+],=,16.0,ug.mL-1,MIC,,Beta-lactamase,single protein format
CHEMBL3895524,NC(=O)[C@H]1CC[C@H]2CN1C(=O)N2OS(=O)(=O)[O-].[Na+],=,2.0,ug.mL-1,MIC,,Beta-lactamase,single protein format
CHEMBL3895524,NC(=O)[C@H]1CC[C@H]2CN1C(=O)N2OS(=O)(=O)[O-].[Na+],=,16.0,ug.mL-1,MIC,,Beta-lactamase,single protein format
CHEMBL3895524,NC(=O)[C@H]1CC[C@H]2CN1C(=O)N2OS(=O)(=O)[O-].[Na+],=,2.0,ug.mL-1,MIC,,Beta-lactamase,single protein format
CHEMBL3895524,NC(=O)[C@H]1CC[C@H]2CN1C(=O)N2OS(=O)(=O)[O-].[Na+],>,32.0,ug.mL-1,MIC,,Beta-lactamase,single protein format
CHEMBL403,CC1(C)[C@H](C(=O)O)N2C(=O)C[C@H]2S1(=O)=O,=,4.0,ug.mL-1,MIC,,Beta-lactamase,single protein format
CHEMBL403,CC1(C)[C@H](C(=O)O)N2C(=O)C[C@H]2S1(=O)=O,>,32.0,ug.mL-1,MIC,,Beta-lactamase,single protein format
CHEMBL403,CC1(C)[C@H](C(=O)O)N2C(=O)C[C@H]2S1(=O)=O,>,32.0,ug.mL-1,MIC,,Beta-lactamase,single protein format
CHEMBL403,CC1(C)[C@H](C(=O)O)N2C(=O)C[C@H]2S1(=O)=O,=,32.0,ug.mL-1,MIC,,Beta-lactamase,single protein format
CHEMBL403,CC1(C)[C@H](C(=O)O)N2C(=O)C[C@H]2S1(=O)=O,>,32.0,ug.mL-1,MIC,,Beta-lactamase,single protein format
CHEMBL403,CC1(C)[C@H](C(=O)O)N2C(=O)C[C@H]2S1(=O)=O,>,32.0,ug.mL-1,MIC,,Beta-lactamase,single protein format
CHEMBL403,CC1(C)[C@H](C(=O)O)N2C(=O)C[C@H]2S1(=O)=O,>,32.0,ug.mL-1,MIC,,Beta-lactamase,single protein format
CHEMBL403,CC1(C)[C@H](C(=O)O)N2C(=O)C[C@H]2S1(=O)=O,=,32.0,ug.mL-1,MIC,,Beta-lactamase,single protein format
CHEMBL403,CC1(C)[C@H](C(=O)O)N2C(=O)C[C@H]2S1(=O)=O,=,8.0,ug.mL-1,MIC,,Beta-lactamase,single protein format
CHEMBL403,CC1(C)[C@H](C(=O)O)N2C(=O)C[C@H]2S1(=O)=O,>,32.0,ug.mL-1,MIC,,Beta-lactamase,single protein format
CHEMBL403,CC1(C)[C@H](C(=O)O)N2C(=O)C[C@H]2S1(=O)=O,>,32.0,ug.mL-1,MIC,,Beta-lactamase,single protein format
CHEMBL403,CC1(C)[C@H](C(=O)O)N2C(=O)C[C@H]2S1(=O)=O,=,32.0,ug.mL-1,MIC,,Beta-lactamase,single protein format
CHEMBL403,CC1(C)[C@H](C(=O)O)N2C(=O)C[C@H]2S1(=O)=O,>,32.0,ug.mL-1,MIC,,Beta-lactamase,single protein format
CHEMBL403,CC1(C)[C@H](C(=O)O)N2C(=O)C[C@H]2S1(=O)=O,=,32.0,ug.mL-1,MIC,,Beta-lactamase,single protein format
CHEMBL4298137,CC1=C[C@@H]2CN(C(=O)N2OS(=O)(=O)O)[C@@H]1C(N)=O,=,0.19,ug.mL-1,IC50,,Beta-lactamase,single protein format
CHEMBL1257120,C[C@]1(COC(=O)Cc2ccc(O)c(O)c2)[C@H](C(=O)O)N2C(=O)/C(=C/c3ccccn3)[C@H]2S1(=O)=O,=,100.0,%,Inhibition,,Beta-lactamase,single protein format
CHEMBL1257120,C[C@]1(COC(=O)Cc2ccc(O)c(O)c2)[C@H](C(=O)O)N2C(=O)/C(=C/c3ccccn3)[C@H]2S1(=O)=O,=,100.0,%,Inhibition,,Beta-lactamase,single protein format
