molecule_chembl_id,canonical_smiles,standard_relation,standard_value,standard_units,standard_type,pchembl_value,target_pref_name,bao_label
CHEMBL4217629,O=C(NCB(O)O)S(=O)(=O)c1ccnc(-c2nnn[nH]2)c1,=,0.8,nM,Ki,9.10,Beta-lactamase,single protein format
CHEMBL4209255,O=C(NCB(O)O)S(=O)(=O)c1cc(-c2nnn[nH]2)cc(C(F)(F)F)c1,=,0.05,nM,Ki,10.30,Beta-lactamase,single protein format
CHEMBL4206040,O=C(NCB(O)O)S(=O)(=O)c1cc(Cl)cc(-c2nnn[nH]2)c1,=,0.2,nM,Ki,9.70,Beta-lactamase,single protein format
CHEMBL4204887,O=C(O)c1cccc(CS(=O)(=O)C(=O)NCB(O)O)c1,=,1.3,nM,Ki,8.89,Beta-lactamase,single protein format
