molecule_chembl_id,canonical_smiles,standard_relation,standard_value,standard_units,standard_type,pchembl_value,target_pref_name,bao_label
CHEMBL3961220,S=C([S-])N1CCCCC1.[Na+],<,0.03125,ug.mL-1,MIC,,Beta-lactamase,single protein format
CHEMBL2021946,S=C([S-])N1CCCC1.[Na+],<,0.03125,ug.mL-1,MIC,,Beta-lactamase,single protein format
CHEMBL2023728,S=C([S-])N1CCN(C(=S)[S-])CC1.[Na+].[Na+],=,8.0,ug.mL-1,MIC,,Beta-lactamase,single protein format
CHEMBL4278702,CCCCCCCCCCCCCCNC(=S)[S-].[Na+],,,,MIC,,Beta-lactamase,single protein format
CHEMBL4283258,CCCCCCNC(=S)[S-].[Na+],=,16.0,ug.mL-1,MIC,,Beta-lactamase,single protein format
CHEMBL2023727,S=C([S-])N1CCOCC1.[Na+],=,8.0,ug.mL-1,MIC,,Beta-lactamase,single protein format
CHEMBL107217,CCN(CC)C(=S)[S-].[Na+],<=,0.03125,ug.mL-1,MIC,,Beta-lactamase,single protein format
CHEMBL2023722,CCCCCCN(CCCCCC)C(=S)[S-].[Na+],=,16.0,ug.mL-1,MIC,,Beta-lactamase,single protein format
CHEMBL4293432,CCCCCCCCN(CCCCCCCC)C(=S)[S-].[Na+],<=,0.03125,ug.mL-1,MIC,,Beta-lactamase,single protein format
