molecule_chembl_id,canonical_smiles,standard_relation,standard_value,standard_units,standard_type,pchembl_value,target_pref_name,bao_label
CHEMBL3577665,O=C(O)C[C@@H]1CC[C@H](NC(=O)C[C@H]2CCCCN2)B(O)O1,=,0.15,ug ml-1,MEC,,Beta-lactamase,single protein format
CHEMBL3577664,N[C@H](C(=O)N[C@H]1CC[C@@H](CC(=O)O)OB1O)c1ccccc1,=,0.3,ug ml-1,MEC,,Beta-lactamase,single protein format
CHEMBL3577663,NCCSCC(=O)N[C@H]1CC[C@@H](CC(=O)O)OB1O,=,0.3,ug ml-1,MEC,,Beta-lactamase,single protein format
CHEMBL3577662,O=C(O)C[C@@H]1CC[C@H](NC(=O)C(O)c2ccccc2)B(O)O1,=,0.61,ug ml-1,MEC,,Beta-lactamase,single protein format
CHEMBL3577661,O=C(O)C[C@@H]1CC[C@H](NC(=O)Cc2cccc(O)c2)B(O)O1,=,1.25,ug ml-1,MEC,,Beta-lactamase,single protein format
CHEMBL3577660,O=C(O)C[C@@H]1CC[C@H](NC(=O)Cc2ccccc2O)B(O)O1,=,0.16,ug ml-1,MEC,,Beta-lactamase,single protein format
CHEMBL3577659,Nc1cc(CC(=O)N[C@H]2CC[C@@H](CC(=O)O)OB2O)ccn1,=,0.04,ug ml-1,MEC,,Beta-lactamase,single protein format
CHEMBL3577658,O=C(O)C[C@@H]1CC[C@H](NC(=O)Cc2ccncc2)B(O)O1,=,0.15,ug ml-1,MEC,,Beta-lactamase,single protein format
CHEMBL3577657,O=C(O)C[C@@H]1CC[C@H](NC(=O)Cc2cccnc2)B(O)O1,=,0.15,ug ml-1,MEC,,Beta-lactamase,single protein format
CHEMBL3577656,O=C(O)C[C@@H]1CC[C@H](NC(=O)Cc2ccccn2)B(O)O1,=,0.15,ug ml-1,MEC,,Beta-lactamase,single protein format
CHEMBL3577655,CO/N=C(\C(=O)N[C@H]1CC[C@@H](CC(=O)O)OB1O)c1csc(N)n1,=,1.25,ug ml-1,MEC,,Beta-lactamase,single protein format
CHEMBL3577654,Nc1nc(CC(=O)N[C@H]2CC[C@@H](CC(=O)O)OB2O)cs1,=,0.61,ug ml-1,MEC,,Beta-lactamase,single protein format
CHEMBL3317857,O=C(O)C[C@@H]1CC[C@H](NC(=O)Cc2cccs2)B(O)O1,=,0.02,ug ml-1,MEC,,Beta-lactamase,single protein format
CHEMBL3577653,O=C(O)C[C@@H]1CC[C@H](NC(=O)CCc2ccccc2)B(O)O1,=,0.3,ug ml-1,MEC,,Beta-lactamase,single protein format
CHEMBL3577652,O=C(O)C[C@@H]1CC[C@H](NC(=O)c2ccccc2)B(O)O1,=,0.3,ug ml-1,MEC,,Beta-lactamase,single protein format
CHEMBL3577651,O=C(O)C[C@@H]1CC[C@H](NC(=O)Cc2ccccc2)B(O)O1,=,0.15,ug ml-1,MEC,,Beta-lactamase,single protein format
CHEMBL3577650,O=C(O)C[C@@H]1CC[C@H](NC(=O)C2CC2)B(O)O1,=,0.15,ug ml-1,MEC,,Beta-lactamase,single protein format
CHEMBL3577649,CC(=O)N[C@H]1CC[C@@H](CC(=O)O)OB1O,=,0.3,ug ml-1,MEC,,Beta-lactamase,single protein format
CHEMBL3317857,O=C(O)C[C@@H]1CC[C@H](NC(=O)Cc2cccs2)B(O)O1,=,0.25,ug.mL-1,MIC,,Beta-lactamase,single protein format
CHEMBL3317857,O=C(O)C[C@@H]1CC[C@H](NC(=O)Cc2cccs2)B(O)O1,<=,0.06,ug.mL-1,MIC,,Beta-lactamase,single protein format
CHEMBL3317857,O=C(O)C[C@@H]1CC[C@H](NC(=O)Cc2cccs2)B(O)O1,<=,0.06,ug.mL-1,MIC,,Beta-lactamase,single protein format
CHEMBL3317857,O=C(O)C[C@@H]1CC[C@H](NC(=O)Cc2cccs2)B(O)O1,=,4.0,ug.mL-1,MIC,,Beta-lactamase,single protein format
CHEMBL3317857,O=C(O)C[C@@H]1CC[C@H](NC(=O)Cc2cccs2)B(O)O1,<=,0.06,ug.mL-1,MIC,,Beta-lactamase,single protein format
CHEMBL3317857,O=C(O)C[C@@H]1CC[C@H](NC(=O)Cc2cccs2)B(O)O1,=,0.5,ug.mL-1,MIC,,Beta-lactamase,single protein format
CHEMBL3317857,O=C(O)C[C@@H]1CC[C@H](NC(=O)Cc2cccs2)B(O)O1,<=,0.06,ug.mL-1,MIC,,Beta-lactamase,single protein format
CHEMBL3317857,O=C(O)C[C@@H]1CC[C@H](NC(=O)Cc2cccs2)B(O)O1,<=,0.06,ug.mL-1,MIC,,Beta-lactamase,single protein format
CHEMBL3913753,O=C(O[C@@H]1CCNC[C@H]1F)[C@@H]1CC[C@@H]2CN1C(=O)N2OS(=O)(=O)O,=,8.0,nM,IC50,8.10,Beta-lactamase,single protein format
CHEMBL3931678,O=C([C@@H]1CC[C@@H]2CN1C(=O)N2OS(=O)(=O)O)N1CC2CNCC2C1,=,33.0,nM,IC50,7.48,Beta-lactamase,single protein format
CHEMBL3919215,O=C(NC1CNC1)[C@@H]1CC[C@@H]2CN1C(=O)N2OS(=O)(=O)O,=,17.0,nM,IC50,7.77,Beta-lactamase,single protein format
CHEMBL3981884,COc1cc(NC(=O)[C@@H]2CCC3CN2C(=O)N3OS(=O)(=O)O)ccn1,=,8.0,nM,IC50,8.10,Beta-lactamase,single protein format
CHEMBL3916954,CNCc1ccc(NC(=O)[C@@H]2CC[C@@H]3CN2C(=O)N3OS(=O)(=O)O)cc1,=,56.0,nM,IC50,7.25,Beta-lactamase,single protein format
CHEMBL3112749,NCc1ccc(NC(=O)[C@@H]2CC[C@@H]3CN2C(=O)N3OS(=O)(=O)O)nc1,=,42.0,nM,IC50,7.38,Beta-lactamase,single protein format
CHEMBL3899991,O=C(O[C@@H]1CNC[C@H]1F)[C@@H]1CC[C@@H]2CN1C(=O)N2OS(=O)(=O)O,=,13.0,nM,IC50,7.89,Beta-lactamase,single protein format
CHEMBL3961606,O=C(OCC1CCNCC1)[C@@H]1CCC2CN1C(=O)N2OS(=O)(=O)O,=,10.0,nM,IC50,8.00,Beta-lactamase,single protein format
CHEMBL3112747,O=C(Nc1cccnc1)[C@@H]1CC[C@@H]2CN1C(=O)N2OS(=O)(=O)O,=,42.0,nM,IC50,7.38,Beta-lactamase,single protein format
CHEMBL3934406,NCCOC(=O)[C@@H]1CC[C@@H]2CN1C(=O)N2OS(=O)(=O)O,=,30.0,nM,IC50,7.52,Beta-lactamase,single protein format
CHEMBL3908919,O=C(O[C@@H]1CCCNCC1)[C@@H]1CC[C@@H]2CN1C(=O)N2OS(=O)(=O)O,=,6400.0,nM,IC50,5.19,Beta-lactamase,single protein format
CHEMBL3903047,O=C(Nc1cc(N2CCCC2)nc(N2CCCC2)c1)[C@@H]1CC[C@@H]2CN1C(=O)N2OS(=O)(=O)O,=,130.0,nM,IC50,6.89,Beta-lactamase,single protein format
CHEMBL3112748,O=C(Nc1ccccn1)[C@@H]1CC[C@@H]2CN1C(=O)N2OS(=O)(=O)O,=,36.0,nM,IC50,7.44,Beta-lactamase,single protein format
CHEMBL3958442,O=C(OC1CNNC1)[C@@H]1CC[C@@H]2CN1C(=O)N2OS(=O)(=O)O,=,62.0,nM,IC50,7.21,Beta-lactamase,single protein format
CHEMBL3112757,O=C(N[C@@H]1CCCNCC1)[C@@H]1CC[C@@H]2CN1C(=O)N2OS(=O)(=O)O,=,225.0,nM,IC50,6.65,Beta-lactamase,single protein format
CHEMBL3962320,O=C(NC1CCNCC1)[C@@H]1CCC2CN1C(=O)N2OS(=O)(=O)O,=,208.0,nM,IC50,6.68,Beta-lactamase,single protein format
CHEMBL3112751,O=C(O)c1ccc(NC(=O)[C@@H]2CC[C@@H]3CN2C(=O)N3OS(=O)(=O)O)cc1,=,10.0,nM,IC50,8.00,Beta-lactamase,single protein format
CHEMBL3944458,O=C(OCCC1CCNCC1)[C@@H]1CC[C@@H]2CN1C(=O)N2OS(=O)(=O)O,=,13.0,nM,IC50,7.89,Beta-lactamase,single protein format
CHEMBL3931511,O=C(N[C@H]1CCN(C2CCNCC2)C1=O)[C@@H]1CC[C@@H]2CN1C(=O)N2OS(=O)(=O)O,=,21.0,nM,IC50,7.68,Beta-lactamase,single protein format
CHEMBL3112744,CN1CCC(NC(=O)[C@@H]2CC[C@@H]3CN2C(=O)N3OS(=O)(=O)O)CC1,=,240.0,nM,IC50,6.62,Beta-lactamase,single protein format
CHEMBL3112755,O=C(OC1CCNCC1)[C@@H]1CC[C@@H]2CN1C(=O)N2OS(=O)(=O)O,=,9.0,nM,IC50,8.05,Beta-lactamase,single protein format
CHEMBL3956247,O=C(Nc1ccc2c(c1)CCNC2)[C@@H]1CCC2CN1C(=O)N2OS(=O)(=O)O,=,19.0,nM,IC50,7.72,Beta-lactamase,single protein format
CHEMBL3934106,O=C(Nc1ccc(C2CCNCC2)cn1)[C@@H]1CCC2CN1C(=O)N2OS(=O)(=O)O,=,28.0,nM,IC50,7.55,Beta-lactamase,single protein format
CHEMBL3895474,CN(C)C1CCN(C(=O)[C@@H]2CC[C@@H]3CN2C(=O)N3OS(=O)(=O)O)C1,=,1600.0,nM,IC50,5.80,Beta-lactamase,single protein format
CHEMBL3947285,O=C(NCC1CCCN1)[C@@H]1CC[C@@H]2CN1C(=O)N2OS(=O)(=O)O,=,120.0,nM,IC50,6.92,Beta-lactamase,single protein format
CHEMBL3984624,O=C(N[C@@H]1CCCNC[C@@H]1F)[C@@H]1CC[C@@H]2CN1C(=O)N2OS(=O)(=O)O,=,150.0,nM,IC50,6.82,Beta-lactamase,single protein format
CHEMBL3967936,O=C(Nc1ccncn1)[C@@H]1CC[C@@H]2CN1C(=O)N2OS(=O)(=O)O,=,55.0,nM,IC50,7.26,Beta-lactamase,single protein format
CHEMBL3983979,NCC1CCCCN1C(=O)[C@@H]1CC[C@@H]2CN1C(=O)N2OS(=O)(=O)O,=,780.0,nM,IC50,6.11,Beta-lactamase,single protein format
CHEMBL3947548,CC(=O)Oc1ccc(C(=O)NCC(CNC(=O)c2ccc(OC(C)=O)c(OC(C)=O)c2)OC(=O)[C@@H]2CC[C@@H]3CN2C(=O)N3S(=O)(=O)O)cc1OC(C)=O,=,12.0,nM,IC50,7.92,Beta-lactamase,single protein format
CHEMBL3976550,O=C(NCC1(F)CNC1)[C@@H]1CC[C@@H]2CN1C(=O)N2OS(=O)(=O)O,=,120.0,nM,IC50,6.92,Beta-lactamase,single protein format
CHEMBL3951105,O=C(O[C@@H]1CCNC1)[C@@H]1CC[C@@H]2CN1C(=O)N2OS(=O)(=O)O,=,40.0,nM,IC50,7.40,Beta-lactamase,single protein format
CHEMBL3890757,O=C(O[C@H]1CCNC1)[C@@H]1CC[C@@H]2CN1C(=O)N2OS(=O)(=O)O,=,21.0,nM,IC50,7.68,Beta-lactamase,single protein format
CHEMBL3906670,O=C(CC1CCNC1)[C@@H]1CCC2CN1C(=O)N2OS(=O)(=O)O,=,355.0,nM,IC50,6.45,Beta-lactamase,single protein format
CHEMBL3944847,Cn1ccnc1NC(=O)[C@@H]1CC[C@@H]2CN1C(=O)N2OS(=O)(=O)O,=,135.0,nM,IC50,6.87,Beta-lactamase,single protein format
CHEMBL3946631,NC1CCN(C(=O)[C@@H]2CC[C@@H]3CN2C(=O)N3OS(=O)(=O)O)CC1,=,8.0,nM,IC50,8.10,Beta-lactamase,single protein format
CHEMBL3918030,N[C@@H]1CCN(C(=O)[C@@H]2CC[C@@H]3CN2C(=O)N3OS(=O)(=O)O)C1,=,3200.0,nM,IC50,5.50,Beta-lactamase,single protein format
CHEMBL3935623,NCc1ccc(OC(=O)[C@@H]2CC[C@@H]3CN2C(=O)N3OS(=O)(=O)O)cc1,=,2.0,nM,IC50,8.70,Beta-lactamase,single protein format
CHEMBL3984986,CN(C)Cc1ccc(NC(=O)[C@@H]2CC[C@@H]3CN2C(=O)N3OS(=O)(=O)O)cc1,=,54.0,nM,IC50,7.27,Beta-lactamase,single protein format
CHEMBL3960469,O=C(NC(CO)C1CCNCC1)[C@@H]1CC[C@@H]2CN1C(=O)N2OS(=O)(=O)O,=,320.0,nM,IC50,6.50,Beta-lactamase,single protein format
CHEMBL3975378,O=C(O[C@@H]1CNOC1)[C@@H]1CC[C@@H]2CN1C(=O)N2OS(=O)(=O)O,=,11.0,nM,IC50,7.96,Beta-lactamase,single protein format
CHEMBL3922601,O=C(N[C@@H]1CNC[C@@H]1F)[C@@H]1CC[C@@H]2CN1C(=O)N2OS(=O)(=O)O,=,190.0,nM,IC50,6.72,Beta-lactamase,single protein format
CHEMBL3922005,O=C(OCCN1CCCCC1)[C@@H]1CC[C@@H]2CN1C(=O)N2OS(=O)(=O)O,=,20.0,nM,IC50,7.70,Beta-lactamase,single protein format
CHEMBL3926592,CO[C@H]1CNCC[C@H]1NC(=O)[C@@H]1CC[C@@H]2CN1C(=O)N2OS(=O)(=O)O,=,290.0,nM,IC50,6.54,Beta-lactamase,single protein format
CHEMBL3889864,CN1CCN=C1NC(=O)[C@@H]1CC[C@@H]2CN1C(=O)N2OS(=O)(=O)O,=,840.0,nM,IC50,6.08,Beta-lactamase,single protein format
CHEMBL3904412,NCc1cccc(NC(=O)[C@@H]2CC[C@@H]3CN2C(=O)N3OS(=O)(=O)O)c1,=,104.0,nM,IC50,6.98,Beta-lactamase,single protein format
CHEMBL3941396,NCc1ccccc1NC(=O)[C@@H]1CC[C@@H]2CN1C(=O)N2OS(=O)(=O)O,=,109.0,nM,IC50,6.96,Beta-lactamase,single protein format
CHEMBL3921900,O=C(NC1CCCNC1)[C@@H]1CC[C@@H]2CN1C(=O)N2OS(=O)(=O)O,=,480.0,nM,IC50,6.32,Beta-lactamase,single protein format
CHEMBL3972003,O=C(O[C@H]1CNC[C@@H]1F)[C@@H]1CC[C@@H]2CN1C(=O)N2OS(=O)(=O)O,=,10.0,nM,IC50,8.00,Beta-lactamase,single protein format
CHEMBL3938261,O=C(O[C@H]1CCNC[C@@H]1F)[C@@H]1CC[C@@H]2CN1C(=O)N2OS(=O)(=O)O,=,4.0,nM,IC50,8.40,Beta-lactamase,single protein format
CHEMBL3963657,O=C(Nc1ccc(N2CCNCC2)cn1)[C@@H]1CC[C@@H]2CN1C(=O)N2OS(=O)(=O)O,=,15.0,nM,IC50,7.82,Beta-lactamase,single protein format
CHEMBL3961665,O=C(Nc1nccs1)[C@@H]1CC[C@@H]2CN1C(=O)N2OS(=O)(=O)O,=,36.0,nM,IC50,7.44,Beta-lactamase,single protein format
CHEMBL3957170,O=C(O[C@H]1CCCNCC1)[C@@H]1CC[C@@H]2CN1C(=O)N2OS(=O)(=O)O,=,6.0,nM,IC50,8.22,Beta-lactamase,single protein format
CHEMBL3911936,O=C(Nc1ccncc1)[C@@H]1CCC2CN1C(=O)N2OS(=O)(=O)O,=,54.0,nM,IC50,7.27,Beta-lactamase,single protein format
CHEMBL3938105,O=C(N[C@@H]1CNC[C@@H]1O)[C@@H]1CC[C@@H]2CN1C(=O)N2OS(=O)(=O)O,=,520.0,nM,IC50,6.28,Beta-lactamase,single protein format
CHEMBL3968922,O=C(NC1CCCNCC1)[C@@H]1CCC2CN1C(=O)N2OS(=O)(=O)O,=,245.0,nM,IC50,6.61,Beta-lactamase,single protein format
CHEMBL3970704,O=C(Nc1ccc(CN2CCCC2)cc1)[C@@H]1CC[C@@H]2CN1C(=O)N2OS(=O)(=O)O,=,85.0,nM,IC50,7.07,Beta-lactamase,single protein format
CHEMBL3959010,O=C(N[C@@H]1CCN(C2CCNCC2)C1=O)[C@@H]1CC[C@@H]2CN1C(=O)N2OS(=O)(=O)O,=,280.0,nM,IC50,6.55,Beta-lactamase,single protein format
CHEMBL3933009,O=C(NC[C@@H]1CNCCCO1)[C@@H]1CC[C@@H]2CN1C(=O)N2OS(=O)(=O)O,=,110.0,nM,IC50,6.96,Beta-lactamase,single protein format
CHEMBL3925213,O=C(NC1CCNC[C@H]1F)[C@@H]1CCC2CN1C(=O)N2OS(=O)(=O)O,=,130.0,nM,IC50,6.89,Beta-lactamase,single protein format
CHEMBL3963057,O=C(OCC1CNCCCO1)[C@@H]1CC[C@@H]2CN1C(=O)N2OS(=O)(=O)O,=,11.0,nM,IC50,7.96,Beta-lactamase,single protein format
CHEMBL3957507,O=C(Nc1cc(C2CCNCC2)ccn1)[C@@H]1CC[C@@H]2CN1C(=O)N2OS(=O)(=O)O,=,470.0,nM,IC50,6.33,Beta-lactamase,single protein format
CHEMBL3913452,O=C([C@@H]1CC[C@@H]2CN1C(=O)N2OS(=O)(=O)O)N1CCNCC1,=,520.0,nM,IC50,6.28,Beta-lactamase,single protein format
CHEMBL3932241,O=C(O[C@H]1CCNC[C@H]1F)[C@@H]1CC[C@@H]2CN1C(=O)N2OS(=O)(=O)O,=,9.0,nM,IC50,8.05,Beta-lactamase,single protein format
CHEMBL3949467,O=C(O[C@H]1CNOC1)[C@@H]1CC[C@@H]2CN1C(=O)N2OS(=O)(=O)O,=,11.0,nM,IC50,7.96,Beta-lactamase,single protein format
CHEMBL3910351,CN(C)c1ccnc(NC(=O)[C@@H]2CC[C@@H]3CN2C(=O)N3OS(=O)(=O)O)c1,=,410.0,nM,IC50,6.39,Beta-lactamase,single protein format
CHEMBL3896225,O=C(Nc1nc2c(s1)CNCC2)[C@@H]1CC[C@@H]2CN1C(=O)N2OS(=O)(=O)O,=,39.0,nM,IC50,7.41,Beta-lactamase,single protein format
CHEMBL3932610,N[C@@H]1CNC[C@H]1NC(=O)[C@@H]1CC[C@@H]2CN1C(=O)N2OS(=O)(=O)O,=,660.0,nM,IC50,6.18,Beta-lactamase,single protein format
CHEMBL3959427,O=C(N[C@H]1CCCNC[C@H]1F)[C@@H]1CC[C@@H]2CN1C(=O)N2OS(=O)(=O)O,=,130.0,nM,IC50,6.89,Beta-lactamase,single protein format
CHEMBL3958929,O=C(O[C@H]1CNCC[C@H]1F)[C@@H]1CC[C@@H]2CN1C(=O)N2OS(=O)(=O)O,=,4.0,nM,IC50,8.40,Beta-lactamase,single protein format
CHEMBL3981837,O=C(Nc1cccc(C2CCNCC2)n1)[C@@H]1CC[C@@H]2CN1C(=O)N2OS(=O)(=O)O,=,24.0,nM,IC50,7.62,Beta-lactamase,single protein format
CHEMBL3977380,NCc1ccnc(NC(=O)[C@@H]2CC[C@@H]3CN2C(=O)N3OS(=O)(=O)O)c1,=,1300.0,nM,IC50,5.89,Beta-lactamase,single protein format
CHEMBL3910179,O=C(N[C@@H]1CNC[C@H]1O)[C@@H]1CC[C@@H]2CN1C(=O)N2OS(=O)(=O)O,=,250.0,nM,IC50,6.60,Beta-lactamase,single protein format
CHEMBL3895684,O=C(O[C@H]1CNC[C@H]1F)[C@@H]1CC[C@@H]2CN1C(=O)N2OS(=O)(=O)O,=,24.0,nM,IC50,7.62,Beta-lactamase,single protein format
CHEMBL3959809,O=C(NC1C2CNCC21)[C@@H]1CC[C@@H]2CN1C(=O)N2OS(=O)(=O)O,=,10000.0,nM,IC50,5.00,Beta-lactamase,single protein format
CHEMBL3948356,O=C(NC[C@H]1CNCCCO1)[C@@H]1CC[C@@H]2CN1C(=O)N2OS(=O)(=O)O,=,100.0,nM,IC50,7.00,Beta-lactamase,single protein format
CHEMBL3890009,N[C@H]1CCN(C(=O)[C@@H]2CC[C@@H]3CN2C(=O)N3OS(=O)(=O)O)C1,=,1500.0,nM,IC50,5.82,Beta-lactamase,single protein format
CHEMBL3974207,O=C(NCCC1CCNCC1)[C@@H]1CC[C@@H]2CN1C(=O)N2OS(=O)(=O)O,=,45.0,nM,IC50,7.35,Beta-lactamase,single protein format
CHEMBL3932731,O=C(O[C@@H]1CNC[C@@H]1F)[C@@H]1CC[C@@H]2CN1C(=O)N2OS(=O)(=O)O,=,3.0,nM,IC50,8.52,Beta-lactamase,single protein format
CHEMBL3900778,O=C(Nc1ccc2c(c1)CCN2)[C@@H]1CC[C@@H]2CN1C(=O)N2OS(=O)(=O)O,=,41.0,nM,IC50,7.39,Beta-lactamase,single protein format
CHEMBL4115597,CC(=O)Oc1ccc(C(=O)NCCOC(=O)[C@@H]2CC[C@@H]3CN2C(=O)N3S(=O)(=O)O)cc1OC(C)=O,=,70.0,nM,IC50,7.16,Beta-lactamase,single protein format
CHEMBL3942273,O=C(N[C@H]1CNC[C@H]1F)[C@@H]1CC[C@@H]2CN1C(=O)N2OS(=O)(=O)O,=,710.0,nM,IC50,6.15,Beta-lactamase,single protein format
CHEMBL3902510,NC(=O)c1cccc(NC(=O)[C@@H]2CC[C@@H]3CN2C(=O)N3OS(=O)(=O)O)c1,=,26.0,nM,IC50,7.58,Beta-lactamase,single protein format
CHEMBL3914399,O=C(N[C@@H]1CCNC[C@@H]1F)[C@@H]1CC[C@@H]2CN1C(=O)N2OS(=O)(=O)O,=,270.0,nM,IC50,6.57,Beta-lactamase,single protein format
CHEMBL3922994,NS(=O)(=O)c1ccc(NC(=O)[C@@H]2CC[C@@H]3CN2C(=O)N3OS(=O)(=O)O)cc1,=,22.0,nM,IC50,7.66,Beta-lactamase,single protein format
CHEMBL3112745,O=C(NC1CCS(=O)(=O)CC1)[C@@H]1CC[C@@H]2CN1C(=O)N2OS(=O)(=O)O,=,150.0,nM,IC50,6.82,Beta-lactamase,single protein format
CHEMBL3112591,Nc1cccc(NC(=O)[C@@H]2CC[C@@H]3CN2C(=O)N3OS(=O)(=O)O)n1,=,11.0,nM,IC50,7.96,Beta-lactamase,single protein format
CHEMBL3895019,NC(=O)c1ccc(NC(=O)[C@@H]2CC[C@@H]3CN2C(=O)N3OS(=O)(=O)O)cc1,=,30.0,nM,IC50,7.52,Beta-lactamase,single protein format
CHEMBL3932417,NCc1ccc(NC(=O)[C@@H]2CC[C@@H]3CN2C(=O)N3OS(=O)(=O)O)cc1,=,72.0,nM,IC50,7.14,Beta-lactamase,single protein format
CHEMBL3955696,O=C(Nc1cnccn1)[C@@H]1CC[C@@H]2CN1C(=O)N2OS(=O)(=O)O,=,58.0,nM,IC50,7.24,Beta-lactamase,single protein format
CHEMBL3906670,O=C(CC1CCNC1)[C@@H]1CCC2CN1C(=O)N2OS(=O)(=O)O,=,4400.0,nM,IC50,5.36,Beta-lactamase,single protein format
CHEMBL3986788,O=C(O[C@H]1CNCC[C@@H]1F)[C@@H]1CC[C@@H]2CN1C(=O)N2OS(=O)(=O)O,=,15.0,nM,IC50,7.82,Beta-lactamase,single protein format
CHEMBL3953568,O=C(Nc1ccc(N2CCCC2)cn1)[C@@H]1CC[C@@H]2CN1C(=O)N2OS(=O)(=O)O,=,10.0,nM,IC50,8.00,Beta-lactamase,single protein format
CHEMBL3971925,O=C(Nc1ccc2c(c1)CNC2)[C@@H]1CC[C@@H]2CN1C(=O)N2OS(=O)(=O)O,=,60.0,nM,IC50,7.22,Beta-lactamase,single protein format
CHEMBL3910341,CNCc1cccc(NC(=O)[C@@H]2CC[C@@H]3CN2C(=O)N3OS(=O)(=O)O)c1,=,78.0,nM,IC50,7.11,Beta-lactamase,single protein format
CHEMBL3956371,O=C(OC1CNC1)[C@@H]1CC[C@@H]2CN1C(=O)N2OS(=O)(=O)O,=,18.0,nM,IC50,7.75,Beta-lactamase,single protein format
CHEMBL3959746,O=C(O[C@@H]1CCNC[C@@H]1F)[C@@H]1CC[C@@H]2CN1C(=O)N2OS(=O)(=O)O,=,26.0,nM,IC50,7.58,Beta-lactamase,single protein format
CHEMBL3987101,NCc1cc(CC(=O)[C@@H]2CCC3CN2C(=O)N3OS(=O)(=O)O)ccn1,=,72.0,nM,IC50,7.14,Beta-lactamase,single protein format
CHEMBL3112743,O=C(N[C@@H]1CCNC1)[C@@H]1CC[C@@H]2CN1C(=O)N2OS(=O)(=O)O,=,4300.0,nM,IC50,5.37,Beta-lactamase,single protein format
CHEMBL3112754,CN(C(=O)[C@@H]1CC[C@@H]2CN1C(=O)N2OS(=O)(=O)O)C1CCNCC1,=,2500.0,nM,IC50,5.60,Beta-lactamase,single protein format
CHEMBL3939469,O=C(Nc1ccnc(N2CCNCC2)n1)[C@@H]1CC[C@@H]2CN1C(=O)N2OS(=O)(=O)O,=,20.0,nM,IC50,7.70,Beta-lactamase,single protein format
CHEMBL3929994,O=C([C@@H]1CC[C@@H]2CN1C(=O)N2OS(=O)(=O)O)N1CC2(CCNCC2)C1,=,1000.0,nM,IC50,6.00,Beta-lactamase,single protein format
CHEMBL3942398,O=C(N[C@H]1CCNC[C@@H]1F)[C@@H]1CC[C@@H]2CN1C(=O)N2OS(=O)(=O)O,=,90.0,nM,IC50,7.05,Beta-lactamase,single protein format
CHEMBL3112741,O=C(NC1CCNCC1)[C@@H]1CC[C@@H]2CN1C(=O)N2OS(=O)(=O)O,=,210.0,nM,IC50,6.68,Beta-lactamase,single protein format
CHEMBL3892741,CN(C)c1cc(NC(=O)[C@@H]2CCC3CN2C(=O)N3OS(=O)(=O)O)ccn1,=,1.6,nM,IC50,8.80,Beta-lactamase,single protein format
CHEMBL3941136,CC1(COC(=O)[C@@H]2CC[C@@H]3CN2C(=O)N3OS(=O)(=O)O)CCNCC1,=,8.0,nM,IC50,8.10,Beta-lactamase,single protein format
CHEMBL3970865,O=C(NCCN1CCCCC1)[C@@H]1CC[C@@H]2CN1C(=O)N2OS(=O)(=O)O,=,150.0,nM,IC50,6.82,Beta-lactamase,single protein format
CHEMBL3112753,O=C(NCC1CCNCC1)[C@@H]1CC[C@@H]2CN1C(=O)N2OS(=O)(=O)O,=,77.0,nM,IC50,7.11,Beta-lactamase,single protein format
CHEMBL3659511,O=C(NC1CCCNC1)[C@H]1CC[C@@H]2CN1C(=O)N2OS(=O)(=O)O,=,240.0,nM,IC50,6.62,Beta-lactamase,single protein format
CHEMBL3932306,O=C(NCCN1CCNCC1)[C@@H]1CC[C@@H]2CN1C(=O)N2OS(=O)(=O)O,=,96.0,nM,IC50,7.02,Beta-lactamase,single protein format
CHEMBL3896059,O=C(Nc1ccc2c(c1)CCNC2)[C@@H]1CC[C@@H]2CN1C(=O)N2OS(=O)(=O)O,=,19.0,nM,IC50,7.72,Beta-lactamase,single protein format
CHEMBL3964136,O=C(Nc1ccc(N2CCOCC2)cn1)[C@@H]1CC[C@@H]2CN1C(=O)N2OS(=O)(=O)O,=,17.0,nM,IC50,7.77,Beta-lactamase,single protein format
CHEMBL3971570,O=C(NCC1CCCCN1)[C@@H]1CC[C@@H]2CN1C(=O)N2OS(=O)(=O)O,=,190.0,nM,IC50,6.72,Beta-lactamase,single protein format
CHEMBL4640467,O=C(O)c1nccc2c1OB(O)CC2,=,0.16,ug ml-1,MEC,,Beta-lactamase,single protein format
CHEMBL4632613,COc1ccc2c(c1C(=O)O)OB(O)C=C2,=,2.5,ug ml-1,MEC,,Beta-lactamase,single protein format
CHEMBL4640900,COc1ccc2c(c1C(=O)O)OB(O)C(F)=C2,=,0.16,ug ml-1,MEC,,Beta-lactamase,single protein format
CHEMBL4644272,C[C@H]1Cc2cccc(C(=O)O)c2OB1O,=,1.25,ug ml-1,MEC,,Beta-lactamase,single protein format
CHEMBL4644962,C[C@@H]1Cc2cccc(C(=O)O)c2OB1O,=,5.0,ug ml-1,MEC,,Beta-lactamase,single protein format
CHEMBL4637768,COc1ccc2c(c1C(=O)O)OB(O)C(CO)C2,=,10.0,ug ml-1,MEC,,Beta-lactamase,single protein format
CHEMBL4649531,COc1ccc2c(c1C(=O)O)OB(O)[C@@H](CCO)C2,=,5.0,ug ml-1,MEC,,Beta-lactamase,single protein format
CHEMBL4635940,COc1ccc2c(c1C(=O)O)OB(O)C1CC21,=,0.16,ug ml-1,MEC,,Beta-lactamase,single protein format
CHEMBL4643706,COc1ccc2c(c1C(=O)O)OB(O)C1(CC1)C2,=,5.0,ug ml-1,MEC,,Beta-lactamase,single protein format
CHEMBL4636107,COc1ccc2c(c1C(=O)O)OB(O)CC21CC1,=,1.25,ug ml-1,MEC,,Beta-lactamase,single protein format
CHEMBL4635000,COc1ccc2c(c1C(=O)O)OB(O)C1CCC21,=,5.0,ug ml-1,MEC,,Beta-lactamase,single protein format
CHEMBL4644617,COc1ccc2c(c1C(=O)O)OB(O)[C@H]1C[C@@H]21,=,0.16,ug ml-1,MEC,,Beta-lactamase,single protein format
CHEMBL4635282,COc1ccc2c(c1C(=O)O)OB(O)[C@@H]1C[C@H]21,=,0.16,ug ml-1,MEC,,Beta-lactamase,single protein format
CHEMBL4641499,O=C(O)c1cccc2c1OB(O)[C@H]1C[C@@H]21,=,0.16,ug ml-1,MEC,,Beta-lactamase,single protein format
CHEMBL4642314,O=C(O)c1cccc2c1OB(O)[C@@H]1C[C@H]21,=,0.16,ug ml-1,MEC,,Beta-lactamase,single protein format
CHEMBL4649540,COc1ccc2c(c1C(=O)O)OB(O)C1C2C1(F)F,=,1.25,ug ml-1,MEC,,Beta-lactamase,single protein format
CHEMBL4646071,O=C(O)c1c(F)ccc2c1OB(O)[C@H]1C[C@@H]21,=,0.3,ug ml-1,MEC,,Beta-lactamase,single protein format
CHEMBL4633785,O=C(O)c1c(F)ccc2c1OB(O)[C@@H]1C[C@H]21,=,0.3,ug ml-1,MEC,,Beta-lactamase,single protein format
CHEMBL4635649,O=C(O)c1nccc2c1OB(O)[C@H]1C[C@@H]21,=,1.25,ug ml-1,MEC,,Beta-lactamase,single protein format
CHEMBL4633016,O=C(O)c1nccc2c1OB(O)[C@@H]1C[C@H]21,=,0.6,ug ml-1,MEC,,Beta-lactamase,single protein format
CHEMBL4633645,COc1ccc2c(c1C(=O)O)OB(O)C1(CO)CC21,=,1.25,ug ml-1,MEC,,Beta-lactamase,single protein format
CHEMBL4645092,O=C(O)c1cccc2c1OB(O)CC2,=,0.6,ug ml-1,MEC,,Beta-lactamase,single protein format
CHEMBL4649064,COc1ccc2c(c1C(=O)O)OB(O)CC2,=,0.16,ug ml-1,MEC,,Beta-lactamase,single protein format
CHEMBL4649198,O=C(O)c1c(F)ccc2c1OB(O)CC2,=,0.16,ug ml-1,MEC,,Beta-lactamase,single protein format
CHEMBL4648696,CSCC(=O)N[C@H]1Cc2cccc(C(=O)O)c2OB1O,=,0.6,ug ml-1,MEC,,Beta-lactamase,single protein format
CHEMBL4638804,CSCC(=O)N[C@H]1Cc2ccc(F)c(C(=O)O)c2OB1O,=,0.6,ug ml-1,MEC,,Beta-lactamase,single protein format
CHEMBL4639055,COc1ccc2c(c1C(=O)O)OB(O)[C@@H](NC(=O)CSC)C2,<=,0.3,ug ml-1,MEC,,Beta-lactamase,single protein format
CHEMBL4637277,CSCC(=O)N[C@H]1Cc2ccc(O)c(C(=O)O)c2OB1O,=,1.25,ug ml-1,MEC,,Beta-lactamase,single protein format
CHEMBL4639354,CSCC(=O)N[C@H]1Cc2ccc(SC)c(C(=O)O)c2OB1O,=,0.6,ug ml-1,MEC,,Beta-lactamase,single protein format
CHEMBL4649586,CSCC(=O)N[C@H]1Cc2ccc(SC3CNC3)c(C(=O)O)c2OB1O,=,1.25,ug ml-1,MEC,,Beta-lactamase,single protein format
CHEMBL4636456,CSCC(=O)N[C@H]1Cc2ccc(SCC(N)=O)c(C(=O)O)c2OB1O,=,2.5,ug ml-1,MEC,,Beta-lactamase,single protein format
CHEMBL4643161,CSCC(=O)N[C@H]1Cc2ccc(SCCO)c(C(=O)O)c2OB1O,=,2.5,ug ml-1,MEC,,Beta-lactamase,single protein format
CHEMBL4648726,CSCC(=O)N[C@H]1Cc2ccc(OCC(=O)O)c(C(=O)O)c2OB1O,=,5.0,ug ml-1,MEC,,Beta-lactamase,single protein format
CHEMBL4638798,CSCC(=O)N[C@H]1Cc2ccc(OCCO)c(C(=O)O)c2OB1O,=,1.25,ug ml-1,MEC,,Beta-lactamase,single protein format
CHEMBL4637551,CSCC(=O)N[C@H]1Cc2ccc(Sc3nncn3C)c(C(=O)O)c2OB1O,=,5.0,ug ml-1,MEC,,Beta-lactamase,single protein format
CHEMBL4639681,CSCC(=O)N[C@H]1Cc2ccc(Sc3nnc(N)s3)c(C(=O)O)c2OB1O,=,5.0,ug ml-1,MEC,,Beta-lactamase,single protein format
CHEMBL4640702,O=C(O)c1cccc2c1OB(O)[C@@H](Sc1nncs1)C2,=,10.0,ug ml-1,MEC,,Beta-lactamase,single protein format
CHEMBL4634343,CS[C@H]1Cc2cccc(C(=O)O)c2OB1O,=,2.5,ug ml-1,MEC,,Beta-lactamase,single protein format
CHEMBL4649137,CO[C@H]1Cc2cccc(C(=O)O)c2OB1O,=,0.3,ug ml-1,MEC,,Beta-lactamase,single protein format
CHEMBL4642759,NC(=O)CS[C@H]1Cc2cccc(C(=O)O)c2OB1O,=,5.0,ug ml-1,MEC,,Beta-lactamase,single protein format
CHEMBL4649579,NC(=O)CCS[C@H]1Cc2cccc(C(=O)O)c2OB1O,=,5.0,ug ml-1,MEC,,Beta-lactamase,single protein format
CHEMBL4638812,N=C(N)S[C@H]1Cc2cccc(C(=O)O)c2OB1O,>,20.0,ug ml-1,MEC,,Beta-lactamase,single protein format
CHEMBL4649819,O=C(O)c1cccc2c1OB(O)[C@@H](OC1CNC1)C2,>,20.0,ug ml-1,MEC,,Beta-lactamase,single protein format
CHEMBL4646462,O=C(O)c1cccc2c1OB(O)[C@@H](Sc1nnc[nH]1)C2,>,40.0,ug ml-1,MEC,,Beta-lactamase,single protein format
CHEMBL4636974,Nc1nnc(S[C@H]2Cc3cccc(C(=O)O)c3OB2O)[nH]1,>,20.0,ug ml-1,MEC,,Beta-lactamase,single protein format
CHEMBL4633414,Cn1cnnc1S[C@H]1Cc2cccc(C(=O)O)c2OB1O,>,20.0,ug ml-1,MEC,,Beta-lactamase,single protein format
CHEMBL4639687,Nn1cnnc1S[C@H]1Cc2cccc(C(=O)O)c2OB1O,=,5.0,ug ml-1,MEC,,Beta-lactamase,single protein format
CHEMBL4633918,O=C(O)c1cccc2c1OB(O)[C@@H](Sc1ncc[nH]1)C2,>,10.0,ug ml-1,MEC,,Beta-lactamase,single protein format
CHEMBL4642532,O=C(O)c1cccc2c1OB(O)[C@@H](Sc1ncccn1)C2,>,20.0,ug ml-1,MEC,,Beta-lactamase,single protein format
CHEMBL4644456,O=C(O)c1cccc2c1OB(O)[C@@H](Sc1ccccn1)C2,>,10.0,ug ml-1,MEC,,Beta-lactamase,single protein format
CHEMBL4647931,O=C(O)c1cccc2c1OB(O)[C@@H](Sc1cccnc1)C2,>,20.0,ug ml-1,MEC,,Beta-lactamase,single protein format
CHEMBL4642408,O=C(O)c1cccc2c1OB(O)[C@@H](Sc1nccs1)C2,>,20.0,ug ml-1,MEC,,Beta-lactamase,single protein format
CHEMBL4640764,Nc1nnc(S[C@H]2Cc3cccc(C(=O)O)c3OB2O)s1,=,10.0,ug ml-1,MEC,,Beta-lactamase,single protein format
CHEMBL4635346,O=C(O)c1cccc2c1OB(O)[C@@H](Sc1c[nH]nn1)C2,>,20.0,ug ml-1,MEC,,Beta-lactamase,single protein format
CHEMBL4636714,COc1ccc2c(c1C(=O)O)OB(O)[C@@H](Sc1nncs1)C2,=,1.25,ug ml-1,MEC,,Beta-lactamase,single protein format
CHEMBL4635748,O=C(O)c1c(F)ccc2c1OB(O)[C@@H](Sc1nncs1)C2,=,2.5,ug ml-1,MEC,,Beta-lactamase,single protein format
CHEMBL4633933,O=C(O)c1c(OC(F)F)ccc2c1OB(O)[C@@H](Sc1nncs1)C2,=,5.0,ug ml-1,MEC,,Beta-lactamase,single protein format
CHEMBL4642099,N#CCOc1ccc2c(c1C(=O)O)OB(O)[C@@H](Sc1nncs1)C2,=,20.0,ug ml-1,MEC,,Beta-lactamase,single protein format
CHEMBL4645048,O=C(O)c1c(OCCF)ccc2c1OB(O)[C@@H](Sc1nncs1)C2,=,5.0,ug ml-1,MEC,,Beta-lactamase,single protein format
CHEMBL4634853,O=C(O)c1c(OC2COC2)ccc2c1OB(O)[C@@H](Sc1nncs1)C2,>,20.0,ug ml-1,MEC,,Beta-lactamase,single protein format
CHEMBL4637580,Nc1nnc(S[C@H]2Cc3ccc(OCC(F)F)c(C(=O)O)c3OB2O)s1,=,10.0,ug ml-1,MEC,,Beta-lactamase,single protein format
CHEMBL4649813,O=C(O)c1c(OCC2CC2)ccc2c1OB(O)[C@@H](Sc1nncs1)C2,>,20.0,ug ml-1,MEC,,Beta-lactamase,single protein format
CHEMBL4648240,COCCOc1ccc2c(c1C(=O)O)OB(O)[C@@H](Sc1nncs1)C2,=,20.0,ug ml-1,MEC,,Beta-lactamase,single protein format
CHEMBL4648798,CSCCOc1ccc2c(c1C(=O)O)OB(O)[C@@H](Sc1nncs1)C2,=,20.0,ug ml-1,MEC,,Beta-lactamase,single protein format
CHEMBL4648393,O=C(O)c1c(OCc2nncs2)ccc2c1OB(O)[C@@H](Sc1nncs1)C2,=,20.0,ug ml-1,MEC,,Beta-lactamase,single protein format
CHEMBL1689063,NC(=O)[C@@H]1CC[C@@H]2CN1C(=O)N2OS(=O)(=O)O,<=,0.04,ug ml-1,MEC,,Beta-lactamase,single protein format
CHEMBL4636953,Nc1nnc(SCC(=O)N[C@H]2Cc3cccc(C(=O)O)c3OB2O)s1,=,0.08,ug ml-1,Activity,,Beta-lactamase,single protein format
CHEMBL4640702,O=C(O)c1cccc2c1OB(O)[C@@H](Sc1nncs1)C2,=,0.16,ug ml-1,Activity,,Beta-lactamase,single protein format
CHEMBL1689063,NC(=O)[C@@H]1CC[C@@H]2CN1C(=O)N2OS(=O)(=O)O,<=,0.04,ug ml-1,Activity,,Beta-lactamase,single protein format
