molecule_chembl_id,canonical_smiles,standard_relation,standard_value,standard_units,standard_type,pchembl_value,target_pref_name,bao_label
CHEMBL70214,C[C@H](F)[C@H]1C(=O)N2C(C(=O)[O-])=C(C(C)(C)C)O[C@H]12.[Na+],=,0.6,,Relative protection,,Beta-lactamase,single protein format
CHEMBL304998,C[C@@H](F)[C@H]1C(=O)N2C(C(=O)[O-])=C(C(C)(C)C)O[C@H]12.[Na+],=,0.2,,Relative protection,,Beta-lactamase,single protein format
CHEMBL304811,CC(C)(C)C1=C(C(=O)[O-])N2C(=O)[C@H](CNS(=O)(=O)c3ccccc3)[C@H]2O1.[Na+],<,0.1,,Relative protection,,Beta-lactamase,single protein format
CHEMBL71568,C[C@@H](O)[C@H]1C(=O)N2C(C(=O)[O-])=C(C(C)(C)C)O[C@@H]12.[Na+],,,,Relative protection,,Beta-lactamase,assay format
CHEMBL71912,CC(C)(C)OC(=O)[C@@H](O)[C@H]1C(=O)N2C(C(=O)[O-])=C(C(C)(C)C)O[C@H]12.[Na+],<,0.1,,Relative protection,,Beta-lactamase,single protein format
CHEMBL423126,CC(C)(C)C1=C(C(=O)[O-])N2C(=O)[C@H]([C@@H](O)c3ccncc3)[C@H]2O1.[Na+],=,1.25,,Relative protection,,Beta-lactamase,single protein format
CHEMBL305792,CC(C)(C)C1=C(C(=O)[O-])N2C(=O)[C@H](CNC(=O)Cc3ccccc3)[C@H]2O1.[Na+],<,0.1,,Relative protection,,Beta-lactamase,single protein format
CHEMBL1003,O=C([O-])[C@H]1/C(=C/CO)O[C@@H]2CC(=O)N21.[K+],=,1.0,,Relative protection,,Beta-lactamase,single protein format
CHEMBL303628,C[C@@H](O)[C@H]1C(=O)N2C(C(=O)[O-])=C(C(C)(C)C)O[C@H]12.[Na+],,,,Relative protection,,Beta-lactamase,single protein format
CHEMBL303029,CC(C)(C)C1=C(C(=O)[O-])N2C(=O)[C@H]([C@H](O)c3ccccc3)[C@H]2O1.[Na+],<,0.3,,Relative protection,,Beta-lactamase,single protein format
CHEMBL70530,CC(C)(C)C1=C(C(=O)[O-])N2C(=O)[C@H]([C@H](O)CCc3ccc(O)cc3)[C@H]2O1.[Na+],<,0.1,,Relative protection,,Beta-lactamase,single protein format
CHEMBL303164,C[C@H](O)[C@H]1C(=O)N2C(C(=O)[O-])=C(C(C)(C)C)O[C@H]12.[Na+],,,,Relative protection,,Beta-lactamase,single protein format
CHEMBL68961,CC(C)(C)C1=C(C(=O)[O-])N2C(=O)[C@H]([C@H](O)CCc3ccncc3)[C@H]2O1.[Na+],<,0.1,,Relative protection,,Beta-lactamase,single protein format
CHEMBL305875,CC(C)(C)C1=C(C(=O)[O-])N2C(=O)[C@H]([C@H](O)CCc3ccncc3)[C@@H]2O1.[Na+],<,0.1,,Relative protection,,Beta-lactamase,single protein format
CHEMBL304068,COC(=O)[C@H](O)[C@H]1C(=O)N2C(C(=O)[O-])=C(C(C)(C)C)O[C@H]12.[Na+],<,0.1,,Relative protection,,Beta-lactamase,single protein format
CHEMBL421300,CC(C)(C)C1=C(C(=O)[O-])N2C(=O)[C@H]([C@@H](O)CCc3ccncc3)[C@H]2O1.[Na+],<,0.1,,Relative protection,,Beta-lactamase,single protein format
CHEMBL71877,CC(C)(C)C1=C(C(=O)[O-])N2C(=O)[C@H]([C@H](O)c3ccncc3)[C@H]2O1.[Na+],<,0.1,,Relative protection,,Beta-lactamase,single protein format
CHEMBL70934,CC(=O)NC[C@H]1C(=O)N2C(C(=O)[O-])=C(C(C)(C)C)O[C@H]12.[Na+],<,0.1,,Relative protection,,Beta-lactamase,single protein format
CHEMBL305433,CC(C)(C)C1=C(C(=O)[O-])N2C(=O)[C@H]([C@H](O)c3ccccc3)[C@@H]2O1.[Na+],<,0.3,,Relative protection,,Beta-lactamase,single protein format
CHEMBL71146,CC(C)(C)C1=C(C(=O)[O-])N2C(=O)[C@H]([C@@H](O)c3ccccc3)[C@@H]2O1.[Na+],=,0.3,,Relative protection,,Beta-lactamase,single protein format
CHEMBL70891,CC(C)(C)C1=C(C(=O)[O-])N2C(=O)[C@H](CNC(=O)COC(=O)Cc3ccccc3)[C@H]2O1.[Na+],<,0.1,,Relative protection,,Beta-lactamase,single protein format
CHEMBL70459,CC(C)(C)C1=C(C(=O)[O-])N2C(=O)[C@H]([C@H](O)CCc3ccc(O)cc3)[C@@H]2O1.[Na+],<,0.1,,Relative protection,,Beta-lactamase,single protein format
CHEMBL71293,COC(=O)[C@@H](O)[C@H]1C(=O)N2C(C(=O)[O-])=C(C(C)(C)C)O[C@H]12.[Na+],<,0.1,,Relative protection,,Beta-lactamase,single protein format
CHEMBL423306,CC(C)(C)C1=C(C(=O)[O-])N2C(=O)[C@H](CNS(C)(=O)=O)[C@H]2O1.[Na+],<,0.1,,Relative protection,,Beta-lactamase,single protein format
CHEMBL71465,CC(C)(C)C1=C(C(=O)[O-])N2C(=O)[C@H]([C@@H](O)c3ccc(O)cc3)[C@H]2O1.[Na+],=,0.6,,Relative protection,,Beta-lactamase,single protein format
CHEMBL69067,CC(C)(C)C1=C(C(=O)[O-])N2C(=O)[C@H](CO)[C@@H]2O1.[Na+],=,0.6,,Relative protection,,Beta-lactamase,single protein format
CHEMBL1626995,CC(C)(C)C1=C(C(=O)[O-])N2C(=O)[C@H](CNC(=O)[C@H](N)c3ccccc3)[C@H]2O1.[Na+],<,0.1,,Relative protection,,Beta-lactamase,single protein format
CHEMBL307959,CC(C)(C)C1=C(C(=O)[O-])N2C(=O)[C@H]([C@@H](O)CCc3ccccc3)[C@H]2O1.[Na+],<,0.1,,Relative protection,,Beta-lactamase,single protein format
CHEMBL74235,CC(C)(C)C1=C(C(=O)[O-])N2C(=O)[C@H](CNC(=O)CCNC(=O)Cc3ccccc3)[C@H]2O1.[Na+],<,0.1,,Relative protection,,Beta-lactamase,single protein format
CHEMBL73453,CC(C)(C)C1=C(C(=O)[O-])N2C(=O)[C@H]([C@@H](O)CCc3ccc(O)cc3)[C@@H]2O1.[Na+],<,0.1,,Relative protection,,Beta-lactamase,single protein format
CHEMBL71822,Cn1cc([C@@H](O)[C@H]2C(=O)N3C(C(=O)[O-])=C(C(C)(C)C)O[C@H]23)nn1.[Na+],=,1.5,,Relative protection,,Beta-lactamase,single protein format
CHEMBL70933,CC(C)(C)C1=C(C(=O)[O-])N2C(=O)[C@H](CNC(=O)COc3ccccc3)[C@H]2O1.[Na+],<,0.1,,Relative protection,,Beta-lactamase,single protein format
CHEMBL306161,CC(C)(C)C1=C(C(=O)[O-])N2C(=O)[C@H](CNC(=O)CNC(=O)Cc3ccccc3)[C@H]2O1.[Na+],<,0.1,,Relative protection,,Beta-lactamase,single protein format
CHEMBL71598,Cn1cc([C@H](O)[C@H]2C(=O)N3C(C(=O)[O-])=C(C(C)(C)C)O[C@@H]23)nn1.[Na+],=,0.5,,Relative protection,,Beta-lactamase,single protein format
CHEMBL302083,CC(C)(C)C1=C(C(=O)[O-])N2C(=O)[C@H]([C@@H](O)CCc3ccc(O)cc3)[C@H]2O1.[Na+],<,0.1,,Relative protection,,Beta-lactamase,single protein format
CHEMBL71312,CC(C)(C)C1=C(C(=O)[O-])N2C(=O)[C@H](CO)[C@H]2O1.[Na+],=,1.25,,Relative protection,,Beta-lactamase,single protein format
CHEMBL432534,CC(C)(C)OC(=O)[C@H](O)[C@H]1C(=O)N2C(C(=O)[O-])=C(C(C)(C)C)O[C@H]12.[Na+],<,0.1,,Relative protection,,Beta-lactamase,single protein format
CHEMBL305428,CC(C)(C)C1=C(C(=O)[O-])N2C(=O)[C@H](CNS(=O)(=O)Cc3ccccc3)[C@H]2O1.[Na+],<,0.1,,Relative protection,,Beta-lactamase,single protein format
CHEMBL70288,Cn1cc([C@H](O)[C@H]2C(=O)N3C(C(=O)[O-])=C(C(C)(C)C)O[C@H]23)nn1.[Na+],=,1.8,,Relative protection,,Beta-lactamase,single protein format
CHEMBL302541,CC(C)(C)C1=C(C(=O)[O-])N2C(=O)[C@H]([C@@H](O)c3ccccc3)[C@H]2O1.[Na+],=,6.0,,Relative protection,,Beta-lactamase,single protein format
CHEMBL71330,CC(C)(C)C1=C(C(=O)[O-])N2C(=O)[C@H]([C@H](O)CCc3ccccc3)[C@H]2O1.[Na+],<,0.1,,Relative protection,,Beta-lactamase,single protein format
CHEMBL415245,CC(C)(C)C1=C(C(=O)[O-])N2C(=O)[C@H](CN)[C@H]2O1.[Na+],<,0.1,,Relative protection,,Beta-lactamase,single protein format
