molecule_chembl_id,canonical_smiles,standard_relation,standard_value,standard_units,standard_type,pchembl_value,target_pref_name,bao_label
CHEMBL29,CC1(C)S[C@@H]2[C@H](NC(=O)Cc3ccccc3)C(=O)N2[C@H]1C(=O)O,=,61.0,%,Activity,,Beta-lactamase VIM-2,single protein format
CHEMBL520642,Nc1nc(/C(=N/O)C(=O)N[C@@H]2C(=O)N3C(C(=O)O)=C(/C=C4\CCN([C@@H]5CCNC5)C4=O)CS[C@H]23)ns1,=,46000.0,nM,Km,,Beta-lactamase VIM-2,single protein format
CHEMBL520642,Nc1nc(/C(=N/O)C(=O)N[C@@H]2C(=O)N3C(C(=O)O)=C(/C=C4\CCN([C@@H]5CCNC5)C4=O)CS[C@H]23)ns1,=,15.0,/s,Kcat,,Beta-lactamase VIM-2,single protein format
CHEMBL520642,Nc1nc(/C(=N/O)C(=O)N[C@@H]2C(=O)N3C(C(=O)O)=C(/C=C4\CCN([C@@H]5CCNC5)C4=O)CS[C@H]23)ns1,=,13.0,%,Activity,,Beta-lactamase VIM-2,single protein format
CHEMBL186,CO/N=C(\C(=O)N[C@@H]1C(=O)N2C(C(=O)[O-])=C(C[N+]3(C)CCCC3)CS[C@H]12)c1csc(N)n1,=,4.1,%,Activity,,Beta-lactamase VIM-2,single protein format
CHEMBL44354,CC(C)(O/N=C(\C(=O)N[C@@H]1C(=O)N2C(C(=O)[O-])=C(C[n+]3ccccc3)CS[C@H]12)c1csc(N)n1)C(=O)O,=,1.7,%,Activity,,Beta-lactamase VIM-2,single protein format
CHEMBL29,CC1(C)S[C@@H]2[C@H](NC(=O)Cc3ccccc3)C(=O)N2[C@H]1C(=O)O,=,0.49,/s/microM,Kcat/Km,,Beta-lactamase VIM-2,single protein format
CHEMBL186,CO/N=C(\C(=O)N[C@@H]1C(=O)N2C(C(=O)[O-])=C(C[N+]3(C)CCCC3)CS[C@H]12)c1csc(N)n1,=,0.38,/s,Kcat,,Beta-lactamase VIM-2,single protein format
CHEMBL520642,Nc1nc(/C(=N/O)C(=O)N[C@@H]2C(=O)N3C(C(=O)O)=C(/C=C4\CCN([C@@H]5CCNC5)C4=O)CS[C@H]23)ns1,=,0.33,/s/microM,Kcat/Km,,Beta-lactamase VIM-2,single protein format
CHEMBL186,CO/N=C(\C(=O)N[C@@H]1C(=O)N2C(C(=O)[O-])=C(C[N+]3(C)CCCC3)CS[C@H]12)c1csc(N)n1,=,0.32,%,Activity,,Beta-lactamase VIM-2,single protein format
CHEMBL44354,CC(C)(O/N=C(\C(=O)N[C@@H]1C(=O)N2C(C(=O)[O-])=C(C[n+]3ccccc3)CS[C@H]12)c1csc(N)n1)C(=O)O,=,0.23,/s,Kcat,,Beta-lactamase VIM-2,single protein format
CHEMBL44354,CC(C)(O/N=C(\C(=O)N[C@@H]1C(=O)N2C(C(=O)[O-])=C(C[n+]3ccccc3)CS[C@H]12)c1csc(N)n1)C(=O)O,=,0.19,%,Activity,,Beta-lactamase VIM-2,single protein format
CHEMBL316157,O=C(Cc1cccs1)N[C@@H]1C(=O)N2C(C(=O)[O-])=C(C[n+]3ccccc3)CS[C@H]12,=,0.086,/s/microM,Kcat/Km,,Beta-lactamase VIM-2,single protein format
CHEMBL186,CO/N=C(\C(=O)N[C@@H]1C(=O)N2C(C(=O)[O-])=C(C[N+]3(C)CCCC3)CS[C@H]12)c1csc(N)n1,=,0.0035,/s/microM,Kcat/Km,,Beta-lactamase VIM-2,single protein format
CHEMBL44354,CC(C)(O/N=C(\C(=O)N[C@@H]1C(=O)N2C(C(=O)[O-])=C(C[n+]3ccccc3)CS[C@H]12)c1csc(N)n1)C(=O)O,=,0.0015,/s/microM,Kcat/Km,,Beta-lactamase VIM-2,single protein format
CHEMBL316157,O=C(Cc1cccs1)N[C@@H]1C(=O)N2C(C(=O)[O-])=C(C[n+]3ccccc3)CS[C@H]12,=,120.0,/s,Kcat,,Beta-lactamase VIM-2,single protein format
CHEMBL29,CC1(C)S[C@@H]2[C@H](NC(=O)Cc3ccccc3)C(=O)N2[C@H]1C(=O)O,=,150000.0,nM,Km,,Beta-lactamase VIM-2,single protein format
CHEMBL44354,CC(C)(O/N=C(\C(=O)N[C@@H]1C(=O)N2C(C(=O)[O-])=C(C[n+]3ccccc3)CS[C@H]12)c1csc(N)n1)C(=O)O,=,150000.0,nM,Km,,Beta-lactamase VIM-2,single protein format
CHEMBL520642,Nc1nc(/C(=N/O)C(=O)N[C@@H]2C(=O)N3C(C(=O)O)=C(/C=C4\CCN([C@@H]5CCNC5)C4=O)CS[C@H]23)ns1,=,380.0,%,Activity,,Beta-lactamase VIM-2,single protein format
CHEMBL29,CC1(C)S[C@@H]2[C@H](NC(=O)Cc3ccccc3)C(=O)N2[C@H]1C(=O)O,=,570.0,%,Activity,,Beta-lactamase VIM-2,single protein format
CHEMBL316157,O=C(Cc1cccs1)N[C@@H]1C(=O)N2C(C(=O)[O-])=C(C[n+]3ccccc3)CS[C@H]12,=,1400000.0,nM,Km,,Beta-lactamase VIM-2,single protein format
CHEMBL186,CO/N=C(\C(=O)N[C@@H]1C(=O)N2C(C(=O)[O-])=C(C[N+]3(C)CCCC3)CS[C@H]12)c1csc(N)n1,=,110000.0,nM,Km,,Beta-lactamase VIM-2,single protein format
CHEMBL29,CC1(C)S[C@@H]2[C@H](NC(=O)Cc3ccccc3)C(=O)N2[C@H]1C(=O)O,=,73.0,/s,Kcat,,Beta-lactamase VIM-2,single protein format
CHEMBL316157,O=C(Cc1cccs1)N[C@@H]1C(=O)N2C(C(=O)[O-])=C(C[n+]3ccccc3)CS[C@H]12,=,120.0,/s,Kcat,,Beta-lactamase VIM-2,single protein format
CHEMBL29,CC1(C)S[C@@H]2[C@H](NC(=O)Cc3ccccc3)C(=O)N2[C@H]1C(=O)O,=,73.0,/s,Kcat,,Beta-lactamase VIM-2,single protein format
CHEMBL148,C[C@@H](O)[C@H]1C(=O)N2C(C(=O)O)=C(SCCNC=N)C[C@H]12,=,20.0,/s,Kcat,,Beta-lactamase VIM-2,single protein format
CHEMBL127,C[C@@H](O)[C@H]1C(=O)N2C(C(=O)O)=C(S[C@@H]3CN[C@H](C(=O)N(C)C)C3)[C@H](C)[C@H]12,=,2.1,/s,Kcat,,Beta-lactamase VIM-2,single protein format
CHEMBL491571,C[C@@H](O)[C@H]1C(=O)N2C(C(=O)O)=C(S[C@@H]3CN[C@H](CNS(N)(=O)=O)C3)[C@H](C)[C@H]12,=,2.4,/s,Kcat,,Beta-lactamase VIM-2,single protein format
CHEMBL44354,CC(C)(O/N=C(\C(=O)N[C@@H]1C(=O)N2C(C(=O)[O-])=C(C[n+]3ccccc3)CS[C@H]12)c1csc(N)n1)C(=O)O,=,0.23,/s,Kcat,,Beta-lactamase VIM-2,single protein format
CHEMBL316157,O=C(Cc1cccs1)N[C@@H]1C(=O)N2C(C(=O)[O-])=C(C[n+]3ccccc3)CS[C@H]12,=,1400000.0,nM,Km,,Beta-lactamase VIM-2,single protein format
CHEMBL29,CC1(C)S[C@@H]2[C@H](NC(=O)Cc3ccccc3)C(=O)N2[C@H]1C(=O)O,=,150000.0,nM,Km,,Beta-lactamase VIM-2,single protein format
CHEMBL148,C[C@@H](O)[C@H]1C(=O)N2C(C(=O)O)=C(SCCNC=N)C[C@H]12,=,60000.0,nM,Km,,Beta-lactamase VIM-2,single protein format
CHEMBL127,C[C@@H](O)[C@H]1C(=O)N2C(C(=O)O)=C(S[C@@H]3CN[C@H](C(=O)N(C)C)C3)[C@H](C)[C@H]12,=,40000.0,nM,Km,,Beta-lactamase VIM-2,single protein format
CHEMBL491571,C[C@@H](O)[C@H]1C(=O)N2C(C(=O)O)=C(S[C@@H]3CN[C@H](CNS(N)(=O)=O)C3)[C@H](C)[C@H]12,=,83000.0,nM,Km,,Beta-lactamase VIM-2,single protein format
CHEMBL44354,CC(C)(O/N=C(\C(=O)N[C@@H]1C(=O)N2C(C(=O)[O-])=C(C[n+]3ccccc3)CS[C@H]12)c1csc(N)n1)C(=O)O,=,150000.0,nM,Km,,Beta-lactamase VIM-2,single protein format
CHEMBL316157,O=C(Cc1cccs1)N[C@@H]1C(=O)N2C(C(=O)[O-])=C(C[n+]3ccccc3)CS[C@H]12,=,0.086,/s/microM,Kcat/Km,,Beta-lactamase VIM-2,single protein format
CHEMBL29,CC1(C)S[C@@H]2[C@H](NC(=O)Cc3ccccc3)C(=O)N2[C@H]1C(=O)O,=,0.49,/s/microM,Kcat/Km,,Beta-lactamase VIM-2,single protein format
CHEMBL127,C[C@@H](O)[C@H]1C(=O)N2C(C(=O)O)=C(S[C@@H]3CN[C@H](C(=O)N(C)C)C3)[C@H](C)[C@H]12,=,0.053,/s/microM,Kcat/Km,,Beta-lactamase VIM-2,single protein format
CHEMBL491571,C[C@@H](O)[C@H]1C(=O)N2C(C(=O)O)=C(S[C@@H]3CN[C@H](CNS(N)(=O)=O)C3)[C@H](C)[C@H]12,=,0.029,/s/microM,Kcat/Km,,Beta-lactamase VIM-2,single protein format
CHEMBL44354,CC(C)(O/N=C(\C(=O)N[C@@H]1C(=O)N2C(C(=O)[O-])=C(C[n+]3ccccc3)CS[C@H]12)c1csc(N)n1)C(=O)O,=,0.0015,/s/microM,Kcat/Km,,Beta-lactamase VIM-2,single protein format
CHEMBL29,CC1(C)S[C@@H]2[C@H](NC(=O)Cc3ccccc3)C(=O)N2[C@H]1C(=O)O,=,61.0,%,Activity,,Beta-lactamase VIM-2,single protein format
CHEMBL29,CC1(C)S[C@@H]2[C@H](NC(=O)Cc3ccccc3)C(=O)N2[C@H]1C(=O)O,=,570.0,%,Activity,,Beta-lactamase VIM-2,single protein format
CHEMBL44354,CC(C)(O/N=C(\C(=O)N[C@@H]1C(=O)N2C(C(=O)[O-])=C(C[n+]3ccccc3)CS[C@H]12)c1csc(N)n1)C(=O)O,=,0.19,%,Activity,,Beta-lactamase VIM-2,single protein format
CHEMBL44354,CC(C)(O/N=C(\C(=O)N[C@@H]1C(=O)N2C(C(=O)[O-])=C(C[n+]3ccccc3)CS[C@H]12)c1csc(N)n1)C(=O)O,=,1.7,%,Activity,,Beta-lactamase VIM-2,single protein format
CHEMBL491571,C[C@@H](O)[C@H]1C(=O)N2C(C(=O)O)=C(S[C@@H]3CN[C@H](CNS(N)(=O)=O)C3)[C@H](C)[C@H]12,=,2.0,%,Activity,,Beta-lactamase VIM-2,single protein format
CHEMBL491571,C[C@@H](O)[C@H]1C(=O)N2C(C(=O)O)=C(S[C@@H]3CN[C@H](CNS(N)(=O)=O)C3)[C@H](C)[C@H]12,=,34.0,%,Activity,,Beta-lactamase VIM-2,single protein format
CHEMBL148,C[C@@H](O)[C@H]1C(=O)N2C(C(=O)O)=C(SCCNC=N)C[C@H]12,=,17.0,%,Activity,,Beta-lactamase VIM-2,single protein format
CHEMBL148,C[C@@H](O)[C@H]1C(=O)N2C(C(=O)O)=C(SCCNC=N)C[C@H]12,=,380.0,%,Activity,,Beta-lactamase VIM-2,single protein format
CHEMBL127,C[C@@H](O)[C@H]1C(=O)N2C(C(=O)O)=C(S[C@@H]3CN[C@H](C(=O)N(C)C)C3)[C@H](C)[C@H]12,=,1.8,%,Activity,,Beta-lactamase VIM-2,single protein format
CHEMBL127,C[C@@H](O)[C@H]1C(=O)N2C(C(=O)O)=C(S[C@@H]3CN[C@H](C(=O)N(C)C)C3)[C@H](C)[C@H]12,=,62.0,%,Activity,,Beta-lactamase VIM-2,single protein format
CHEMBL148,C[C@@H](O)[C@H]1C(=O)N2C(C(=O)O)=C(SCCNC=N)C[C@H]12,=,0.33,/s/microM,Kcat/Km,,Beta-lactamase VIM-2,single protein format
CHEMBL44354,CC(C)(O/N=C(\C(=O)N[C@@H]1C(=O)N2C(C(=O)[O-])=C(C[n+]3ccccc3)CS[C@H]12)c1csc(N)n1)C(=O)O,=,0.0015,/s/microM,Kcat/Km,,Beta-lactamase VIM-2,single protein format
CHEMBL186,CO/N=C(\C(=O)N[C@@H]1C(=O)N2C(C(=O)[O-])=C(C[N+]3(C)CCCC3)CS[C@H]12)c1csc(N)n1,=,0.0035,/s/microM,Kcat/Km,,Beta-lactamase VIM-2,single protein format
CHEMBL127,C[C@@H](O)[C@H]1C(=O)N2C(C(=O)O)=C(S[C@@H]3CN[C@H](C(=O)N(C)C)C3)[C@H](C)[C@H]12,=,0.053,/s/microM,Kcat/Km,,Beta-lactamase VIM-2,single protein format
CHEMBL316157,O=C(Cc1cccs1)N[C@@H]1C(=O)N2C(C(=O)[O-])=C(C[n+]3ccccc3)CS[C@H]12,=,0.086,/s/microM,Kcat/Km,,Beta-lactamase VIM-2,single protein format
CHEMBL44354,CC(C)(O/N=C(\C(=O)N[C@@H]1C(=O)N2C(C(=O)[O-])=C(C[n+]3ccccc3)CS[C@H]12)c1csc(N)n1)C(=O)O,=,0.19,%,Activity,,Beta-lactamase VIM-2,single protein format
CHEMBL44354,CC(C)(O/N=C(\C(=O)N[C@@H]1C(=O)N2C(C(=O)[O-])=C(C[n+]3ccccc3)CS[C@H]12)c1csc(N)n1)C(=O)O,=,0.23,/s,Kcat,,Beta-lactamase VIM-2,single protein format
CHEMBL186,CO/N=C(\C(=O)N[C@@H]1C(=O)N2C(C(=O)[O-])=C(C[N+]3(C)CCCC3)CS[C@H]12)c1csc(N)n1,=,0.32,%,Activity,,Beta-lactamase VIM-2,single protein format
CHEMBL148,C[C@@H](O)[C@H]1C(=O)N2C(C(=O)O)=C(SCCNC=N)C[C@H]12,=,0.33,/s/microM,Kcat/Km,,Beta-lactamase VIM-2,single protein format
CHEMBL186,CO/N=C(\C(=O)N[C@@H]1C(=O)N2C(C(=O)[O-])=C(C[N+]3(C)CCCC3)CS[C@H]12)c1csc(N)n1,=,0.38,/s,Kcat,,Beta-lactamase VIM-2,single protein format
CHEMBL29,CC1(C)S[C@@H]2[C@H](NC(=O)Cc3ccccc3)C(=O)N2[C@H]1C(=O)O,=,0.49,/s/microM,Kcat/Km,,Beta-lactamase VIM-2,single protein format
CHEMBL44354,CC(C)(O/N=C(\C(=O)N[C@@H]1C(=O)N2C(C(=O)[O-])=C(C[n+]3ccccc3)CS[C@H]12)c1csc(N)n1)C(=O)O,=,1.7,%,Activity,,Beta-lactamase VIM-2,single protein format
CHEMBL127,C[C@@H](O)[C@H]1C(=O)N2C(C(=O)O)=C(S[C@@H]3CN[C@H](C(=O)N(C)C)C3)[C@H](C)[C@H]12,=,1.8,%,Activity,,Beta-lactamase VIM-2,single protein format
CHEMBL127,C[C@@H](O)[C@H]1C(=O)N2C(C(=O)O)=C(S[C@@H]3CN[C@H](C(=O)N(C)C)C3)[C@H](C)[C@H]12,=,2.1,/s,Kcat,,Beta-lactamase VIM-2,single protein format
CHEMBL186,CO/N=C(\C(=O)N[C@@H]1C(=O)N2C(C(=O)[O-])=C(C[N+]3(C)CCCC3)CS[C@H]12)c1csc(N)n1,=,4.1,%,Activity,,Beta-lactamase VIM-2,single protein format
CHEMBL148,C[C@@H](O)[C@H]1C(=O)N2C(C(=O)O)=C(SCCNC=N)C[C@H]12,=,17.0,%,Activity,,Beta-lactamase VIM-2,single protein format
CHEMBL148,C[C@@H](O)[C@H]1C(=O)N2C(C(=O)O)=C(SCCNC=N)C[C@H]12,=,20.0,/s,Kcat,,Beta-lactamase VIM-2,single protein format
CHEMBL127,C[C@@H](O)[C@H]1C(=O)N2C(C(=O)O)=C(S[C@@H]3CN[C@H](C(=O)N(C)C)C3)[C@H](C)[C@H]12,=,40000.0,nM,Km,,Beta-lactamase VIM-2,single protein format
CHEMBL148,C[C@@H](O)[C@H]1C(=O)N2C(C(=O)O)=C(SCCNC=N)C[C@H]12,=,60000.0,nM,Km,,Beta-lactamase VIM-2,single protein format
CHEMBL29,CC1(C)S[C@@H]2[C@H](NC(=O)Cc3ccccc3)C(=O)N2[C@H]1C(=O)O,=,61.0,%,Activity,,Beta-lactamase VIM-2,single protein format
CHEMBL127,C[C@@H](O)[C@H]1C(=O)N2C(C(=O)O)=C(S[C@@H]3CN[C@H](C(=O)N(C)C)C3)[C@H](C)[C@H]12,=,62.0,%,Activity,,Beta-lactamase VIM-2,single protein format
CHEMBL29,CC1(C)S[C@@H]2[C@H](NC(=O)Cc3ccccc3)C(=O)N2[C@H]1C(=O)O,=,73.0,/s,Kcat,,Beta-lactamase VIM-2,single protein format
CHEMBL316157,O=C(Cc1cccs1)N[C@@H]1C(=O)N2C(C(=O)[O-])=C(C[n+]3ccccc3)CS[C@H]12,=,100.0,%,Activity,,Beta-lactamase VIM-2,single protein format
CHEMBL316157,O=C(Cc1cccs1)N[C@@H]1C(=O)N2C(C(=O)[O-])=C(C[n+]3ccccc3)CS[C@H]12,=,100.0,%,Activity,,Beta-lactamase VIM-2,single protein format
CHEMBL186,CO/N=C(\C(=O)N[C@@H]1C(=O)N2C(C(=O)[O-])=C(C[N+]3(C)CCCC3)CS[C@H]12)c1csc(N)n1,=,110000.0,nM,Km,,Beta-lactamase VIM-2,single protein format
CHEMBL316157,O=C(Cc1cccs1)N[C@@H]1C(=O)N2C(C(=O)[O-])=C(C[n+]3ccccc3)CS[C@H]12,=,120.0,/s,Kcat,,Beta-lactamase VIM-2,single protein format
CHEMBL44354,CC(C)(O/N=C(\C(=O)N[C@@H]1C(=O)N2C(C(=O)[O-])=C(C[n+]3ccccc3)CS[C@H]12)c1csc(N)n1)C(=O)O,=,150000.0,nM,Km,,Beta-lactamase VIM-2,single protein format
CHEMBL29,CC1(C)S[C@@H]2[C@H](NC(=O)Cc3ccccc3)C(=O)N2[C@H]1C(=O)O,=,150000.0,nM,Km,,Beta-lactamase VIM-2,single protein format
CHEMBL148,C[C@@H](O)[C@H]1C(=O)N2C(C(=O)O)=C(SCCNC=N)C[C@H]12,=,380.0,%,Activity,,Beta-lactamase VIM-2,single protein format
CHEMBL29,CC1(C)S[C@@H]2[C@H](NC(=O)Cc3ccccc3)C(=O)N2[C@H]1C(=O)O,=,570.0,%,Activity,,Beta-lactamase VIM-2,single protein format
CHEMBL316157,O=C(Cc1cccs1)N[C@@H]1C(=O)N2C(C(=O)[O-])=C(C[n+]3ccccc3)CS[C@H]12,=,1400000.0,nM,Km,,Beta-lactamase VIM-2,single protein format
CHEMBL158,C[C@H]1[C@H](NC(=O)/C(=N\OC(C)(C)C(=O)O)c2csc(N)n2)C(=O)N1S(=O)(=O)O,,,,Kcat,,Beta-lactamase VIM-2,single protein format
CHEMBL1730,CO/N=C(\C(=O)N[C@@H]1C(=O)N2C(C(=O)O)=C(COC(C)=O)CS[C@H]12)c1csc(N)n1,,,,Kcat/Km,,Beta-lactamase VIM-2,single protein format
CHEMBL158,C[C@H]1[C@H](NC(=O)/C(=N\OC(C)(C)C(=O)O)c2csc(N)n2)C(=O)N1S(=O)(=O)O,,,,Kcat/Km,,Beta-lactamase VIM-2,single protein format
CHEMBL1730,CO/N=C(\C(=O)N[C@@H]1C(=O)N2C(C(=O)O)=C(COC(C)=O)CS[C@H]12)c1csc(N)n1,,,,Activity,,Beta-lactamase VIM-2,single protein format
CHEMBL158,C[C@H]1[C@H](NC(=O)/C(=N\OC(C)(C)C(=O)O)c2csc(N)n2)C(=O)N1S(=O)(=O)O,,,,Activity,,Beta-lactamase VIM-2,single protein format
CHEMBL1730,CO/N=C(\C(=O)N[C@@H]1C(=O)N2C(C(=O)O)=C(COC(C)=O)CS[C@H]12)c1csc(N)n1,,,,Activity,,Beta-lactamase VIM-2,single protein format
CHEMBL158,C[C@H]1[C@H](NC(=O)/C(=N\OC(C)(C)C(=O)O)c2csc(N)n2)C(=O)N1S(=O)(=O)O,,,,Activity,,Beta-lactamase VIM-2,single protein format
CHEMBL158,C[C@H]1[C@H](NC(=O)/C(=N\OC(C)(C)C(=O)O)c2csc(N)n2)C(=O)N1S(=O)(=O)O,,,,Km,,Beta-lactamase VIM-2,single protein format
CHEMBL1730,CO/N=C(\C(=O)N[C@@H]1C(=O)N2C(C(=O)O)=C(COC(C)=O)CS[C@H]12)c1csc(N)n1,,,,Kcat,,Beta-lactamase VIM-2,single protein format
CHEMBL1730,CO/N=C(\C(=O)N[C@@H]1C(=O)N2C(C(=O)O)=C(COC(C)=O)CS[C@H]12)c1csc(N)n1,,,,Km,,Beta-lactamase VIM-2,single protein format
CHEMBL777,O=C(O)[C@H]1/C(=C/CO)O[C@@H]2CC(=O)N21,>,5000000.0,nM,Km,,Beta-lactamase VIM-2,single protein format
CHEMBL403,CC1(C)[C@H](C(=O)O)N2C(=O)C[C@H]2S1(=O)=O,=,320000.0,nM,Km,,Beta-lactamase VIM-2,single protein format
CHEMBL404,C[C@]1(Cn2ccnn2)[C@H](C(=O)O)N2C(=O)C[C@H]2S1(=O)=O,=,875000.0,nM,Km,,Beta-lactamase VIM-2,single protein format
CHEMBL158,C[C@H]1[C@H](NC(=O)/C(=N\OC(C)(C)C(=O)O)c2csc(N)n2)C(=O)N1S(=O)(=O)O,>,1000000.0,nM,Km,,Beta-lactamase VIM-2,single protein format
CHEMBL1359,C[C@@H](O)[C@H]1C(=O)N2C(C(=O)O)=C(S[C@@H]3CN[C@H](C(=O)Nc4cccc(C(=O)O)c4)C3)[C@H](C)[C@H]12,=,9000.0,nM,Km,,Beta-lactamase VIM-2,single protein format
CHEMBL127,C[C@@H](O)[C@H]1C(=O)N2C(C(=O)O)=C(S[C@@H]3CN[C@H](C(=O)N(C)C)C3)[C@H](C)[C@H]12,=,2000.0,nM,Km,,Beta-lactamase VIM-2,single protein format
CHEMBL148,C[C@@H](O)[C@H]1C(=O)N2C(C(=O)O)=C(SCCNC=N)C[C@H]12,=,9000.0,nM,Km,,Beta-lactamase VIM-2,single protein format
CHEMBL74632,CO[C@@]1(NC(=O)C(C(=O)O)c2ccc(O)cc2)C(=O)N2C(C(=O)O)=C(CSc3nnnn3C)CO[C@@H]21,=,55000.0,nM,Km,,Beta-lactamase VIM-2,single protein format
CHEMBL480517,O=C(Cc1cccs1)N[C@@H]1C(=O)N2C(C(=O)O)=C(/C=C/c3ccc([N+](=O)[O-])cc3[N+](=O)[O-])CS[C@H]12,=,18000.0,nM,Km,,Beta-lactamase VIM-2,single protein format
CHEMBL186,CO/N=C(\C(=O)N[C@@H]1C(=O)N2C(C(=O)[O-])=C(C[N+]3(C)CCCC3)CS[C@H]12)c1csc(N)n1,>,400000.0,nM,Km,,Beta-lactamase VIM-2,single protein format
CHEMBL44354,CC(C)(O/N=C(\C(=O)N[C@@H]1C(=O)N2C(C(=O)[O-])=C(C[n+]3ccccc3)CS[C@H]12)c1csc(N)n1)C(=O)O,=,72000.0,nM,Km,,Beta-lactamase VIM-2,single protein format
CHEMBL1730,CO/N=C(\C(=O)N[C@@H]1C(=O)N2C(C(=O)O)=C(COC(C)=O)CS[C@H]12)c1csc(N)n1,=,12000.0,nM,Km,,Beta-lactamase VIM-2,single protein format
CHEMBL1436,CO/N=C(\C(=O)N[C@@H]1C(=O)N2C(C(=O)O)=C(COC(N)=O)CS[C@H]12)c1ccco1,=,20000.0,nM,Km,,Beta-lactamase VIM-2,single protein format
CHEMBL996,CO[C@@]1(NC(=O)Cc2cccs2)C(=O)N2C(C(=O)O)=C(COC(N)=O)CS[C@@H]21,=,13000.0,nM,Km,,Beta-lactamase VIM-2,single protein format
CHEMBL316157,O=C(Cc1cccs1)N[C@@H]1C(=O)N2C(C(=O)[O-])=C(C[n+]3ccccc3)CS[C@H]12,=,50000.0,nM,Km,,Beta-lactamase VIM-2,single protein format
CHEMBL617,CC(=O)OCC1=C(C(=O)O)N2C(=O)[C@@H](NC(=O)Cc3cccs3)[C@H]2SC1,=,11000.0,nM,Km,,Beta-lactamase VIM-2,single protein format
CHEMBL891,Cc1onc(-c2ccccc2Cl)c1C(=O)N[C@@H]1C(=O)N2[C@@H](C(=O)O)C(C)(C)S[C@H]12,=,250000.0,nM,Km,,Beta-lactamase VIM-2,single protein format
CHEMBL1537,CC1(C)S[C@@H]2[C@H](NC(=O)[C@H](NC(=O)N3CCNC3=O)c3ccccc3)C(=O)N2[C@H]1C(=O)O,=,200000.0,nM,Km,,Beta-lactamase VIM-2,single protein format
CHEMBL702,CCN1CCN(C(=O)N[C@@H](C(=O)N[C@@H]2C(=O)N3[C@@H](C(=O)O)C(C)(C)S[C@H]23)c2ccccc2)C(=O)C1=O,=,125000.0,nM,Km,,Beta-lactamase VIM-2,single protein format
CHEMBL1214,CC1(C)S[C@@H]2[C@H](NC(=O)C(C(=O)O)c3ccccc3)C(=O)N2[C@H]1C(=O)O,=,205000.0,nM,Km,,Beta-lactamase VIM-2,single protein format
CHEMBL174,CC1(C)S[C@@H]2[C@H](NC(=O)[C@H](N)c3ccccc3)C(=O)N2[C@H]1C(=O)O,=,90000.0,nM,Km,,Beta-lactamase VIM-2,single protein format
CHEMBL29,CC1(C)S[C@@H]2[C@H](NC(=O)Cc3ccccc3)C(=O)N2[C@H]1C(=O)O,=,70000.0,nM,Km,,Beta-lactamase VIM-2,single protein format
CHEMBL29,CC1(C)S[C@@H]2[C@H](NC(=O)Cc3ccccc3)C(=O)N2[C@H]1C(=O)O,=,280.0,/s,Kcat,,Beta-lactamase VIM-2,single protein format
CHEMBL174,CC1(C)S[C@@H]2[C@H](NC(=O)[C@H](N)c3ccccc3)C(=O)N2[C@H]1C(=O)O,=,125.0,/s,Kcat,,Beta-lactamase VIM-2,single protein format
CHEMBL1214,CC1(C)S[C@@H]2[C@H](NC(=O)C(C(=O)O)c3ccccc3)C(=O)N2[C@H]1C(=O)O,=,185.0,/s,Kcat,,Beta-lactamase VIM-2,single protein format
CHEMBL702,CCN1CCN(C(=O)N[C@@H](C(=O)N[C@@H]2C(=O)N3[C@@H](C(=O)O)C(C)(C)S[C@H]23)c2ccccc2)C(=O)C1=O,=,300.0,/s,Kcat,,Beta-lactamase VIM-2,single protein format
CHEMBL1537,CC1(C)S[C@@H]2[C@H](NC(=O)[C@H](NC(=O)N3CCNC3=O)c3ccccc3)C(=O)N2[C@H]1C(=O)O,=,200.0,/s,Kcat,,Beta-lactamase VIM-2,single protein format
CHEMBL891,Cc1onc(-c2ccccc2Cl)c1C(=O)N[C@@H]1C(=O)N2[C@@H](C(=O)O)C(C)(C)S[C@H]12,=,350.0,/s,Kcat,,Beta-lactamase VIM-2,single protein format
CHEMBL617,CC(=O)OCC1=C(C(=O)O)N2C(=O)[C@@H](NC(=O)Cc3cccs3)[C@H]2SC1,=,130.0,/s,Kcat,,Beta-lactamase VIM-2,single protein format
CHEMBL316157,O=C(Cc1cccs1)N[C@@H]1C(=O)N2C(C(=O)[O-])=C(C[n+]3ccccc3)CS[C@H]12,=,140.0,/s,Kcat,,Beta-lactamase VIM-2,single protein format
CHEMBL996,CO[C@@]1(NC(=O)Cc2cccs2)C(=O)N2C(C(=O)O)=C(COC(N)=O)CS[C@@H]21,=,15.0,/s,Kcat,,Beta-lactamase VIM-2,single protein format
CHEMBL1436,CO/N=C(\C(=O)N[C@@H]1C(=O)N2C(C(=O)O)=C(COC(N)=O)CS[C@H]12)c1ccco1,=,8.0,/s,Kcat,,Beta-lactamase VIM-2,single protein format
CHEMBL1730,CO/N=C(\C(=O)N[C@@H]1C(=O)N2C(C(=O)O)=C(COC(C)=O)CS[C@H]12)c1csc(N)n1,=,70.0,/s,Kcat,,Beta-lactamase VIM-2,single protein format
CHEMBL44354,CC(C)(O/N=C(\C(=O)N[C@@H]1C(=O)N2C(C(=O)[O-])=C(C[n+]3ccccc3)CS[C@H]12)c1csc(N)n1)C(=O)O,=,3.6,/s,Kcat,,Beta-lactamase VIM-2,single protein format
CHEMBL186,CO/N=C(\C(=O)N[C@@H]1C(=O)N2C(C(=O)[O-])=C(C[N+]3(C)CCCC3)CS[C@H]12)c1csc(N)n1,>,40.0,/s,Kcat,,Beta-lactamase VIM-2,single protein format
CHEMBL480517,O=C(Cc1cccs1)N[C@@H]1C(=O)N2C(C(=O)O)=C(/C=C/c3ccc([N+](=O)[O-])cc3[N+](=O)[O-])CS[C@H]12,=,770.0,/s,Kcat,,Beta-lactamase VIM-2,single protein format
CHEMBL74632,CO[C@@]1(NC(=O)C(C(=O)O)c2ccc(O)cc2)C(=O)N2C(C(=O)O)=C(CSc3nnnn3C)CO[C@@H]21,=,90.0,/s,Kcat,,Beta-lactamase VIM-2,single protein format
CHEMBL148,C[C@@H](O)[C@H]1C(=O)N2C(C(=O)O)=C(SCCNC=N)C[C@H]12,=,34.0,/s,Kcat,,Beta-lactamase VIM-2,single protein format
CHEMBL127,C[C@@H](O)[C@H]1C(=O)N2C(C(=O)O)=C(S[C@@H]3CN[C@H](C(=O)N(C)C)C3)[C@H](C)[C@H]12,=,5.0,/s,Kcat,,Beta-lactamase VIM-2,single protein format
CHEMBL1359,C[C@@H](O)[C@H]1C(=O)N2C(C(=O)O)=C(S[C@@H]3CN[C@H](C(=O)Nc4cccc(C(=O)O)c4)C3)[C@H](C)[C@H]12,=,0.2,/s,Kcat,,Beta-lactamase VIM-2,single protein format
CHEMBL158,C[C@H]1[C@H](NC(=O)/C(=N\OC(C)(C)C(=O)O)c2csc(N)n2)C(=O)N1S(=O)(=O)O,<,0.01,/s,Kcat,,Beta-lactamase VIM-2,single protein format
CHEMBL404,C[C@]1(Cn2ccnn2)[C@H](C(=O)O)N2C(=O)C[C@H]2S1(=O)=O,=,28.0,/s,Kcat,,Beta-lactamase VIM-2,single protein format
CHEMBL403,CC1(C)[C@H](C(=O)O)N2C(=O)C[C@H]2S1(=O)=O,=,23.0,/s,Kcat,,Beta-lactamase VIM-2,single protein format
CHEMBL777,O=C(O)[C@H]1/C(=C/CO)O[C@@H]2CC(=O)N21,=,5.4,/s,Kcat,,Beta-lactamase VIM-2,single protein format
CHEMBL29,CC1(C)S[C@@H]2[C@H](NC(=O)Cc3ccccc3)C(=O)N2[C@H]1C(=O)O,=,4.0,/uM/s,Kcat/Km,,Beta-lactamase VIM-2,single protein format
CHEMBL174,CC1(C)S[C@@H]2[C@H](NC(=O)[C@H](N)c3ccccc3)C(=O)N2[C@H]1C(=O)O,=,1.4,/uM/s,Kcat/Km,,Beta-lactamase VIM-2,single protein format
CHEMBL1214,CC1(C)S[C@@H]2[C@H](NC(=O)C(C(=O)O)c3ccccc3)C(=O)N2[C@H]1C(=O)O,=,0.9,/uM/s,Kcat/Km,,Beta-lactamase VIM-2,single protein format
CHEMBL702,CCN1CCN(C(=O)N[C@@H](C(=O)N[C@@H]2C(=O)N3[C@@H](C(=O)O)C(C)(C)S[C@H]23)c2ccccc2)C(=O)C1=O,=,2.4,/uM/s,Kcat/Km,,Beta-lactamase VIM-2,single protein format
CHEMBL1537,CC1(C)S[C@@H]2[C@H](NC(=O)[C@H](NC(=O)N3CCNC3=O)c3ccccc3)C(=O)N2[C@H]1C(=O)O,=,1.0,/uM/s,Kcat/Km,,Beta-lactamase VIM-2,single protein format
CHEMBL891,Cc1onc(-c2ccccc2Cl)c1C(=O)N[C@@H]1C(=O)N2[C@@H](C(=O)O)C(C)(C)S[C@H]12,=,1.4,/uM/s,Kcat/Km,,Beta-lactamase VIM-2,single protein format
CHEMBL617,CC(=O)OCC1=C(C(=O)O)N2C(=O)[C@@H](NC(=O)Cc3cccs3)[C@H]2SC1,=,12.0,/uM/s,Kcat/Km,,Beta-lactamase VIM-2,single protein format
CHEMBL316157,O=C(Cc1cccs1)N[C@@H]1C(=O)N2C(C(=O)[O-])=C(C[n+]3ccccc3)CS[C@H]12,=,2.8,/uM/s,Kcat/Km,,Beta-lactamase VIM-2,single protein format
CHEMBL996,CO[C@@]1(NC(=O)Cc2cccs2)C(=O)N2C(C(=O)O)=C(COC(N)=O)CS[C@@H]21,=,1.2,/uM/s,Kcat/Km,,Beta-lactamase VIM-2,single protein format
CHEMBL1436,CO/N=C(\C(=O)N[C@@H]1C(=O)N2C(C(=O)O)=C(COC(N)=O)CS[C@H]12)c1ccco1,=,0.4,/uM/s,Kcat/Km,,Beta-lactamase VIM-2,single protein format
CHEMBL1730,CO/N=C(\C(=O)N[C@@H]1C(=O)N2C(C(=O)O)=C(COC(C)=O)CS[C@H]12)c1csc(N)n1,=,5.8,/uM/s,Kcat/Km,,Beta-lactamase VIM-2,single protein format
CHEMBL44354,CC(C)(O/N=C(\C(=O)N[C@@H]1C(=O)N2C(C(=O)[O-])=C(C[n+]3ccccc3)CS[C@H]12)c1csc(N)n1)C(=O)O,=,0.05,/uM/s,Kcat/Km,,Beta-lactamase VIM-2,single protein format
CHEMBL186,CO/N=C(\C(=O)N[C@@H]1C(=O)N2C(C(=O)[O-])=C(C[N+]3(C)CCCC3)CS[C@H]12)c1csc(N)n1,=,0.1,/uM/s,Kcat/Km,,Beta-lactamase VIM-2,single protein format
CHEMBL480517,O=C(Cc1cccs1)N[C@@H]1C(=O)N2C(C(=O)O)=C(/C=C/c3ccc([N+](=O)[O-])cc3[N+](=O)[O-])CS[C@H]12,=,42.8,/uM/s,Kcat/Km,,Beta-lactamase VIM-2,single protein format
CHEMBL74632,CO[C@@]1(NC(=O)C(C(=O)O)c2ccc(O)cc2)C(=O)N2C(C(=O)O)=C(CSc3nnnn3C)CO[C@@H]21,=,1.6,/uM/s,Kcat/Km,,Beta-lactamase VIM-2,single protein format
CHEMBL148,C[C@@H](O)[C@H]1C(=O)N2C(C(=O)O)=C(SCCNC=N)C[C@H]12,=,3.8,/uM/s,Kcat/Km,,Beta-lactamase VIM-2,single protein format
CHEMBL127,C[C@@H](O)[C@H]1C(=O)N2C(C(=O)O)=C(S[C@@H]3CN[C@H](C(=O)N(C)C)C3)[C@H](C)[C@H]12,=,2.5,/uM/s,Kcat/Km,,Beta-lactamase VIM-2,single protein format
CHEMBL1359,C[C@@H](O)[C@H]1C(=O)N2C(C(=O)O)=C(S[C@@H]3CN[C@H](C(=O)Nc4cccc(C(=O)O)c4)C3)[C@H](C)[C@H]12,=,0.022,/uM/s,Kcat/Km,,Beta-lactamase VIM-2,single protein format
CHEMBL158,C[C@H]1[C@H](NC(=O)/C(=N\OC(C)(C)C(=O)O)c2csc(N)n2)C(=O)N1S(=O)(=O)O,<,1.0,10'2 uM/s,Kcat/Km,,Beta-lactamase VIM-2,single protein format
CHEMBL404,C[C@]1(Cn2ccnn2)[C@H](C(=O)O)N2C(=O)C[C@H]2S1(=O)=O,=,0.032,/uM/s,Kcat/Km,,Beta-lactamase VIM-2,single protein format
CHEMBL403,CC1(C)[C@H](C(=O)O)N2C(=O)C[C@H]2S1(=O)=O,=,0.072,/uM/s,Kcat/Km,,Beta-lactamase VIM-2,single protein format
CHEMBL777,O=C(O)[C@H]1/C(=C/CO)O[C@@H]2CC(=O)N21,=,0.0011,/uM/s,Kcat/Km,,Beta-lactamase VIM-2,single protein format
CHEMBL1673299,CC/C(C(=O)[O-])=C(\CC)C(=O)[O-].[Na+].[Na+],=,120000.0,nM,Ki,,Beta-lactamase VIM-2,single protein format
CHEMBL148,C[C@@H](O)[C@H]1C(=O)N2C(C(=O)O)=C(SCCNC=N)C[C@H]12,=,98.9,/s,Kcat,,Beta-lactamase VIM-2,single protein format
CHEMBL127,C[C@@H](O)[C@H]1C(=O)N2C(C(=O)O)=C(S[C@@H]3CN[C@H](C(=O)N(C)C)C3)[C@H](C)[C@H]12,=,8.5,/s,Kcat,,Beta-lactamase VIM-2,single protein format
CHEMBL285347,C[C@@H](O)[C@H]1C(=O)N2C(C(=O)[O-])=C(SC3Cn4cnc[n+]4C3)[C@H](C)[C@H]12,=,12.4,/s,Kcat,,Beta-lactamase VIM-2,single protein format
CHEMBL148,C[C@@H](O)[C@H]1C(=O)N2C(C(=O)O)=C(SCCNC=N)C[C@H]12,=,8500.0,nM,Km,,Beta-lactamase VIM-2,single protein format
CHEMBL127,C[C@@H](O)[C@H]1C(=O)N2C(C(=O)O)=C(S[C@@H]3CN[C@H](C(=O)N(C)C)C3)[C@H](C)[C@H]12,=,9400.0,nM,Km,,Beta-lactamase VIM-2,single protein format
CHEMBL285347,C[C@@H](O)[C@H]1C(=O)N2C(C(=O)[O-])=C(SC3Cn4cnc[n+]4C3)[C@H](C)[C@H]12,=,24700.0,nM,Km,,Beta-lactamase VIM-2,single protein format
CHEMBL148,C[C@@H](O)[C@H]1C(=O)N2C(C(=O)O)=C(SCCNC=N)C[C@H]12,=,12.0,/uM/s,Kcat/Km,,Beta-lactamase VIM-2,single protein format
CHEMBL127,C[C@@H](O)[C@H]1C(=O)N2C(C(=O)O)=C(S[C@@H]3CN[C@H](C(=O)N(C)C)C3)[C@H](C)[C@H]12,=,0.9,/uM/s,Kcat/Km,,Beta-lactamase VIM-2,single protein format
CHEMBL285347,C[C@@H](O)[C@H]1C(=O)N2C(C(=O)[O-])=C(SC3Cn4cnc[n+]4C3)[C@H](C)[C@H]12,=,0.5,/uM/s,Kcat/Km,,Beta-lactamase VIM-2,single protein format
CHEMBL2141867,,,817.18,nM,IC50,,Beta-lactamase VIM-2,assay format
CHEMBL2135662,,,813.7,nM,IC50,,Beta-lactamase VIM-2,assay format
CHEMBL2136020,,,245.4,nM,IC50,,Beta-lactamase VIM-2,assay format
CHEMBL2136282,,,2583.0,nM,IC50,,Beta-lactamase VIM-2,assay format
CHEMBL2133169,,,1001.0,nM,IC50,,Beta-lactamase VIM-2,assay format
CHEMBL575867,,,2592.0,nM,IC50,,Beta-lactamase VIM-2,assay format
CHEMBL81936,O=C(O)c1ccccc1C(=O)c1ccc(Cl)cc1,=,12000.0,nM,IC50,4.92,Beta-lactamase VIM-2,assay format
CHEMBL1879588,O=C(O)c1ccccc1Cc1ccccc1,>,1000000.0,nM,IC50,,Beta-lactamase VIM-2,assay format
CHEMBL1327484,O=C(O)CSc1ccnc2cc(Cl)ccc12,=,205000.0,nM,IC50,3.69,Beta-lactamase VIM-2,assay format
CHEMBL1379384,CCCc1ccc(C(=O)CCC(=O)O)cc1,=,287000.0,nM,IC50,3.54,Beta-lactamase VIM-2,assay format
CHEMBL82115,O=C(O)c1ccccc1C(=O)c1ccc(F)cc1,=,14000.0,nM,IC50,4.85,Beta-lactamase VIM-2,assay format
CHEMBL1778133,Cn1c(S)nnc1C(F)(F)F,=,232000.0,nM,IC50,3.63,Beta-lactamase VIM-2,assay format
CHEMBL3627736,N#Cc1c(C(F)(F)F)cc(-c2cccs2)nc1O,>,15.0,%,Inhibition,,Beta-lactamase VIM-2,assay format
CHEMBL3278535,N#Cc1coc2ccccc2c1=O,>,15.0,%,Inhibition,,Beta-lactamase VIM-2,assay format
CHEMBL582878,O=C(O)CCCc1c[nH]c2ccccc12,>,15.0,%,Inhibition,,Beta-lactamase VIM-2,assay format
CHEMBL1324612,O=C(O)c1cncc(C#Cc2ccccc2)c1,>,15.0,%,Inhibition,,Beta-lactamase VIM-2,assay format
CHEMBL2441619,Cc1ccc2nc(C(F)(F)F)cc(N3CCNCC3)c2c1,>,15.0,%,Inhibition,,Beta-lactamase VIM-2,assay format
CHEMBL1327484,O=C(O)CSc1ccnc2cc(Cl)ccc12,>,15.0,%,Inhibition,,Beta-lactamase VIM-2,assay format
CHEMBL1379384,CCCc1ccc(C(=O)CCC(=O)O)cc1,>,15.0,%,Inhibition,,Beta-lactamase VIM-2,assay format
CHEMBL82115,O=C(O)c1ccccc1C(=O)c1ccc(F)cc1,>,15.0,%,Inhibition,,Beta-lactamase VIM-2,assay format
CHEMBL1778133,Cn1c(S)nnc1C(F)(F)F,>,15.0,%,Inhibition,,Beta-lactamase VIM-2,assay format
CHEMBL1560,C[C@H](CS)C(=O)N1CCC[C@H]1C(=O)O,=,4.2,10'4/M/s,Ka,,Beta-lactamase VIM-2,assay format
CHEMBL127,C[C@@H](O)[C@H]1C(=O)N2C(C(=O)O)=C(S[C@@H]3CN[C@H](C(=O)N(C)C)C3)[C@H](C)[C@H]12,=,12000.0,nM,Kd,4.92,Beta-lactamase VIM-2,assay format
CHEMBL1560,C[C@H](CS)C(=O)N1CCC[C@H]1C(=O)O,=,0.025,/s,Kd,,Beta-lactamase VIM-2,assay format
CHEMBL1560,C[C@H](CS)C(=O)N1CCC[C@H]1C(=O)O,=,600.0,nM,Kd,6.22,Beta-lactamase VIM-2,assay format
CHEMBL3278535,N#Cc1coc2ccccc2c1=O,=,1427000.0,nM,IC50,2.85,Beta-lactamase VIM-2,assay format
CHEMBL3627736,N#Cc1c(C(F)(F)F)cc(-c2cccs2)nc1O,=,314000.0,nM,IC50,3.50,Beta-lactamase VIM-2,assay format
CHEMBL196812,O=C(O)c1ccccc1C(=O)c1ccccc1,=,8000.0,nM,IC50,5.10,Beta-lactamase VIM-2,assay format
CHEMBL3629239,COC(=O)c1ccccc1C(=O)c1ccccc1,>,3000000.0,nM,IC50,,Beta-lactamase VIM-2,assay format
CHEMBL3629240,CC(=O)c1ccccc1C(=O)O,>,1000000.0,nM,IC50,,Beta-lactamase VIM-2,assay format
CHEMBL1560,C[C@H](CS)C(=O)N1CCC[C@H]1C(=O)O,=,3500.0,nM,IC50,5.46,Beta-lactamase VIM-2,assay format
CHEMBL127,C[C@@H](O)[C@H]1C(=O)N2C(C(=O)O)=C(S[C@@H]3CN[C@H](C(=O)N(C)C)C3)[C@H](C)[C@H]12,=,2000.0,nM,Km,,Beta-lactamase VIM-2,assay format
CHEMBL1778133,Cn1c(S)nnc1C(F)(F)F,=,145000.0,nM,Kd,3.84,Beta-lactamase VIM-2,assay format
CHEMBL582878,O=C(O)CCCc1c[nH]c2ccccc12,=,757000.0,nM,IC50,3.12,Beta-lactamase VIM-2,assay format
CHEMBL1324612,O=C(O)c1cncc(C#Cc2ccccc2)c1,=,298000.0,nM,IC50,3.53,Beta-lactamase VIM-2,assay format
CHEMBL2441619,Cc1ccc2nc(C(F)(F)F)cc(N3CCNCC3)c2c1,=,592000.0,nM,IC50,3.23,Beta-lactamase VIM-2,assay format
CHEMBL82115,O=C(O)c1ccccc1C(=O)c1ccc(F)cc1,=,9000.0,nM,Kd,5.05,Beta-lactamase VIM-2,assay format
CHEMBL1379384,CCCc1ccc(C(=O)CCC(=O)O)cc1,=,173000.0,nM,Kd,3.76,Beta-lactamase VIM-2,assay format
CHEMBL1327484,O=C(O)CSc1ccnc2cc(Cl)ccc12,=,264000.0,nM,Kd,3.58,Beta-lactamase VIM-2,assay format
CHEMBL2441619,Cc1ccc2nc(C(F)(F)F)cc(N3CCNCC3)c2c1,=,333000.0,nM,Kd,3.48,Beta-lactamase VIM-2,assay format
CHEMBL1324612,O=C(O)c1cncc(C#Cc2ccccc2)c1,=,446000.0,nM,Kd,3.35,Beta-lactamase VIM-2,assay format
CHEMBL582878,O=C(O)CCCc1c[nH]c2ccccc12,=,274000.0,nM,Kd,3.56,Beta-lactamase VIM-2,assay format
CHEMBL3278535,N#Cc1coc2ccccc2c1=O,=,999000.0,nM,Kd,3.00,Beta-lactamase VIM-2,assay format
CHEMBL3627736,N#Cc1c(C(F)(F)F)cc(-c2cccs2)nc1O,=,229000.0,nM,Kd,3.64,Beta-lactamase VIM-2,assay format
CHEMBL284104,O=C(O)c1cccc(C(=O)O)n1,>,60.0,%,Inhibition,,Beta-lactamase VIM-2,assay format
CHEMBL4068259,Nc1cccc(-c2cc(C(=O)O)nc(C(=O)O)c2)c1,=,210.0,nM,IC50,6.68,Beta-lactamase VIM-2,assay format
CHEMBL284104,O=C(O)c1cccc(C(=O)O)n1,=,1660.0,nM,IC50,5.78,Beta-lactamase VIM-2,assay format
CHEMBL1368601,O=C(O)c1ccc2cccc(O)c2n1,>,60.0,%,Inhibition,,Beta-lactamase VIM-2,assay format
CHEMBL497,Oc1c(I)cc(Cl)c2cccnc12,>,60.0,%,Inhibition,,Beta-lactamase VIM-2,assay format
CHEMBL2337874,Oc1ccc[nH]c1=S,>,60.0,%,Inhibition,,Beta-lactamase VIM-2,assay format
CHEMBL4073097,c1ccc(C2=NCCS2)nc1,>,60.0,%,Inhibition,,Beta-lactamase VIM-2,assay format
CHEMBL415879,c1cnc2c(c1)ccc1cccnc12,>,60.0,%,Inhibition,,Beta-lactamase VIM-2,assay format
CHEMBL4068716,CN1CCN(NC(=O)CN2C(=O)/C(=C/c3c(Cl)ccc(Cl)c3Cl)SC2=S)CC1,=,498.0,nM,IC50,6.30,Beta-lactamase VIM-2,assay format
CHEMBL4088285,CC(=O)SCC(CCCc1ccccc1)c1nnn[nH]1,=,42000.0,nM,IC50,4.38,Beta-lactamase VIM-2,assay format
CHEMBL4064978,CC(=O)SCC(Cc1ccccc1)c1nnn[nH]1,=,67000.0,nM,IC50,4.17,Beta-lactamase VIM-2,assay format
CHEMBL4075406,O=P(O)(O)C(CO)CCCCc1ccccc1,=,4500.0,nM,IC50,5.35,Beta-lactamase VIM-2,assay format
CHEMBL4069211,O=P(O)(O)C(CO)CCCc1ccccc1,=,34000.0,nM,IC50,4.47,Beta-lactamase VIM-2,assay format
CHEMBL4090030,O=P(O)(O)C(CO)CCc1ccccc1,=,27000.0,nM,IC50,4.57,Beta-lactamase VIM-2,assay format
CHEMBL4075324,CCOP(=O)(OCC)C(CO)CCCCc1ccccc1,>,10000.0,nM,IC50,,Beta-lactamase VIM-2,assay format
CHEMBL4091349,CCOP(=O)(OCC)C(CO)CCCc1ccccc1,>,10000.0,nM,IC50,,Beta-lactamase VIM-2,assay format
CHEMBL4105658,CCOP(=O)(OCC)C(CO)CCc1ccccc1,>,10000.0,nM,IC50,,Beta-lactamase VIM-2,assay format
CHEMBL4077011,c1ccc(CCCC(CSC2CCCCC2)c2nnn[nH]2)cc1,=,5000.0,nM,IC50,5.30,Beta-lactamase VIM-2,assay format
CHEMBL4090938,CC(=O)SCC(CCCCc1ccccc1)P(=O)(O)O,=,1800.0,nM,IC50,5.75,Beta-lactamase VIM-2,assay format
CHEMBL4063031,CC(=O)SCC(CCCc1ccccc1)P(=O)(O)O,=,4700.0,nM,IC50,5.33,Beta-lactamase VIM-2,assay format
CHEMBL4104728,CC(=O)SCC(CCc1ccccc1)P(=O)(O)O,=,2300.0,nM,IC50,5.64,Beta-lactamase VIM-2,assay format
CHEMBL4081245,CCOP(=O)(OCC)C(CCCCc1ccccc1)CSC(C)=O,=,20000.0,nM,IC50,4.70,Beta-lactamase VIM-2,assay format
CHEMBL4095160,CCOP(=O)(OCC)C(CCCc1ccccc1)CSC(C)=O,=,34000.0,nM,IC50,4.47,Beta-lactamase VIM-2,assay format
CHEMBL4077556,CCOP(=O)(OCC)C(CCc1ccccc1)CSC(C)=O,=,133000.0,nM,IC50,,Beta-lactamase VIM-2,assay format
CHEMBL4102909,SCC(CCCc1ccccc1)c1nnn[nH]1,=,28000.0,nM,IC50,4.55,Beta-lactamase VIM-2,assay format
CHEMBL4061495,O=P(O)(O)C(CS)CCCCc1ccccc1,=,8600.0,nM,IC50,5.07,Beta-lactamase VIM-2,assay format
CHEMBL4079577,O=P(O)(O)C(CS)CCCc1ccccc1,=,33200.0,nM,IC50,4.48,Beta-lactamase VIM-2,assay format
CHEMBL4103833,O=P(O)(O)C(CS)CCc1ccccc1,=,7800.0,nM,IC50,5.11,Beta-lactamase VIM-2,assay format
CHEMBL4087458,CCOP(=O)(OCC)C(CS)CCCCc1ccccc1,=,1670.0,nM,IC50,5.78,Beta-lactamase VIM-2,assay format
CHEMBL4066078,CCOP(=O)(OCC)C(CS)CCCc1ccccc1,=,380.0,nM,IC50,6.42,Beta-lactamase VIM-2,assay format
CHEMBL4089201,CCOP(=O)(OCC)C(CS)CCc1ccccc1,=,890.0,nM,IC50,6.05,Beta-lactamase VIM-2,assay format
CHEMBL174367,O=C(O)C(CS)CCCCc1ccccc1,=,2900.0,nM,IC50,5.54,Beta-lactamase VIM-2,assay format
CHEMBL4069211,O=P(O)(O)C(CO)CCCc1ccccc1,=,66.0,%,Inhibition,,Beta-lactamase VIM-2,cell-based format
CHEMBL174367,O=C(O)C(CS)CCCCc1ccccc1,=,1100.0,nM,IC50,5.96,Beta-lactamase VIM-2,assay format
CHEMBL4090938,CC(=O)SCC(CCCCc1ccccc1)P(=O)(O)O,=,32.0,ug.mL-1,MIC,,Beta-lactamase VIM-2,single protein format
CHEMBL4063031,CC(=O)SCC(CCCc1ccccc1)P(=O)(O)O,=,32.0,ug.mL-1,MIC,,Beta-lactamase VIM-2,single protein format
CHEMBL4095160,CCOP(=O)(OCC)C(CCCc1ccccc1)CSC(C)=O,=,32.0,ug.mL-1,MIC,,Beta-lactamase VIM-2,single protein format
CHEMBL4079577,O=P(O)(O)C(CS)CCCc1ccccc1,=,32.0,ug.mL-1,MIC,,Beta-lactamase VIM-2,single protein format
CHEMBL4103833,O=P(O)(O)C(CS)CCc1ccccc1,=,32.0,ug.mL-1,MIC,,Beta-lactamase VIM-2,single protein format
CHEMBL4066078,CCOP(=O)(OCC)C(CS)CCCc1ccccc1,=,32.0,ug.mL-1,MIC,,Beta-lactamase VIM-2,single protein format
CHEMBL4089201,CCOP(=O)(OCC)C(CS)CCc1ccccc1,=,32.0,ug.mL-1,MIC,,Beta-lactamase VIM-2,single protein format
CHEMBL4088285,CC(=O)SCC(CCCc1ccccc1)c1nnn[nH]1,=,77.0,%,Inhibition,,Beta-lactamase VIM-2,cell-based format
CHEMBL4064978,CC(=O)SCC(Cc1ccccc1)c1nnn[nH]1,=,76.0,%,Inhibition,,Beta-lactamase VIM-2,cell-based format
CHEMBL4075406,O=P(O)(O)C(CO)CCCCc1ccccc1,=,88.0,%,Inhibition,,Beta-lactamase VIM-2,cell-based format
CHEMBL4090030,O=P(O)(O)C(CO)CCc1ccccc1,=,61.0,%,Inhibition,,Beta-lactamase VIM-2,cell-based format
CHEMBL4075324,CCOP(=O)(OCC)C(CO)CCCCc1ccccc1,,,,Inhibition,,Beta-lactamase VIM-2,cell-based format
CHEMBL4091349,CCOP(=O)(OCC)C(CO)CCCc1ccccc1,,,,Inhibition,,Beta-lactamase VIM-2,cell-based format
CHEMBL4077011,c1ccc(CCCC(CSC2CCCCC2)c2nnn[nH]2)cc1,=,73.0,%,Inhibition,,Beta-lactamase VIM-2,cell-based format
CHEMBL4090938,CC(=O)SCC(CCCCc1ccccc1)P(=O)(O)O,=,97.0,%,Inhibition,,Beta-lactamase VIM-2,cell-based format
CHEMBL4063031,CC(=O)SCC(CCCc1ccccc1)P(=O)(O)O,=,95.0,%,Inhibition,,Beta-lactamase VIM-2,cell-based format
CHEMBL4104728,CC(=O)SCC(CCc1ccccc1)P(=O)(O)O,=,94.0,%,Inhibition,,Beta-lactamase VIM-2,cell-based format
CHEMBL4081245,CCOP(=O)(OCC)C(CCCCc1ccccc1)CSC(C)=O,=,12.0,%,Inhibition,,Beta-lactamase VIM-2,cell-based format
CHEMBL4095160,CCOP(=O)(OCC)C(CCCc1ccccc1)CSC(C)=O,=,14.0,%,Inhibition,,Beta-lactamase VIM-2,cell-based format
CHEMBL4077556,CCOP(=O)(OCC)C(CCc1ccccc1)CSC(C)=O,=,17.0,%,Inhibition,,Beta-lactamase VIM-2,cell-based format
CHEMBL4102909,SCC(CCCc1ccccc1)c1nnn[nH]1,=,67.0,%,Inhibition,,Beta-lactamase VIM-2,cell-based format
CHEMBL4061495,O=P(O)(O)C(CS)CCCCc1ccccc1,=,94.0,%,Inhibition,,Beta-lactamase VIM-2,cell-based format
CHEMBL4079577,O=P(O)(O)C(CS)CCCc1ccccc1,=,95.0,%,Inhibition,,Beta-lactamase VIM-2,cell-based format
CHEMBL4103833,O=P(O)(O)C(CS)CCc1ccccc1,=,92.0,%,Inhibition,,Beta-lactamase VIM-2,cell-based format
CHEMBL4087458,CCOP(=O)(OCC)C(CS)CCCCc1ccccc1,,,,Inhibition,,Beta-lactamase VIM-2,cell-based format
CHEMBL4066078,CCOP(=O)(OCC)C(CS)CCCc1ccccc1,=,79.0,%,Inhibition,,Beta-lactamase VIM-2,cell-based format
CHEMBL4089201,CCOP(=O)(OCC)C(CS)CCc1ccccc1,=,78.0,%,Inhibition,,Beta-lactamase VIM-2,cell-based format
CHEMBL4519591,Cc1cc(Br)c2c(CP(=O)(O)O)cc(=O)oc2c1,>,64.0,ug.mL-1,MIC,,Beta-lactamase VIM-2,single protein format
CHEMBL4553552,O=c1cc(CP(=O)(O)O)c2ccccc2[nH]1,>,64.0,ug.mL-1,MIC,,Beta-lactamase VIM-2,single protein format
CHEMBL4576418,Cc1cc(C)c2c(CP(=O)(O)O)cc(=O)[nH]c2c1,>,64.0,ug.mL-1,MIC,,Beta-lactamase VIM-2,single protein format
CHEMBL1689063,NC(=O)[C@@H]1CC[C@@H]2CN1C(=O)N2OS(=O)(=O)O,=,4.0,ug.mL-1,MIC,,Beta-lactamase VIM-2,single protein format
CHEMBL4550875,O=c1cc(CP(=O)(O)O)c2c(Br)cc(Br)cc2[nH]1,=,2.0,ug.mL-1,MIC,,Beta-lactamase VIM-2,single protein format
CHEMBL4550875,O=c1cc(CP(=O)(O)O)c2c(Br)cc(Br)cc2[nH]1,=,4.0,ug.mL-1,MIC,,Beta-lactamase VIM-2,single protein format
CHEMBL4541117,NCc1ccc(CC(=O)N[C@H]2Cc3cccc(C(=O)O)c3OB2O)cc1,=,8.0,ug.mL-1,MIC,,Beta-lactamase VIM-2,single protein format
CHEMBL4530583,NC[C@H]1CC[C@H](CC(=O)N[C@H]2Cc3cccc(C(=O)O)c3OB2O)CC1,=,4.0,ug.mL-1,MIC,,Beta-lactamase VIM-2,single protein format
CHEMBL4513988,N[C@H]1CC[C@@H](CC(=O)N[C@H]2Cc3cccc(C(=O)O)c3OB2O)CC1,=,32.0,ug.mL-1,MIC,,Beta-lactamase VIM-2,single protein format
CHEMBL4442208,N[C@H]1CC[C@H](CC(=O)N[C@H]2Cc3cccc(C(=O)O)c3OB2O)CC1,=,2.0,ug.mL-1,MIC,,Beta-lactamase VIM-2,single protein format
CHEMBL4472905,O=C(O)CN[C@H]1CC[C@H](CC(=O)N[C@H]2Cc3cccc(C(=O)O)c3OB2O)CC1,=,16.0,ug.mL-1,MIC,,Beta-lactamase VIM-2,single protein format
CHEMBL4439299,O=C(C[C@H]1CC[C@H](NCCO)CC1)N[C@H]1Cc2cccc(C(=O)O)c2OB1O,=,4.0,ug.mL-1,MIC,,Beta-lactamase VIM-2,single protein format
CHEMBL4463697,NCCN[C@H]1CC[C@H](CC(=O)N[C@H]2Cc3cccc(C(=O)O)c3OB2O)CC1,=,0.06,ug.mL-1,MIC,,Beta-lactamase VIM-2,single protein format
CHEMBL4521690,O=C(C[C@H]1CC[C@H](N2CCNCC2)CC1)N[C@H]1Cc2cccc(C(=O)O)c2OB1O,=,16.0,ug.mL-1,MIC,,Beta-lactamase VIM-2,single protein format
CHEMBL4584705,NCCN[C@H]1CC[C@@H](CC(=O)N[C@H]2Cc3cccc(C(=O)O)c3OB2O)CC1,=,0.5,ug.mL-1,MIC,,Beta-lactamase VIM-2,single protein format
CHEMBL4451971,NCCNc1ccc(CC(=O)N[C@H]2Cc3cccc(C(=O)O)c3OB2O)cc1,=,0.5,ug.mL-1,MIC,,Beta-lactamase VIM-2,single protein format
CHEMBL4586683,N=C(N)NCCN[C@H]1CC[C@H](CC(=O)N[C@H]2Cc3cccc(C(=O)O)c3OB2O)CC1,=,0.5,ug.mL-1,MIC,,Beta-lactamase VIM-2,single protein format
CHEMBL4580844,CS(=O)(=O)NCCN[C@H]1CC[C@H](CC(=O)N[C@H]2Cc3cccc(C(=O)O)c3OB2O)CC1,=,16.0,ug.mL-1,MIC,,Beta-lactamase VIM-2,single protein format
CHEMBL4473993,O=C(C[C@H]1CC[C@H](NCc2cnc[nH]2)CC1)N[C@H]1Cc2cccc(C(=O)O)c2OB1O,=,1.0,ug.mL-1,MIC,,Beta-lactamase VIM-2,single protein format
CHEMBL4588079,NCC(=O)N[C@H]1CC[C@H](CC(=O)N[C@H]2Cc3cccc(C(=O)O)c3OB2O)CC1,=,8.0,ug.mL-1,MIC,,Beta-lactamase VIM-2,single protein format
CHEMBL4464659,CNCCN[C@H]1CC[C@H](CC(=O)N[C@H]2Cc3cccc(C(=O)O)c3OB2O)CC1,,,,MIC,,Beta-lactamase VIM-2,single protein format
CHEMBL4516963,NCCCN[C@H]1CC[C@H](CC(=O)N[C@H]2Cc3cccc(C(=O)O)c3OB2O)CC1,=,0.25,ug.mL-1,MIC,,Beta-lactamase VIM-2,single protein format
CHEMBL4539669,Cc1ncccc1N(CCN(c1cccnc1C)c1cccnc1C)c1cccnc1C,=,1.0,ug.mL-1,MIC,,Beta-lactamase VIM-2,single protein format
CHEMBL4545310,c1ccc(CNCCN(Cc2ccccn2)Cc2ccccn2)nc1,=,0.5,ug.mL-1,MIC,,Beta-lactamase VIM-2,single protein format
CHEMBL4567113,C[C@H](N)C(=O)N[C@@H](C)C(=O)NCCc1ccc(NC(=O)CN(CCN(Cc2ccccn2)Cc2ccccn2)Cc2ccccn2)cc1.Cl,=,2.0,ug.mL-1,MIC,,Beta-lactamase VIM-2,single protein format
CHEMBL4579203,C[C@@H](N)C(=O)N[C@H](C)C(=O)NCCc1ccc(NC(=O)CN(CCN(Cc2ccccn2)Cc2ccccn2)Cc2ccccn2)cc1.Cl,=,2.0,ug.mL-1,MIC,,Beta-lactamase VIM-2,single protein format
CHEMBL4534430,Cl.NCC(=O)NCC(=O)NCCc1ccc(NC(=O)CN(CCN(Cc2ccccn2)Cc2ccccn2)Cc2ccccn2)cc1,,,,MIC,,Beta-lactamase VIM-2,single protein format
CHEMBL4530703,COC(=O)[C@H](C)NC(=O)[C@H](C)NC(=O)Cc1ccc(NC(=O)CN(CCN(Cc2ccccn2)Cc2ccccn2)Cc2ccccn2)cc1,=,1.0,ug.mL-1,MIC,,Beta-lactamase VIM-2,single protein format
CHEMBL4574784,COC(=O)[C@@H](C)NC(=O)[C@@H](C)NC(=O)Cc1ccc(NC(=O)CN(CCN(Cc2ccccn2)Cc2ccccn2)Cc2ccccn2)cc1,=,1.0,ug.mL-1,MIC,,Beta-lactamase VIM-2,single protein format
CHEMBL4550301,COC(=O)CNC(=O)CNC(=O)Cc1ccc(NC(=O)CN(CCN(Cc2ccccn2)Cc2ccccn2)Cc2ccccn2)cc1,=,1.0,ug.mL-1,MIC,,Beta-lactamase VIM-2,single protein format
CHEMBL4592847,CC(=O)N[C@@H](CCCCNC(=O)Cn1cc(CN(Cc2ccccn2)Cc2ccccn2)nn1)C(=O)NCB(O)O,=,2.0,ug.mL-1,MIC,,Beta-lactamase VIM-2,single protein format
CHEMBL4545535,CC(=O)NCCCC[C@H](NC(=O)Cn1cc(CN(Cc2ccccn2)Cc2ccccn2)nn1)C(=O)NCB(O)O,=,2.0,ug.mL-1,MIC,,Beta-lactamase VIM-2,single protein format
CHEMBL4563454,COC(=O)[C@@H](CCCCn1cc(CN(Cc2ccccn2)Cc2ccccn2)nn1)NC(=O)[C@@H](C)NC(C)=O,=,4.0,ug.mL-1,MIC,,Beta-lactamase VIM-2,single protein format
CHEMBL4566805,COC(=O)[C@@H](CCCCNC(=O)Cn1cc(CN(Cc2ccccn2)Cc2ccccn2)nn1)NC(=O)[C@@H](C)N,,,,MIC,,Beta-lactamase VIM-2,single protein format
CHEMBL4550549,COC(=O)CNC(=O)CNC(=O)Cn1cc(CN(Cc2ccccn2)Cc2ccccn2)nn1,=,4.0,ug.mL-1,MIC,,Beta-lactamase VIM-2,single protein format
CHEMBL4592119,COC(=O)[C@H](C)NC(=O)[C@H](C)NC(=O)Cn1cc(CN(Cc2ccccn2)Cc2ccccn2)nn1,=,8.0,ug.mL-1,MIC,,Beta-lactamase VIM-2,single protein format
CHEMBL4587049,COC(=O)[C@@H](C)NC(=O)[C@@H](C)NC(=O)Cn1cc(CN(Cc2ccccn2)Cc2ccccn2)nn1,=,2.0,ug.mL-1,MIC,,Beta-lactamase VIM-2,single protein format
CHEMBL4517174,COC(=O)[C@@H](C)NC(=O)[C@@H](C)NC(=O)CN(Cc1ccccn1)Cc1ccccn1,=,16.0,ug.mL-1,MIC,,Beta-lactamase VIM-2,single protein format
CHEMBL4572931,C[C@@H](N)C(=O)N[C@H](C)C(=O)NCCc1ccc(NC(=O)CN(Cc2ccccn2)Cc2ccccn2)cc1.Cl,=,16.0,ug.mL-1,MIC,,Beta-lactamase VIM-2,single protein format
CHEMBL4575050,COC(=O)[C@@H](C)NC(=O)[C@@H](C)NC(=O)CCC(=O)NCCc1ccc(NC(=O)CN(Cc2ccccn2)Cc2ccccn2)cc1,=,32.0,ug.mL-1,MIC,,Beta-lactamase VIM-2,single protein format
CHEMBL4550113,COC(=O)CNC(=O)CNC(=O)Cc1ccc(-n2cc(CN(Cc3ccccn3)Cc3ccccn3)nn2)cc1,=,8.0,ug.mL-1,MIC,,Beta-lactamase VIM-2,single protein format
CHEMBL4587348,COC(=O)[C@@H](C)NC(=O)[C@@H](C)NC(=O)Cc1ccc(-n2cc(CN(Cc3ccccn3)Cc3ccccn3)nn2)cc1,=,8.0,ug.mL-1,MIC,,Beta-lactamase VIM-2,single protein format
CHEMBL4535624,NCC(=O)NCC(=O)NCCc1ccc(-n2cc(CN(Cc3ccccn3)Cc3ccccn3)nn2)cc1,=,8.0,ug.mL-1,MIC,,Beta-lactamase VIM-2,single protein format
CHEMBL4534349,C[C@@H](N)C(=O)N[C@H](C)C(=O)NCCc1ccc(-n2cc(CN(Cc3ccccn3)Cc3ccccn3)nn2)cc1,=,4.0,ug.mL-1,MIC,,Beta-lactamase VIM-2,single protein format
CHEMBL4483441,CCOC(=O)Cc1ccc(-n2cc(CN(Cc3ccccn3)Cc3ccccn3)nn2)cc1,=,16.0,ug.mL-1,MIC,,Beta-lactamase VIM-2,single protein format
CHEMBL4515854,COC(=O)CNC(=O)[C@H](CCCCNC(=O)Cn1cc(CN(Cc2ccccn2)Cc2ccccn2)nn1)NC(C)=O,=,16.0,ug.mL-1,MIC,,Beta-lactamase VIM-2,single protein format
CHEMBL4582410,COC(=O)[C@@H](C)NC(=O)[C@H](CCCCNC(=O)Cn1cc(CN(Cc2ccccn2)Cc2ccccn2)nn1)NC(C)=O,=,16.0,ug.mL-1,MIC,,Beta-lactamase VIM-2,single protein format
CHEMBL4588675,COC(=O)CNC(=O)[C@H](CCCCNC(C)=O)NC(=O)Cn1cc(CN(Cc2ccccn2)Cc2ccccn2)nn1,=,32.0,ug.mL-1,MIC,,Beta-lactamase VIM-2,single protein format
CHEMBL4541790,COC(=O)[C@@H](C)NC(=O)[C@H](CCCCNC(C)=O)NC(=O)Cn1cc(CN(Cc2ccccn2)Cc2ccccn2)nn1,=,32.0,ug.mL-1,MIC,,Beta-lactamase VIM-2,single protein format
CHEMBL4516880,COC(=O)[C@@H](C)NC(=O)[C@@H](C)NC(=O)CN(C)CCN(Cc1ccccn1)Cc1ccccn1,=,1.0,ug.mL-1,MIC,,Beta-lactamase VIM-2,single protein format
CHEMBL4587049,COC(=O)[C@@H](C)NC(=O)[C@@H](C)NC(=O)Cn1cc(CN(Cc2ccccn2)Cc2ccccn2)nn1,=,64.0,ug.mL-1,MIC,,Beta-lactamase VIM-2,single protein format
CHEMBL4592119,COC(=O)[C@H](C)NC(=O)[C@H](C)NC(=O)Cn1cc(CN(Cc2ccccn2)Cc2ccccn2)nn1,=,16.0,ug.mL-1,MIC,,Beta-lactamase VIM-2,single protein format
CHEMBL4545535,CC(=O)NCCCC[C@H](NC(=O)Cn1cc(CN(Cc2ccccn2)Cc2ccccn2)nn1)C(=O)NCB(O)O,=,16.0,ug.mL-1,MIC,,Beta-lactamase VIM-2,single protein format
CHEMBL4592847,CC(=O)N[C@@H](CCCCNC(=O)Cn1cc(CN(Cc2ccccn2)Cc2ccccn2)nn1)C(=O)NCB(O)O,=,32.0,ug.mL-1,MIC,,Beta-lactamase VIM-2,single protein format
CHEMBL4516880,COC(=O)[C@@H](C)NC(=O)[C@@H](C)NC(=O)CN(C)CCN(Cc1ccccn1)Cc1ccccn1,=,1.0,ug.mL-1,MIC,,Beta-lactamase VIM-2,single protein format
CHEMBL4550301,COC(=O)CNC(=O)CNC(=O)Cc1ccc(NC(=O)CN(CCN(Cc2ccccn2)Cc2ccccn2)Cc2ccccn2)cc1,=,2.0,ug.mL-1,MIC,,Beta-lactamase VIM-2,single protein format
CHEMBL4574784,COC(=O)[C@@H](C)NC(=O)[C@@H](C)NC(=O)Cc1ccc(NC(=O)CN(CCN(Cc2ccccn2)Cc2ccccn2)Cc2ccccn2)cc1,=,4.0,ug.mL-1,MIC,,Beta-lactamase VIM-2,single protein format
CHEMBL4530703,COC(=O)[C@H](C)NC(=O)[C@H](C)NC(=O)Cc1ccc(NC(=O)CN(CCN(Cc2ccccn2)Cc2ccccn2)Cc2ccccn2)cc1,=,1.0,ug.mL-1,MIC,,Beta-lactamase VIM-2,single protein format
CHEMBL4579203,C[C@@H](N)C(=O)N[C@H](C)C(=O)NCCc1ccc(NC(=O)CN(CCN(Cc2ccccn2)Cc2ccccn2)Cc2ccccn2)cc1.Cl,=,2.0,ug.mL-1,MIC,,Beta-lactamase VIM-2,single protein format
CHEMBL4567113,C[C@H](N)C(=O)N[C@@H](C)C(=O)NCCc1ccc(NC(=O)CN(CCN(Cc2ccccn2)Cc2ccccn2)Cc2ccccn2)cc1.Cl,=,4.0,ug.mL-1,MIC,,Beta-lactamase VIM-2,single protein format
CHEMBL4545310,c1ccc(CNCCN(Cc2ccccn2)Cc2ccccn2)nc1,=,1.0,ug.mL-1,MIC,,Beta-lactamase VIM-2,single protein format
CHEMBL4520395,CN(CCN(Cc1ccccn1)Cc1ccccn1)CC(=O)N(C)C[C@H](O)[C@@H](O)[C@H](O)[C@H](O)CO,=,1.0,ug.mL-1,MIC,,Beta-lactamase VIM-2,single protein format
CHEMBL4529852,OC1O[C@H](Cn2cc(CN(CCN(Cc3ccccn3)Cc3ccccn3)Cc3ccccn3)nn2)[C@H](O)[C@H](O)[C@H]1O,=,2.0,ug.mL-1,MIC,,Beta-lactamase VIM-2,single protein format
CHEMBL4587049,COC(=O)[C@@H](C)NC(=O)[C@@H](C)NC(=O)Cn1cc(CN(Cc2ccccn2)Cc2ccccn2)nn1,=,32.0,ug.mL-1,MIC,,Beta-lactamase VIM-2,single protein format
CHEMBL4592119,COC(=O)[C@H](C)NC(=O)[C@H](C)NC(=O)Cn1cc(CN(Cc2ccccn2)Cc2ccccn2)nn1,=,32.0,ug.mL-1,MIC,,Beta-lactamase VIM-2,single protein format
CHEMBL4545535,CC(=O)NCCCC[C@H](NC(=O)Cn1cc(CN(Cc2ccccn2)Cc2ccccn2)nn1)C(=O)NCB(O)O,=,32.0,ug.mL-1,MIC,,Beta-lactamase VIM-2,single protein format
CHEMBL4592847,CC(=O)N[C@@H](CCCCNC(=O)Cn1cc(CN(Cc2ccccn2)Cc2ccccn2)nn1)C(=O)NCB(O)O,=,32.0,ug.mL-1,MIC,,Beta-lactamase VIM-2,single protein format
CHEMBL4516880,COC(=O)[C@@H](C)NC(=O)[C@@H](C)NC(=O)CN(C)CCN(Cc1ccccn1)Cc1ccccn1,=,32.0,ug.mL-1,MIC,,Beta-lactamase VIM-2,single protein format
CHEMBL4550301,COC(=O)CNC(=O)CNC(=O)Cc1ccc(NC(=O)CN(CCN(Cc2ccccn2)Cc2ccccn2)Cc2ccccn2)cc1,=,32.0,ug.mL-1,MIC,,Beta-lactamase VIM-2,single protein format
CHEMBL4574784,COC(=O)[C@@H](C)NC(=O)[C@@H](C)NC(=O)Cc1ccc(NC(=O)CN(CCN(Cc2ccccn2)Cc2ccccn2)Cc2ccccn2)cc1,=,32.0,ug.mL-1,MIC,,Beta-lactamase VIM-2,single protein format
CHEMBL4530703,COC(=O)[C@H](C)NC(=O)[C@H](C)NC(=O)Cc1ccc(NC(=O)CN(CCN(Cc2ccccn2)Cc2ccccn2)Cc2ccccn2)cc1,=,32.0,ug.mL-1,MIC,,Beta-lactamase VIM-2,single protein format
CHEMBL4579203,C[C@@H](N)C(=O)N[C@H](C)C(=O)NCCc1ccc(NC(=O)CN(CCN(Cc2ccccn2)Cc2ccccn2)Cc2ccccn2)cc1.Cl,=,32.0,ug.mL-1,MIC,,Beta-lactamase VIM-2,single protein format
CHEMBL4567113,C[C@H](N)C(=O)N[C@@H](C)C(=O)NCCc1ccc(NC(=O)CN(CCN(Cc2ccccn2)Cc2ccccn2)Cc2ccccn2)cc1.Cl,=,32.0,ug.mL-1,MIC,,Beta-lactamase VIM-2,single protein format
CHEMBL4545310,c1ccc(CNCCN(Cc2ccccn2)Cc2ccccn2)nc1,=,32.0,ug.mL-1,MIC,,Beta-lactamase VIM-2,single protein format
CHEMBL4520395,CN(CCN(Cc1ccccn1)Cc1ccccn1)CC(=O)N(C)C[C@H](O)[C@@H](O)[C@H](O)[C@H](O)CO,=,32.0,ug.mL-1,MIC,,Beta-lactamase VIM-2,single protein format
CHEMBL4529852,OC1O[C@H](Cn2cc(CN(CCN(Cc3ccccn3)Cc3ccccn3)Cc3ccccn3)nn2)[C@H](O)[C@H](O)[C@H]1O,=,32.0,ug.mL-1,MIC,,Beta-lactamase VIM-2,single protein format
