molecule_chembl_id,canonical_smiles,standard_relation,standard_value,standard_units,standard_type,pchembl_value,target_pref_name,bao_label
CHEMBL34277,CC(C)CCCCCCCCCCCCCc1cccc(O)c1C(=O)O,,,,IC50,,Beta-lactamase pse-1,single protein format
CHEMBL30914,CCCCCCCCCCCCCCCCCc1cccc(O)c1C(=O)O,=,700.0,ug.mL-1,IC50,,Beta-lactamase pse-1,single protein format
CHEMBL455368,C=CC/C=C\C/C=C\CCCCCCCc1cccc(O)c1C(=O)O,=,1100.0,ug.mL-1,IC50,,Beta-lactamase pse-1,single protein format
CHEMBL33379,CCCCCCCCc1cccc(O)c1C(=O)O,=,16000.0,ug.mL-1,IC50,,Beta-lactamase pse-1,single protein format
CHEMBL33202,CCCCCCCCCCc1cccc(O)c1,=,4100.0,ug.mL-1,IC50,,Beta-lactamase pse-1,single protein format
CHEMBL416038,CCCCCCCCCCc1cccc(O)c1C(=O)O,=,68000.0,ug.mL-1,IC50,,Beta-lactamase pse-1,single protein format
CHEMBL33019,CCCCCCCCCCc1cccc(O)c1O,,,,IC50,,Beta-lactamase pse-1,single protein format
CHEMBL30870,CCCCCCCCCCc1cccc(OC)c1C(=O)O,=,38000.0,ug.mL-1,IC50,,Beta-lactamase pse-1,single protein format
CHEMBL8087,CCCCCCCCCCCCCCCc1cccc(O)c1O,,,,IC50,,Beta-lactamase pse-1,single protein format
CHEMBL30915,CCCCCCCCCCCCCCCc1cccc(OC)c1C(=O)O,=,600.0,ug.mL-1,IC50,,Beta-lactamase pse-1,single protein format
CHEMBL284924,CCCCCCCCCCc1ccccc1C(=O)O,,,,IC50,,Beta-lactamase pse-1,single protein format
CHEMBL33995,CC/C=C\C/C=C\C/C=C\CCCCCCCc1cccc(O)c1C(=O)O,=,10000.0,ug.mL-1,IC50,,Beta-lactamase pse-1,single protein format
CHEMBL34634,CCC(C)CCCCCCCCCCCCc1cccc(O)c1C(=O)O,,,,IC50,,Beta-lactamase pse-1,single protein format
CHEMBL34689,CCCCCCCCCCCCCCCc1cccc(O)c1,=,20000.0,ug.mL-1,IC50,,Beta-lactamase pse-1,single protein format
CHEMBL777,O=C(O)[C@H]1/C(=C/CO)O[C@@H]2CC(=O)N21,=,15.0,ug.mL-1,IC50,,Beta-lactamase pse-1,single protein format
CHEMBL6461,C[C@]1(/C=C/C#N)[C@H](C(=O)[O-])N2C(=O)C[C@H]2S1(=O)=O.[Na+],=,90.0,nM,IC50,7.05,Beta-lactamase pse-1,single protein format
