molecule_chembl_id,canonical_smiles,standard_relation,standard_value,standard_units,standard_type,pchembl_value,target_pref_name,bao_label
CHEMBL327917,CC(=O)N/C=C\[S+]([O-])C1=C(C(=O)[O-])N2C(=O)[C@@H](C(C)(C)O)[C@H]2C1.[Na+],=,0.0033,ug.mL-1,IC50,,Beta-lactamase,single protein format
CHEMBL93491,CC(=O)N/C=C\SC1=C(C(=O)[O-])N2C(=O)[C@@H](C(C)(C)OS(=O)(=O)[O-])[C@H]2C1.[Na+].[Na+],=,0.051,ug.mL-1,IC50,,Beta-lactamase,single protein format
CHEMBL93491,CC(=O)N/C=C\SC1=C(C(=O)[O-])N2C(=O)[C@@H](C(C)(C)OS(=O)(=O)[O-])[C@H]2C1.[Na+].[Na+],=,25.0,ug.mL-1,MIC,,Beta-lactamase,single protein format
CHEMBL93653,CC(=O)N/C=C\[S+]([O-])C1=C(C(=O)[O-])N2C(=O)[C@@H](C(C)(C)OS(=O)(=O)[O-])[C@H]2C1.[Na+].[Na+],=,0.018,ug.mL-1,IC50,,Beta-lactamase,single protein format
CHEMBL93653,CC(=O)N/C=C\[S+]([O-])C1=C(C(=O)[O-])N2C(=O)[C@@H](C(C)(C)OS(=O)(=O)[O-])[C@H]2C1.[Na+].[Na+],=,12.5,ug.mL-1,MIC,,Beta-lactamase,single protein format
CHEMBL433378,CC(=O)N/C=C\SC1=C(C(=O)[O-])N2C(=O)[C@@H](C(C)OS(=O)(=O)[O-])[C@H]2C1.[Na+].[Na+],=,0.001,ug.mL-1,IC50,,Beta-lactamase,single protein format
CHEMBL328990,CC(=O)N/C=C/[S+]([O-])C1=C(C(=O)[O-])N2C(=O)[C@@H](C(C)(C)O)[C@H]2C1.[Na+],=,0.00078,ug.mL-1,IC50,,Beta-lactamase,single protein format
CHEMBL327797,CC(=O)N/C=C\SC1=C(C(=O)[O-])N2C(=O)[C@@H](C(C)(C)O)[C@H]2C1.[Na+],=,0.0053,ug.mL-1,IC50,,Beta-lactamase,single protein format
CHEMBL327797,CC(=O)N/C=C\SC1=C(C(=O)[O-])N2C(=O)[C@@H](C(C)(C)O)[C@H]2C1.[Na+],=,12.5,ug.mL-1,MIC,,Beta-lactamase,single protein format
CHEMBL92019,CC(=O)N/C=C\[S+]([O-])C1=C(C(=O)[O-])N2C(=O)[C@@H](C(C)OS(=O)(=O)[O-])[C@H]2C1.[Na+].[Na+],=,0.00034,ug.mL-1,IC50,,Beta-lactamase,single protein format
CHEMBL92019,CC(=O)N/C=C\[S+]([O-])C1=C(C(=O)[O-])N2C(=O)[C@@H](C(C)OS(=O)(=O)[O-])[C@H]2C1.[Na+].[Na+],=,25.0,ug.mL-1,MIC,,Beta-lactamase,single protein format
CHEMBL327917,CC(=O)N/C=C\[S+]([O-])C1=C(C(=O)[O-])N2C(=O)[C@@H](C(C)(C)O)[C@H]2C1.[Na+],=,0.00034,ug.mL-1,IC50,,Beta-lactamase,single protein format
CHEMBL327917,CC(=O)N/C=C\[S+]([O-])C1=C(C(=O)[O-])N2C(=O)[C@@H](C(C)(C)O)[C@H]2C1.[Na+],=,12.5,ug.mL-1,MIC,,Beta-lactamase,single protein format
CHEMBL3138732,CC(=O)[N-]/C=C/SC1=C(C(=O)[O-])N2C(=O)[C@@H](C(C)O)[C@H]2C1.[Na+].[Na+],=,0.0011,ug.mL-1,IC50,,Beta-lactamase,single protein format
CHEMBL3138732,CC(=O)[N-]/C=C/SC1=C(C(=O)[O-])N2C(=O)[C@@H](C(C)O)[C@H]2C1.[Na+].[Na+],=,25.0,ug.mL-1,MIC,,Beta-lactamase,single protein format
CHEMBL352175,CC(=O)N/C=C\[S+]([O-])C1=C(C(=O)[O-])N2C(=O)[C@@H](C(C)O)[C@H]2C1.[Na+],=,0.00029,ug.mL-1,IC50,,Beta-lactamase,single protein format
CHEMBL352175,CC(=O)N/C=C\[S+]([O-])C1=C(C(=O)[O-])N2C(=O)[C@@H](C(C)O)[C@H]2C1.[Na+],=,50.0,ug.mL-1,MIC,,Beta-lactamase,single protein format
CHEMBL316079,CC(=O)N/C=C/[S+]([O-])C1=C(C(=O)[O-])N2C(=O)[C@@H](C(C)(C)OS(=O)(=O)[O-])[C@H]2C1.[Na+].[Na+],=,0.055,ug.mL-1,IC50,,Beta-lactamase,single protein format
CHEMBL316079,CC(=O)N/C=C/[S+]([O-])C1=C(C(=O)[O-])N2C(=O)[C@@H](C(C)(C)OS(=O)(=O)[O-])[C@H]2C1.[Na+].[Na+],=,6.25,ug.mL-1,MIC,,Beta-lactamase,assay format
CHEMBL480517,O=C(Cc1cccs1)N[C@@H]1C(=O)N2C(C(=O)O)=C(/C=C/c3ccc([N+](=O)[O-])cc3[N+](=O)[O-])CS[C@H]12,=,60.0,/s/microM,Kcat/Km,,Beta-lactamase,single protein format
CHEMBL480517,O=C(Cc1cccs1)N[C@@H]1C(=O)N2C(C(=O)O)=C(/C=C/c3ccc([N+](=O)[O-])cc3[N+](=O)[O-])CS[C@H]12,=,42.0,%,Activity,,Beta-lactamase,single protein format
CHEMBL480517,O=C(Cc1cccs1)N[C@@H]1C(=O)N2C(C(=O)O)=C(/C=C/c3ccc([N+](=O)[O-])cc3[N+](=O)[O-])CS[C@H]12,=,19.0,%,Activity,,Beta-lactamase,single protein format
CHEMBL29,CC1(C)S[C@@H]2[C@H](NC(=O)Cc3ccccc3)C(=O)N2[C@H]1C(=O)O,=,19.0,/s,Kcat,,Beta-lactamase,single protein format
CHEMBL480517,O=C(Cc1cccs1)N[C@@H]1C(=O)N2C(C(=O)O)=C(/C=C/c3ccc([N+](=O)[O-])cc3[N+](=O)[O-])CS[C@H]12,=,14000.0,nM,Km,,Beta-lactamase,single protein format
CHEMBL29,CC1(C)S[C@@H]2[C@H](NC(=O)Cc3ccccc3)C(=O)N2[C@H]1C(=O)O,=,9.0,/s/microM,Kcat/Km,,Beta-lactamase,single protein format
CHEMBL316157,O=C(Cc1cccs1)N[C@@H]1C(=O)N2C(C(=O)[O-])=C(C[n+]3ccccc3)CS[C@H]12,=,3.1,/s/microM,Kcat/Km,,Beta-lactamase,single protein format
CHEMBL520642,Nc1nc(/C(=N/O)C(=O)N[C@@H]2C(=O)N3C(C(=O)O)=C(/C=C4\CCN([C@@H]5CCNC5)C4=O)CS[C@H]23)ns1,<=,2.7,/s,Kcat,,Beta-lactamase,single protein format
CHEMBL29,CC1(C)S[C@@H]2[C@H](NC(=O)Cc3ccccc3)C(=O)N2[C@H]1C(=O)O,=,2100.0,nM,Km,,Beta-lactamase,single protein format
CHEMBL29,CC1(C)S[C@@H]2[C@H](NC(=O)Cc3ccccc3)C(=O)N2[C@H]1C(=O)O,=,0.95,%,Activity,,Beta-lactamase,single protein format
CHEMBL186,CO/N=C(\C(=O)N[C@@H]1C(=O)N2C(C(=O)[O-])=C(C[N+]3(C)CCCC3)CS[C@H]12)c1csc(N)n1,<=,0.55,/s,Kcat,,Beta-lactamase,single protein format
CHEMBL520642,Nc1nc(/C(=N/O)C(=O)N[C@@H]2C(=O)N3C(C(=O)O)=C(/C=C4\CCN([C@@H]5CCNC5)C4=O)CS[C@H]23)ns1,<=,0.27,%,Activity,,Beta-lactamase,single protein format
CHEMBL520642,Nc1nc(/C(=N/O)C(=O)N[C@@H]2C(=O)N3C(C(=O)O)=C(/C=C4\CCN([C@@H]5CCNC5)C4=O)CS[C@H]23)ns1,<=,0.14,%,Activity,,Beta-lactamase,single protein format
CHEMBL44354,CC(C)(O/N=C(\C(=O)N[C@@H]1C(=O)N2C(C(=O)[O-])=C(C[n+]3ccccc3)CS[C@H]12)c1csc(N)n1)C(=O)O,<=,0.05,/s,Kcat,,Beta-lactamase,single protein format
CHEMBL186,CO/N=C(\C(=O)N[C@@H]1C(=O)N2C(C(=O)[O-])=C(C[N+]3(C)CCCC3)CS[C@H]12)c1csc(N)n1,<=,0.028,%,Activity,,Beta-lactamase,single protein format
CHEMBL186,CO/N=C(\C(=O)N[C@@H]1C(=O)N2C(C(=O)[O-])=C(C[N+]3(C)CCCC3)CS[C@H]12)c1csc(N)n1,<=,0.022,%,Activity,,Beta-lactamase,single protein format
CHEMBL520642,Nc1nc(/C(=N/O)C(=O)N[C@@H]2C(=O)N3C(C(=O)O)=C(/C=C4\CCN([C@@H]5CCNC5)C4=O)CS[C@H]23)ns1,<=,0.0084,/s/microM,Kcat/Km,,Beta-lactamase,single protein format
CHEMBL44354,CC(C)(O/N=C(\C(=O)N[C@@H]1C(=O)N2C(C(=O)[O-])=C(C[n+]3ccccc3)CS[C@H]12)c1csc(N)n1)C(=O)O,<=,0.0028,%,Activity,,Beta-lactamase,single protein format
CHEMBL44354,CC(C)(O/N=C(\C(=O)N[C@@H]1C(=O)N2C(C(=O)[O-])=C(C[n+]3ccccc3)CS[C@H]12)c1csc(N)n1)C(=O)O,<=,0.0025,%,Activity,,Beta-lactamase,single protein format
CHEMBL186,CO/N=C(\C(=O)N[C@@H]1C(=O)N2C(C(=O)[O-])=C(C[N+]3(C)CCCC3)CS[C@H]12)c1csc(N)n1,<=,0.00069,/s/microM,Kcat/Km,,Beta-lactamase,single protein format
CHEMBL44354,CC(C)(O/N=C(\C(=O)N[C@@H]1C(=O)N2C(C(=O)[O-])=C(C[n+]3ccccc3)CS[C@H]12)c1csc(N)n1)C(=O)O,<=,0.000088,/s/microM,Kcat/Km,,Beta-lactamase,single protein format
CHEMBL29,CC1(C)S[C@@H]2[C@H](NC(=O)Cc3ccccc3)C(=O)N2[C@H]1C(=O)O,=,290.0,%,Activity,,Beta-lactamase,single protein format
CHEMBL520642,Nc1nc(/C(=N/O)C(=O)N[C@@H]2C(=O)N3C(C(=O)O)=C(/C=C4\CCN([C@@H]5CCNC5)C4=O)CS[C@H]23)ns1,=,320000.0,nM,Km,,Beta-lactamase,single protein format
CHEMBL44354,CC(C)(O/N=C(\C(=O)N[C@@H]1C(=O)N2C(C(=O)[O-])=C(C[n+]3ccccc3)CS[C@H]12)c1csc(N)n1)C(=O)O,=,570000.0,nM,Km,,Beta-lactamase,single protein format
CHEMBL316157,O=C(Cc1cccs1)N[C@@H]1C(=O)N2C(C(=O)[O-])=C(C[n+]3ccccc3)CS[C@H]12,=,680000.0,nM,Km,,Beta-lactamase,single protein format
CHEMBL186,CO/N=C(\C(=O)N[C@@H]1C(=O)N2C(C(=O)[O-])=C(C[N+]3(C)CCCC3)CS[C@H]12)c1csc(N)n1,>,800000.0,nM,Km,,Beta-lactamase,single protein format
CHEMBL480517,O=C(Cc1cccs1)N[C@@H]1C(=O)N2C(C(=O)O)=C(/C=C/c3ccc([N+](=O)[O-])cc3[N+](=O)[O-])CS[C@H]12,=,840.0,/s,Kcat,,Beta-lactamase,single protein format
CHEMBL316157,O=C(Cc1cccs1)N[C@@H]1C(=O)N2C(C(=O)[O-])=C(C[n+]3ccccc3)CS[C@H]12,=,2000.0,/s,Kcat,,Beta-lactamase,single protein format
