molecule_chembl_id,canonical_smiles,standard_relation,standard_value,standard_units,standard_type,pchembl_value,target_pref_name,bao_label
CHEMBL1439,C[C@]1(Cn2ccnn2)[C@H](C(=O)[O-])N2C(=O)C[C@H]2S1(=O)=O.[Na+],>,200000.0,nM,IC50,,Beta-lactamase L1,single protein format
CHEMBL25644,CC1(C)S[C@@H]2[C@H](CS)C(=O)N2[C@H]1C(=O)O,=,32100.0,nM,IC50,4.49,Beta-lactamase L1,single protein format
CHEMBL24275,CC1(C)S[C@@H]2[C@@H](S)C(=O)N2[C@H]1C(=O)O,=,36900.0,nM,IC50,4.43,Beta-lactamase L1,single protein format
CHEMBL24878,CC1(C)[C@H](C(=O)O)N2C(=O)[C@H](CO)[C@H]2S1(=O)=O,>,200000.0,nM,IC50,,Beta-lactamase L1,single protein format
CHEMBL277857,CC1(C)S[C@@H]2[C@@H](CO)C(=O)N2[C@H]1C(=O)O,>,200000.0,nM,IC50,,Beta-lactamase L1,single protein format
CHEMBL26275,CC1(C)[C@H](C(=O)O)N2C(=O)[C@H](S)[C@H]2S1(=O)=O,=,7600.0,nM,IC50,5.12,Beta-lactamase L1,single protein format
CHEMBL277225,CC1(C)S[C@@H]2[C@@H](CS)C(=O)N2[C@H]1C(=O)O,=,10900.0,nM,IC50,4.96,Beta-lactamase L1,single protein format
CHEMBL24235,CC1(C)[C@H](C(=O)O)N2C(=O)[C@H](CS)[C@H]2S1(=O)=O,=,300.0,nM,IC50,6.52,Beta-lactamase L1,single protein format
CHEMBL25766,CC1(C)[C@H](C(=O)O)N2C(=O)[C@@H](CS)[C@H]2S1(=O)=O,=,100.0,nM,IC50,7.00,Beta-lactamase L1,single protein format
CHEMBL25613,CC1(C)S[C@@H]2[C@H](CO)C(=O)N2[C@H]1C(=O)O,>,200000.0,nM,IC50,,Beta-lactamase L1,single protein format
CHEMBL416561,CC1(C)[C@H](C(=O)O)N2C(=O)[C@@H](CO)[C@H]2S1(=O)=O,=,72300.0,nM,IC50,4.14,Beta-lactamase L1,single protein format
CHEMBL284104,O=C(O)c1cccc(C(=O)O)n1,=,7800.0,nM,IC50,5.11,Beta-lactamase L1,single protein format
CHEMBL24351,CC1(C)S[C@@H]2[C@H](S)C(=O)N2[C@H]1C(=O)O,=,41400.0,nM,IC50,4.38,Beta-lactamase L1,single protein format
CHEMBL6461,C[C@]1(/C=C/C#N)[C@H](C(=O)[O-])N2C(=O)C[C@H]2S1(=O)=O.[Na+],=,24000.0,nM,IC50,4.62,Beta-lactamase L1,single protein format
CHEMBL404,C[C@]1(Cn2ccnn2)[C@H](C(=O)O)N2C(=O)C[C@H]2S1(=O)=O,=,4000000.0,nM,IC50,,Beta-lactamase L1,single protein format
CHEMBL385485,O=C(O)c1cc(O)cc(C(=O)NC(CCS)C(=O)N[C@H](Cc2ccccc2)C(=O)O)c1,=,140.0,nM,Ki,6.85,Beta-lactamase L1,single protein format
CHEMBL215590,NC(=O)[C@@H](Cc1ccccc1)NC(=O)C(CCS)NC(=O)c1cc(O)cc(C(=O)O)c1,=,5.8,nM,Ki,8.24,Beta-lactamase L1,single protein format
CHEMBL386173,O=C(O)c1cccc(C(=O)NC(CCS)C(=O)N[C@H](Cc2ccccc2)C(=O)O)n1,=,120.0,nM,Ki,6.92,Beta-lactamase L1,single protein format
CHEMBL385145,NC(=O)[C@@H](Cc1ccccc1)NC(=O)C(CCS)NC(=O)c1cccc(C(=O)O)n1,=,26.0,nM,Ki,7.58,Beta-lactamase L1,single protein format
CHEMBL216052,Cc1cc(C(=O)NC(CCS)C(=O)N[C@H](Cc2ccccc2)C(=O)O)cc(C)c1O,=,540.0,nM,Ki,6.27,Beta-lactamase L1,single protein format
CHEMBL214518,O=C(COc1cccc2ccccc12)NC(CCS)C(=O)N[C@H](Cc1ccccc1)C(=O)O,=,290.0,nM,Ki,6.54,Beta-lactamase L1,single protein format
CHEMBL214517,Cc1cc(C(=O)NC(CCS)C(=O)N[C@H](Cc2ccccc2)C(=O)O)cc(C)c1OCc1ccccc1,=,200.0,nM,Ki,6.70,Beta-lactamase L1,single protein format
CHEMBL385485,O=C(O)c1cc(O)cc(C(=O)NC(CCS)C(=O)N[C@H](Cc2ccccc2)C(=O)O)c1,=,140.0,nM,Ki,6.85,Beta-lactamase L1,single protein format
CHEMBL386485,O=C(NC(CCS)C(=O)N[C@H](Cc1ccccc1)C(=O)O)c1cnc(O)c(Cl)c1,=,260.0,nM,Ki,6.58,Beta-lactamase L1,single protein format
CHEMBL215784,CCCCc1ccc(C(=O)NC(CCS)C(=O)N[C@H](Cc2ccccc2)C(=O)O)nc1,=,230.0,nM,Ki,6.64,Beta-lactamase L1,single protein format
CHEMBL384344,O=C(NC(CCS)C(=O)N[C@H](Cc1ccccc1)C(=O)O)c1cc2cc(O)ccc2[nH]1,=,570.0,nM,Ki,6.24,Beta-lactamase L1,single protein format
CHEMBL215297,O=C(NC(CCS)C(=O)N[C@H](Cc1ccccc1)C(=O)O)c1cc2cc(Cl)ccc2[nH]1,=,200.0,nM,Ki,6.70,Beta-lactamase L1,single protein format
CHEMBL217877,O=C(NC(CCS)C(=O)N[C@H](Cc1ccccc1)C(=O)O)c1cc2cc(F)ccc2[nH]1,=,12.0,nM,Ki,7.92,Beta-lactamase L1,single protein format
CHEMBL387290,O=C(NC(CCS)C(=O)N[C@H](Cc1ccccc1)C(=O)O)c1cc2ccccc2[nH]1,=,290.0,nM,Ki,6.54,Beta-lactamase L1,single protein format
CHEMBL387406,O=C(NC(CCS)C(=O)N[C@H](Cc1ccccc1)C(=O)O)c1ccc(-c2ccccc2[N+](=O)[O-])o1,=,160.0,nM,Ki,6.80,Beta-lactamase L1,single protein format
CHEMBL386173,O=C(O)c1cccc(C(=O)NC(CCS)C(=O)N[C@H](Cc2ccccc2)C(=O)O)n1,=,12.0,nM,Ki,7.92,Beta-lactamase L1,single protein format
CHEMBL387243,CC(=O)Nc1ccc(CC(=O)NC(CCS)C(=O)N[C@H](Cc2ccccc2)C(=O)O)cc1[N+](=O)[O-],=,390.0,nM,Ki,6.41,Beta-lactamase L1,single protein format
CHEMBL213608,O=C(Cc1cc([N+](=O)[O-])ccc1Cl)NC(CCS)C(=O)N[C@H](Cc1ccccc1)C(=O)O,=,780.0,nM,Ki,6.11,Beta-lactamase L1,single protein format
CHEMBL384297,O=C(Cc1cccc([N+](=O)[O-])c1)NC(CCS)C(=O)N[C@H](Cc1ccccc1)C(=O)O,=,1030.0,nM,Ki,5.99,Beta-lactamase L1,single protein format
CHEMBL214569,O=C(CCC1CCCCC1)NC(CCS)C(=O)N[C@H](Cc1ccccc1)C(=O)O,=,780.0,nM,Ki,6.11,Beta-lactamase L1,single protein format
CHEMBL386339,C[Si](C)(C)CCC(=O)NC(CCS)C(=O)N[C@H](Cc1ccccc1)C(=O)O,=,520.0,nM,Ki,6.28,Beta-lactamase L1,single protein format
CHEMBL214330,CCCCc1ccc(C(=O)NC(CS)C(=O)N[C@H](Cc2ccccc2)C(=O)O)nc1,=,880.0,nM,Ki,6.06,Beta-lactamase L1,single protein format
CHEMBL215784,CCCCc1ccc(C(=O)NC(CCS)C(=O)N[C@H](Cc2ccccc2)C(=O)O)nc1,=,230.0,nM,Ki,6.64,Beta-lactamase L1,single protein format
CHEMBL425101,O=C(Cc1ccc(Br)cc1)NC(CS)C(=O)N[C@H](Cc1ccccc1)C(=O)O,=,3670.0,nM,Ki,5.43,Beta-lactamase L1,single protein format
CHEMBL214771,O=C(Cc1ccc(Br)cc1)NC(CCS)C(=O)N[C@H](Cc1ccccc1)C(=O)O,=,350.0,nM,Ki,6.46,Beta-lactamase L1,single protein format
CHEMBL385075,O=C(NC(CCS)C(=O)N[C@H](Cc1ccccc1)C(=O)O)c1cc2cccc([N+](=O)[O-])c2[nH]1,=,150.0,nM,Ki,6.82,Beta-lactamase L1,single protein format
CHEMBL214509,O=C(NC(CCS)C(=O)N[C@H](Cc1ccccc1)C(=O)O)C1CCC1,=,0.0,%,Inhibition,,Beta-lactamase L1,single protein format
CHEMBL214811,CC(C)CC(=O)NC(CCS)C(=O)N[C@H](Cc1ccccc1)C(=O)O,=,21.0,%,Inhibition,,Beta-lactamase L1,single protein format
CHEMBL424716,CCCC(=O)NC(CCS)C(=O)N[C@H](Cc1ccccc1)C(=O)O,=,41.0,%,Inhibition,,Beta-lactamase L1,single protein format
CHEMBL217082,O=C(CC(O)C(=O)O)NC(CCS)C(=O)N[C@H](Cc1ccccc1)C(=O)O,=,41.0,%,Inhibition,,Beta-lactamase L1,single protein format
CHEMBL217859,O=C(O)CCCCC(=O)NC(CCS)C(=O)N[C@H](Cc1ccccc1)C(=O)O,=,41.0,%,Inhibition,,Beta-lactamase L1,single protein format
CHEMBL385476,O=C(O)CCC(=O)NC(CCS)C(=O)N[C@H](Cc1ccccc1)C(=O)O,=,41.0,%,Inhibition,,Beta-lactamase L1,single protein format
CHEMBL214846,O=C(CO)NC(CCS)C(=O)N[C@H](Cc1ccccc1)C(=O)O,=,41.0,%,Inhibition,,Beta-lactamase L1,single protein format
CHEMBL214713,NC(=O)CCC(=O)NC(CCS)C(=O)N[C@H](Cc1ccccc1)C(=O)O,=,41.0,%,Inhibition,,Beta-lactamase L1,single protein format
CHEMBL215341,CC(=O)CCC(=O)NC(CCS)C(=O)N[C@H](Cc1ccccc1)C(=O)O,=,41.0,%,Inhibition,,Beta-lactamase L1,single protein format
CHEMBL215412,C/C=C\C=C\C(=O)NC(CCS)C(=O)N[C@H](Cc1ccccc1)C(=O)O,=,41.0,%,Inhibition,,Beta-lactamase L1,single protein format
CHEMBL411216,C=CCCC(=O)NC(CCS)C(=O)N[C@H](Cc1ccccc1)C(=O)O,=,41.0,%,Inhibition,,Beta-lactamase L1,single protein format
CHEMBL214783,CCCCCCCC(=O)NC(CCS)C(=O)N[C@H](Cc1ccccc1)C(=O)O,=,41.0,%,Inhibition,,Beta-lactamase L1,single protein format
CHEMBL264904,CC(C)C(=O)NC(CCS)C(=O)N[C@H](Cc1ccccc1)C(=O)O,=,41.0,%,Inhibition,,Beta-lactamase L1,single protein format
CHEMBL215888,C=C(C)C(=O)NC(CCS)C(=O)N[C@H](Cc1ccccc1)C(=O)O,=,61.0,%,Inhibition,,Beta-lactamase L1,single protein format
CHEMBL384481,O=C(CC12CC3CC(CC(C3)C1)C2)NC(CCS)C(=O)N[C@H](Cc1ccccc1)C(=O)O,=,61.0,%,Inhibition,,Beta-lactamase L1,single protein format
CHEMBL385051,O=C(N[C@H](Cc1ccccc1)C(=O)O)C(CCS)NC(=O)C12CC3CC(CC(C3)C1)C2,=,61.0,%,Inhibition,,Beta-lactamase L1,single protein format
CHEMBL215220,O=C(NC(CCS)C(=O)N[C@H](Cc1ccccc1)C(=O)O)C1CCCCC1,=,61.0,%,Inhibition,,Beta-lactamase L1,single protein format
CHEMBL385386,O=C(NC(CCS)C(=O)N[C@H](Cc1ccccc1)C(=O)O)C1CCCC1,=,61.0,%,Inhibition,,Beta-lactamase L1,single protein format
CHEMBL214821,C=C(C(=O)NC(CCS)C(=O)N[C@H](Cc1ccccc1)C(=O)O)C(F)(F)F,=,61.0,%,Inhibition,,Beta-lactamase L1,single protein format
CHEMBL386339,C[Si](C)(C)CCC(=O)NC(CCS)C(=O)N[C@H](Cc1ccccc1)C(=O)O,=,81.0,%,Inhibition,,Beta-lactamase L1,single protein format
CHEMBL214569,O=C(CCC1CCCCC1)NC(CCS)C(=O)N[C@H](Cc1ccccc1)C(=O)O,=,81.0,%,Inhibition,,Beta-lactamase L1,single protein format
CHEMBL384170,O=C(NC(CCS)C(=O)N[C@H](Cc1ccccc1)C(=O)O)c1ccc([N+](=O)[O-])cc1,=,41.0,%,Inhibition,,Beta-lactamase L1,single protein format
CHEMBL215162,O=C(CC(c1ccccc1)c1ccccc1)NC(CCS)C(=O)N[C@H](Cc1ccccc1)C(=O)O,=,41.0,%,Inhibition,,Beta-lactamase L1,single protein format
CHEMBL385030,CC(=O)Oc1ccccc1C(=O)NC(CCS)C(=O)N[C@H](Cc1ccccc1)C(=O)O,=,41.0,%,Inhibition,,Beta-lactamase L1,single protein format
CHEMBL217759,O=C(NC(CCS)C(=O)N[C@H](Cc1ccccc1)C(=O)O)c1ccccc1C(=O)c1ccccc1,=,41.0,%,Inhibition,,Beta-lactamase L1,single protein format
CHEMBL215232,O=C(NC(CCS)C(=O)N[C@H](Cc1ccccc1)C(=O)O)c1ccccc1-c1ccccc1,=,41.0,%,Inhibition,,Beta-lactamase L1,single protein format
CHEMBL215336,O=C(NC(CCS)C(=O)N[C@H](Cc1ccccc1)C(=O)O)c1ccccc1O,=,41.0,%,Inhibition,,Beta-lactamase L1,single protein format
CHEMBL425075,O=C(NC(CCS)C(=O)N[C@H](Cc1ccccc1)C(=O)O)c1cccc(O)c1,=,41.0,%,Inhibition,,Beta-lactamase L1,single protein format
CHEMBL214480,O=C(NC(CCS)C(=O)N[C@H](Cc1ccccc1)C(=O)O)c1ccccc1[N+](=O)[O-],=,61.0,%,Inhibition,,Beta-lactamase L1,single protein format
CHEMBL215225,O=C(N[C@H](Cc1ccccc1)C(=O)O)C(CCS)NC(=O)C(c1ccccc1)c1ccccc1,=,61.0,%,Inhibition,,Beta-lactamase L1,single protein format
CHEMBL386047,O=C(Cc1cccc2ccccc12)NC(CCS)C(=O)N[C@H](Cc1ccccc1)C(=O)O,=,61.0,%,Inhibition,,Beta-lactamase L1,single protein format
CHEMBL215283,O=C(COc1ccccc1)NC(CCS)C(=O)N[C@H](Cc1ccccc1)C(=O)O,=,61.0,%,Inhibition,,Beta-lactamase L1,single protein format
CHEMBL215836,O=C(Cc1ccccc1)NC(CCS)C(=O)N[C@H](Cc1ccccc1)C(=O)O,=,61.0,%,Inhibition,,Beta-lactamase L1,single protein format
CHEMBL215828,C=Cc1ccc(C(=O)NC(CCS)C(=O)N[C@H](Cc2ccccc2)C(=O)O)cc1,=,61.0,%,Inhibition,,Beta-lactamase L1,single protein format
CHEMBL214773,Cc1ccccc1C(=O)NC(CCS)C(=O)N[C@H](Cc1ccccc1)C(=O)O,=,61.0,%,Inhibition,,Beta-lactamase L1,single protein format
CHEMBL215157,CC(=O)Nc1cccc(C(=O)NC(CCS)C(=O)N[C@H](Cc2ccccc2)C(=O)O)c1,=,61.0,%,Inhibition,,Beta-lactamase L1,single protein format
CHEMBL215034,O=C(NC(CCS)C(=O)N[C@H](Cc1ccccc1)C(=O)O)c1ccc([N+](=O)[O-])c(O)c1,=,61.0,%,Inhibition,,Beta-lactamase L1,single protein format
CHEMBL438098,O=C(O)c1ccc(C(=O)NC(CCS)C(=O)N[C@H](Cc2ccccc2)C(=O)O)cc1,=,61.0,%,Inhibition,,Beta-lactamase L1,single protein format
CHEMBL384297,O=C(Cc1cccc([N+](=O)[O-])c1)NC(CCS)C(=O)N[C@H](Cc1ccccc1)C(=O)O,=,81.0,%,Inhibition,,Beta-lactamase L1,single protein format
CHEMBL215318,CO/N=C(/C(=O)NC(CCS)C(=O)N[C@H](Cc1ccccc1)C(=O)O)c1csc(NC=O)n1,=,41.0,%,Inhibition,,Beta-lactamase L1,single protein format
CHEMBL385668,Nc1nc(CC(=O)NC(CCS)C(=O)N[C@H](Cc2ccccc2)C(=O)O)cs1,=,41.0,%,Inhibition,,Beta-lactamase L1,single protein format
CHEMBL214602,O=C(Cc1c[nH]cn1)NC(CCS)C(=O)N[C@H](Cc1ccccc1)C(=O)O,=,41.0,%,Inhibition,,Beta-lactamase L1,single protein format
CHEMBL385549,O=C(NC(CCS)C(=O)N[C@H](Cc1ccccc1)C(=O)O)c1ccc2cc[nH]c2c1,=,41.0,%,Inhibition,,Beta-lactamase L1,single protein format
CHEMBL384401,Cc1cn(C)c(CC(=O)NC(CCS)C(=O)N[C@H](Cc2ccccc2)C(=O)O)c1C(=O)O,=,41.0,%,Inhibition,,Beta-lactamase L1,single protein format
CHEMBL387243,CC(=O)Nc1ccc(CC(=O)NC(CCS)C(=O)N[C@H](Cc2ccccc2)C(=O)O)cc1[N+](=O)[O-],=,81.0,%,Inhibition,,Beta-lactamase L1,single protein format
CHEMBL213608,O=C(Cc1cc([N+](=O)[O-])ccc1Cl)NC(CCS)C(=O)N[C@H](Cc1ccccc1)C(=O)O,=,81.0,%,Inhibition,,Beta-lactamase L1,single protein format
CHEMBL213615,O=C(NC(CCS)C(=O)N[C@H](Cc1ccccc1)C(=O)O)c1ccc2[nH]ccc2c1,=,61.0,%,Inhibition,,Beta-lactamase L1,single protein format
CHEMBL385445,O=C(NC(CCS)C(=O)N[C@H](Cc1ccccc1)C(=O)O)c1cc2ccccc2s1,=,61.0,%,Inhibition,,Beta-lactamase L1,single protein format
CHEMBL386639,O=C(NC(CCS)C(=O)N[C@H](Cc1ccccc1)C(=O)O)c1cnccn1,=,61.0,%,Inhibition,,Beta-lactamase L1,single protein format
CHEMBL386322,Cc1nocc1C(=O)NC(CCS)C(=O)N[C@H](Cc1ccccc1)C(=O)O,=,61.0,%,Inhibition,,Beta-lactamase L1,single protein format
CHEMBL214828,O=C(NC(CCS)C(=O)N[C@H](Cc1ccccc1)C(=O)O)c1ccno1,=,61.0,%,Inhibition,,Beta-lactamase L1,single protein format
CHEMBL216876,Cc1ccsc1C(=O)NC(CCS)C(=O)N[C@H](Cc1ccccc1)C(=O)O,=,61.0,%,Inhibition,,Beta-lactamase L1,single protein format
CHEMBL384637,Cc1ccc(C(=O)NC(CCS)C(=O)N[C@H](Cc2ccccc2)C(=O)O)c(Cl)n1,=,61.0,%,Inhibition,,Beta-lactamase L1,single protein format
CHEMBL215592,Cc1ccc(C(=O)NC(CCS)C(=O)N[C@H](Cc2ccccc2)C(=O)O)c(O)n1,=,61.0,%,Inhibition,,Beta-lactamase L1,single protein format
CHEMBL217697,O=C(NC(CCS)C(=O)N[C@H](Cc1ccccc1)C(=O)O)c1cccnc1S,=,61.0,%,Inhibition,,Beta-lactamase L1,single protein format
CHEMBL413493,O=C(NC(CCS)C(=O)N[C@H](Cc1ccccc1)C(=O)O)c1cccnc1,=,61.0,%,Inhibition,,Beta-lactamase L1,single protein format
CHEMBL386125,O=C(Cc1c[nH]c2ccccc12)NC(CCS)C(=O)N[C@H](Cc1ccccc1)C(=O)O,=,61.0,%,Inhibition,,Beta-lactamase L1,single protein format
CHEMBL386173,O=C(O)c1cccc(C(=O)NC(CCS)C(=O)N[C@H](Cc2ccccc2)C(=O)O)n1,=,81.0,%,Inhibition,,Beta-lactamase L1,single protein format
CHEMBL386485,O=C(NC(CCS)C(=O)N[C@H](Cc1ccccc1)C(=O)O)c1cnc(O)c(Cl)c1,=,81.0,%,Inhibition,,Beta-lactamase L1,single protein format
CHEMBL215784,CCCCc1ccc(C(=O)NC(CCS)C(=O)N[C@H](Cc2ccccc2)C(=O)O)nc1,=,81.0,%,Inhibition,,Beta-lactamase L1,single protein format
CHEMBL384344,O=C(NC(CCS)C(=O)N[C@H](Cc1ccccc1)C(=O)O)c1cc2cc(O)ccc2[nH]1,=,81.0,%,Inhibition,,Beta-lactamase L1,single protein format
CHEMBL385075,O=C(NC(CCS)C(=O)N[C@H](Cc1ccccc1)C(=O)O)c1cc2cccc([N+](=O)[O-])c2[nH]1,=,81.0,%,Inhibition,,Beta-lactamase L1,single protein format
CHEMBL215297,O=C(NC(CCS)C(=O)N[C@H](Cc1ccccc1)C(=O)O)c1cc2cc(Cl)ccc2[nH]1,=,81.0,%,Inhibition,,Beta-lactamase L1,single protein format
CHEMBL217877,O=C(NC(CCS)C(=O)N[C@H](Cc1ccccc1)C(=O)O)c1cc2cc(F)ccc2[nH]1,=,81.0,%,Inhibition,,Beta-lactamase L1,single protein format
CHEMBL387290,O=C(NC(CCS)C(=O)N[C@H](Cc1ccccc1)C(=O)O)c1cc2ccccc2[nH]1,=,81.0,%,Inhibition,,Beta-lactamase L1,single protein format
CHEMBL387406,O=C(NC(CCS)C(=O)N[C@H](Cc1ccccc1)C(=O)O)c1ccc(-c2ccccc2[N+](=O)[O-])o1,=,81.0,%,Inhibition,,Beta-lactamase L1,single protein format
CHEMBL384331,O=C(/C=C\c1c[nH]c2ccccc12)NC(CCS)C(=O)N[C@H](Cc1ccccc1)C(=O)O,=,21.0,%,Inhibition,,Beta-lactamase L1,single protein format
CHEMBL215543,O=C(/C=C\c1ccco1)NC(CCS)C(=O)N[C@H](Cc1ccccc1)C(=O)O,=,21.0,%,Inhibition,,Beta-lactamase L1,single protein format
CHEMBL383956,O=C(O)c1cccnc1C(=O)NC(CCS)C(=O)N[C@H](Cc1ccccc1)C(=O)O,=,41.0,%,Inhibition,,Beta-lactamase L1,single protein format
CHEMBL215596,O=C(NC(CCS)C(=O)N[C@H](Cc1ccccc1)C(=O)O)c1cccs1,=,41.0,%,Inhibition,,Beta-lactamase L1,single protein format
CHEMBL383892,O=C(NC(CCS)C(=O)N[C@H](Cc1ccccc1)C(=O)O)c1ccsc1,=,41.0,%,Inhibition,,Beta-lactamase L1,single protein format
CHEMBL385290,Cc1ccc(C(=O)NC(CCS)C(=O)N[C@H](Cc2ccccc2)C(=O)O)s1,=,41.0,%,Inhibition,,Beta-lactamase L1,single protein format
CHEMBL385069,O=C(NC(CCS)C(=O)N[C@H](Cc1ccccc1)C(=O)O)c1ccco1,=,41.0,%,Inhibition,,Beta-lactamase L1,single protein format
CHEMBL384987,O=C(NC(CCS)C(=O)N[C@H](Cc1ccccc1)C(=O)O)c1ccoc1,=,41.0,%,Inhibition,,Beta-lactamase L1,single protein format
CHEMBL215887,Cc1occc1C(=O)NC(CCS)C(=O)N[C@H](Cc1ccccc1)C(=O)O,=,41.0,%,Inhibition,,Beta-lactamase L1,single protein format
CHEMBL386100,O=C(NC(CCS)C(=O)N[C@H](Cc1ccccc1)C(=O)O)c1cc[nH]c1,=,41.0,%,Inhibition,,Beta-lactamase L1,single protein format
CHEMBL215840,Cn1cccc1C(=O)NC(CCS)C(=O)N[C@H](Cc1ccccc1)C(=O)O,=,41.0,%,Inhibition,,Beta-lactamase L1,single protein format
CHEMBL386713,O=C(CCc1cccnc1)NC(CCS)C(=O)N[C@H](Cc1ccccc1)C(=O)O,=,41.0,%,Inhibition,,Beta-lactamase L1,single protein format
CHEMBL215165,O=C(Cc1cccs1)NC(CCS)C(=O)N[C@H](Cc1ccccc1)C(=O)O,=,41.0,%,Inhibition,,Beta-lactamase L1,single protein format
CHEMBL386516,O=C(Cc1ccsc1)NC(CCS)C(=O)N[C@H](Cc1ccccc1)C(=O)O,=,41.0,%,Inhibition,,Beta-lactamase L1,single protein format
CHEMBL215590,NC(=O)[C@@H](Cc1ccccc1)NC(=O)C(CCS)NC(=O)c1cc(O)cc(C(=O)O)c1,=,130.0,nM,Ki,6.89,Beta-lactamase L1,single protein format
CHEMBL215590,NC(=O)[C@@H](Cc1ccccc1)NC(=O)C(CCS)NC(=O)c1cc(O)cc(C(=O)O)c1,=,2.1,nM,Ki,8.68,Beta-lactamase L1,single protein format
CHEMBL214771,O=C(Cc1ccc(Br)cc1)NC(CCS)C(=O)N[C@H](Cc1ccccc1)C(=O)O,=,81.0,%,Inhibition,,Beta-lactamase L1,single protein format
CHEMBL385485,O=C(O)c1cc(O)cc(C(=O)NC(CCS)C(=O)N[C@H](Cc2ccccc2)C(=O)O)c1,=,81.0,%,Inhibition,,Beta-lactamase L1,single protein format
CHEMBL214517,Cc1cc(C(=O)NC(CCS)C(=O)N[C@H](Cc2ccccc2)C(=O)O)cc(C)c1OCc1ccccc1,=,81.0,%,Inhibition,,Beta-lactamase L1,single protein format
CHEMBL214518,O=C(COc1cccc2ccccc12)NC(CCS)C(=O)N[C@H](Cc1ccccc1)C(=O)O,=,81.0,%,Inhibition,,Beta-lactamase L1,single protein format
CHEMBL216052,Cc1cc(C(=O)NC(CCS)C(=O)N[C@H](Cc2ccccc2)C(=O)O)cc(C)c1O,=,81.0,%,Inhibition,,Beta-lactamase L1,single protein format
CHEMBL286204,O=C(O)c1cccnc1C(=O)O,=,93.0,%,Activity,,Beta-lactamase L1,single protein format
CHEMBL72628,O=C(O)c1ccccn1,=,29.0,%,Activity,,Beta-lactamase L1,single protein format
CHEMBL261326,O=C(O)c1ccncc1C(=O)O,=,97.0,%,Activity,,Beta-lactamase L1,single protein format
CHEMBL284104,O=C(O)c1cccc(C(=O)O)n1,=,92.0,%,Activity,,Beta-lactamase L1,single protein format
CHEMBL88972,O=C(O)c1ccc(C(=O)O)nc1,=,94.0,%,Activity,,Beta-lactamase L1,single protein format
CHEMBL316034,O=C(O)c1ccnc(C(=O)O)c1,=,78.0,%,Activity,,Beta-lactamase L1,single protein format
CHEMBL1172387,CC(C)OP(=O)(OC(C)C)c1ccccc1S,>,250000.0,nM,Ki,,Beta-lactamase L1,single protein format
CHEMBL1173336,O=P(O)(O)c1ccccc1S,=,12000.0,nM,Ki,4.92,Beta-lactamase L1,single protein format
CHEMBL1173337,CC(C)OP(=O)(OC(C)C)c1ccccc1CS,=,14000.0,nM,Ki,4.85,Beta-lactamase L1,single protein format
CHEMBL1173338,O=P(O)(O)c1ccccc1CS,>,50000.0,nM,Ki,,Beta-lactamase L1,single protein format
CHEMBL1173339,CCC(S)P(=O)(OC(C)C)OC(C)C,>,40000.0,nM,Ki,,Beta-lactamase L1,single protein format
CHEMBL1172388,CCC(S)P(=O)(O)O,>,40000.0,nM,Ki,,Beta-lactamase L1,single protein format
CHEMBL1170023,CC(C)OP(=O)(OC(C)C)C(S)c1ccccc1,=,16000.0,nM,Ki,4.80,Beta-lactamase L1,single protein format
CHEMBL1170424,O=P(O)(O)C(S)c1ccccc1,=,32000.0,nM,Ki,4.50,Beta-lactamase L1,single protein format
CHEMBL1170425,O=P(O)(O)c1cc(F)ccc1S,=,4000.0,nM,Ki,5.40,Beta-lactamase L1,single protein format
CHEMBL1173797,O=P(O)(O)C(S)c1ccc(Cl)cc1Cl,=,400.0,nM,Ki,6.40,Beta-lactamase L1,single protein format
CHEMBL1173798,COc1ccccc1C(S)P(=O)(O)O,=,4000.0,nM,Ki,5.40,Beta-lactamase L1,single protein format
CHEMBL1173799,O=P(O)(O)C(S)c1ccc(Br)cc1,=,1700.0,nM,Ki,5.77,Beta-lactamase L1,single protein format
CHEMBL1173800,O=P(O)(O)C(S)c1ccc(Cl)cc1,=,700.0,nM,Ki,6.16,Beta-lactamase L1,single protein format
CHEMBL1172743,O=P(O)(O)C(S)c1ccc(F)cc1,=,18000.0,nM,Ki,4.75,Beta-lactamase L1,single protein format
CHEMBL1172387,CC(C)OP(=O)(OC(C)C)c1ccccc1S,>,250000.0,nM,Ki,,Beta-lactamase L1,single protein format
CHEMBL1173336,O=P(O)(O)c1ccccc1S,=,9000.0,nM,Ki,5.05,Beta-lactamase L1,single protein format
CHEMBL1173337,CC(C)OP(=O)(OC(C)C)c1ccccc1CS,=,3000.0,nM,Ki,5.52,Beta-lactamase L1,single protein format
CHEMBL1173338,O=P(O)(O)c1ccccc1CS,=,2000.0,nM,Ki,5.70,Beta-lactamase L1,single protein format
CHEMBL1173339,CCC(S)P(=O)(OC(C)C)OC(C)C,>,40000.0,nM,Ki,,Beta-lactamase L1,single protein format
CHEMBL1172388,CCC(S)P(=O)(O)O,>,80000.0,nM,Ki,,Beta-lactamase L1,single protein format
CHEMBL1170023,CC(C)OP(=O)(OC(C)C)C(S)c1ccccc1,=,20000.0,nM,Ki,4.70,Beta-lactamase L1,single protein format
CHEMBL1170424,O=P(O)(O)C(S)c1ccccc1,>,100000.0,nM,Ki,,Beta-lactamase L1,single protein format
CHEMBL1170425,O=P(O)(O)c1cc(F)ccc1S,=,40000.0,nM,Ki,4.40,Beta-lactamase L1,single protein format
CHEMBL1173797,O=P(O)(O)C(S)c1ccc(Cl)cc1Cl,=,400.0,nM,Ki,6.40,Beta-lactamase L1,single protein format
CHEMBL1173798,COc1ccccc1C(S)P(=O)(O)O,=,9000.0,nM,Ki,5.05,Beta-lactamase L1,single protein format
CHEMBL1173799,O=P(O)(O)C(S)c1ccc(Br)cc1,=,8400.0,nM,Ki,5.08,Beta-lactamase L1,single protein format
CHEMBL1173800,O=P(O)(O)C(S)c1ccc(Cl)cc1,=,3800.0,nM,Ki,5.42,Beta-lactamase L1,single protein format
CHEMBL1172743,O=P(O)(O)C(S)c1ccc(F)cc1,>,20000.0,nM,Ki,,Beta-lactamase L1,single protein format
CHEMBL174,CC1(C)S[C@@H]2[C@H](NC(=O)[C@H](N)c3ccccc3)C(=O)N2[C@H]1C(=O)O,=,4.4,10'6/M/s,Kcat/Km,,Beta-lactamase L1,single protein format
CHEMBL29,CC1(C)S[C@@H]2[C@H](NC(=O)Cc3ccccc3)C(=O)N2[C@H]1C(=O)O,=,2.2,10'7/M/s,Kcat/Km,,Beta-lactamase L1,single protein format
CHEMBL702,CCN1CCN(C(=O)N[C@@H](C(=O)N[C@@H]2C(=O)N3[C@@H](C(=O)O)C(C)(C)S[C@H]23)c2ccccc2)C(=O)C1=O,=,7.0,10'6/M/s,Kcat/Km,,Beta-lactamase L1,single protein format
CHEMBL1449,CC1(C)S[C@@H]2[C@H](NC(=O)[C@H](C(=O)O)c3ccsc3)C(=O)N2[C@H]1C(=O)O,=,2.7,10'6/M/s,Kcat/Km,,Beta-lactamase L1,single protein format
CHEMBL1276310,CO[C@@]1(NC(=O)C(C(=O)O)c2ccsc2)C(=O)N2[C@@H](C(=O)O)C(C)(C)S[C@@H]21,=,1.2,10'6/M/s,Kcat/Km,,Beta-lactamase L1,single protein format
CHEMBL996,CO[C@@]1(NC(=O)Cc2cccs2)C(=O)N2C(C(=O)O)=C(COC(N)=O)CS[C@@H]21,=,5.5,10'5/M/s,Kcat/Km,,Beta-lactamase L1,single protein format
CHEMBL1436,CO/N=C(\C(=O)N[C@@H]1C(=O)N2C(C(=O)O)=C(COC(N)=O)CS[C@H]12)c1ccco1,=,2.7,10'6/M/s,Kcat/Km,,Beta-lactamase L1,single protein format
CHEMBL1730,CO/N=C(\C(=O)N[C@@H]1C(=O)N2C(C(=O)O)=C(COC(C)=O)CS[C@H]12)c1csc(N)n1,=,2.6,10'6/M/s,Kcat/Km,,Beta-lactamase L1,single protein format
CHEMBL44354,CC(C)(O/N=C(\C(=O)N[C@@H]1C(=O)N2C(C(=O)[O-])=C(C[n+]3ccccc3)CS[C@H]12)c1csc(N)n1)C(=O)O,=,1.8,10'5/M/s,Kcat/Km,,Beta-lactamase L1,single protein format
CHEMBL186,CO/N=C(\C(=O)N[C@@H]1C(=O)N2C(C(=O)[O-])=C(C[N+]3(C)CCCC3)CS[C@H]12)c1csc(N)n1,=,1.69,10'4/M/s,Kcat/Km,,Beta-lactamase L1,single protein format
CHEMBL148,C[C@@H](O)[C@H]1C(=O)N2C(C(=O)O)=C(SCCNC=N)C[C@H]12,=,7.3,10'5/M/s,Kcat/Km,,Beta-lactamase L1,single protein format
CHEMBL127,C[C@@H](O)[C@H]1C(=O)N2C(C(=O)O)=C(S[C@@H]3CN[C@H](C(=O)N(C)C)C3)[C@H](C)[C@H]12,=,4.5,10'6/M/s,Kcat/Km,,Beta-lactamase L1,single protein format
CHEMBL158,C[C@H]1[C@H](NC(=O)/C(=N\OC(C)(C)C(=O)O)c2csc(N)n2)C(=O)N1S(=O)(=O)O,,,,Kcat/Km,,Beta-lactamase L1,single protein format
CHEMBL3234716,COC(=O)c1c(O)ccc2nc3c(C(=O)O)cccc3nc12,=,1000.0,nM,IC50,6.00,Beta-lactamase L1,single protein format
CHEMBL3234717,COC(=O)c1cc(SCC(NC(C)=O)C(=O)OC)cc2nc3c(C(=O)O)cccc3nc12,=,1000.0,nM,IC50,6.00,Beta-lactamase L1,single protein format
CHEMBL3577961,O=C(CSc1nnc(-c2ccccc2C(=O)O)[nH]1)Nc1ccccc1,,,,Inhibition,,Beta-lactamase L1,assay format
CHEMBL3577962,O=C(CSc1nnc(-c2ccccc2C(=O)O)[nH]1)Nc1nc2ccccc2[nH]1,,,,Inhibition,,Beta-lactamase L1,assay format
CHEMBL3577963,O=C(CSc1nnc(-c2ccccc2C(=O)O)[nH]1)Nc1nc2ccccc2s1,,,,Inhibition,,Beta-lactamase L1,assay format
CHEMBL3577964,O=C(CSc1nnc(-c2ccccc2C(=O)O)[nH]1)Nc1ccc(Cl)cc1,,,,Inhibition,,Beta-lactamase L1,assay format
CHEMBL3577965,O=C(CSc1nnc(-c2ccccc2C(=O)O)[nH]1)Nc1ccc([N+](=O)[O-])cc1,,,,Inhibition,,Beta-lactamase L1,assay format
CHEMBL3577966,O=C(CSc1nnc(-c2ccccc2C(=O)O)[nH]1)NCc1ccccc1,,,,Inhibition,,Beta-lactamase L1,assay format
CHEMBL3577967,O=C(CSc1nnc(-c2ccccc2C(=O)O)[nH]1)Nc1ccccc1Cl,,,,Inhibition,,Beta-lactamase L1,assay format
CHEMBL3577968,O=C(CSc1nnc(-c2ccccc2C(=O)O)[nH]1)Nc1cccc(Cl)c1,,,,Inhibition,,Beta-lactamase L1,assay format
CHEMBL3577969,O=C(CSc1nnc(-c2ccccc2C(=O)O)[nH]1)Nc1ccccc1[N+](=O)[O-],,,,Inhibition,,Beta-lactamase L1,assay format
CHEMBL3577970,O=C(CSc1nnc(-c2ccccc2C(=O)O)[nH]1)Nc1cccc([N+](=O)[O-])c1,,,,Inhibition,,Beta-lactamase L1,assay format
CHEMBL3577971,O=C(O)CCc1nnc(SCC(=O)Nc2ccccc2)[nH]1,,,,Inhibition,,Beta-lactamase L1,assay format
CHEMBL3577972,O=C(O)CCc1nnc(SCC(=O)Nc2nc3ccccc3[nH]2)[nH]1,,,,Inhibition,,Beta-lactamase L1,assay format
CHEMBL3577973,O=C(O)CCc1nnc(SCC(=O)Nc2nc3ccccc3s2)[nH]1,,,,Inhibition,,Beta-lactamase L1,assay format
CHEMBL3577974,O=C(O)CCc1nnc(SCC(=O)Nc2ccc(Cl)cc2)[nH]1,,,,Inhibition,,Beta-lactamase L1,assay format
CHEMBL3577975,O=C(O)CCCc1nnc(SCC(=O)Nc2nc3ccccc3[nH]2)[nH]1,,,,Inhibition,,Beta-lactamase L1,assay format
CHEMBL3577961,O=C(CSc1nnc(-c2ccccc2C(=O)O)[nH]1)Nc1ccccc1,=,8.0,ug.mL-1,MIC,,Beta-lactamase L1,assay format
CHEMBL3577962,O=C(CSc1nnc(-c2ccccc2C(=O)O)[nH]1)Nc1nc2ccccc2[nH]1,=,8.0,ug.mL-1,MIC,,Beta-lactamase L1,assay format
CHEMBL3577963,O=C(CSc1nnc(-c2ccccc2C(=O)O)[nH]1)Nc1nc2ccccc2s1,=,8.0,ug.mL-1,MIC,,Beta-lactamase L1,assay format
CHEMBL3577964,O=C(CSc1nnc(-c2ccccc2C(=O)O)[nH]1)Nc1ccc(Cl)cc1,=,8.0,ug.mL-1,MIC,,Beta-lactamase L1,assay format
CHEMBL3577965,O=C(CSc1nnc(-c2ccccc2C(=O)O)[nH]1)Nc1ccc([N+](=O)[O-])cc1,=,16.0,ug.mL-1,MIC,,Beta-lactamase L1,assay format
CHEMBL3577966,O=C(CSc1nnc(-c2ccccc2C(=O)O)[nH]1)NCc1ccccc1,=,16.0,ug.mL-1,MIC,,Beta-lactamase L1,assay format
CHEMBL3577967,O=C(CSc1nnc(-c2ccccc2C(=O)O)[nH]1)Nc1ccccc1Cl,=,64.0,ug.mL-1,MIC,,Beta-lactamase L1,assay format
CHEMBL3577968,O=C(CSc1nnc(-c2ccccc2C(=O)O)[nH]1)Nc1cccc(Cl)c1,=,64.0,ug.mL-1,MIC,,Beta-lactamase L1,assay format
CHEMBL3577969,O=C(CSc1nnc(-c2ccccc2C(=O)O)[nH]1)Nc1ccccc1[N+](=O)[O-],>,128.0,ug.mL-1,MIC,,Beta-lactamase L1,assay format
CHEMBL3577970,O=C(CSc1nnc(-c2ccccc2C(=O)O)[nH]1)Nc1cccc([N+](=O)[O-])c1,=,8.0,ug.mL-1,MIC,,Beta-lactamase L1,assay format
CHEMBL3586474,O=C(O)CSC(=O)CNC(=O)Cc1cccs1,=,840.0,nM,IC50,6.08,Beta-lactamase L1,assay format
CHEMBL3586475,C[C@H](NC(=O)Cc1cccs1)C(=O)SCC(=O)O,=,910.0,nM,IC50,6.04,Beta-lactamase L1,assay format
CHEMBL3586476,CC(C)[C@H](NC(=O)Cc1cccs1)C(=O)SCC(=O)O,=,450.0,nM,IC50,6.35,Beta-lactamase L1,assay format
CHEMBL3586477,CC(C)C[C@H](NC(=O)Cc1cccs1)C(=O)SCC(=O)O,=,69.0,nM,IC50,7.16,Beta-lactamase L1,assay format
CHEMBL3586478,CSCC[C@H](NC(=O)Cc1cccs1)C(=O)SCC(=O)O,=,18.0,nM,IC50,7.75,Beta-lactamase L1,assay format
CHEMBL3586479,O=C(O)CSC(=O)[C@H](CO)NC(=O)Cc1cccs1,=,1490.0,nM,IC50,5.83,Beta-lactamase L1,assay format
CHEMBL3586480,O=C(O)CSC(=O)[C@H](Cc1ccccc1)NC(=O)Cc1cccs1,=,2900.0,nM,IC50,5.54,Beta-lactamase L1,assay format
CHEMBL3585360,O=C(O)CSC(=O)[C@H](Cc1c[nH]c2ccccc12)NC(=O)Cc1cccs1,=,290.0,nM,IC50,6.54,Beta-lactamase L1,assay format
CHEMBL3586481,O=C(O)CSC(=O)[C@H](CCCCNC(=O)Cc1cccs1)NC(=O)Cc1cccs1,=,1080.0,nM,IC50,5.97,Beta-lactamase L1,assay format
CHEMBL3586482,O=C(O)CSC(=O)[C@@H]1CCCN1C(=O)Cc1cccs1,=,450.0,nM,IC50,6.35,Beta-lactamase L1,assay format
CHEMBL3586474,O=C(O)CSC(=O)CNC(=O)Cc1cccs1,=,280.0,nM,Ki,6.55,Beta-lactamase L1,assay format
CHEMBL3586475,C[C@H](NC(=O)Cc1cccs1)C(=O)SCC(=O)O,=,410.0,nM,Ki,6.39,Beta-lactamase L1,assay format
CHEMBL3586476,CC(C)[C@H](NC(=O)Cc1cccs1)C(=O)SCC(=O)O,=,280.0,nM,Ki,6.55,Beta-lactamase L1,assay format
CHEMBL3586477,CC(C)C[C@H](NC(=O)Cc1cccs1)C(=O)SCC(=O)O,=,210.0,nM,Ki,6.68,Beta-lactamase L1,assay format
CHEMBL3586478,CSCC[C@H](NC(=O)Cc1cccs1)C(=O)SCC(=O)O,=,110.0,nM,Ki,6.96,Beta-lactamase L1,assay format
CHEMBL3586479,O=C(O)CSC(=O)[C@H](CO)NC(=O)Cc1cccs1,=,170.0,nM,Ki,6.77,Beta-lactamase L1,assay format
CHEMBL3586480,O=C(O)CSC(=O)[C@H](Cc1ccccc1)NC(=O)Cc1cccs1,=,950.0,nM,Ki,6.02,Beta-lactamase L1,assay format
CHEMBL3585360,O=C(O)CSC(=O)[C@H](Cc1c[nH]c2ccccc12)NC(=O)Cc1cccs1,=,170.0,nM,Ki,6.77,Beta-lactamase L1,assay format
CHEMBL3586481,O=C(O)CSC(=O)[C@H](CCCCNC(=O)Cc1cccs1)NC(=O)Cc1cccs1,=,190.0,nM,Ki,6.72,Beta-lactamase L1,assay format
CHEMBL3586482,O=C(O)CSC(=O)[C@@H]1CCCN1C(=O)Cc1cccs1,=,870.0,nM,Ki,6.06,Beta-lactamase L1,assay format
CHEMBL3586474,O=C(O)CSC(=O)CNC(=O)Cc1cccs1,=,4.0,ug.mL-1,MIC,,Beta-lactamase L1,assay format
CHEMBL3586475,C[C@H](NC(=O)Cc1cccs1)C(=O)SCC(=O)O,=,2.0,ug.mL-1,MIC,,Beta-lactamase L1,assay format
CHEMBL3586476,CC(C)[C@H](NC(=O)Cc1cccs1)C(=O)SCC(=O)O,=,4.0,ug.mL-1,MIC,,Beta-lactamase L1,assay format
CHEMBL3586477,CC(C)C[C@H](NC(=O)Cc1cccs1)C(=O)SCC(=O)O,=,2.0,ug.mL-1,MIC,,Beta-lactamase L1,assay format
CHEMBL3586478,CSCC[C@H](NC(=O)Cc1cccs1)C(=O)SCC(=O)O,=,2.0,ug.mL-1,MIC,,Beta-lactamase L1,assay format
CHEMBL3586479,O=C(O)CSC(=O)[C@H](CO)NC(=O)Cc1cccs1,=,4.0,ug.mL-1,MIC,,Beta-lactamase L1,assay format
CHEMBL3586480,O=C(O)CSC(=O)[C@H](Cc1ccccc1)NC(=O)Cc1cccs1,=,4.0,ug.mL-1,MIC,,Beta-lactamase L1,assay format
CHEMBL3585360,O=C(O)CSC(=O)[C@H](Cc1c[nH]c2ccccc12)NC(=O)Cc1cccs1,=,2.0,ug.mL-1,MIC,,Beta-lactamase L1,assay format
CHEMBL3586481,O=C(O)CSC(=O)[C@H](CCCCNC(=O)Cc1cccs1)NC(=O)Cc1cccs1,=,4.0,ug.mL-1,MIC,,Beta-lactamase L1,assay format
CHEMBL3586482,O=C(O)CSC(=O)[C@@H]1CCCN1C(=O)Cc1cccs1,=,2.0,ug.mL-1,MIC,,Beta-lactamase L1,assay format
CHEMBL3586474,O=C(O)CSC(=O)CNC(=O)Cc1cccs1,=,2.0,,FC,,Beta-lactamase L1,assay format
CHEMBL3586475,C[C@H](NC(=O)Cc1cccs1)C(=O)SCC(=O)O,=,2.0,,FC,,Beta-lactamase L1,assay format
CHEMBL3586476,CC(C)[C@H](NC(=O)Cc1cccs1)C(=O)SCC(=O)O,=,2.0,,FC,,Beta-lactamase L1,assay format
CHEMBL3586477,CC(C)C[C@H](NC(=O)Cc1cccs1)C(=O)SCC(=O)O,=,2.0,,FC,,Beta-lactamase L1,assay format
CHEMBL3586478,CSCC[C@H](NC(=O)Cc1cccs1)C(=O)SCC(=O)O,=,2.0,,FC,,Beta-lactamase L1,assay format
CHEMBL3586479,O=C(O)CSC(=O)[C@H](CO)NC(=O)Cc1cccs1,=,2.0,,FC,,Beta-lactamase L1,assay format
CHEMBL3586480,O=C(O)CSC(=O)[C@H](Cc1ccccc1)NC(=O)Cc1cccs1,=,2.0,,FC,,Beta-lactamase L1,assay format
CHEMBL3585360,O=C(O)CSC(=O)[C@H](Cc1c[nH]c2ccccc12)NC(=O)Cc1cccs1,=,2.0,,FC,,Beta-lactamase L1,assay format
CHEMBL3586481,O=C(O)CSC(=O)[C@H](CCCCNC(=O)Cc1cccs1)NC(=O)Cc1cccs1,=,2.0,,FC,,Beta-lactamase L1,assay format
CHEMBL3586482,O=C(O)CSC(=O)[C@@H]1CCCN1C(=O)Cc1cccs1,=,2.0,,FC,,Beta-lactamase L1,assay format
