molecule_chembl_id,canonical_smiles,standard_relation,standard_value,standard_units,standard_type,pchembl_value,target_pref_name,bao_label
CHEMBL173793,Cn1nnnc1SCC1=C(C(=O)O)N2C(=O)C(NC(=O)C(O)c3ccccc3)C2SC1,=,200.0,,Relative hydrolysis rate,,Beta-lactamase,single protein format
CHEMBL1727,CC1=C(C(=O)O)N2C(=O)[C@@H](NC(=O)[C@H](N)c3ccccc3)[C@H]2SC1,=,39.0,,Relative hydrolysis rate,,Beta-lactamase,single protein format
CHEMBL353657,Cn1nnnc1SCC1=C(C(=O)O)N2C(=O)C(NC(=O)Cc3csc(N)n3)C2SC1,=,250.0,,Relative hydrolysis rate,,Beta-lactamase,single protein format
CHEMBL86191,Cn1nnnc1SCC1=C(C(=O)O)N2C(=O)C(NC(=O)C(C(=O)O)c3ccc(O)cc3)C2OC1,=,86.0,,Relative hydrolysis rate,,Beta-lactamase,single protein format
CHEMBL366826,CC1=C(C(=O)O)N2C(=O)C(NC(=O)CSC(F)(F)F)C2SC1,=,160.0,,Relative hydrolysis rate,,Beta-lactamase,single protein format
CHEMBL172840,Cc1nnc(SCC2=C(C(=O)O)N3C(=O)C(NC(=O)Cn4cnnn4)C3SC2)s1,=,370.0,,Relative hydrolysis rate,,Beta-lactamase,single protein format
CHEMBL53624,Nc1nc(/C(=N/O)C(=O)N[C@@H]2C(=O)N3C(C(=O)O)=C(/C=C4\CCN(CC(F)(F)F)C4=O)CS[C@H]23)cs1,=,461.0,M min-1 (M of enzyme)-1,Activity,,Beta-lactamase,single protein format
CHEMBL172667,Cn1nnnc1SCC1=C(C(=O)O)N2C(=O)C(NC(=O)/C(=N\O)c3ccc(NS(C)(=O)=O)cc3)C2OC1,=,330.0,,Relative hydrolysis rate,,Beta-lactamase,single protein format
CHEMBL368400,Cn1nnnc1SCC1=C(C(=O)O)N2C(=O)C(NC(=O)Cc3ccc(O)cc3)C2OC1,=,710.0,,Relative hydrolysis rate,,Beta-lactamase,single protein format
CHEMBL176909,CCN1CCN(C(=O)NC(C(=O)NC2C(=O)N3C(C(=O)O)=C(CSc4nnnn4C)COC23)c2ccc(OC(N)=O)cc2)C(=O)C1=O,=,34.0,,Relative hydrolysis rate,,Beta-lactamase,single protein format
CHEMBL368062,Cn1nnnc1SCC1=C(C(=O)O)N2C(=O)C(NC(=O)C(O)c3ccccc3)C2OC1,=,300.0,,Relative hydrolysis rate,,Beta-lactamase,single protein format
CHEMBL176460,Cn1nnnc1SCC1=C(C(=O)O)N2C(=O)C(NC(=O)Cc3ccc(O)cc3)C2SC1,=,410.0,,Relative hydrolysis rate,,Beta-lactamase,single protein format
CHEMBL312728,Cn1nnnc1SCC1=C(C(=O)O)N2C(=O)C(NC(=O)C(C(=O)O)c3ccc(O)cc3)C2SC1,=,20.0,,Relative hydrolysis rate,,Beta-lactamase,single protein format
CHEMBL173839,Cc1nnc(SCC2=C(C(=O)O)N3C(=O)C(NC(=O)Cn4cnnn4)C3OC2)s1,=,1200.0,,Relative hydrolysis rate,,Beta-lactamase,single protein format
CHEMBL368005,Cn1nnnc1SCC1=C(C(=O)O)N2C(=O)C(NC(=O)/C(=N\O)c3ccc(NS(C)(=O)=O)cc3)C2SC1,=,170.0,,Relative hydrolysis rate,,Beta-lactamase,single protein format
CHEMBL175044,Cn1nnnc1SCC1=C(C(=O)O)N2C(=O)C(NC(=O)Cc3csc(N)n3)C2OC1,=,770.0,,Relative hydrolysis rate,,Beta-lactamase,single protein format
CHEMBL176409,CCN1CCN(C(=O)NC(C(=O)NC2C(=O)N3C(C(=O)O)=C(CSc4nnnn4C)CSC23)c2ccc(OC(N)=O)cc2)C(=O)C1=O,=,16.0,,Relative hydrolysis rate,,Beta-lactamase,single protein format
CHEMBL174521,CC1=C(C(=O)O)N2C(=O)C(NC(=O)C(N)c3ccccc3)C2OC1,=,330.0,,Relative hydrolysis rate,,Beta-lactamase,single protein format
CHEMBL277057,CC1=C(C(=O)O)N2C(=O)C(NC(=O)CSC(F)(F)F)C2OC1,=,500.0,,Relative hydrolysis rate,,Beta-lactamase,single protein format
CHEMBL161,CO/N=C(\C(=O)N[C@@H]1C(=O)N2C(C(=O)O)=C(CSc3nc(=O)c(O)nn3C)CS[C@H]12)c1csc(N)n1,=,897.0,M min-1 (M of enzyme)-1,Activity,,Beta-lactamase,single protein format
CHEMBL302241,Cn1ccnc1SC[C@@]1(C)[C@H](C(=O)O)N2C(=O)C[C@H]2S1(=O)=O,=,0.025,ug.mL-1,IC50,,Beta-lactamase,single protein format
CHEMBL34277,CC(C)CCCCCCCCCCCCCc1cccc(O)c1C(=O)O,,,,IC50,,Beta-lactamase,single protein format
CHEMBL308516,C[C@@]1(CSc2nc3ccccc3s2)S[C@@H]2[C@H](Br)C(=O)N2[C@H]1C(=O)O,=,0.001,ug.mL-1,IC50,,Beta-lactamase,single protein format
CHEMBL30914,CCCCCCCCCCCCCCCCCc1cccc(O)c1C(=O)O,=,8300.0,ug.mL-1,IC50,,Beta-lactamase,single protein format
CHEMBL403,CC1(C)[C@H](C(=O)O)N2C(=O)C[C@H]2S1(=O)=O,=,0.08,ug.mL-1,IC50,,Beta-lactamase,single protein format
CHEMBL455368,C=CC/C=C\C/C=C\CCCCCCCc1cccc(O)c1C(=O)O,=,31000.0,ug.mL-1,IC50,,Beta-lactamase,single protein format
CHEMBL72046,C[C@]1(CSC2=NCCS2)[C@H](C(=O)O)N2C(=O)C[C@H]2S1(=O)=O,=,0.013,ug.mL-1,IC50,,Beta-lactamase,single protein format
CHEMBL423309,Cn1cnnc1SC[C@@]1(C)[C@H](C(=O)O)N2C(=O)C[C@H]2S1(=O)=O,=,0.013,ug.mL-1,IC50,,Beta-lactamase,single protein format
CHEMBL33379,CCCCCCCCc1cccc(O)c1C(=O)O,=,3900.0,ug.mL-1,IC50,,Beta-lactamase,single protein format
CHEMBL33202,CCCCCCCCCCc1cccc(O)c1,,,,IC50,,Beta-lactamase,single protein format
CHEMBL310221,C[C@@]1(CSC2=NCCS2)S[C@@H]2[C@H](Br)C(=O)N2[C@H]1C(=O)O,=,0.003,ug.mL-1,IC50,,Beta-lactamase,single protein format
CHEMBL73622,CC1(C)S[C@@H]2[C@H](Br)C(=O)N2[C@H]1C(=O)O,=,0.001,ug.mL-1,IC50,,Beta-lactamase,single protein format
CHEMBL416038,CCCCCCCCCCc1cccc(O)c1C(=O)O,=,180000.0,ug.mL-1,IC50,,Beta-lactamase,single protein format
CHEMBL302512,Cn1nnnc1SC[C@@]1(C)[C@H](C(=O)O)N2C(=O)C[C@H]2S1(=O)=O,=,0.008,ug.mL-1,IC50,,Beta-lactamase,single protein format
CHEMBL33019,CCCCCCCCCCc1cccc(O)c1O,,,,IC50,,Beta-lactamase,single protein format
CHEMBL30870,CCCCCCCCCCc1cccc(OC)c1C(=O)O,=,180000.0,ug.mL-1,IC50,,Beta-lactamase,single protein format
CHEMBL8087,CCCCCCCCCCCCCCCc1cccc(O)c1O,,,,IC50,,Beta-lactamase,single protein format
CHEMBL309009,C[C@]1(CSc2nc3ccccc3o2)[C@H](C(=O)O)N2C(=O)C[C@H]2S1(=O)=O,=,0.002,ug.mL-1,IC50,,Beta-lactamase,single protein format
CHEMBL415266,Cn1nnnc1SC[C@]1(C)S[C@@H]2[C@H](Br)C(=O)N2[C@H]1C(=O)O,=,0.003,ug.mL-1,IC50,,Beta-lactamase,single protein format
CHEMBL30915,CCCCCCCCCCCCCCCc1cccc(OC)c1C(=O)O,=,22000.0,ug.mL-1,IC50,,Beta-lactamase,single protein format
CHEMBL284924,CCCCCCCCCCc1ccccc1C(=O)O,,,,IC50,,Beta-lactamase,single protein format
CHEMBL33995,CC/C=C\C/C=C\C/C=C\CCCCCCCc1cccc(O)c1C(=O)O,=,110000.0,ug.mL-1,IC50,,Beta-lactamase,single protein format
CHEMBL34634,CCC(C)CCCCCCCCCCCCc1cccc(O)c1C(=O)O,,,,IC50,,Beta-lactamase,single protein format
CHEMBL34689,CCCCCCCCCCCCCCCc1cccc(O)c1,,,,IC50,,Beta-lactamase,single protein format
CHEMBL305908,C[C@@]1(CSc2nc[nH]n2)S[C@@H]2[C@H](Br)C(=O)N2[C@H]1C(=O)O,=,0.003,ug.mL-1,IC50,,Beta-lactamase,single protein format
CHEMBL777,O=C(O)[C@H]1/C(=C/CO)O[C@@H]2CC(=O)N21,=,0.013,ug.mL-1,IC50,,Beta-lactamase,single protein format
CHEMBL72972,C[C@]1(CSc2nc3ccccc3[nH]2)[C@H](C(=O)O)N2C(=O)C[C@H]2S1(=O)=O,=,0.008,ug.mL-1,IC50,,Beta-lactamase,single protein format
CHEMBL70269,C[C@@]1(CSc2nc3ccccc3o2)S[C@@H]2[C@H](Br)C(=O)N2[C@H]1C(=O)O,=,0.001,ug.mL-1,IC50,,Beta-lactamase,single protein format
CHEMBL404,C[C@]1(Cn2ccnn2)[C@H](C(=O)O)N2C(=O)C[C@H]2S1(=O)=O,=,0.006,ug.mL-1,IC50,,Beta-lactamase,single protein format
CHEMBL73450,Cn1ccnc1SC[C@]1(C)S[C@@H]2[C@H](Br)C(=O)N2[C@H]1C(=O)O,=,0.01,ug.mL-1,IC50,,Beta-lactamase,single protein format
CHEMBL777,O=C(O)[C@H]1/C(=C/CO)O[C@@H]2CC(=O)N21,=,19.0,ug.mL-1,IC50,,Beta-lactamase,single protein format
CHEMBL327917,CC(=O)N/C=C\[S+]([O-])C1=C(C(=O)[O-])N2C(=O)[C@@H](C(C)(C)O)[C@H]2C1.[Na+],=,0.014,ug.mL-1,IC50,,Beta-lactamase,single protein format
CHEMBL93491,CC(=O)N/C=C\SC1=C(C(=O)[O-])N2C(=O)[C@@H](C(C)(C)OS(=O)(=O)[O-])[C@H]2C1.[Na+].[Na+],=,0.0038,ug.mL-1,IC50,,Beta-lactamase,single protein format
CHEMBL93491,CC(=O)N/C=C\SC1=C(C(=O)[O-])N2C(=O)[C@@H](C(C)(C)OS(=O)(=O)[O-])[C@H]2C1.[Na+].[Na+],=,1.56,ug.mL-1,MIC,,Beta-lactamase,single protein format
CHEMBL93653,CC(=O)N/C=C\[S+]([O-])C1=C(C(=O)[O-])N2C(=O)[C@@H](C(C)(C)OS(=O)(=O)[O-])[C@H]2C1.[Na+].[Na+],=,0.00055,ug.mL-1,IC50,,Beta-lactamase,single protein format
CHEMBL93653,CC(=O)N/C=C\[S+]([O-])C1=C(C(=O)[O-])N2C(=O)[C@@H](C(C)(C)OS(=O)(=O)[O-])[C@H]2C1.[Na+].[Na+],=,0.78,ug.mL-1,MIC,,Beta-lactamase,single protein format
CHEMBL433378,CC(=O)N/C=C\SC1=C(C(=O)[O-])N2C(=O)[C@@H](C(C)OS(=O)(=O)[O-])[C@H]2C1.[Na+].[Na+],=,0.00035,ug.mL-1,IC50,,Beta-lactamase,single protein format
CHEMBL328990,CC(=O)N/C=C/[S+]([O-])C1=C(C(=O)[O-])N2C(=O)[C@@H](C(C)(C)O)[C@H]2C1.[Na+],=,0.0028,ug.mL-1,IC50,,Beta-lactamase,single protein format
CHEMBL327797,CC(=O)N/C=C\SC1=C(C(=O)[O-])N2C(=O)[C@@H](C(C)(C)O)[C@H]2C1.[Na+],=,0.017,ug.mL-1,IC50,,Beta-lactamase,single protein format
CHEMBL327797,CC(=O)N/C=C\SC1=C(C(=O)[O-])N2C(=O)[C@@H](C(C)(C)O)[C@H]2C1.[Na+],=,25.0,ug.mL-1,MIC,,Beta-lactamase,single protein format
CHEMBL92019,CC(=O)N/C=C\[S+]([O-])C1=C(C(=O)[O-])N2C(=O)[C@@H](C(C)OS(=O)(=O)[O-])[C@H]2C1.[Na+].[Na+],=,0.00016,ug.mL-1,IC50,,Beta-lactamase,single protein format
CHEMBL92019,CC(=O)N/C=C\[S+]([O-])C1=C(C(=O)[O-])N2C(=O)[C@@H](C(C)OS(=O)(=O)[O-])[C@H]2C1.[Na+].[Na+],=,50.0,ug.mL-1,MIC,,Beta-lactamase,single protein format
CHEMBL327917,CC(=O)N/C=C\[S+]([O-])C1=C(C(=O)[O-])N2C(=O)[C@@H](C(C)(C)O)[C@H]2C1.[Na+],=,0.0011,ug.mL-1,IC50,,Beta-lactamase,single protein format
CHEMBL327917,CC(=O)N/C=C\[S+]([O-])C1=C(C(=O)[O-])N2C(=O)[C@@H](C(C)(C)O)[C@H]2C1.[Na+],=,1.56,ug.mL-1,MIC,,Beta-lactamase,single protein format
CHEMBL3138732,CC(=O)[N-]/C=C/SC1=C(C(=O)[O-])N2C(=O)[C@@H](C(C)O)[C@H]2C1.[Na+].[Na+],=,1.5,ug.mL-1,IC50,,Beta-lactamase,single protein format
CHEMBL3138732,CC(=O)[N-]/C=C/SC1=C(C(=O)[O-])N2C(=O)[C@@H](C(C)O)[C@H]2C1.[Na+].[Na+],=,400.0,ug.mL-1,MIC,,Beta-lactamase,single protein format
CHEMBL352175,CC(=O)N/C=C\[S+]([O-])C1=C(C(=O)[O-])N2C(=O)[C@@H](C(C)O)[C@H]2C1.[Na+],=,0.019,ug.mL-1,IC50,,Beta-lactamase,single protein format
CHEMBL352175,CC(=O)N/C=C\[S+]([O-])C1=C(C(=O)[O-])N2C(=O)[C@@H](C(C)O)[C@H]2C1.[Na+],=,400.0,ug.mL-1,MIC,,Beta-lactamase,single protein format
CHEMBL316079,CC(=O)N/C=C/[S+]([O-])C1=C(C(=O)[O-])N2C(=O)[C@@H](C(C)(C)OS(=O)(=O)[O-])[C@H]2C1.[Na+].[Na+],=,0.00037,ug.mL-1,IC50,,Beta-lactamase,single protein format
CHEMBL316079,CC(=O)N/C=C/[S+]([O-])C1=C(C(=O)[O-])N2C(=O)[C@@H](C(C)(C)OS(=O)(=O)[O-])[C@H]2C1.[Na+].[Na+],=,1.56,ug.mL-1,MIC,,Beta-lactamase,assay format
CHEMBL33995,CC/C=C\C/C=C\C/C=C\CCCCCCCc1cccc(O)c1C(=O)O,=,111.3,ug.mL-1,IC50,,Beta-lactamase,single protein format
CHEMBL777,O=C(O)[C@H]1/C(=C/CO)O[C@@H]2CC(=O)N21,=,0.019,ug.mL-1,IC50,,Beta-lactamase,single protein format
