molecule_chembl_id,canonical_smiles,standard_relation,standard_value,standard_units,standard_type,pchembl_value,target_pref_name,bao_label
CHEMBL404,C[C@]1(Cn2ccnn2)[C@H](C(=O)O)N2C(=O)C[C@H]2S1(=O)=O,=,96.0,nM,IC50,7.02,PER-2 beta-lactamase,single protein format
CHEMBL9306,O=C([O-])[C@H]1/C(=C/CO)O[C@@H]2CC(=O)N21.[Li+],=,68.0,nM,IC50,7.17,PER-2 beta-lactamase,single protein format
CHEMBL29,CC1(C)S[C@@H]2[C@H](NC(=O)Cc3ccccc3)C(=O)N2[C@H]1C(=O)O,=,16000.0,nM,Km,,PER-2 beta-lactamase,single protein format
CHEMBL1436,CO/N=C(\C(=O)N[C@@H]1C(=O)N2C(C(=O)O)=C(COC(N)=O)CS[C@H]12)c1ccco1,=,21000.0,nM,Km,,PER-2 beta-lactamase,single protein format
CHEMBL480517,O=C(Cc1cccs1)N[C@@H]1C(=O)N2C(C(=O)O)=C(/C=C/c3ccc([N+](=O)[O-])cc3[N+](=O)[O-])CS[C@H]12,=,32000.0,nM,Km,,PER-2 beta-lactamase,single protein format
CHEMBL148,C[C@@H](O)[C@H]1C(=O)N2C(C(=O)O)=C(SCCNC=N)C[C@H]12,=,60.0,nM,Ki,7.22,PER-2 beta-lactamase,single protein format
CHEMBL158,C[C@H]1[C@H](NC(=O)/C(=N\OC(C)(C)C(=O)O)c2csc(N)n2)C(=O)N1S(=O)(=O)O,=,2000.0,nM,Ki,5.70,PER-2 beta-lactamase,single protein format
CHEMBL617,CC(=O)OCC1=C(C(=O)O)N2C(=O)[C@@H](NC(=O)Cc3cccs3)[C@H]2SC1,=,9000.0,nM,Km,,PER-2 beta-lactamase,single protein format
CHEMBL702,CCN1CCN(C(=O)N[C@@H](C(=O)N[C@@H]2C(=O)N3[C@@H](C(=O)O)C(C)(C)S[C@H]23)c2ccccc2)C(=O)C1=O,=,200.0,nM,Ki,6.70,PER-2 beta-lactamase,single protein format
CHEMBL996,CO[C@@]1(NC(=O)Cc2cccs2)C(=O)N2C(C(=O)O)=C(COC(N)=O)CS[C@@H]21,=,140.0,nM,Ki,6.85,PER-2 beta-lactamase,single protein format
CHEMBL44354,CC(C)(O/N=C(\C(=O)N[C@@H]1C(=O)N2C(C(=O)[O-])=C(C[n+]3ccccc3)CS[C@H]12)c1csc(N)n1)C(=O)O,=,320000.0,nM,Km,,PER-2 beta-lactamase,single protein format
CHEMBL29,CC1(C)S[C@@H]2[C@H](NC(=O)Cc3ccccc3)C(=O)N2[C@H]1C(=O)O,=,2.0,/s,Kcat,,PER-2 beta-lactamase,single protein format
CHEMBL507674,CCN1CCN(C(=O)N[C@@H](C(=O)N[C@@H]2C(=O)N3C(C(=O)O)=C(CSc4nnnn4C)CS[C@H]23)c2ccc(O)cc2)C(=O)C1=O,=,0.5,/s,Kcat,,PER-2 beta-lactamase,single protein format
CHEMBL1436,CO/N=C(\C(=O)N[C@@H]1C(=O)N2C(C(=O)O)=C(COC(N)=O)CS[C@H]12)c1ccco1,=,6.0,/s,Kcat,,PER-2 beta-lactamase,single protein format
CHEMBL480517,O=C(Cc1cccs1)N[C@@H]1C(=O)N2C(C(=O)O)=C(/C=C/c3ccc([N+](=O)[O-])cc3[N+](=O)[O-])CS[C@H]12,=,48.0,/s,Kcat,,PER-2 beta-lactamase,single protein format
CHEMBL148,C[C@@H](O)[C@H]1C(=O)N2C(C(=O)O)=C(SCCNC=N)C[C@H]12,<,0.001,/s,Kcat,,PER-2 beta-lactamase,single protein format
CHEMBL158,C[C@H]1[C@H](NC(=O)/C(=N\OC(C)(C)C(=O)O)c2csc(N)n2)C(=O)N1S(=O)(=O)O,=,0.23,/s,Kcat,,PER-2 beta-lactamase,single protein format
CHEMBL186,CO/N=C(\C(=O)N[C@@H]1C(=O)N2C(C(=O)[O-])=C(C[N+]3(C)CCCC3)CS[C@H]12)c1csc(N)n1,=,0.39,/s,Kcat,,PER-2 beta-lactamase,single protein format
CHEMBL44354,CC(C)(O/N=C(\C(=O)N[C@@H]1C(=O)N2C(C(=O)[O-])=C(C[n+]3ccccc3)CS[C@H]12)c1csc(N)n1)C(=O)O,=,140.0,/s,Kcat,,PER-2 beta-lactamase,single protein format
CHEMBL1730,CO/N=C(\C(=O)N[C@@H]1C(=O)N2C(C(=O)O)=C(COC(C)=O)CS[C@H]12)c1csc(N)n1,=,34.0,/s,Kcat,,PER-2 beta-lactamase,single protein format
CHEMBL996,CO[C@@]1(NC(=O)Cc2cccs2)C(=O)N2C(C(=O)O)=C(COC(N)=O)CS[C@@H]21,<,0.001,/s,Kcat,,PER-2 beta-lactamase,single protein format
CHEMBL617,CC(=O)OCC1=C(C(=O)O)N2C(=O)[C@@H](NC(=O)Cc3cccs3)[C@H]2SC1,=,6.0,/s,Kcat,,PER-2 beta-lactamase,single protein format
CHEMBL702,CCN1CCN(C(=O)N[C@@H](C(=O)N[C@@H]2C(=O)N3[C@@H](C(=O)O)C(C)(C)S[C@H]23)c2ccccc2)C(=O)C1=O,=,0.04,/s,Kcat,,PER-2 beta-lactamase,single protein format
CHEMBL174,CC1(C)S[C@@H]2[C@H](NC(=O)[C@H](N)c3ccccc3)C(=O)N2[C@H]1C(=O)O,=,12.0,/s,Kcat,,PER-2 beta-lactamase,single protein format
CHEMBL174,CC1(C)S[C@@H]2[C@H](NC(=O)[C@H](N)c3ccccc3)C(=O)N2[C@H]1C(=O)O,=,38000.0,nM,Km,,PER-2 beta-lactamase,single protein format
CHEMBL1730,CO/N=C(\C(=O)N[C@@H]1C(=O)N2C(C(=O)O)=C(COC(C)=O)CS[C@H]12)c1csc(N)n1,=,46000.0,nM,Km,,PER-2 beta-lactamase,single protein format
CHEMBL507674,CCN1CCN(C(=O)N[C@@H](C(=O)N[C@@H]2C(=O)N3C(C(=O)O)=C(CSc4nnnn4C)CS[C@H]23)c2ccc(O)cc2)C(=O)C1=O,=,5000.0,nM,Km,,PER-2 beta-lactamase,single protein format
CHEMBL186,CO/N=C(\C(=O)N[C@@H]1C(=O)N2C(C(=O)[O-])=C(C[N+]3(C)CCCC3)CS[C@H]12)c1csc(N)n1,=,16000.0,nM,Km,,PER-2 beta-lactamase,single protein format
CHEMBL29,CC1(C)S[C@@H]2[C@H](NC(=O)Cc3ccccc3)C(=O)N2[C@H]1C(=O)O,=,0.12,/uM/s,Kcat/Km,,PER-2 beta-lactamase,single protein format
CHEMBL507674,CCN1CCN(C(=O)N[C@@H](C(=O)N[C@@H]2C(=O)N3C(C(=O)O)=C(CSc4nnnn4C)CS[C@H]23)c2ccc(O)cc2)C(=O)C1=O,=,0.1,/uM/s,Kcat/Km,,PER-2 beta-lactamase,single protein format
CHEMBL1436,CO/N=C(\C(=O)N[C@@H]1C(=O)N2C(C(=O)O)=C(COC(N)=O)CS[C@H]12)c1ccco1,=,0.3,/uM/s,Kcat/Km,,PER-2 beta-lactamase,single protein format
CHEMBL480517,O=C(Cc1cccs1)N[C@@H]1C(=O)N2C(C(=O)O)=C(/C=C/c3ccc([N+](=O)[O-])cc3[N+](=O)[O-])CS[C@H]12,=,1.5,/uM/s,Kcat/Km,,PER-2 beta-lactamase,single protein format
CHEMBL158,C[C@H]1[C@H](NC(=O)/C(=N\OC(C)(C)C(=O)O)c2csc(N)n2)C(=O)N1S(=O)(=O)O,=,0.12,/uM/s,Kcat/Km,,PER-2 beta-lactamase,single protein format
CHEMBL186,CO/N=C(\C(=O)N[C@@H]1C(=O)N2C(C(=O)[O-])=C(C[N+]3(C)CCCC3)CS[C@H]12)c1csc(N)n1,=,0.02,/uM/s,Kcat/Km,,PER-2 beta-lactamase,single protein format
CHEMBL44354,CC(C)(O/N=C(\C(=O)N[C@@H]1C(=O)N2C(C(=O)[O-])=C(C[n+]3ccccc3)CS[C@H]12)c1csc(N)n1)C(=O)O,=,0.43,/uM/s,Kcat/Km,,PER-2 beta-lactamase,single protein format
CHEMBL1730,CO/N=C(\C(=O)N[C@@H]1C(=O)N2C(C(=O)O)=C(COC(C)=O)CS[C@H]12)c1csc(N)n1,=,0.76,/uM/s,Kcat/Km,,PER-2 beta-lactamase,single protein format
CHEMBL617,CC(=O)OCC1=C(C(=O)O)N2C(=O)[C@@H](NC(=O)Cc3cccs3)[C@H]2SC1,=,0.67,/uM/s,Kcat/Km,,PER-2 beta-lactamase,single protein format
CHEMBL702,CCN1CCN(C(=O)N[C@@H](C(=O)N[C@@H]2C(=O)N3[C@@H](C(=O)O)C(C)(C)S[C@H]23)c2ccccc2)C(=O)C1=O,=,0.2,/uM/s,Kcat/Km,,PER-2 beta-lactamase,single protein format
CHEMBL174,CC1(C)S[C@@H]2[C@H](NC(=O)[C@H](N)c3ccccc3)C(=O)N2[C@H]1C(=O)O,=,0.35,/uM/s,Kcat/Km,,PER-2 beta-lactamase,single protein format
CHEMBL29,CC1(C)S[C@@H]2[C@H](NC(=O)Cc3ccccc3)C(=O)N2[C@H]1C(=O)O,=,18.0,%,Activity,,PER-2 beta-lactamase,single protein format
CHEMBL507674,CCN1CCN(C(=O)N[C@@H](C(=O)N[C@@H]2C(=O)N3C(C(=O)O)=C(CSc4nnnn4C)CS[C@H]23)c2ccc(O)cc2)C(=O)C1=O,=,15.0,%,Activity,,PER-2 beta-lactamase,single protein format
CHEMBL1436,CO/N=C(\C(=O)N[C@@H]1C(=O)N2C(C(=O)O)=C(COC(N)=O)CS[C@H]12)c1ccco1,=,45.0,%,Activity,,PER-2 beta-lactamase,single protein format
CHEMBL480517,O=C(Cc1cccs1)N[C@@H]1C(=O)N2C(C(=O)O)=C(/C=C/c3ccc([N+](=O)[O-])cc3[N+](=O)[O-])CS[C@H]12,=,224.0,%,Activity,,PER-2 beta-lactamase,single protein format
CHEMBL158,C[C@H]1[C@H](NC(=O)/C(=N\OC(C)(C)C(=O)O)c2csc(N)n2)C(=O)N1S(=O)(=O)O,=,18.0,%,Activity,,PER-2 beta-lactamase,single protein format
CHEMBL186,CO/N=C(\C(=O)N[C@@H]1C(=O)N2C(C(=O)[O-])=C(C[N+]3(C)CCCC3)CS[C@H]12)c1csc(N)n1,=,3.0,%,Activity,,PER-2 beta-lactamase,single protein format
CHEMBL44354,CC(C)(O/N=C(\C(=O)N[C@@H]1C(=O)N2C(C(=O)[O-])=C(C[n+]3ccccc3)CS[C@H]12)c1csc(N)n1)C(=O)O,=,64.0,%,Activity,,PER-2 beta-lactamase,single protein format
CHEMBL1730,CO/N=C(\C(=O)N[C@@H]1C(=O)N2C(C(=O)O)=C(COC(C)=O)CS[C@H]12)c1csc(N)n1,=,113.0,%,Activity,,PER-2 beta-lactamase,single protein format
CHEMBL996,CO[C@@]1(NC(=O)Cc2cccs2)C(=O)N2C(C(=O)O)=C(COC(N)=O)CS[C@@H]21,=,18.0,%,Activity,,PER-2 beta-lactamase,single protein format
CHEMBL617,CC(=O)OCC1=C(C(=O)O)N2C(=O)[C@@H](NC(=O)Cc3cccs3)[C@H]2SC1,=,100.0,%,Activity,,PER-2 beta-lactamase,single protein format
CHEMBL702,CCN1CCN(C(=O)N[C@@H](C(=O)N[C@@H]2C(=O)N3[C@@H](C(=O)O)C(C)(C)S[C@H]23)c2ccccc2)C(=O)C1=O,=,30.0,%,Activity,,PER-2 beta-lactamase,single protein format
CHEMBL174,CC1(C)S[C@@H]2[C@H](NC(=O)[C@H](N)c3ccccc3)C(=O)N2[C@H]1C(=O)O,=,49.0,%,Activity,,PER-2 beta-lactamase,single protein format
