molecule_chembl_id,canonical_smiles,standard_relation,standard_value,standard_units,standard_type,pchembl_value,target_pref_name,bao_label
CHEMBL777,O=C(O)[C@H]1/C(=C/CO)O[C@@H]2CC(=O)N21,=,227360.0,nM,Ki,,Extended-spectrum beta-lactamase SHV-48,single protein format
CHEMBL1673092,O=C(O)C1=CS[C@@H]2/C(=C\c3cc4n(n3)CSCC4)C(=O)N12,=,34670.0,nM,Ki,4.46,Extended-spectrum beta-lactamase SHV-48,single protein format
CHEMBL1673091,O=C(O)C1=CS[C@@H]2/C(=C\c3cc4n(n3)CSC4)C(=O)N12,=,54370.0,nM,Ki,4.26,Extended-spectrum beta-lactamase SHV-48,single protein format
CHEMBL2236666,C[C@]1(COC(=O)Cc2ccc(O)c(O)c2)[C@H](C(=O)[O-])N2C(=O)/C(=C/c3ccccn3)[C@H]2S1(=O)=O.[Na+],=,19020.0,nM,Ki,4.72,Extended-spectrum beta-lactamase SHV-48,single protein format
