molecule_chembl_id,canonical_smiles,standard_relation,standard_value,standard_units,standard_type,pchembl_value,target_pref_name,bao_label
CHEMBL404,C[C@]1(Cn2ccnn2)[C@H](C(=O)O)N2C(=O)C[C@H]2S1(=O)=O,=,2.2,nM,IC50,8.66,Extended-spectrum beta-lactamase CTX-M-53,single protein format
CHEMBL777,O=C(O)[C@H]1/C(=C/CO)O[C@@H]2CC(=O)N21,=,10.0,nM,IC50,8.00,Extended-spectrum beta-lactamase CTX-M-53,single protein format
CHEMBL1449,CC1(C)S[C@@H]2[C@H](NC(=O)[C@H](C(=O)O)c3ccsc3)C(=O)N2[C@H]1C(=O)O,=,10.0,/s,Kcat,,Extended-spectrum beta-lactamase CTX-M-53,single protein format
CHEMBL702,CCN1CCN(C(=O)N[C@@H](C(=O)N[C@@H]2C(=O)N3[C@@H](C(=O)O)C(C)(C)S[C@H]23)c2ccccc2)C(=O)C1=O,=,90.0,/s,Kcat,,Extended-spectrum beta-lactamase CTX-M-53,single protein format
CHEMBL44354,CC(C)(O/N=C(\C(=O)N[C@@H]1C(=O)N2C(C(=O)[O-])=C(C[n+]3ccccc3)CS[C@H]12)c1csc(N)n1)C(=O)O,=,14.0,/s,Kcat,,Extended-spectrum beta-lactamase CTX-M-53,single protein format
CHEMBL158,C[C@H]1[C@H](NC(=O)/C(=N\OC(C)(C)C(=O)O)c2csc(N)n2)C(=O)N1S(=O)(=O)O,=,4.0,/s,Kcat,,Extended-spectrum beta-lactamase CTX-M-53,single protein format
CHEMBL29,CC1(C)S[C@@H]2[C@H](NC(=O)Cc3ccccc3)C(=O)N2[C@H]1C(=O)O,=,135.0,/s,Kcat,,Extended-spectrum beta-lactamase CTX-M-53,single protein format
CHEMBL1082,CC1(C)S[C@@H]2[C@H](NC(=O)[C@H](N)c3ccc(O)cc3)C(=O)N2[C@H]1C(=O)O,=,85.0,/s,Kcat,,Extended-spectrum beta-lactamase CTX-M-53,single protein format
CHEMBL617,CC(=O)OCC1=C(C(=O)O)N2C(=O)[C@@H](NC(=O)Cc3cccs3)[C@H]2SC1,=,2000.0,/s,Kcat,,Extended-spectrum beta-lactamase CTX-M-53,single protein format
CHEMBL1436,CO/N=C(\C(=O)N[C@@H]1C(=O)N2C(C(=O)O)=C(COC(N)=O)CS[C@H]12)c1ccco1,=,292.0,/s,Kcat,,Extended-spectrum beta-lactamase CTX-M-53,single protein format
CHEMBL1730,CO/N=C(\C(=O)N[C@@H]1C(=O)N2C(C(=O)O)=C(COC(C)=O)CS[C@H]12)c1csc(N)n1,=,585.0,/s,Kcat,,Extended-spectrum beta-lactamase CTX-M-53,single protein format
CHEMBL65794,CO/N=C(\C(=O)N[C@@H]1C(=O)N2C(C(=O)[O-])=C(C[n+]3cccc4c3CCC4)CS[C@H]12)c1csc(N)n1,=,710.0,/s,Kcat,,Extended-spectrum beta-lactamase CTX-M-53,single protein format
CHEMBL1449,CC1(C)S[C@@H]2[C@H](NC(=O)[C@H](C(=O)O)c3ccsc3)C(=O)N2[C@H]1C(=O)O,=,0.5,/s/microM,Kcat/Km,,Extended-spectrum beta-lactamase CTX-M-53,single protein format
CHEMBL702,CCN1CCN(C(=O)N[C@@H](C(=O)N[C@@H]2C(=O)N3[C@@H](C(=O)O)C(C)(C)S[C@H]23)c2ccccc2)C(=O)C1=O,=,7.5,/s/microM,Kcat/Km,,Extended-spectrum beta-lactamase CTX-M-53,single protein format
CHEMBL44354,CC(C)(O/N=C(\C(=O)N[C@@H]1C(=O)N2C(C(=O)[O-])=C(C[n+]3ccccc3)CS[C@H]12)c1csc(N)n1)C(=O)O,=,0.1,/s/microM,Kcat/Km,,Extended-spectrum beta-lactamase CTX-M-53,single protein format
CHEMBL158,C[C@H]1[C@H](NC(=O)/C(=N\OC(C)(C)C(=O)O)c2csc(N)n2)C(=O)N1S(=O)(=O)O,=,0.3,/s/microM,Kcat/Km,,Extended-spectrum beta-lactamase CTX-M-53,single protein format
CHEMBL29,CC1(C)S[C@@H]2[C@H](NC(=O)Cc3ccccc3)C(=O)N2[C@H]1C(=O)O,=,13.5,/s/microM,Kcat/Km,,Extended-spectrum beta-lactamase CTX-M-53,single protein format
CHEMBL1082,CC1(C)S[C@@H]2[C@H](NC(=O)[C@H](N)c3ccc(O)cc3)C(=O)N2[C@H]1C(=O)O,=,2.1,/s/microM,Kcat/Km,,Extended-spectrum beta-lactamase CTX-M-53,single protein format
CHEMBL617,CC(=O)OCC1=C(C(=O)O)N2C(=O)[C@@H](NC(=O)Cc3cccs3)[C@H]2SC1,=,16.4,/s/microM,Kcat/Km,,Extended-spectrum beta-lactamase CTX-M-53,single protein format
CHEMBL1436,CO/N=C(\C(=O)N[C@@H]1C(=O)N2C(C(=O)O)=C(COC(N)=O)CS[C@H]12)c1ccco1,=,3.6,/s/microM,Kcat/Km,,Extended-spectrum beta-lactamase CTX-M-53,single protein format
CHEMBL1730,CO/N=C(\C(=O)N[C@@H]1C(=O)N2C(C(=O)O)=C(COC(C)=O)CS[C@H]12)c1csc(N)n1,=,3.2,/s/microM,Kcat/Km,,Extended-spectrum beta-lactamase CTX-M-53,single protein format
CHEMBL65794,CO/N=C(\C(=O)N[C@@H]1C(=O)N2C(C(=O)[O-])=C(C[n+]3cccc4c3CCC4)CS[C@H]12)c1csc(N)n1,=,5.7,/s/microM,Kcat/Km,,Extended-spectrum beta-lactamase CTX-M-53,single protein format
CHEMBL1449,CC1(C)S[C@@H]2[C@H](NC(=O)[C@H](C(=O)O)c3ccsc3)C(=O)N2[C@H]1C(=O)O,=,18000.0,nM,Km,,Extended-spectrum beta-lactamase CTX-M-53,single protein format
CHEMBL702,CCN1CCN(C(=O)N[C@@H](C(=O)N[C@@H]2C(=O)N3[C@@H](C(=O)O)C(C)(C)S[C@H]23)c2ccccc2)C(=O)C1=O,=,12000.0,nM,Km,,Extended-spectrum beta-lactamase CTX-M-53,single protein format
CHEMBL44354,CC(C)(O/N=C(\C(=O)N[C@@H]1C(=O)N2C(C(=O)[O-])=C(C[n+]3ccccc3)CS[C@H]12)c1csc(N)n1)C(=O)O,=,174000.0,nM,Km,,Extended-spectrum beta-lactamase CTX-M-53,single protein format
CHEMBL158,C[C@H]1[C@H](NC(=O)/C(=N\OC(C)(C)C(=O)O)c2csc(N)n2)C(=O)N1S(=O)(=O)O,=,14000.0,nM,Km,,Extended-spectrum beta-lactamase CTX-M-53,single protein format
CHEMBL29,CC1(C)S[C@@H]2[C@H](NC(=O)Cc3ccccc3)C(=O)N2[C@H]1C(=O)O,=,10000.0,nM,Km,,Extended-spectrum beta-lactamase CTX-M-53,single protein format
CHEMBL1082,CC1(C)S[C@@H]2[C@H](NC(=O)[C@H](N)c3ccc(O)cc3)C(=O)N2[C@H]1C(=O)O,=,40000.0,nM,Km,,Extended-spectrum beta-lactamase CTX-M-53,single protein format
CHEMBL617,CC(=O)OCC1=C(C(=O)O)N2C(=O)[C@@H](NC(=O)Cc3cccs3)[C@H]2SC1,=,122000.0,nM,Km,,Extended-spectrum beta-lactamase CTX-M-53,single protein format
CHEMBL1436,CO/N=C(\C(=O)N[C@@H]1C(=O)N2C(C(=O)O)=C(COC(N)=O)CS[C@H]12)c1ccco1,=,80000.0,nM,Km,,Extended-spectrum beta-lactamase CTX-M-53,single protein format
CHEMBL1730,CO/N=C(\C(=O)N[C@@H]1C(=O)N2C(C(=O)O)=C(COC(C)=O)CS[C@H]12)c1csc(N)n1,=,180000.0,nM,Km,,Extended-spectrum beta-lactamase CTX-M-53,single protein format
CHEMBL65794,CO/N=C(\C(=O)N[C@@H]1C(=O)N2C(C(=O)[O-])=C(C[n+]3cccc4c3CCC4)CS[C@H]12)c1csc(N)n1,=,125000.0,nM,Km,,Extended-spectrum beta-lactamase CTX-M-53,single protein format
