molecule_chembl_id,canonical_smiles,standard_relation,standard_value,standard_units,standard_type,pchembl_value,target_pref_name,bao_label
CHEMBL1425421,Cc1cc(OCc2cc(C(=O)O)oc2C)c2c3c(c(=O)oc2c1)CCCC3,>,59640.0,nM,IC50,,Beta-lactamase,single protein format
CHEMBL1591156,Cc1cc(=O)oc2c3c(cc(OCC(=O)N4CCC[C@H]4C(=O)O)c12)OC(C)(C)CC3,>,59640.0,nM,IC50,,Beta-lactamase,single protein format
CHEMBL1448093,O=C1Nc2cc(C(=O)N3CCC(N4CCCCC4)CC3)ccc2S/C1=C\c1ccccc1,>,59640.0,nM,IC50,,Beta-lactamase,single protein format
CHEMBL1578600,Oc1nc2c(s1)C(c1cccnc1)C1C3CCC(C3)C1S2,>,59640.0,nM,IC50,,Beta-lactamase,single protein format
CHEMBL1447888,COc1ccc2[nH]c(C(=O)O)c(CCN3C(=O)c4ccc(C(=O)O)cc4C3=O)c2c1,>,59640.0,nM,IC50,,Beta-lactamase,single protein format
CHEMBL1574794,Cc1c(C)c2ccc(OCC(=O)N3CCC[C@@H]3C(=O)O)c(C)c2oc1=O,>,59640.0,nM,IC50,,Beta-lactamase,single protein format
CHEMBL1346167,O=C(CSc1nnc(NC(=O)c2cccc(F)c2)s1)NCc1ccco1,>,59640.0,nM,IC50,,Beta-lactamase,single protein format
CHEMBL1415903,Sc1nnc(-c2ccccc2)n1C1C=CCCC1,>,59640.0,nM,IC50,,Beta-lactamase,single protein format
CHEMBL3194647,O=[N+]([O-])c1ccccc1/C=C/C=N/n1c(S)nnc1-c1ccccc1F,>,59640.0,nM,IC50,,Beta-lactamase,single protein format
CHEMBL1358969,O=C(CSc1nnc(NC(=O)C2CC2)s1)NCc1ccccc1Cl,>,59640.0,nM,IC50,,Beta-lactamase,single protein format
CHEMBL1422515,CC1CCCC(C)N1C(=O)CSc1nnc(NC(=O)c2cccs2)s1,>,59640.0,nM,IC50,,Beta-lactamase,single protein format
CHEMBL1596878,CC1=C(C(=O)O)N2C(=O)C(NC(=O)c3nn(C)cc3[N+](=O)[O-])C2SC1,>,59640.0,nM,IC50,,Beta-lactamase,single protein format
CHEMBL1378904,O=C(CSc1nnc(NC(=O)c2ccccc2[N+](=O)[O-])s1)NCc1ccco1,>,59640.0,nM,IC50,,Beta-lactamase,single protein format
CHEMBL1464897,CCCn1c(S)nnc1C(C)C,>,59640.0,nM,IC50,,Beta-lactamase,single protein format
CHEMBL1373572,COc1ccc(-c2cc(C(F)(F)F)nc(N3CCN(C)CC3)n2)cc1,>,59640.0,nM,IC50,,Beta-lactamase,single protein format
CHEMBL1445447,Sc1nnc(C2CC2)n1Cc1ccco1,>,59640.0,nM,IC50,,Beta-lactamase,single protein format
CHEMBL1299716,Cc1n[nH]c(C)c1CCCCOc1ccc([N+](=O)[O-])cc1,>,59640.0,nM,IC50,,Beta-lactamase,single protein format
CHEMBL1555759,CCCc1cc(=O)oc2c3c(cc(OCC(=O)N[C@@H](C)C(=O)O)c12)OC(C)(C)CC3,>,59640.0,nM,IC50,,Beta-lactamase,single protein format
CHEMBL1540042,CCCCn1c(S)nnc1-c1ccoc1C,>,59640.0,nM,IC50,,Beta-lactamase,single protein format
CHEMBL1438203,Cc1ccc(-c2c(C(=O)O)c(C(=O)O)c3n2CSC3)cc1,>,59640.0,nM,IC50,,Beta-lactamase,single protein format
CHEMBL1558250,CCCCn1c(S)nnc1-c1nn(C)c(C)c1Cl,>,59640.0,nM,IC50,,Beta-lactamase,single protein format
CHEMBL1554968,Cc1cc(OCC(=O)N2CCC[C@@H]2C(=O)O)c2c(C)c(C)c(=O)oc2c1,>,59640.0,nM,IC50,,Beta-lactamase,single protein format
CHEMBL1324305,Cc1c(Cl)c(-c2nnc(S)n2-c2ccc(F)cc2)nn1C,>,59640.0,nM,IC50,,Beta-lactamase,single protein format
CHEMBL1379746,O=C(c1ccco1)N1N=C(c2ccc(Cl)cc2)CC1c1ccco1,>,59640.0,nM,IC50,,Beta-lactamase,single protein format
CHEMBL1401466,O=C(C1=C(O)C(=O)N(Cc2cccnc2)C1c1ccccn1)c1ccccc1,>,59640.0,nM,IC50,,Beta-lactamase,single protein format
CHEMBL1376656,O=C(CSc1nnc(NC(=O)c2ccccc2)s1)NCc1ccco1,>,59640.0,nM,IC50,,Beta-lactamase,single protein format
CHEMBL1389969,Sc1nnc(-c2ccco2)n1Cc1ccccc1,>,59640.0,nM,IC50,,Beta-lactamase,single protein format
CHEMBL1452412,Sc1nnc(-c2ccccc2)n1Cc1ccccc1,>,59640.0,nM,IC50,,Beta-lactamase,single protein format
CHEMBL1419367,C=CCn1c(S)nnc1C1CC1,>,59640.0,nM,IC50,,Beta-lactamase,single protein format
CHEMBL1445684,Sc1nnc(-c2ccc3ccccc3n2)n1-c1ccc2c(c1)OCCO2,>,59640.0,nM,IC50,,Beta-lactamase,single protein format
CHEMBL1340014,O=c1c2ccccc2cnn1Cc1nnc(S)n1C1CC2CCC1C2,>,59640.0,nM,IC50,,Beta-lactamase,single protein format
CHEMBL1390220,CC(C)Cn1c(S)nnc1-c1ccco1,>,59640.0,nM,IC50,,Beta-lactamase,single protein format
CHEMBL1455265,O=C(O)c1c(C(=O)O)c(-c2ccc(Br)cc2)n2c1CSC2,>,59640.0,nM,IC50,,Beta-lactamase,single protein format
CHEMBL1516970,Sc1nnc(-c2cccs2)n1C1CCCCC1,>,59640.0,nM,IC50,,Beta-lactamase,single protein format
CHEMBL3190779,CN(C)S(=O)(=O)c1cccc(NC(=S)N/N=C/C2CC=CCC2)c1,>,59640.0,nM,IC50,,Beta-lactamase,single protein format
CHEMBL1498006,CC(C)(C)C(=O)Nc1nnc(CSCc2ccccc2F)s1,>,59640.0,nM,IC50,,Beta-lactamase,single protein format
CHEMBL1573007,O=[N+]([O-])c1ccc(-c2ccccc2)c([As](=O)(O)O)c1,>,59640.0,nM,IC50,,Beta-lactamase,single protein format
CHEMBL1458632,NC(=O)SCC(=O)Nc1ccccc1C(=O)O,>,59640.0,nM,IC50,,Beta-lactamase,single protein format
CHEMBL1603777,CCOC(=O)c1[nH]c(C(=O)O)c(CCC(=O)OC)c1C,>,59640.0,nM,IC50,,Beta-lactamase,single protein format
CHEMBL3194162,O=C(O)c1cccc(NC(=S)N/N=C/c2ccccc2OCc2cccc(Br)c2)c1,>,59640.0,nM,IC50,,Beta-lactamase,single protein format
CHEMBL1435494,Cc1cc(=O)oc2c3c(cc(OCC(=O)N[C@@H](Cc4ccccc4)C(=O)O)c12)OC(C)(C)CC3,>,59640.0,nM,IC50,,Beta-lactamase,single protein format
CHEMBL1527705,Oc1nc(SCc2nnc(S)n2-c2ccccc2)nc2sc3c(c12)CCC3,>,59640.0,nM,IC50,,Beta-lactamase,single protein format
CHEMBL3196601,O=C(O)COc1ccccc1/C=N/n1c(S)nnc1C1CCCCC1,>,59640.0,nM,IC50,,Beta-lactamase,single protein format
CHEMBL1579462,O=C(O)/C=C/c1nnc2c3ccccc3cnn12,>,59640.0,nM,IC50,,Beta-lactamase,single protein format
CHEMBL3213100,COc1cc(OC)c(OC)cc1/C=N/NC(=O)CC1C(=O)NN=C1C,>,59640.0,nM,IC50,,Beta-lactamase,single protein format
CHEMBL1368761,COc1cc2c(cc1OC)C(C)N(C(=O)c1nccnc1C(=O)O)CC2,>,59640.0,nM,IC50,,Beta-lactamase,single protein format
CHEMBL1455686,CCn1c(S)nnc1-c1nn(-c2ccccc2)ccc1=O,>,59640.0,nM,IC50,,Beta-lactamase,single protein format
CHEMBL1469441,O=C(O)c1[nH]c2ccc(Br)cc2c1CCN1C(=O)c2cccc([N+](=O)[O-])c2C1=O,>,59640.0,nM,IC50,,Beta-lactamase,single protein format
CHEMBL1492629,Cc1ccc(S(=O)(=O)n2[nH]c(=O)cc2NC(=O)c2cccs2)cc1,>,59640.0,nM,IC50,,Beta-lactamase,single protein format
CHEMBL1410338,Cc1ccc(-c2nnc(S)n2-c2ccccc2)cc1,>,59640.0,nM,IC50,,Beta-lactamase,single protein format
CHEMBL1534296,O=C(O)c1ccccc1Sc1ncnc2sc3c(c12)CCC3,>,59640.0,nM,IC50,,Beta-lactamase,single protein format
CHEMBL3191768,COc1ccc(OC)c(/C=N/NC(=O)CC2C(=O)NN=C2C)c1,>,59640.0,nM,IC50,,Beta-lactamase,single protein format
CHEMBL1391244,CC(C)(C)c1ccc(-c2nnc(S)n2CCCN2CCOCC2)cc1,>,59640.0,nM,IC50,,Beta-lactamase,single protein format
CHEMBL1597507,O=C(CCN1C(=O)/C(=C/c2ccccc2F)SC1=S)NCCCn1ccnc1,>,59640.0,nM,IC50,,Beta-lactamase,single protein format
CHEMBL1414554,O=P(O)(O)c1ccccc1OCCCCCOc1ccccc1P(=O)(O)O,>,59640.0,nM,IC50,,Beta-lactamase,single protein format
CHEMBL1423602,CSC[C@H](NC(=O)COc1cc2c(c3oc(=O)c(C)c(C)c13)CCC(C)(C)O2)C(=O)O,>,59640.0,nM,IC50,,Beta-lactamase,single protein format
CHEMBL3197536,CCc1nnc(S)n1/N=C/c1ccc(NC(C)=O)cc1,>,59640.0,nM,IC50,,Beta-lactamase,single protein format
CHEMBL1556501,CCOC(=O)N=S(N)(=O)c1ccccc1,>,59640.0,nM,IC50,,Beta-lactamase,single protein format
CHEMBL1548211,COc1ccccc1C(=O)Nc1nnc(SCC(=O)NCc2ccco2)s1,>,59640.0,nM,IC50,,Beta-lactamase,single protein format
CHEMBL1541211,COc1ccc(C(=O)C2=C(O)C(=O)N(Cc3ccco3)C2c2cc(OC)ccc2OC)cc1,>,59640.0,nM,IC50,,Beta-lactamase,single protein format
CHEMBL1315870,CCCCc1cc(=O)oc2c3c(cc(OCC(=O)N4CCC[C@H]4C(=O)O)c12)OC(C)(C)CC3,>,59640.0,nM,IC50,,Beta-lactamase,single protein format
CHEMBL3199800,O=[N+]([O-])c1ccccc1/C=N/n1c(S)nnc1C(F)(F)F,>,59640.0,nM,IC50,,Beta-lactamase,single protein format
CHEMBL1537904,O=C(O)CC/C(=C\c1cc([N+](=O)[O-])ccc1Cl)c1nc2ccccc2s1,>,59640.0,nM,IC50,,Beta-lactamase,single protein format
CHEMBL1576713,Cn1c(S)nnc1-c1sccc1OCc1ccc(Cl)cc1Cl,>,59640.0,nM,IC50,,Beta-lactamase,single protein format
CHEMBL1532258,COc1cccc(-n2c(S)nnc2CNC(=O)OC(C)(C)C)c1,>,59640.0,nM,IC50,,Beta-lactamase,single protein format
CHEMBL1537972,O=C(CSc1nnc(NC(=O)c2cc(Br)ccc2Cl)s1)NCC1CCCO1,>,59640.0,nM,IC50,,Beta-lactamase,single protein format
CHEMBL1587451,O=C(CSc1nnc(NC(=O)c2c(F)cccc2F)s1)NCc1ccccc1,>,59640.0,nM,IC50,,Beta-lactamase,single protein format
CHEMBL1400031,Fc1ccccc1-c1nnc(S)n1Cc1ccccc1,>,59640.0,nM,IC50,,Beta-lactamase,single protein format
CHEMBL1456096,Sc1nnc(-c2cccs2)n1Cc1ccccc1,>,59640.0,nM,IC50,,Beta-lactamase,single protein format
CHEMBL1414683,CC(C)(C)C(=O)Nc1nnc(SCC(=O)NCc2cccs2)s1,>,59640.0,nM,IC50,,Beta-lactamase,single protein format
CHEMBL1538097,Cc1ccc(-n2c(S)nnc2-c2nn(C)c(C)c2Cl)cc1,>,59640.0,nM,IC50,,Beta-lactamase,single protein format
CHEMBL1517808,Cc1cccc(C(=O)Nc2nnc(SCC(=O)NCc3ccco3)s2)c1,>,59640.0,nM,IC50,,Beta-lactamase,single protein format
CHEMBL1556931,Sc1nnc(-c2ccccc2)n1CC1CCCO1,>,59640.0,nM,IC50,,Beta-lactamase,single protein format
CHEMBL1509766,Sc1nnc(C2CC2)n1Cc1ccccc1,>,59640.0,nM,IC50,,Beta-lactamase,single protein format
CHEMBL1431288,Cc1cccc(C2c3[nH]c4ccccc4c3CCN2C(=O)c2cc(CC(C)C)nc(O)n2)n1,>,59640.0,nM,IC50,,Beta-lactamase,single protein format
CHEMBL3196939,CCc1nnc(S)n1/N=C/C(C)=C\c1ccccc1,>,59640.0,nM,IC50,,Beta-lactamase,single protein format
CHEMBL1463059,Cc1cccc(-n2c(C)nnc2S)c1C,>,59640.0,nM,IC50,,Beta-lactamase,single protein format
CHEMBL1381292,Sc1nnc(Cn2c(-c3ccccn3)nc3ccccc32)n1-c1ccc2c(c1)OCCO2,>,59640.0,nM,IC50,,Beta-lactamase,single protein format
CHEMBL1314447,Cc1c(C)c2c(OCC(=O)N3CCC[C@H]3C(=O)O)cc3c(c2oc1=O)CCC(C)(C)O3,>,59640.0,nM,IC50,,Beta-lactamase,single protein format
CHEMBL335619,O=C(O)Cn1cccc1C(=O)c1ccccc1,>,59640.0,nM,IC50,,Beta-lactamase,single protein format
CHEMBL1371432,COCC(C)NC(=O)c1cc2cccc([N+](=O)[O-])c2[nH]1,>,59640.0,nM,IC50,,Beta-lactamase,single protein format
CHEMBL1549144,CC(C)(C)CC(=O)Nc1nnc(SCC(=O)NCc2cccs2)s1,>,59640.0,nM,IC50,,Beta-lactamase,single protein format
CHEMBL1431535,O=C1Nc2cc(C(=O)NCCCN3CCOCC3)ccc2S/C1=C/c1ccccc1F,>,59640.0,nM,IC50,,Beta-lactamase,single protein format
CHEMBL1605748,O=C(O)c1ccccc1C(=O)c1cccc2ccccc12,>,59640.0,nM,IC50,,Beta-lactamase,single protein format
CHEMBL1522756,COc1ccccc1-n1c(S)nnc1-c1ccco1,>,59640.0,nM,IC50,,Beta-lactamase,single protein format
CHEMBL1577281,O=P(O)(O)c1ccccc1OCc1ccccc1,>,59640.0,nM,IC50,,Beta-lactamase,single protein format
CHEMBL1606520,Cc1ccccc1C(=O)Nc1nnc(SCC(=O)NCc2ccco2)s1,>,59640.0,nM,IC50,,Beta-lactamase,single protein format
CHEMBL1483727,CSc1nc(SCC(=O)O)c2c3c(sc2n1)COC(C)(C)C3,>,59640.0,nM,IC50,,Beta-lactamase,single protein format
CHEMBL1402778,O=C(CSc1nnc(NC(=O)C2CCCCC2)s1)NCc1ccco1,>,59640.0,nM,IC50,,Beta-lactamase,single protein format
CHEMBL1493353,CC(C)(C)c1ccc(COc2ccsc2C(=O)O)cc1,>,59640.0,nM,IC50,,Beta-lactamase,single protein format
CHEMBL1573854,O=C(C1=C(O)C(=O)N(Cc2cccnc2)C1c1ccccn1)c1ccc(F)cc1,>,59640.0,nM,IC50,,Beta-lactamase,single protein format
CHEMBL1328086,O=C(O)C1Sc2nc(O)sc2C2c3cc(Cl)ccc3OC(=O)C12,>,59640.0,nM,IC50,,Beta-lactamase,single protein format
CHEMBL1424340,CCN(CC)C(=O)CSc1nc2ccc(NC(=O)CSc3nccn3C)cc2s1,>,59640.0,nM,IC50,,Beta-lactamase,single protein format
CHEMBL1610243,Cc1cc(C(=O)OCC(=O)NC(=O)c2cccn2C)c2ccccc2n1,>,59640.0,nM,IC50,,Beta-lactamase,single protein format
CHEMBL1559733,O=C(C1=C(O)C(=O)N(Cc2cccnc2)C1c1ccccn1)c1cccs1,>,59640.0,nM,IC50,,Beta-lactamase,single protein format
CHEMBL1345175,CC1CCCCC1n1c(S)nnc1-c1cccnc1,>,59640.0,nM,IC50,,Beta-lactamase,single protein format
CHEMBL1557347,CCCCn1c(S)nnc1-c1nn(C)cc1Cl,>,59640.0,nM,IC50,,Beta-lactamase,single protein format
CHEMBL1606872,CCCCn1c(S)nnc1-c1sccc1C,>,59640.0,nM,IC50,,Beta-lactamase,single protein format
CHEMBL1538815,C=C(c1cccc2ccccc12)P(=O)(O)O,>,59640.0,nM,IC50,,Beta-lactamase,single protein format
CHEMBL3191623,CC(=C/c1ccccc1)/C=N/n1c(S)nnc1-c1ccncc1,>,59640.0,nM,IC50,,Beta-lactamase,single protein format
CHEMBL1348676,Cc1nn(CCc2nnc(S)n2-c2cccc(Cl)c2)c(C)c1[N+](=O)[O-],>,59640.0,nM,IC50,,Beta-lactamase,single protein format
CHEMBL1584189,Sc1nnc(-c2ccco2)n1-c1cccc2ccccc12,>,59640.0,nM,IC50,,Beta-lactamase,single protein format
CHEMBL1594123,CCCc1cc(=O)oc2c3c(cc(OCC(=O)N4CCC[C@H]4C(=O)O)c12)OC(C)(C)CC3,>,59640.0,nM,IC50,,Beta-lactamase,single protein format
CHEMBL3194164,Oc1c(Br)cc(/C=N/n2c(S)nnc2-c2ccccc2)cc1Br,>,59640.0,nM,IC50,,Beta-lactamase,single protein format
CHEMBL3194460,O=C(O)c1cccc(NC(=S)N/N=C/c2ccccc2OCc2ccc(Br)cc2)c1,>,59640.0,nM,IC50,,Beta-lactamase,single protein format
CHEMBL1326008,Cc1c(C)c2c(OCC(=O)N[C@@H](C)C(=O)O)cc3c(c2oc1=O)CCC(C)(C)O3,>,59640.0,nM,IC50,,Beta-lactamase,single protein format
CHEMBL1415221,Cn1c(S)nnc1-c1sccc1OCc1ccccc1,>,59640.0,nM,IC50,,Beta-lactamase,single protein format
CHEMBL1411914,O=Cc1c(O)nc2ccccc2c1NCc1ccc(Cl)cc1,>,59640.0,nM,IC50,,Beta-lactamase,single protein format
CHEMBL1577867,O=C(O)C(NC(=O)c1ccccc1)=C(Cl)Cl,>,59640.0,nM,IC50,,Beta-lactamase,single protein format
CHEMBL1397449,CCc1cc(=O)oc2c(C)c(OCC(=O)N3CCC[C@@H]3C(=O)O)ccc12,>,59640.0,nM,IC50,,Beta-lactamase,single protein format
CHEMBL1550381,CC(=O)c1ccc(-c2ccc(Cn3c(C)nc4cc(N)c(C)nc43)cc2)cc1,>,59640.0,nM,IC50,,Beta-lactamase,single protein format
CHEMBL1442450,Cn1ccnc1SCC(=O)Nc1ccc2nc(SCC(=O)NC3CC3)sc2c1,>,59640.0,nM,IC50,,Beta-lactamase,single protein format
CHEMBL1571964,Cc1c(OCC(=O)N2CCC[C@@H]2C(=O)O)ccc2c3c(c(=O)oc12)CCC3,>,59640.0,nM,IC50,,Beta-lactamase,single protein format
CHEMBL1388851,C=C(C)Cn1c(S)nnc1-c1cccs1,>,59640.0,nM,IC50,,Beta-lactamase,single protein format
CHEMBL1371319,COc1ccc(OC)c(C2C(C(=O)c3ccco3)=C(O)C(=O)N2Cc2cccnc2)c1,>,59640.0,nM,IC50,,Beta-lactamase,single protein format
CHEMBL1481755,COCC(=O)Nc1nnc(SCC(=O)NCc2cccs2)s1,>,59640.0,nM,IC50,,Beta-lactamase,single protein format
CHEMBL3193161,CC(=C/c1ccccc1)/C=N/n1c(C)nnc1S,>,59640.0,nM,IC50,,Beta-lactamase,single protein format
CHEMBL1328892,O=C(O)c1[nH]c2ccc(Cl)cc2c1CCN1C(=O)c2ccccc2C1=O,>,59640.0,nM,IC50,,Beta-lactamase,single protein format
CHEMBL1345758,COc1ccccc1-c1nnc(S)n1Cc1ccco1,>,59640.0,nM,IC50,,Beta-lactamase,single protein format
CHEMBL1464372,COc1ccc(-c2nnc(S)n2-c2ccc3c(c2)OCCO3)cc1OC,>,59640.0,nM,IC50,,Beta-lactamase,single protein format
CHEMBL1565378,CCCC(=O)Nc1nnc(SCC(=O)NCc2cccs2)s1,>,59640.0,nM,IC50,,Beta-lactamase,single protein format
CHEMBL1551022,Cc1cc(C)n(-c2nc(SCC(=O)O)c3c4c(sc3n2)COC(C)(C)C4)n1,>,59640.0,nM,IC50,,Beta-lactamase,single protein format
CHEMBL1511843,O=C(CSc1nnc(NC(=O)c2ccccc2F)s1)NCc1ccc(F)cc1,>,59640.0,nM,IC50,,Beta-lactamase,single protein format
CHEMBL1578600,Oc1nc2c(s1)C(c1cccnc1)C1C3CCC(C3)C1S2,>,60000.0,nM,IC50,,Beta-lactamase,assay format
CHEMBL1565458,O=C1C2C(c3ccccc3)C=CC(c3ccccc3)C2C(=O)N1c1ccccn1,>,59640.0,nM,IC50,,Beta-lactamase,single protein format
CHEMBL1372920,O=C1c2cccc3c(O)ccc(c23)C(=O)N1c1ccc(Cl)cc1,=,7951.0,nM,IC50,5.10,Beta-lactamase,single protein format
CHEMBL1611002,CCN(CC)c1ccc2cc(-c3nnc(-c4ccccc4)o3)c(=O)oc2c1,>,59640.0,nM,IC50,,Beta-lactamase,single protein format
CHEMBL1966746,C/C(=N\Nc1ccc(S(N)(=O)=O)cc1[N+](=O)[O-])c1cccs1,>,59640.0,nM,IC50,,Beta-lactamase,single protein format
CHEMBL1966700,COc1ccc(C(=O)Nc2ccc(/C(C)=N/NC(=O)c3ccncc3)cc2)cc1,>,59640.0,nM,IC50,,Beta-lactamase,single protein format
CHEMBL3207378,C/C(=N\O)c1ccc2c3c([nH]c2c1)CCCC3,>,59640.0,nM,IC50,,Beta-lactamase,single protein format
CHEMBL1518886,N#CC(C#N)=C1C=C2C=C(N3CCCCCC3)CCC2CC1,=,1043.0,nM,IC50,5.98,Beta-lactamase,single protein format
CHEMBL1398812,O=[N+]([O-])c1ccc(N2CCCCCC2)c2nonc12,=,22419.0,nM,IC50,4.65,Beta-lactamase,single protein format
CHEMBL598477,O=C(Nc1ccc2oc(-c3ccccc3F)nc2c1)c1ccc([N+](=O)[O-])o1,>,59640.0,nM,IC50,,Beta-lactamase,single protein format
CHEMBL1604962,N#CC(C#N)=C1C=C2C=C(N3CCOCC3)CCC2CC1,=,1489.0,nM,IC50,5.83,Beta-lactamase,single protein format
CHEMBL3198439,CC(C)n1cc(/C=N/Nc2ccc(Cl)c(C(=O)O)c2)c2ccccc21,>,59640.0,nM,IC50,,Beta-lactamase,single protein format
CHEMBL1491016,COc1cc(/C=C2/SC(=S)N(Cc3ccccc3)C2=O)cc(OC)c1O,>,59640.0,nM,IC50,,Beta-lactamase,single protein format
CHEMBL1379677,O=C1c2ccccc2-c2onc3ccc(NCCCn4ccnc4)c1c23,=,3019.0,nM,IC50,5.52,Beta-lactamase,single protein format
CHEMBL1604510,COc1ccc(/C=C2/SC(c3ccc(C)cc3)=NC2=O)cc1OC,>,59640.0,nM,IC50,,Beta-lactamase,single protein format
CHEMBL1582196,CC(C)C(CCN1C(=O)c2ccccc2C1=O)c1ccco1,>,59640.0,nM,IC50,,Beta-lactamase,single protein format
CHEMBL1306565,CCN(CC)c1ccc2c(-c3ccc(S(=O)(=O)[O-])cc3S(=O)(=O)[O-])c3ccc(=[N+](CC)CC)cc-3oc2c1.[Na+],>,59640.0,nM,IC50,,Beta-lactamase,single protein format
CHEMBL1556007,O=C(Nc1ccc(C(F)(F)F)cc1)c1ccc(NC(=O)C2CCCO2)cc1,>,59640.0,nM,IC50,,Beta-lactamase,single protein format
CHEMBL1413533,COc1ccccc1N1N=C(c2ccc([N+](=O)[O-])cc2)CC1c1ccccc1,>,59640.0,nM,IC50,,Beta-lactamase,single protein format
CHEMBL1524257,Cc1cccc(N2C(=O)c3cccc4c(N)ccc(c34)C2=O)c1,=,10094.0,nM,IC50,5.00,Beta-lactamase,single protein format
CHEMBL1396129,COc1ccc(-c2cc(=O)oc3c(C)c(OCC(=O)NCCCn4ccnc4)ccc23)cc1,>,59640.0,nM,IC50,,Beta-lactamase,single protein format
CHEMBL1409608,CCOc1ccc(/C=C2\CCCc3c2nc2ccccc2c3C(=O)O)cc1OC,=,10898.0,nM,IC50,4.96,Beta-lactamase,single protein format
CHEMBL1413510,Nc1ccc2c3c(cccc13)C(=O)N(c1ccccc1)C2=O,=,4405.0,nM,IC50,5.36,Beta-lactamase,single protein format
CHEMBL1310325,CCN(CC)CCOC(=O)c1ccc(N/C=C(/C#N)c2nc(-c3cc4ccccc4oc3=O)cs2)cc1,>,59640.0,nM,IC50,,Beta-lactamase,single protein format
CHEMBL1458472,O=P(O)(O)c1cc(-c2ccccc2)oc1-c1ccccc1,>,59640.0,nM,IC50,,Beta-lactamase,single protein format
CHEMBL1416351,COc1ccc2c(Cl)c(C(=O)NCCCn3ccnc3)sc2c1Cl,>,59640.0,nM,IC50,,Beta-lactamase,single protein format
CHEMBL1419637,CCc1cc(=O)oc2cc(C)c(CN3CCCC3)c(O)c12,>,59640.0,nM,IC50,,Beta-lactamase,single protein format
CHEMBL1333292,COc1ccc(-c2occ(C(=O)O)c2C(=O)O)cc1,>,59640.0,nM,IC50,,Beta-lactamase,single protein format
CHEMBL1977499,CN(/N=C/c1ccc(-c2ccc([N+](=O)[O-])cc2)o1)c1ccccc1,>,59640.0,nM,IC50,,Beta-lactamase,single protein format
CHEMBL1399400,O=C1C2C(c3ccccc3)C=CC(c3ccccc3)C2C(=O)N1c1ccncc1,>,59640.0,nM,IC50,,Beta-lactamase,single protein format
CHEMBL1303641,COCCCNc1c(O)nc2cccc3c2c1-c1ccccc1C3=O,=,889.94,nM,IC50,6.05,Beta-lactamase,single protein format
CHEMBL587994,CCC(/C=C1\Sc2ccc3ccccc3c2N1C)=C\c1sc2ccc3ccccc3c2[n+]1C.[Cl-],>,59640.0,nM,IC50,,Beta-lactamase,single protein format
CHEMBL1498210,CCN1CCN(C2=CC3=CC(=C(C#N)C#N)CCC3CC2)CC1,=,3076.0,nM,IC50,5.51,Beta-lactamase,single protein format
CHEMBL1430184,CCCN1C(=O)c2cccc3c(N4CCCCC4)ccc(c23)C1=O,>,59640.0,nM,IC50,,Beta-lactamase,single protein format
CHEMBL1527994,CCN(CC)c1ccc(/C=C/C(=O)c2ccc(Br)cc2)cc1,=,3092.0,nM,IC50,5.51,Beta-lactamase,single protein format
CHEMBL1387366,CNc1ccc2c3c(cccc13)C(=O)N(C)C2=O,=,2200.0,nM,IC50,5.66,Beta-lactamase,single protein format
CHEMBL1390971,Cc1nn(C)c(C)c1N1C(=O)c2cccc3c(N)ccc(c23)C1=O,=,5251.0,nM,IC50,5.28,Beta-lactamase,single protein format
CHEMBL1420142,CN1/C(=C\C=C2/C(=O)Oc3ccccc3C2=O)C(C)(C)c2ccccc21,=,6086.0,nM,IC50,5.22,Beta-lactamase,single protein format
CHEMBL1547938,O=C1c2cccc3c(O)ccc(c23)C(=O)N1Cc1ccco1,=,7503.0,nM,IC50,5.12,Beta-lactamase,single protein format
CHEMBL1502002,CCOC(=O)C1CCCN(c2ccc([N+](=O)[O-])c3nonc23)C1,=,10512.0,nM,IC50,4.98,Beta-lactamase,single protein format
CHEMBL1304024,O=Cc1ccc2cccc3c2c1N=C(C(F)(F)F)N3,=,27907.0,nM,IC50,4.55,Beta-lactamase,single protein format
CHEMBL1495079,Cn1cc(/C=C(\C(=O)O)C(C(=O)O)=C2CCCCC2)c2ccccc21,>,59640.0,nM,IC50,,Beta-lactamase,single protein format
CHEMBL1605743,O=c1ccc2c(-c3ccccc3)c3ccc(O)cc3oc-2c1,=,190.09,nM,IC50,6.72,Beta-lactamase,single protein format
CHEMBL1501987,CCCCn1c(=O)[nH]c2nc3cc(N)ccc3nc2c1=O,=,7866.0,nM,IC50,5.10,Beta-lactamase,single protein format
CHEMBL1398345,CCN1C(=O)c2cccc3c(N)ccc(c23)C1=O,=,5864.0,nM,IC50,5.23,Beta-lactamase,single protein format
CHEMBL1985696,COc1ccc(/C(C)=N/NC(=O)c2nnn(-c3nonc3N)c2-c2ccccc2)cc1,>,59640.0,nM,IC50,,Beta-lactamase,single protein format
CHEMBL1597682,O=C(CCN1C(=O)/C(=C/c2ccc(Cl)cc2)SC1=S)NCCCn1ccnc1,>,59640.0,nM,IC50,,Beta-lactamase,single protein format
CHEMBL1724937,CN1C(=O)/C(=N\CCO)c2c3ccccc3c(O)c3cccc1c23,=,619.48,nM,IC50,6.21,Beta-lactamase,single protein format
CHEMBL1410659,CC(=O)Nc1ccc(N2C(=O)c3cccc4c(O)ccc(c34)C2=O)cc1,=,7002.0,nM,IC50,5.16,Beta-lactamase,single protein format
CHEMBL1985601,CN(C)c1ccc(/C=N/N(CCO)C2=NS(=O)(=O)c3ccccc32)cc1,=,6945.0,nM,IC50,5.16,Beta-lactamase,single protein format
CHEMBL1571034,COc1cc(OC)c(-c2c3cc(O)c(=O)cc-3oc3cc(O)c(O)cc23)cc1OC,=,2126.0,nM,IC50,5.67,Beta-lactamase,single protein format
CHEMBL1453652,O=C(O)c1ccccc1-c1ccc(/C=C/c2cc(C(F)(F)F)nc(O)n2)o1,=,6739.0,nM,IC50,5.17,Beta-lactamase,single protein format
CHEMBL3190111,COCCCn1/c(=N/C(=O)c2ccccc2)c(C#N)cc2c(=O)n3cccc(C)c3nc21,>,59640.0,nM,IC50,,Beta-lactamase,single protein format
CHEMBL1576762,Cc1n[nH]c(C)c1N1C(=O)c2cccc3c(N4CCCCCC4)ccc(c23)C1=O,=,27823.0,nM,IC50,4.56,Beta-lactamase,single protein format
CHEMBL1362746,CCN(CC)C1=CC2=CC(=C(C#N)C#N)CCC2CC1,=,1337.0,nM,IC50,5.87,Beta-lactamase,single protein format
CHEMBL1522563,Nc1ccc2ccc3cccc[n+]3c2c1.[O-][Cl+3]([O-])([O-])[O-],=,7620.0,nM,IC50,5.12,Beta-lactamase,single protein format
CHEMBL1412067,CN1C(=O)c2cccc3c(N)ccc(c23)C1=O,=,5561.0,nM,IC50,5.25,Beta-lactamase,single protein format
CHEMBL1373849,O=C1/C(=C\c2cc(Cl)c(O)c(Cl)c2)SC(=S)N1Cc1ccccc1,=,3155.0,nM,IC50,5.50,Beta-lactamase,single protein format
CHEMBL1713905,CN1C(=O)/C(=N\CCc2ccccc2)c2c3ccccc3c(O)c3cccc1c23,=,2191.0,nM,IC50,5.66,Beta-lactamase,single protein format
CHEMBL1990694,CCCC/N=C1\C(=O)N(C)c2cccc3c(O)c4ccccc4c1c23,=,4281.0,nM,IC50,5.37,Beta-lactamase,single protein format
CHEMBL1322893,COc1ccccc1-c1csc(-n2ncc(C#N)c2N)n1,>,59640.0,nM,IC50,,Beta-lactamase,single protein format
CHEMBL1492044,CC(=O)Oc1ccc2c(c1)Oc1cc(OC(C)=O)ccc1C21OC(=O)c2ccccc21,>,59640.0,nM,IC50,,Beta-lactamase,single protein format
CHEMBL1502551,CCN(CC)c1ccc2cc(C(=O)NCc3ccc(F)cc3)c(=N)oc2c1,=,28143.0,nM,IC50,4.55,Beta-lactamase,single protein format
CHEMBL1991136,CN(/N=C/c1ccc(N(C)C)cc1)C1=NS(=O)(=O)c2ccccc21,=,22959.0,nM,IC50,4.64,Beta-lactamase,single protein format
CHEMBL1431610,O=c1cc(C(F)(F)F)c2cc3c4c(c2o1)CCCN4CCC3,=,5572.0,nM,IC50,5.25,Beta-lactamase,single protein format
CHEMBL1583960,CCN(CC)c1ccc2cc(C=O)c(=O)oc2c1,=,26747.0,nM,IC50,4.57,Beta-lactamase,single protein format
CHEMBL1583872,N#CC(C#N)=C1C=C2C=C(N3CCCCC3)CCC2CC1,=,1225.0,nM,IC50,5.91,Beta-lactamase,single protein format
CHEMBL1510317,O=C1CCN2C=Nc3cccc4ccc1c2c34,=,7548.0,nM,IC50,5.12,Beta-lactamase,single protein format
CHEMBL1557243,CC(C)n1cc(/C=C/c2cc[n+](C)cc2)c2ccccc21.[I-],=,40075.0,nM,IC50,4.40,Beta-lactamase,single protein format
CHEMBL1446754,CCn1c(=S)sc2c(=O)n(CC(=O)Nc3ccccc3C(F)(F)F)c(C)nc21,>,59640.0,nM,IC50,,Beta-lactamase,single protein format
CHEMBL1606773,CCOc1cc2c(cc1/C=C/c1noc(C)c1[N+](=O)[O-])OC(C)C2,>,59640.0,nM,IC50,,Beta-lactamase,single protein format
CHEMBL1490312,CN1C(=O)/C(=C\c2ccc(N(C)C)cc2)OC1=S,>,59640.0,nM,IC50,,Beta-lactamase,single protein format
CHEMBL1331195,CN(C)/C=C1\C=C2C(=O)c3ccccc3N2C1=O,=,372.14,nM,IC50,6.43,Beta-lactamase,single protein format
CHEMBL1557268,CCOC(=O)c1c2c3c(cccc3n(C)c1=O)C(=O)c1ccccc1-2,>,59640.0,nM,IC50,,Beta-lactamase,single protein format
CHEMBL1432003,CCCCC(Sc1nc(N)c(NC(=O)c2ccco2)c(O)n1)C(=O)O,>,59640.0,nM,IC50,,Beta-lactamase,single protein format
CHEMBL1320566,Cc1ccc2[nH]cc(/C=C/c3cc[n+](C)cc3)c2c1.[I-],=,49248.0,nM,IC50,4.31,Beta-lactamase,single protein format
CHEMBL1513792,Cc1ccc(Cn2c(C(C)Nc3nc(-c4ccc(C)cc4)cs3)nc3cc(Cl)c(Cl)cc32)cc1,>,59640.0,nM,IC50,,Beta-lactamase,single protein format
CHEMBL1510658,CC(=O)N(c1cccc(C)c1)C1SC(=O)N(c2ccccc2)C1=O,>,59640.0,nM,IC50,,Beta-lactamase,single protein format
CHEMBL1392848,Nc1ccc(-c2c3ccc(=O)cc-3oc3cc(O)ccc23)cc1C(=O)O,=,3411.0,nM,IC50,5.47,Beta-lactamase,single protein format
CHEMBL1332522,CCCCN(C)C1=CC2=CC(=C(C#N)C#N)CCC2CC1,=,1466.0,nM,IC50,5.83,Beta-lactamase,single protein format
CHEMBL1538987,CC(C)(C)c1ccc(-c2c(C(=O)O)c(C(=O)O)c3n2CSC3)cc1,>,59640.0,nM,IC50,,Beta-lactamase,single protein format
CHEMBL1439847,Cc1nn(-c2ccccc2)c(Cl)c1/C=C(\CC(=O)O)c1nc2ccccc2s1,>,59640.0,nM,IC50,,Beta-lactamase,single protein format
CHEMBL1415476,CCCCCCn1c(=O)[nH]c2nc3cc(N)ccc3nc2c1=O,=,9698.0,nM,IC50,5.01,Beta-lactamase,single protein format
CHEMBL1463795,CN1CCN(C2=CC3=CC(=C(C#N)C#N)CCC3CC2)CC1,=,2280.0,nM,IC50,5.64,Beta-lactamase,single protein format
CHEMBL533293,CCN1/C(=C/C=C/c2oc3ccc4ccccc4c3[n+]2CC)Oc2ccc3ccccc3c21.Cc1ccc(S(=O)(=O)[O-])cc1,>,59640.0,nM,IC50,,Beta-lactamase,single protein format
CHEMBL1607380,COc1ccc(/C=C2\CCCc3c2nc2ccccc2c3C(=O)O)cc1OC,=,11165.0,nM,IC50,4.95,Beta-lactamase,single protein format
CHEMBL2003304,CC/N=C1\C(=O)N(C)c2cccc3c(O)c4ccccc4c1c23,=,3646.0,nM,IC50,5.44,Beta-lactamase,single protein format
CHEMBL1500251,Nc1cccc(N2C(=O)c3cccc4c(N)ccc(c34)C2=O)c1,=,16814.0,nM,IC50,4.77,Beta-lactamase,single protein format
CHEMBL1472131,CCCCNc1ccc2c3c(cccc13)C(=O)N(CCCC)C2=O,=,3892.0,nM,IC50,5.41,Beta-lactamase,single protein format
CHEMBL1372738,CCOc1ccc(-c2cc(C(=O)NCCCn3ccnc3)c3cc(Br)ccc3n2)cc1,>,59640.0,nM,IC50,,Beta-lactamase,single protein format
CHEMBL374632,CCN(CC)c1ccc2cc(-c3nc4ccccc4[nH]3)c(=O)oc2c1,=,709.06,nM,IC50,6.15,Beta-lactamase,single protein format
CHEMBL1523652,Oc1ccc2ccccc2c1-c1sc(Nc2ccccc2)n[n+]1-c1ccc(F)cc1.[Cl-],=,23673.0,nM,IC50,4.63,Beta-lactamase,single protein format
CHEMBL1315955,COC(=O)c1sccc1NC(=O)c1ccc(C#N)cc1,>,59640.0,nM,IC50,,Beta-lactamase,single protein format
CHEMBL1542877,N=C1/C(=C\c2coc3ccccc3c2=O)C(=O)N=C2SC=CN12,>,59640.0,nM,IC50,,Beta-lactamase,single protein format
