molecule_chembl_id,canonical_smiles,standard_relation,standard_value,standard_units,standard_type,pchembl_value,target_pref_name,bao_label
CHEMBL1439,C[C@]1(Cn2ccnn2)[C@H](C(=O)[O-])N2C(=O)C[C@H]2S1(=O)=O.[Na+],>,200000.0,nM,IC50,,Beta-lactamase 2,single protein format
CHEMBL25644,CC1(C)S[C@@H]2[C@H](CS)C(=O)N2[C@H]1C(=O)O,=,2900.0,nM,IC50,5.54,Beta-lactamase 2,single protein format
CHEMBL24275,CC1(C)S[C@@H]2[C@@H](S)C(=O)N2[C@H]1C(=O)O,=,17200.0,nM,IC50,4.76,Beta-lactamase 2,single protein format
CHEMBL24878,CC1(C)[C@H](C(=O)O)N2C(=O)[C@H](CO)[C@H]2S1(=O)=O,>,200000.0,nM,IC50,,Beta-lactamase 2,single protein format
CHEMBL277857,CC1(C)S[C@@H]2[C@@H](CO)C(=O)N2[C@H]1C(=O)O,>,200000.0,nM,IC50,,Beta-lactamase 2,single protein format
CHEMBL26275,CC1(C)[C@H](C(=O)O)N2C(=O)[C@H](S)[C@H]2S1(=O)=O,=,106200.0,nM,IC50,,Beta-lactamase 2,single protein format
CHEMBL277225,CC1(C)S[C@@H]2[C@@H](CS)C(=O)N2[C@H]1C(=O)O,=,1700.0,nM,IC50,5.77,Beta-lactamase 2,single protein format
CHEMBL24235,CC1(C)[C@H](C(=O)O)N2C(=O)[C@H](CS)[C@H]2S1(=O)=O,=,12000.0,nM,IC50,4.92,Beta-lactamase 2,single protein format
CHEMBL25766,CC1(C)[C@H](C(=O)O)N2C(=O)[C@@H](CS)[C@H]2S1(=O)=O,=,1400.0,nM,IC50,5.85,Beta-lactamase 2,single protein format
CHEMBL25613,CC1(C)S[C@@H]2[C@H](CO)C(=O)N2[C@H]1C(=O)O,>,200000.0,nM,IC50,,Beta-lactamase 2,single protein format
CHEMBL416561,CC1(C)[C@H](C(=O)O)N2C(=O)[C@@H](CO)[C@H]2S1(=O)=O,>,200000.0,nM,IC50,,Beta-lactamase 2,single protein format
CHEMBL284104,O=C(O)c1cccc(C(=O)O)n1,=,21800.0,nM,IC50,4.66,Beta-lactamase 2,single protein format
CHEMBL24351,CC1(C)S[C@@H]2[C@H](S)C(=O)N2[C@H]1C(=O)O,=,17800.0,nM,IC50,4.75,Beta-lactamase 2,single protein format
CHEMBL109658,COc1cccc2c1C(=O)C1=C(C2=O)C(O)C2C[C@@](O)(C(=O)CO)C[C@H](OC3CC(NC(=O)OCC4=C(C(=O)[O-])N5C(=O)[C@@H](NC(=O)Cc6ccccc6)[C@H]5SC4)C(O)C(C)O3)C2C1O.[Na+],=,0.016,uM min-1 (ug of protein)-1,Specific activity,,Beta-lactamase 2,single protein format
CHEMBL109658,COc1cccc2c1C(=O)C1=C(C2=O)C(O)C2C[C@@](O)(C(=O)CO)C[C@H](OC3CC(NC(=O)OCC4=C(C(=O)[O-])N5C(=O)[C@@H](NC(=O)Cc6ccccc6)[C@H]5SC4)C(O)C(C)O3)C2C1O.[Na+],=,0.021,uM min-1 (ug of protein)-1,Specific activity,,Beta-lactamase 2,single protein format
CHEMBL109658,COc1cccc2c1C(=O)C1=C(C2=O)C(O)C2C[C@@](O)(C(=O)CO)C[C@H](OC3CC(NC(=O)OCC4=C(C(=O)[O-])N5C(=O)[C@@H](NC(=O)Cc6ccccc6)[C@H]5SC4)C(O)C(C)O3)C2C1O.[Na+],=,120000.0,nM,Km,,Beta-lactamase 2,single protein format
CHEMBL109658,COc1cccc2c1C(=O)C1=C(C2=O)C(O)C2C[C@@](O)(C(=O)CO)C[C@H](OC3CC(NC(=O)OCC4=C(C(=O)[O-])N5C(=O)[C@@H](NC(=O)Cc6ccccc6)[C@H]5SC4)C(O)C(C)O3)C2C1O.[Na+],=,0.047,uM min-1 (ug of protein)-1,Vmax,,Beta-lactamase 2,single protein format
CHEMBL109658,COc1cccc2c1C(=O)C1=C(C2=O)C(O)C2C[C@@](O)(C(=O)CO)C[C@H](OC3CC(NC(=O)OCC4=C(C(=O)[O-])N5C(=O)[C@@H](NC(=O)Cc6ccccc6)[C@H]5SC4)C(O)C(C)O3)C2C1O.[Na+],=,0.4,uM min-1 (ug of protein)-1,Vmax / Km,,Beta-lactamase 2,single protein format
CHEMBL282534,COc1cccc2c1C(=O)c1c(O)c3c(c(O)c1C2=O)C[C@@](O)(C(=O)CO)C[C@@H]3OC1CC(NC(=O)OCC2=C(C(=O)O)N3C(=O)[C@@H](NC(=O)CCCC(=O)O)[C@H]3SC2)C(O)C(C)O1,=,56000.0,nM,Km,,Beta-lactamase 2,single protein format
CHEMBL282534,COc1cccc2c1C(=O)c1c(O)c3c(c(O)c1C2=O)C[C@@](O)(C(=O)CO)C[C@@H]3OC1CC(NC(=O)OCC2=C(C(=O)O)N3C(=O)[C@@H](NC(=O)CCCC(=O)O)[C@H]3SC2)C(O)C(C)O1,=,6.6,s-1,k cat,,Beta-lactamase 2,single protein format
CHEMBL282621,COc1cccc2c1C(=O)c1c(O)c3c(c(O)c1C2=O)C[C@@](O)(C(=O)CO)C[C@@H]3OC1CC(NC(=O)OCC2=C(C(=O)O)N3C(=O)[C@@H](NC(=O)Cc4ccccc4)[C@H]3SC2)C(O)C(C)O1,=,38000.0,nM,Km,,Beta-lactamase 2,single protein format
CHEMBL282621,COc1cccc2c1C(=O)c1c(O)c3c(c(O)c1C2=O)C[C@@](O)(C(=O)CO)C[C@@H]3OC1CC(NC(=O)OCC2=C(C(=O)O)N3C(=O)[C@@H](NC(=O)Cc4ccccc4)[C@H]3SC2)C(O)C(C)O1,=,30.0,s-1,k cat,,Beta-lactamase 2,single protein format
CHEMBL3808751,O=C(O)[C@@H](S)c1ccccc1,=,1280.0,nM,Ki,5.89,Beta-lactamase 2,cell-based format
CHEMBL3809419,O=C(O)[C@H](S)c1ccccc1,=,90.0,nM,Ki,7.05,Beta-lactamase 2,cell-based format
