molecule_chembl_id,canonical_smiles,standard_relation,standard_value,standard_units,standard_type,pchembl_value,target_pref_name,bao_label
CHEMBL243023,O=C(O)c1cc(O)cc(C(=O)NO)c1,=,67.0,%,Activity,,IMP-13,single protein format
CHEMBL395257,O=C(NO)c1cc(O)cc(C(=O)c2ccc(O)cc2)c1,=,83.0,%,Activity,,IMP-13,single protein format
CHEMBL234064,O=C(O)c1cc(O)cc(C(=O)c2ccc(O)cc2)c1,=,100.0,%,Activity,,IMP-13,single protein format
CHEMBL395044,CNC(=O)c1cc(O)cc(C(=O)NO)c1,=,93.0,%,Activity,,IMP-13,single protein format
CHEMBL243238,CCN(CC)C(=O)c1cc(O)cc(C(=O)NO)c1,=,85.0,%,Activity,,IMP-13,single protein format
CHEMBL394812,O=C(NO)c1cc(O)cc(C(=O)N2CCCC2)c1,=,85.0,%,Activity,,IMP-13,single protein format
CHEMBL243237,O=C(NO)c1cc(O)cc(C(=O)NCc2ccccc2)c1,=,81.0,%,Activity,,IMP-13,single protein format
CHEMBL394811,O=C(NO)c1cc(O)cc(C(=O)Nc2ccccc2)c1,=,92.0,%,Activity,,IMP-13,single protein format
CHEMBL16300,O=C(NO)c1ccccc1,,,,Activity,,IMP-13,single protein format
CHEMBL51979,O=C(O)CCC(=O)NO,<,10.0,%,Inhibition,,IMP-13,single protein format
CHEMBL245178,O=C(O)c1cccc(C(=O)NO)c1,<,10.0,%,Inhibition,,IMP-13,single protein format
