molecule_chembl_id,canonical_smiles,standard_relation,standard_value,standard_units,standard_type,pchembl_value,target_pref_name,bao_label
CHEMBL302241,Cn1ccnc1SC[C@@]1(C)[C@H](C(=O)O)N2C(=O)C[C@H]2S1(=O)=O,=,0.16,ug.mL-1,IC50,,Beta-lactamase OXA-1,single protein format
CHEMBL70997,C[C@H](O)[C@H]1C(=O)N2[C@@H](C(=O)O)/C(=C/CO)S[C@H]12,=,6.25,ug.mL-1,MIC,,Beta-lactamase OXA-1,single protein format
CHEMBL70997,C[C@H](O)[C@H]1C(=O)N2[C@@H](C(=O)O)/C(=C/CO)S[C@H]12,=,6.25,ug.mL-1,MIC,,Beta-lactamase OXA-1,single protein format
CHEMBL70997,C[C@H](O)[C@H]1C(=O)N2[C@@H](C(=O)O)/C(=C/CO)S[C@H]12,=,3.12,ug.mL-1,MIC,,Beta-lactamase OXA-1,single protein format
CHEMBL70997,C[C@H](O)[C@H]1C(=O)N2[C@@H](C(=O)O)/C(=C/CO)S[C@H]12,=,1.56,ug.mL-1,MIC,,Beta-lactamase OXA-1,single protein format
CHEMBL34277,CC(C)CCCCCCCCCCCCCc1cccc(O)c1C(=O)O,,,,IC50,,Beta-lactamase OXA-1,single protein format
CHEMBL308516,C[C@@]1(CSc2nc3ccccc3s2)S[C@@H]2[C@H](Br)C(=O)N2[C@H]1C(=O)O,=,0.63,ug.mL-1,IC50,,Beta-lactamase OXA-1,single protein format
CHEMBL30914,CCCCCCCCCCCCCCCCCc1cccc(O)c1C(=O)O,=,29000.0,ug.mL-1,IC50,,Beta-lactamase OXA-1,single protein format
CHEMBL403,CC1(C)[C@H](C(=O)O)N2C(=O)C[C@H]2S1(=O)=O,=,0.32,ug.mL-1,IC50,,Beta-lactamase OXA-1,single protein format
CHEMBL455368,C=CC/C=C\C/C=C\CCCCCCCc1cccc(O)c1C(=O)O,=,25000.0,ug.mL-1,IC50,,Beta-lactamase OXA-1,single protein format
CHEMBL72046,C[C@]1(CSC2=NCCS2)[C@H](C(=O)O)N2C(=O)C[C@H]2S1(=O)=O,=,0.04,ug.mL-1,IC50,,Beta-lactamase OXA-1,single protein format
CHEMBL423309,Cn1cnnc1SC[C@@]1(C)[C@H](C(=O)O)N2C(=O)C[C@H]2S1(=O)=O,=,0.13,ug.mL-1,IC50,,Beta-lactamase OXA-1,single protein format
CHEMBL33379,CCCCCCCCc1cccc(O)c1C(=O)O,,,,IC50,,Beta-lactamase OXA-1,single protein format
CHEMBL33202,CCCCCCCCCCc1cccc(O)c1,>,33000.0,ug.mL-1,IC50,,Beta-lactamase OXA-1,single protein format
CHEMBL174,CC1(C)S[C@@H]2[C@H](NC(=O)[C@H](N)c3ccccc3)C(=O)N2[C@H]1C(=O)O,=,12.5,ug.mL-1,MIC,,Beta-lactamase OXA-1,single protein format
CHEMBL174,CC1(C)S[C@@H]2[C@H](NC(=O)[C@H](N)c3ccccc3)C(=O)N2[C@H]1C(=O)O,=,100.0,ug.mL-1,MIC,,Beta-lactamase OXA-1,single protein format
CHEMBL310221,C[C@@]1(CSC2=NCCS2)S[C@@H]2[C@H](Br)C(=O)N2[C@H]1C(=O)O,=,0.63,ug.mL-1,IC50,,Beta-lactamase OXA-1,single protein format
CHEMBL73622,CC1(C)S[C@@H]2[C@H](Br)C(=O)N2[C@H]1C(=O)O,=,0.2,ug.mL-1,IC50,,Beta-lactamase OXA-1,single protein format
CHEMBL416038,CCCCCCCCCCc1cccc(O)c1C(=O)O,=,360000.0,ug.mL-1,IC50,,Beta-lactamase OXA-1,single protein format
CHEMBL302512,Cn1nnnc1SC[C@@]1(C)[C@H](C(=O)O)N2C(=O)C[C@H]2S1(=O)=O,=,0.032,ug.mL-1,IC50,,Beta-lactamase OXA-1,single protein format
CHEMBL33019,CCCCCCCCCCc1cccc(O)c1O,,,,IC50,,Beta-lactamase OXA-1,single protein format
CHEMBL30870,CCCCCCCCCCc1cccc(OC)c1C(=O)O,=,830000.0,ug.mL-1,IC50,,Beta-lactamase OXA-1,single protein format
CHEMBL8087,CCCCCCCCCCCCCCCc1cccc(O)c1O,,,,IC50,,Beta-lactamase OXA-1,single protein format
CHEMBL309009,C[C@]1(CSc2nc3ccccc3o2)[C@H](C(=O)O)N2C(=O)C[C@H]2S1(=O)=O,=,0.032,ug.mL-1,IC50,,Beta-lactamase OXA-1,single protein format
CHEMBL415266,Cn1nnnc1SC[C@]1(C)S[C@@H]2[C@H](Br)C(=O)N2[C@H]1C(=O)O,=,3.2,ug.mL-1,IC50,,Beta-lactamase OXA-1,single protein format
CHEMBL30915,CCCCCCCCCCCCCCCc1cccc(OC)c1C(=O)O,>,33000.0,ug.mL-1,IC50,,Beta-lactamase OXA-1,single protein format
CHEMBL284924,CCCCCCCCCCc1ccccc1C(=O)O,,,,IC50,,Beta-lactamase OXA-1,single protein format
CHEMBL33995,CC/C=C\C/C=C\C/C=C\CCCCCCCc1cccc(O)c1C(=O)O,=,80000.0,ug.mL-1,IC50,,Beta-lactamase OXA-1,single protein format
CHEMBL34634,CCC(C)CCCCCCCCCCCCc1cccc(O)c1C(=O)O,,,,IC50,,Beta-lactamase OXA-1,single protein format
CHEMBL34689,CCCCCCCCCCCCCCCc1cccc(O)c1,>,33000.0,ug.mL-1,IC50,,Beta-lactamase OXA-1,single protein format
CHEMBL305908,C[C@@]1(CSc2nc[nH]n2)S[C@@H]2[C@H](Br)C(=O)N2[C@H]1C(=O)O,=,2.0,ug.mL-1,IC50,,Beta-lactamase OXA-1,single protein format
CHEMBL777,O=C(O)[C@H]1/C(=C/CO)O[C@@H]2CC(=O)N21,=,0.08,ug.mL-1,IC50,,Beta-lactamase OXA-1,single protein format
CHEMBL72972,C[C@]1(CSc2nc3ccccc3[nH]2)[C@H](C(=O)O)N2C(=O)C[C@H]2S1(=O)=O,=,0.05,ug.mL-1,IC50,,Beta-lactamase OXA-1,single protein format
CHEMBL70269,C[C@@]1(CSc2nc3ccccc3o2)S[C@@H]2[C@H](Br)C(=O)N2[C@H]1C(=O)O,=,1.0,ug.mL-1,IC50,,Beta-lactamase OXA-1,single protein format
CHEMBL404,C[C@]1(Cn2ccnn2)[C@H](C(=O)O)N2C(=O)C[C@H]2S1(=O)=O,=,0.13,ug.mL-1,IC50,,Beta-lactamase OXA-1,single protein format
CHEMBL73450,Cn1ccnc1SC[C@]1(C)S[C@@H]2[C@H](Br)C(=O)N2[C@H]1C(=O)O,=,4.0,ug.mL-1,IC50,,Beta-lactamase OXA-1,single protein format
CHEMBL777,O=C(O)[C@H]1/C(=C/CO)O[C@@H]2CC(=O)N21,=,350.0,ug.mL-1,IC50,,Beta-lactamase OXA-1,single protein format
CHEMBL777,O=C(O)[C@H]1/C(=C/CO)O[C@@H]2CC(=O)N21,=,3.4,uM,ID50,,Beta-lactamase OXA-1,single protein format
CHEMBL44999,O=C(NCP(=O)([O-])N[C@H](Cc1ccccc1)C(=O)[O-])OCc1ccccc1.[Li+].[Li+],>,100.0,uM,ID50,,Beta-lactamase OXA-1,single protein format
CHEMBL295576,O=C(NCP(=O)([O-])N[C@@H](Cc1ccccc1)C(=O)[O-])OCc1ccccc1.[Li+].[Li+],=,60.0,uM,ID50,,Beta-lactamase OXA-1,single protein format
CHEMBL45440,O=C([O-])CC(NP(=O)([O-])CNC(=O)OCc1ccccc1)c1ccccc1.[Li+].[Li+],=,46.0,uM,ID50,,Beta-lactamase OXA-1,single protein format
CHEMBL47131,O=C([O-])CNP(=O)([O-])CNC(=O)OCc1ccccc1.[Li+].[Li+],=,30.0,uM,ID50,,Beta-lactamase OXA-1,single protein format
CHEMBL44005,O=C(NCP(=O)([O-])N[C@@H](C(=O)[O-])c1ccccc1)OCc1ccccc1.[Li+].[Li+],>,100.0,uM,ID50,,Beta-lactamase OXA-1,single protein format
CHEMBL47552,O=C([O-])CCNP(=O)([O-])CNC(=O)OCc1ccccc1.[Li+].[Li+],=,14.0,uM,ID50,,Beta-lactamase OXA-1,single protein format
CHEMBL6461,C[C@]1(/C=C/C#N)[C@H](C(=O)[O-])N2C(=O)C[C@H]2S1(=O)=O.[Na+],=,100.0,nM,IC50,7.00,Beta-lactamase OXA-1,single protein format
CHEMBL6461,C[C@]1(/C=C/C#N)[C@H](C(=O)[O-])N2C(=O)C[C@H]2S1(=O)=O.[Na+],=,430.0,nM,IC50,6.37,Beta-lactamase OXA-1,single protein format
CHEMBL404,C[C@]1(Cn2ccnn2)[C@H](C(=O)O)N2C(=O)C[C@H]2S1(=O)=O,=,4800.0,nM,IC50,5.32,Beta-lactamase OXA-1,assay format
CHEMBL777,O=C(O)[C@H]1/C(=C/CO)O[C@@H]2CC(=O)N21,=,3200.0,nM,IC50,5.50,Beta-lactamase OXA-1,single protein format
CHEMBL403,CC1(C)[C@H](C(=O)O)N2C(=O)C[C@H]2S1(=O)=O,=,22000.0,nM,IC50,4.66,Beta-lactamase OXA-1,single protein format
CHEMBL1161693,O=C(Cc1ccccc1)NC1Cc2cccc(C(=O)O)c2OC1=O,=,0.25,s-1,K cat,,Beta-lactamase OXA-1,single protein format
CHEMBL1161693,O=C(Cc1ccccc1)NC1Cc2cccc(C(=O)O)c2OC1=O,=,7400.0,nM,Km,,Beta-lactamase OXA-1,single protein format
CHEMBL617,CC(=O)OCC1=C(C(=O)O)N2C(=O)[C@@H](NC(=O)Cc3cccs3)[C@H]2SC1,=,1.2,s-1,K cat,,Beta-lactamase OXA-1,single protein format
CHEMBL617,CC(=O)OCC1=C(C(=O)O)N2C(=O)[C@@H](NC(=O)Cc3cccs3)[C@H]2SC1,=,10000.0,nM,Km,,Beta-lactamase OXA-1,single protein format
CHEMBL1161696,O=C(O)c1cccc2c1OC(=O)C(C(=O)NCc1ccccc1)C2,>,0.15,s-1,K cat,,Beta-lactamase OXA-1,single protein format
CHEMBL1161696,O=C(O)c1cccc2c1OC(=O)C(C(=O)NCc1ccccc1)C2,>,200000.0,nM,Km,,Beta-lactamase OXA-1,single protein format
CHEMBL1161808,O=C(NCc1ccccc1)C1CN(S(=O)(=O)O)C1=O,=,2300000.0,nM,Km,,Beta-lactamase OXA-1,single protein format
CHEMBL1161807,O=C(Cc1ccccc1)N[C@H]1CN(S(=O)(=O)O)C1=O,=,29000.0,nM,Km,,Beta-lactamase OXA-1,single protein format
CHEMBL515016,C[C@]1(COC(=O)Cc2ccccc2)[C@H](C(=O)[O-])N2C(=O)/C(=C/c3ccccn3)[C@H]2S1(=O)=O.[Na+],=,1.0,uM,Kinact,,Beta-lactamase OXA-1,single protein format
CHEMBL404,C[C@]1(Cn2ccnn2)[C@H](C(=O)O)N2C(=O)C[C@H]2S1(=O)=O,=,380.0,uM,Kinact,,Beta-lactamase OXA-1,single protein format
