molecule_chembl_id,canonical_smiles,standard_relation,standard_value,standard_units,standard_type,pchembl_value,target_pref_name,bao_label
CHEMBL173793,Cn1nnnc1SCC1=C(C(=O)O)N2C(=O)C(NC(=O)C(O)c3ccccc3)C2SC1,=,1.0,,Relative hydrolysis rate,,Beta-lactamase,single protein format
CHEMBL173793,Cn1nnnc1SCC1=C(C(=O)O)N2C(=O)C(NC(=O)C(O)c3ccccc3)C2SC1,=,20.0,,Relative hydrolysis rate,,Beta-lactamase,single protein format
CHEMBL1727,CC1=C(C(=O)O)N2C(=O)[C@@H](NC(=O)[C@H](N)c3ccccc3)[C@H]2SC1,=,0.7,,Relative hydrolysis rate,,Beta-lactamase,single protein format
CHEMBL289979,NC(=O)/C=C/C1=C(C(=O)[O-])N2C(=O)/C(=C/c3ccccn3)[C@H]2S(=O)(=O)C1.[Na+],=,22.0,nM,IC50,7.66,Beta-lactamase,single protein format
CHEMBL353657,Cn1nnnc1SCC1=C(C(=O)O)N2C(=O)C(NC(=O)Cc3csc(N)n3)C2SC1,=,36.0,,Relative hydrolysis rate,,Beta-lactamase,single protein format
CHEMBL353657,Cn1nnnc1SCC1=C(C(=O)O)N2C(=O)C(NC(=O)Cc3csc(N)n3)C2SC1,=,4.0,,Relative hydrolysis rate,,Beta-lactamase,single protein format
CHEMBL86191,Cn1nnnc1SCC1=C(C(=O)O)N2C(=O)C(NC(=O)C(C(=O)O)c3ccc(O)cc3)C2OC1,,,,Relative hydrolysis rate,,Beta-lactamase,single protein format
CHEMBL86191,Cn1nnnc1SCC1=C(C(=O)O)N2C(=O)C(NC(=O)C(C(=O)O)c3ccc(O)cc3)C2OC1,=,81.0,,Relative hydrolysis rate,,Beta-lactamase,single protein format
CHEMBL366826,CC1=C(C(=O)O)N2C(=O)C(NC(=O)CSC(F)(F)F)C2SC1,=,200.0,,Relative hydrolysis rate,,Beta-lactamase,single protein format
CHEMBL366826,CC1=C(C(=O)O)N2C(=O)C(NC(=O)CSC(F)(F)F)C2SC1,=,1.1,,Relative hydrolysis rate,,Beta-lactamase,single protein format
CHEMBL172840,Cc1nnc(SCC2=C(C(=O)O)N3C(=O)C(NC(=O)Cn4cnnn4)C3SC2)s1,=,82.0,,Relative hydrolysis rate,,Beta-lactamase,single protein format
CHEMBL172840,Cc1nnc(SCC2=C(C(=O)O)N3C(=O)C(NC(=O)Cn4cnnn4)C3SC2)s1,=,28.0,,Relative hydrolysis rate,,Beta-lactamase,single protein format
CHEMBL44754,NNC(=O)/C=C/C1=C(C(=O)[O-])N2C(=O)/C(=C/c3ccccn3)[C@H]2S(=O)(=O)C1.[Na+],=,1100.0,nM,IC50,5.96,Beta-lactamase,single protein format
CHEMBL289526,O=C([O-])C1=CCS(=O)(=O)[C@@H]2/C(=C\c3ccccn3)C(=O)N12.[Na+],=,116.0,nM,IC50,6.94,Beta-lactamase,single protein format
CHEMBL295625,O=C([O-])C1=C(Cl)CS(=O)(=O)[C@@H]2/C(=C\c3ccccn3)C(=O)N12.[Na+],=,3.0,nM,IC50,8.52,Beta-lactamase,single protein format
CHEMBL172667,Cn1nnnc1SCC1=C(C(=O)O)N2C(=O)C(NC(=O)/C(=N\O)c3ccc(NS(C)(=O)=O)cc3)C2OC1,=,0.36,,Relative hydrolysis rate,,Beta-lactamase,single protein format
CHEMBL172667,Cn1nnnc1SCC1=C(C(=O)O)N2C(=O)C(NC(=O)/C(=N\O)c3ccc(NS(C)(=O)=O)cc3)C2OC1,=,450.0,,Relative hydrolysis rate,,Beta-lactamase,single protein format
CHEMBL44588,O=C([O-])CNC(=O)/C=C/C1=C(C(=O)[O-])N2C(=O)/C(=C/c3ccccn3)[C@H]2S(=O)(=O)C1.[Na+].[Na+],=,310.0,nM,IC50,6.51,Beta-lactamase,single protein format
CHEMBL297805,CS(=O)(=O)C1=C(C(=O)[O-])N2C(=O)/C(=C/c3ccccn3)[C@H]2S(=O)(=O)C1.[Na+],=,90.7,nM,IC50,7.04,Beta-lactamase,single protein format
CHEMBL368400,Cn1nnnc1SCC1=C(C(=O)O)N2C(=O)C(NC(=O)Cc3ccc(O)cc3)C2OC1,=,250.0,,Relative hydrolysis rate,,Beta-lactamase,single protein format
CHEMBL368400,Cn1nnnc1SCC1=C(C(=O)O)N2C(=O)C(NC(=O)Cc3ccc(O)cc3)C2OC1,=,140.0,,Relative hydrolysis rate,,Beta-lactamase,single protein format
CHEMBL176909,CCN1CCN(C(=O)NC(C(=O)NC2C(=O)N3C(C(=O)O)=C(CSc4nnnn4C)COC23)c2ccc(OC(N)=O)cc2)C(=O)C1=O,=,13.0,,Relative hydrolysis rate,,Beta-lactamase,single protein format
CHEMBL176909,CCN1CCN(C(=O)NC(C(=O)NC2C(=O)N3C(C(=O)O)=C(CSc4nnnn4C)COC23)c2ccc(OC(N)=O)cc2)C(=O)C1=O,=,0.55,,Relative hydrolysis rate,,Beta-lactamase,single protein format
CHEMBL404,C[C@]1(Cn2ccnn2)[C@H](C(=O)O)N2C(=O)C[C@H]2S1(=O)=O,=,101600.0,nM,IC50,,Beta-lactamase,single protein format
CHEMBL297253,O=C(/C=C/C1=C(C(=O)[O-])N2C(=O)/C(=C/c3ccccn3)[C@H]2S(=O)(=O)C1)Nc1c(F)c(F)c(F)c(F)c1F.[Na+],=,127.0,nM,IC50,6.90,Beta-lactamase,single protein format
CHEMBL416447,CN1CCN(C(=O)/C=C/C2=C(C(=O)[O-])N3C(=O)/C(=C/c4ccccn4)[C@H]3S(=O)(=O)C2)CC1.[Na+],=,6340.0,nM,IC50,5.20,Beta-lactamase,single protein format
CHEMBL368062,Cn1nnnc1SCC1=C(C(=O)O)N2C(=O)C(NC(=O)C(O)c3ccccc3)C2OC1,=,7.5,,Relative hydrolysis rate,,Beta-lactamase,single protein format
CHEMBL368062,Cn1nnnc1SCC1=C(C(=O)O)N2C(=O)C(NC(=O)C(O)c3ccccc3)C2OC1,=,100.0,,Relative hydrolysis rate,,Beta-lactamase,single protein format
CHEMBL46958,O=C([O-])C1=C(C(=O)[O-])N2C(=O)/C(=C/c3ccccn3)[C@H]2S(=O)(=O)C1.[Na+].[Na+],=,32.0,nM,IC50,7.50,Beta-lactamase,single protein format
CHEMBL43955,O=C(/C=C/C1=C(C(=O)[O-])N2C(=O)/C(=C/c3ccccn3)[C@H]2S(=O)(=O)C1)NC1CC1.[Na+],=,824.0,nM,IC50,6.08,Beta-lactamase,single protein format
CHEMBL295322,O=C([O-])C1=C(S(=O)(=O)c2ccccc2)CS(=O)(=O)[C@@H]2/C(=C\c3ccccn3)C(=O)N12.[Na+],=,174.0,nM,IC50,6.76,Beta-lactamase,single protein format
CHEMBL176460,Cn1nnnc1SCC1=C(C(=O)O)N2C(=O)C(NC(=O)Cc3ccc(O)cc3)C2SC1,=,130.0,,Relative hydrolysis rate,,Beta-lactamase,single protein format
CHEMBL176460,Cn1nnnc1SCC1=C(C(=O)O)N2C(=O)C(NC(=O)Cc3ccc(O)cc3)C2SC1,=,15.0,,Relative hydrolysis rate,,Beta-lactamase,single protein format
CHEMBL297671,CSC1=C(C(=O)[O-])N2C(=O)/C(=C/c3ccccn3)[C@H]2S(=O)(=O)C1.[Na+],=,59.0,nM,IC50,7.23,Beta-lactamase,single protein format
CHEMBL296738,O=C([O-])C1=C(c2ccccc2)CS(=O)(=O)[C@@H]2/C(=C\c3ccccn3)C(=O)N12.[Na+],=,38.0,nM,IC50,7.42,Beta-lactamase,single protein format
CHEMBL312728,Cn1nnnc1SCC1=C(C(=O)O)N2C(=O)C(NC(=O)C(C(=O)O)c3ccc(O)cc3)C2SC1,,,,Relative hydrolysis rate,,Beta-lactamase,single protein format
CHEMBL312728,Cn1nnnc1SCC1=C(C(=O)O)N2C(=O)C(NC(=O)C(C(=O)O)c3ccc(O)cc3)C2SC1,=,2.7,,Relative hydrolysis rate,,Beta-lactamase,single protein format
CHEMBL44813,O=C(/C=C/C1=C(C(=O)[O-])N2C(=O)/C(=C/c3ccccn3)[C@H]2S(=O)(=O)C1)NCC(F)(F)F.[Na+],=,1180.0,nM,IC50,5.93,Beta-lactamase,single protein format
CHEMBL173839,Cc1nnc(SCC2=C(C(=O)O)N3C(=O)C(NC(=O)Cn4cnnn4)C3OC2)s1,=,42.0,,Relative hydrolysis rate,,Beta-lactamase,single protein format
CHEMBL173839,Cc1nnc(SCC2=C(C(=O)O)N3C(=O)C(NC(=O)Cn4cnnn4)C3OC2)s1,=,330.0,,Relative hydrolysis rate,,Beta-lactamase,single protein format
CHEMBL47198,O=C(/C=C/C1=C(C(=O)[O-])N2C(=O)/C(=C/c3ccccn3)[C@H]2S(=O)(=O)C1)NCCO.[Na+],=,212.0,nM,IC50,6.67,Beta-lactamase,single protein format
CHEMBL290072,O=C(/C=C/C1=C(C(=O)[O-])N2C(=O)/C(=C/c3ccccn3)[C@H]2S(=O)(=O)C1)NCc1ccccc1.[Na+],=,110.0,nM,IC50,6.96,Beta-lactamase,single protein format
CHEMBL44274,NCCCNC(=O)/C=C/C1=C(C(=O)[O-])N2C(=O)/C(=C/c3ccccn3)[C@H]2S(=O)(=O)C1.[Na+],=,4200.0,nM,IC50,5.38,Beta-lactamase,single protein format
CHEMBL368005,Cn1nnnc1SCC1=C(C(=O)O)N2C(=O)C(NC(=O)/C(=N\O)c3ccc(NS(C)(=O)=O)cc3)C2SC1,=,0.079,,Relative hydrolysis rate,,Beta-lactamase,single protein format
CHEMBL368005,Cn1nnnc1SCC1=C(C(=O)O)N2C(=O)C(NC(=O)/C(=N\O)c3ccc(NS(C)(=O)=O)cc3)C2SC1,=,14.0,,Relative hydrolysis rate,,Beta-lactamase,single protein format
CHEMBL415918,O=C(/C=C/C1=C(C(=O)[O-])N2C(=O)/C(=C/c3ccccn3)[C@H]2S(=O)(=O)C1)NO.[Na+],=,128.0,nM,IC50,6.89,Beta-lactamase,single protein format
CHEMBL44932,N=C(N)NCCNC(=O)/C=C/C1=C(C(=O)[O-])N2C(=O)/C(=C/c3ccccn3)[C@H]2S(=O)(=O)C1.[Na+],=,5.5,nM,IC50,8.26,Beta-lactamase,single protein format
CHEMBL42528,O=C([O-])C1=C(Sc2ccccc2)CS(=O)(=O)[C@@H]2/C(=C\c3ccccn3)C(=O)N12.[Na+],=,21.7,nM,IC50,7.66,Beta-lactamase,single protein format
CHEMBL175044,Cn1nnnc1SCC1=C(C(=O)O)N2C(=O)C(NC(=O)Cc3csc(N)n3)C2OC1,=,47.0,,Relative hydrolysis rate,,Beta-lactamase,single protein format
CHEMBL175044,Cn1nnnc1SCC1=C(C(=O)O)N2C(=O)C(NC(=O)Cc3csc(N)n3)C2OC1,=,68.0,,Relative hydrolysis rate,,Beta-lactamase,single protein format
CHEMBL176409,CCN1CCN(C(=O)NC(C(=O)NC2C(=O)N3C(C(=O)O)=C(CSc4nnnn4C)CSC23)c2ccc(OC(N)=O)cc2)C(=O)C1=O,=,2.3,,Relative hydrolysis rate,,Beta-lactamase,single protein format
CHEMBL176409,CCN1CCN(C(=O)NC(C(=O)NC2C(=O)N3C(C(=O)O)=C(CSc4nnnn4C)CSC23)c2ccc(OC(N)=O)cc2)C(=O)C1=O,=,1.5,,Relative hydrolysis rate,,Beta-lactamase,single protein format
CHEMBL174521,CC1=C(C(=O)O)N2C(=O)C(NC(=O)C(N)c3ccccc3)C2OC1,=,26.0,,Relative hydrolysis rate,,Beta-lactamase,single protein format
CHEMBL44278,O=C(/C=C/C1=C(C(=O)[O-])N2C(=O)/C(=C/c3ccccn3)[C@H]2S(=O)(=O)C1)Nc1ccc(O)cc1.[Na+],=,35.0,nM,IC50,7.46,Beta-lactamase,single protein format
CHEMBL45084,O=C([O-])C1=C(I)CS(=O)(=O)[C@@H]2/C(=C\c3ccccn3)C(=O)N12.[Na+],=,4.7,nM,IC50,8.33,Beta-lactamase,single protein format
CHEMBL45273,O=C([O-])C1=C(c2cccs2)CS(=O)(=O)[C@@H]2/C(=C\c3ccccn3)C(=O)N12.[Na+],=,40.3,nM,IC50,7.39,Beta-lactamase,single protein format
CHEMBL277057,CC1=C(C(=O)O)N2C(=O)C(NC(=O)CSC(F)(F)F)C2OC1,=,210.0,,Relative hydrolysis rate,,Beta-lactamase,single protein format
CHEMBL277057,CC1=C(C(=O)O)N2C(=O)C(NC(=O)CSC(F)(F)F)C2OC1,=,29.0,,Relative hydrolysis rate,,Beta-lactamase,single protein format
CHEMBL45136,O=C([O-])C1=C(Br)CS(=O)(=O)[C@@H]2/C(=C\c3ccccn3)C(=O)N12.[Na+],=,2.9,nM,IC50,8.54,Beta-lactamase,single protein format
CHEMBL46478,O=C([O-])C1=C(F)CS(=O)(=O)[C@@H]2/C(=C\c3ccccn3)C(=O)N12.[Na+],=,11.0,nM,IC50,7.96,Beta-lactamase,single protein format
CHEMBL433312,O=C(O)CC1=CC(NC(=O)Cc2ccccc2)CC1=O,,,,Activity,,Beta-lactamase,single protein format
CHEMBL307806,NC1C=C(CC(=O)O)C(=O)C1.O=C(O)C(F)(F)F,,,,Activity,,Beta-lactamase,single protein format
CHEMBL78292,CO/N=C(/C(=O)NC1C=C(CC(=O)O)C(=O)C1)c1csc(N)n1,,,,Activity,,Beta-lactamase,single protein format
CHEMBL9306,O=C([O-])[C@H]1/C(=C/CO)O[C@@H]2CC(=O)N21.[Li+],=,400.0,nM,Kd,6.40,Beta-lactamase,single protein format
CHEMBL9306,O=C([O-])[C@H]1/C(=C/CO)O[C@@H]2CC(=O)N21.[Li+],=,0.0038,s-1,Rate of recovery,,Beta-lactamase,single protein format
CHEMBL8964,O=C([O-])[C@H]1C(CCO)O[C@@H]2CC(=O)N21.[Na+],=,8.0,s-1,k cat,,Beta-lactamase,single protein format
CHEMBL8964,O=C([O-])[C@H]1C(CCO)O[C@@H]2CC(=O)N21.[Na+],=,2200.0,nM,Km,,Beta-lactamase,single protein format
CHEMBL8964,O=C([O-])[C@H]1C(CCO)O[C@@H]2CC(=O)N21.[Na+],=,11.6,uM,Ks,,Beta-lactamase,single protein format
CHEMBL8964,O=C([O-])[C@H]1C(CCO)O[C@@H]2CC(=O)N21.[Na+],=,42.0,s-1,K2,,Beta-lactamase,single protein format
CHEMBL8964,O=C([O-])[C@H]1C(CCO)O[C@@H]2CC(=O)N21.[Na+],=,10.0,s-1,K3,,Beta-lactamase,single protein format
CHEMBL128220,NC(=O)c1ccc(NC(=O)N2CCC3C2C(=O)N3OS(=O)(=O)[O-])cc1.[Na+],=,12.0,nM,IC50,7.92,Beta-lactamase,single protein format
CHEMBL128220,NC(=O)c1ccc(NC(=O)N2CCC3C2C(=O)N3OS(=O)(=O)[O-])cc1.[Na+],=,26.0,nM,IC50,7.58,Beta-lactamase,single protein format
CHEMBL128220,NC(=O)c1ccc(NC(=O)N2CCC3C2C(=O)N3OS(=O)(=O)[O-])cc1.[Na+],=,580.0,nM,IC50,6.24,Beta-lactamase,single protein format
CHEMBL607280,CC(C)(C)OC(=O)N1CC[C@@H]2[C@H]1C(=O)N2S(=O)(=O)O,=,225.0,nM,IC50,6.65,Beta-lactamase,single protein format
CHEMBL607280,CC(C)(C)OC(=O)N1CC[C@@H]2[C@H]1C(=O)N2S(=O)(=O)O,=,1500.0,nM,IC50,5.82,Beta-lactamase,single protein format
CHEMBL607280,CC(C)(C)OC(=O)N1CC[C@@H]2[C@H]1C(=O)N2S(=O)(=O)O,>,1000000.0,nM,IC50,,Beta-lactamase,single protein format
CHEMBL128979,CC(C)(C)OC(=O)N1CCC2C1C(=O)N2OCC(=O)OCc1ccccc1,=,26000.0,nM,IC50,4.58,Beta-lactamase,single protein format
CHEMBL128979,CC(C)(C)OC(=O)N1CCC2C1C(=O)N2OCC(=O)OCc1ccccc1,=,185000.0,nM,IC50,,Beta-lactamase,single protein format
CHEMBL128979,CC(C)(C)OC(=O)N1CCC2C1C(=O)N2OCC(=O)OCc1ccccc1,=,1000000.0,nM,IC50,,Beta-lactamase,single protein format
CHEMBL355579,CC(C)(C)OC(=O)N1CCC2C1C(=O)N2OS(=O)(=O)[O-].[Na+],=,20.0,nM,IC50,7.70,Beta-lactamase,single protein format
CHEMBL355579,CC(C)(C)OC(=O)N1CCC2C1C(=O)N2OS(=O)(=O)[O-].[Na+],=,28.0,nM,IC50,7.55,Beta-lactamase,single protein format
CHEMBL355579,CC(C)(C)OC(=O)N1CCC2C1C(=O)N2OS(=O)(=O)[O-].[Na+],=,165.0,nM,IC50,6.78,Beta-lactamase,single protein format
CHEMBL607279,NC(=O)c1ccc(NC(=O)N2CC[C@@H]3[C@H]2C(=O)N3S(=O)(=O)O)cc1,=,53.0,nM,IC50,7.28,Beta-lactamase,single protein format
CHEMBL607279,NC(=O)c1ccc(NC(=O)N2CC[C@@H]3[C@H]2C(=O)N3S(=O)(=O)O)cc1,=,217.0,nM,IC50,6.66,Beta-lactamase,single protein format
CHEMBL607279,NC(=O)c1ccc(NC(=O)N2CC[C@@H]3[C@H]2C(=O)N3S(=O)(=O)O)cc1,=,9000000.0,nM,IC50,,Beta-lactamase,single protein format
CHEMBL9365,C/C=C1\O[C@@H]2CC(=O)N2[C@H]1C(=O)[O-].[Na+],=,800.0,nM,Kd,6.10,Beta-lactamase,single protein format
CHEMBL9204,O=C1C[C@H]2O/C(=C\CO)[C@H](CO)N12,=,0.002,s-1,Rate of recovery,,Beta-lactamase,single protein format
CHEMBL1160420,CC(=O)NCCCC[C@H](NC(C)=O)C(=O)NCC(=O)N[C@H](C)C(=O)O,,,,Km,,Beta-lactamase,single protein format
CHEMBL86750,CC(C)(C)[Si](C)(C)O[C@H]1C[C@@]12C(=O)N1[C@@H](C(=O)O)C(C)(C)S(=O)(=O)[C@@H]12,=,17000.0,nM,IC50,4.77,Beta-lactamase,single protein format
CHEMBL86750,CC(C)(C)[Si](C)(C)O[C@H]1C[C@@]12C(=O)N1[C@@H](C(=O)O)C(C)(C)S(=O)(=O)[C@@H]12,=,4100.0,nM,IC50,5.39,Beta-lactamase,single protein format
CHEMBL1160424,C[C@@H](OC(=O)CNC(=O)Cc1ccccc1)C(=O)O,=,8100000.0,nM,Km,,Beta-lactamase,single protein format
CHEMBL1160424,C[C@@H](OC(=O)CNC(=O)Cc1ccccc1)C(=O)O,=,27.3,s-1,k cat,,Beta-lactamase,single protein format
CHEMBL1160425,C[C@H](NC(=O)Cc1ccccc1)C(=O)O[C@H](C)C(=O)O,=,23400000.0,nM,Km,,Beta-lactamase,single protein format
CHEMBL1160425,C[C@H](NC(=O)Cc1ccccc1)C(=O)O[C@H](C)C(=O)O,=,29.0,s-1,k cat,,Beta-lactamase,single protein format
CHEMBL1160422,CC(=O)NCCCC[C@H](NC(C)=O)C(=O)NCC(=O)S[C@H](C)C(=O)O,=,6700000.0,nM,Km,,Beta-lactamase,single protein format
CHEMBL1160422,CC(=O)NCCCC[C@H](NC(C)=O)C(=O)NCC(=O)S[C@H](C)C(=O)O,=,5.1,s-1,k cat,,Beta-lactamase,single protein format
CHEMBL403,CC1(C)[C@H](C(=O)O)N2C(=O)C[C@H]2S1(=O)=O,=,1400.0,nM,IC50,5.85,Beta-lactamase,single protein format
CHEMBL403,CC1(C)[C@H](C(=O)O)N2C(=O)C[C@H]2S1(=O)=O,=,66000.0,nM,IC50,4.18,Beta-lactamase,single protein format
CHEMBL3039586,CC(C)(C)[Si](C)(C)O[C@H]1C[C@]12C(=O)N1[C@@H](C(=O)O)C(C)(C)S(=O)(=O)[C@@H]12.CCN1CCN(C(=O)N[C@@H](C(=O)N[C@@H]2C(=O)N3[C@@H](C(=O)O)C(C)(C)S[C@H]23)c2ccccc2)C(=O)C1=O,=,8.0,ug.mL-1,MIC,,Beta-lactamase,single protein format
CHEMBL3039586,CC(C)(C)[Si](C)(C)O[C@H]1C[C@]12C(=O)N1[C@@H](C(=O)O)C(C)(C)S(=O)(=O)[C@@H]12.CCN1CCN(C(=O)N[C@@H](C(=O)N[C@@H]2C(=O)N3[C@@H](C(=O)O)C(C)(C)S[C@H]23)c2ccccc2)C(=O)C1=O,=,8.0,ug.mL-1,MIC,,Beta-lactamase,single protein format
CHEMBL87719,CC1(C)[C@H](C(=O)O)N2C(=O)[C@]3(C[C@@H]3OC3CCCCC3)[C@H]2S1(=O)=O,=,510.0,nM,IC50,6.29,Beta-lactamase,single protein format
CHEMBL87719,CC1(C)[C@H](C(=O)O)N2C(=O)[C@]3(C[C@@H]3OC3CCCCC3)[C@H]2S1(=O)=O,=,30.0,nM,IC50,7.52,Beta-lactamase,single protein format
CHEMBL702,CCN1CCN(C(=O)N[C@@H](C(=O)N[C@@H]2C(=O)N3[C@@H](C(=O)O)C(C)(C)S[C@H]23)c2ccccc2)C(=O)C1=O,>,64.0,ug.mL-1,MIC,,Beta-lactamase,single protein format
CHEMBL702,CCN1CCN(C(=O)N[C@@H](C(=O)N[C@@H]2C(=O)N3[C@@H](C(=O)O)C(C)(C)S[C@H]23)c2ccccc2)C(=O)C1=O,=,32.0,ug.mL-1,MIC,,Beta-lactamase,single protein format
CHEMBL702,CCN1CCN(C(=O)N[C@@H](C(=O)N[C@@H]2C(=O)N3[C@@H](C(=O)O)C(C)(C)S[C@H]23)c2ccccc2)C(=O)C1=O,>,64.0,ug.mL-1,MIC,,Beta-lactamase,single protein format
CHEMBL314223,CC(C)(C)[Si](C)(C)O[C@H]1C[C@]12C(=O)N1[C@@H](C(=O)O)C(C)(C)S(=O)(=O)[C@@H]12,=,650.0,nM,IC50,6.19,Beta-lactamase,single protein format
CHEMBL314223,CC(C)(C)[Si](C)(C)O[C@H]1C[C@]12C(=O)N1[C@@H](C(=O)O)C(C)(C)S(=O)(=O)[C@@H]12,=,20.0,nM,IC50,7.70,Beta-lactamase,single protein format
CHEMBL83138,CC1(C)[C@H](C(=O)O)N2C(=O)[C@@]3(C[C@@H]3OC3CCCCC3)[C@H]2S1(=O)=O,=,1700.0,nM,IC50,5.77,Beta-lactamase,single protein format
CHEMBL83138,CC1(C)[C@H](C(=O)O)N2C(=O)[C@@]3(C[C@@H]3OC3CCCCC3)[C@H]2S1(=O)=O,=,3200.0,nM,IC50,5.50,Beta-lactamase,single protein format
CHEMBL326872,C[C@@H](O)[C@@H]1C(=O)N2[C@@H](C(=O)O)C(C)(C)S[C@H]12,=,3.7,s-1,k2,,Beta-lactamase,single protein format
CHEMBL404,C[C@]1(Cn2ccnn2)[C@H](C(=O)O)N2C(=O)C[C@H]2S1(=O)=O,=,100.0,nM,IC50,7.00,Beta-lactamase,single protein format
CHEMBL404,C[C@]1(Cn2ccnn2)[C@H](C(=O)O)N2C(=O)C[C@H]2S1(=O)=O,=,48000.0,nM,IC50,4.32,Beta-lactamase,single protein format
CHEMBL1160428,CC(=O)NCCCC[C@H](NC(C)=O)C(=O)NCC(=O)O[C@H](C)C(=O)O,=,36100000.0,nM,Km,,Beta-lactamase,single protein format
CHEMBL1160428,CC(=O)NCCCC[C@H](NC(C)=O)C(=O)NCC(=O)O[C@H](C)C(=O)O,=,17.8,s-1,k cat,,Beta-lactamase,single protein format
CHEMBL1160429,C[C@H](NC(=O)Cc1ccccc1)C(=O)N[C@H](C)C(=O)O,,,,Km,,Beta-lactamase,single protein format
CHEMBL85284,CC1(C)[C@H](C(=O)O)N2C(=O)[C@@]3(C[C@H]3OC3CCCCC3)[C@H]2S1(=O)=O,>,13000.0,nM,IC50,,Beta-lactamase,single protein format
CHEMBL85284,CC1(C)[C@H](C(=O)O)N2C(=O)[C@@]3(C[C@H]3OC3CCCCC3)[C@H]2S1(=O)=O,>,3200.0,nM,IC50,,Beta-lactamase,single protein format
CHEMBL87484,CC(C)(C)[Si](C)(C)O[C@@H]1C[C@@]12C(=O)N1[C@@H](C(=O)O)C(C)(C)S(=O)(=O)[C@@H]12,=,12000.0,nM,IC50,4.92,Beta-lactamase,single protein format
CHEMBL87484,CC(C)(C)[Si](C)(C)O[C@@H]1C[C@@]12C(=O)N1[C@@H](C(=O)O)C(C)(C)S(=O)(=O)[C@@H]12,=,400.0,nM,IC50,6.40,Beta-lactamase,single protein format
CHEMBL1160423,CC(=O)NCCCC[C@H](NC(C)=O)C(=O)N[C@@H](C)C(=O)O[C@H](C)C(=O)O,=,26900000.0,nM,Km,,Beta-lactamase,single protein format
CHEMBL1160423,CC(=O)NCCCC[C@H](NC(C)=O)C(=O)N[C@@H](C)C(=O)O[C@H](C)C(=O)O,=,63.0,s-1,k cat,,Beta-lactamase,single protein format
CHEMBL1160427,CC(=O)NCCCC[C@H](NC(C)=O)C(=O)N[C@@H](C)C(=O)N[C@H](C)C(=O)O,,,,Km,,Beta-lactamase,single protein format
CHEMBL1160421,C[C@@H](NC(=O)CNC(=O)Cc1ccccc1)C(=O)O,,,,Km,,Beta-lactamase,single protein format
CHEMBL1160426,C[C@@H](SC(=O)CNC(=O)Cc1ccccc1)C(=O)O,=,3300000.0,nM,Km,,Beta-lactamase,single protein format
CHEMBL1160426,C[C@@H](SC(=O)CNC(=O)Cc1ccccc1)C(=O)O,=,22.0,s-1,k cat,,Beta-lactamase,single protein format
CHEMBL3039585,CC1(C)[C@H](C(=O)O)N2C(=O)[C@]3(C[C@@H]3OC3CCCCC3)[C@H]2S1(=O)=O.CCN1CCN(C(=O)N[C@@H](C(=O)N[C@@H]2C(=O)N3[C@@H](C(=O)O)C(C)(C)S[C@H]23)c2ccccc2)C(=O)C1=O,=,32.0,ug.mL-1,MIC,,Beta-lactamase,single protein format
CHEMBL3039585,CC1(C)[C@H](C(=O)O)N2C(=O)[C@]3(C[C@@H]3OC3CCCCC3)[C@H]2S1(=O)=O.CCN1CCN(C(=O)N[C@@H](C(=O)N[C@@H]2C(=O)N3[C@@H](C(=O)O)C(C)(C)S[C@H]23)c2ccccc2)C(=O)C1=O,=,32.0,ug.mL-1,MIC,,Beta-lactamase,single protein format
CHEMBL302241,Cn1ccnc1SC[C@@]1(C)[C@H](C(=O)O)N2C(=O)C[C@H]2S1(=O)=O,=,0.25,ug.mL-1,IC50,,Beta-lactamase,single protein format
CHEMBL70997,C[C@H](O)[C@H]1C(=O)N2[C@@H](C(=O)O)/C(=C/CO)S[C@H]12,>,100.0,ug.mL-1,MIC,,Beta-lactamase,single protein format
CHEMBL70997,C[C@H](O)[C@H]1C(=O)N2[C@@H](C(=O)O)/C(=C/CO)S[C@H]12,>,100.0,ug.mL-1,MIC,,Beta-lactamase,single protein format
CHEMBL34277,CC(C)CCCCCCCCCCCCCc1cccc(O)c1C(=O)O,=,9000.0,ug.mL-1,IC50,,Beta-lactamase,single protein format
CHEMBL308516,C[C@@]1(CSc2nc3ccccc3s2)S[C@@H]2[C@H](Br)C(=O)N2[C@H]1C(=O)O,=,1.6,ug.mL-1,IC50,,Beta-lactamase,single protein format
CHEMBL30914,CCCCCCCCCCCCCCCCCc1cccc(O)c1C(=O)O,=,1000.0,ug.mL-1,IC50,,Beta-lactamase,single protein format
CHEMBL403,CC1(C)[C@H](C(=O)O)N2C(=O)C[C@H]2S1(=O)=O,=,0.8,ug.mL-1,IC50,,Beta-lactamase,single protein format
CHEMBL455368,C=CC/C=C\C/C=C\CCCCCCCc1cccc(O)c1C(=O)O,=,1400.0,ug.mL-1,IC50,,Beta-lactamase,single protein format
CHEMBL72046,C[C@]1(CSC2=NCCS2)[C@H](C(=O)O)N2C(=O)C[C@H]2S1(=O)=O,=,0.063,ug.mL-1,IC50,,Beta-lactamase,single protein format
CHEMBL423309,Cn1cnnc1SC[C@@]1(C)[C@H](C(=O)O)N2C(=O)C[C@H]2S1(=O)=O,=,0.16,ug.mL-1,IC50,,Beta-lactamase,single protein format
CHEMBL33379,CCCCCCCCc1cccc(O)c1C(=O)O,=,150000.0,ug.mL-1,IC50,,Beta-lactamase,single protein format
CHEMBL33202,CCCCCCCCCCc1cccc(O)c1,=,4500.0,ug.mL-1,IC50,,Beta-lactamase,single protein format
CHEMBL174,CC1(C)S[C@@H]2[C@H](NC(=O)[C@H](N)c3ccccc3)C(=O)N2[C@H]1C(=O)O,>,100.0,ug.mL-1,MIC,,Beta-lactamase,single protein format
CHEMBL310221,C[C@@]1(CSC2=NCCS2)S[C@@H]2[C@H](Br)C(=O)N2[C@H]1C(=O)O,=,13.0,ug.mL-1,IC50,,Beta-lactamase,single protein format
CHEMBL73622,CC1(C)S[C@@H]2[C@H](Br)C(=O)N2[C@H]1C(=O)O,=,0.5,ug.mL-1,IC50,,Beta-lactamase,single protein format
CHEMBL416038,CCCCCCCCCCc1cccc(O)c1C(=O)O,=,150000.0,ug.mL-1,IC50,,Beta-lactamase,single protein format
CHEMBL302512,Cn1nnnc1SC[C@@]1(C)[C@H](C(=O)O)N2C(=O)C[C@H]2S1(=O)=O,=,0.13,ug.mL-1,IC50,,Beta-lactamase,single protein format
CHEMBL33019,CCCCCCCCCCc1cccc(O)c1O,=,21000.0,ug.mL-1,IC50,,Beta-lactamase,single protein format
CHEMBL30870,CCCCCCCCCCc1cccc(OC)c1C(=O)O,=,180000.0,ug.mL-1,IC50,,Beta-lactamase,single protein format
CHEMBL8087,CCCCCCCCCCCCCCCc1cccc(O)c1O,=,29000.0,ug.mL-1,IC50,,Beta-lactamase,single protein format
CHEMBL309009,C[C@]1(CSc2nc3ccccc3o2)[C@H](C(=O)O)N2C(=O)C[C@H]2S1(=O)=O,=,0.32,ug.mL-1,IC50,,Beta-lactamase,single protein format
CHEMBL415266,Cn1nnnc1SC[C@]1(C)S[C@@H]2[C@H](Br)C(=O)N2[C@H]1C(=O)O,=,79.0,ug.mL-1,IC50,,Beta-lactamase,single protein format
CHEMBL30915,CCCCCCCCCCCCCCCc1cccc(OC)c1C(=O)O,=,2500.0,ug.mL-1,IC50,,Beta-lactamase,single protein format
CHEMBL284924,CCCCCCCCCCc1ccccc1C(=O)O,=,370000.0,ug.mL-1,IC50,,Beta-lactamase,single protein format
CHEMBL33995,CC/C=C\C/C=C\C/C=C\CCCCCCCc1cccc(O)c1C(=O)O,=,17000.0,ug.mL-1,IC50,,Beta-lactamase,single protein format
CHEMBL34634,CCC(C)CCCCCCCCCCCCc1cccc(O)c1C(=O)O,=,31000.0,ug.mL-1,IC50,,Beta-lactamase,single protein format
CHEMBL34689,CCCCCCCCCCCCCCCc1cccc(O)c1,=,7200.0,ug.mL-1,IC50,,Beta-lactamase,single protein format
CHEMBL305908,C[C@@]1(CSc2nc[nH]n2)S[C@@H]2[C@H](Br)C(=O)N2[C@H]1C(=O)O,=,16.0,ug.mL-1,IC50,,Beta-lactamase,single protein format
CHEMBL777,O=C(O)[C@H]1/C(=C/CO)O[C@@H]2CC(=O)N21,=,6.3,ug.mL-1,IC50,,Beta-lactamase,single protein format
CHEMBL72972,C[C@]1(CSc2nc3ccccc3[nH]2)[C@H](C(=O)O)N2C(=O)C[C@H]2S1(=O)=O,=,1.0,ug.mL-1,IC50,,Beta-lactamase,single protein format
CHEMBL70269,C[C@@]1(CSc2nc3ccccc3o2)S[C@@H]2[C@H](Br)C(=O)N2[C@H]1C(=O)O,=,7.9,ug.mL-1,IC50,,Beta-lactamase,single protein format
CHEMBL404,C[C@]1(Cn2ccnn2)[C@H](C(=O)O)N2C(=O)C[C@H]2S1(=O)=O,=,0.1,ug.mL-1,IC50,,Beta-lactamase,single protein format
CHEMBL73450,Cn1ccnc1SC[C@]1(C)S[C@@H]2[C@H](Br)C(=O)N2[C@H]1C(=O)O,=,10.0,ug.mL-1,IC50,,Beta-lactamase,single protein format
CHEMBL777,O=C(O)[C@H]1/C(=C/CO)O[C@@H]2CC(=O)N21,=,160000.0,ug.mL-1,IC50,,Beta-lactamase,single protein format
CHEMBL1239,O=C(OCc1ccccc1)c1ccccc1,>,50.0,,IC50,,Beta-lactamase,single protein format
CHEMBL686,Cc1cccc(Nc2ccccc2C(=O)O)c1C,>,50.0,,IC50,,Beta-lactamase,single protein format
CHEMBL686,Cc1cccc(Nc2ccccc2C(=O)O)c1C,=,3.0,,IC50,,Beta-lactamase,single protein format
CHEMBL1484,COC(=O)C1=C(C)NC(C)=C(C(=O)OCCN(C)Cc2ccccc2)C1c1cccc([N+](=O)[O-])c1,>,50.0,,IC50,,Beta-lactamase,single protein format
CHEMBL1484,COC(=O)C1=C(C)NC(C)=C(C(=O)OCCN(C)Cc2ccccc2)C1c1cccc([N+](=O)[O-])c1,>,50.0,,IC50,,Beta-lactamase,single protein format
CHEMBL472,COc1ccc(Cl)cc1C(=O)NCCc1ccc(S(=O)(=O)NC(=O)NC2CCCCC2)cc1,>,50.0,,IC50,,Beta-lactamase,single protein format
CHEMBL472,COc1ccc(Cl)cc1C(=O)NCCc1ccc(S(=O)(=O)NC(=O)NC2CCCCC2)cc1,=,49.0,,IC50,,Beta-lactamase,single protein format
CHEMBL109658,COc1cccc2c1C(=O)C1=C(C2=O)C(O)C2C[C@@](O)(C(=O)CO)C[C@H](OC3CC(NC(=O)OCC4=C(C(=O)[O-])N5C(=O)[C@@H](NC(=O)Cc6ccccc6)[C@H]5SC4)C(O)C(C)O3)C2C1O.[Na+],=,0.06,uM min-1 (ug of protein)-1,Specific activity,,Beta-lactamase,single protein format
CHEMBL109658,COc1cccc2c1C(=O)C1=C(C2=O)C(O)C2C[C@@](O)(C(=O)CO)C[C@H](OC3CC(NC(=O)OCC4=C(C(=O)[O-])N5C(=O)[C@@H](NC(=O)Cc6ccccc6)[C@H]5SC4)C(O)C(C)O3)C2C1O.[Na+],=,200000.0,nM,Km,,Beta-lactamase,single protein format
CHEMBL109658,COc1cccc2c1C(=O)C1=C(C2=O)C(O)C2C[C@@](O)(C(=O)CO)C[C@H](OC3CC(NC(=O)OCC4=C(C(=O)[O-])N5C(=O)[C@@H](NC(=O)Cc6ccccc6)[C@H]5SC4)C(O)C(C)O3)C2C1O.[Na+],=,0.164,uM min-1 (ug of protein)-1,Vmax,,Beta-lactamase,single protein format
CHEMBL109658,COc1cccc2c1C(=O)C1=C(C2=O)C(O)C2C[C@@](O)(C(=O)CO)C[C@H](OC3CC(NC(=O)OCC4=C(C(=O)[O-])N5C(=O)[C@@H](NC(=O)Cc6ccccc6)[C@H]5SC4)C(O)C(C)O3)C2C1O.[Na+],=,0.82,uM min-1 (ug of protein)-1,Vmax / Km,,Beta-lactamase,single protein format
CHEMBL316157,O=C(Cc1cccs1)N[C@@H]1C(=O)N2C(C(=O)[O-])=C(C[n+]3ccccc3)CS[C@H]12,=,31.7,ug ml-1,Km,,Beta-lactamase,assay format
CHEMBL316157,O=C(Cc1cccs1)N[C@@H]1C(=O)N2C(C(=O)[O-])=C(C[n+]3ccccc3)CS[C@H]12,=,1.0,,Vmax,,Beta-lactamase,assay format
CHEMBL316157,O=C(Cc1cccs1)N[C@@H]1C(=O)N2C(C(=O)[O-])=C(C[n+]3ccccc3)CS[C@H]12,=,1.0,,Vmax / Km,,Beta-lactamase,assay format
CHEMBL47523,O=C([O-])CNCP(=O)([O-])CNC(=O)OCc1ccccc1.[Li+].[Li+],>,100.0,uM,ID50,,Beta-lactamase,single protein format
CHEMBL1082,CC1(C)S[C@@H]2[C@H](NC(=O)[C@H](N)c3ccc(O)cc3)C(=O)N2[C@H]1C(=O)O,=,256.0,ug.mL-1,MIC,,Beta-lactamase,assay format
CHEMBL777,O=C(O)[C@H]1/C(=C/CO)O[C@@H]2CC(=O)N21,=,310.0,uM,ID50,,Beta-lactamase,single protein format
CHEMBL777,O=C(O)[C@H]1/C(=C/CO)O[C@@H]2CC(=O)N21,=,32.0,ug.mL-1,MIC,,Beta-lactamase,assay format
CHEMBL44999,O=C(NCP(=O)([O-])N[C@H](Cc1ccccc1)C(=O)[O-])OCc1ccccc1.[Li+].[Li+],=,3.8,uM,ID50,,Beta-lactamase,single protein format
CHEMBL69141,C[C@@H](O)[C@H]1C(=O)N2C(C(=O)[O-])=C(C(C)(C)C)S[C@H]12.[K+],=,300.0,nM,IC50,6.52,Beta-lactamase,single protein format
CHEMBL777,O=C(O)[C@H]1/C(=C/CO)O[C@@H]2CC(=O)N21,=,100000.0,nM,IC50,4.00,Beta-lactamase,single protein format
CHEMBL44570,COP(=O)(CNC(=O)OCc1ccccc1)N1CCC[C@@H]1C(=O)[O-].[Li+],=,67.0,uM,ID50,,Beta-lactamase,single protein format
CHEMBL46868,CC1(C)S[C@@H]2[C@H](NC(=O)C(N)c3ccc(O)cc3)C(=O)N2[C@H]1C(=O)O.O=C(NCP(=O)([O-])N[C@H](Cc1ccccc1)C(=O)[O-])OCc1ccccc1.[Li+].[Li+],=,128.0,ug.mL-1,MIC,,Beta-lactamase,assay format
CHEMBL419441,C[C@@H](O)[C@H]1C(=O)N2C(C(=O)[O-])=C(C(C)(C)C)[S+]([O-])[C@H]12.[K+],=,300.0,nM,IC50,6.52,Beta-lactamase,single protein format
CHEMBL295576,O=C(NCP(=O)([O-])N[C@@H](Cc1ccccc1)C(=O)[O-])OCc1ccccc1.[Li+].[Li+],=,0.75,uM,ID50,,Beta-lactamase,single protein format
CHEMBL45440,O=C([O-])CC(NP(=O)([O-])CNC(=O)OCc1ccccc1)c1ccccc1.[Li+].[Li+],=,0.87,uM,ID50,,Beta-lactamase,single protein format
CHEMBL47128,CC1(C)S[C@@H]2[C@H](NC(=O)C(N)c3ccc(O)cc3)C(=O)N2[C@H]1C(=O)O.O=C([O-])CC(NP(=O)([O-])CNC(=O)OCc1ccccc1)c1ccccc1.[Li+].[Li+],=,16.0,ug.mL-1,MIC,,Beta-lactamase,assay format
CHEMBL45291,COP(=O)(CNC(=O)OCc1ccccc1)N1CCC[C@H]1C(=O)[O-].[Li+],=,54.0,uM,ID50,,Beta-lactamase,single protein format
CHEMBL67925,C[C@@H](O)[C@H]1C(=O)N2C(C(=O)[O-])=C(C(C)(C)C)S(=O)(=O)[C@H]12.[K+],=,4.0,nM,IC50,8.40,Beta-lactamase,single protein format
CHEMBL44675,CC1(C)S[C@@H]2[C@H](NC(=O)C(N)c3ccc(O)cc3)C(=O)N2[C@H]1C(=O)O.O=C([O-])CNP(=O)([O-])CNC(=O)OCc1ccccc1.[Li+].[Li+],=,32.0,ug.mL-1,MIC,,Beta-lactamase,assay format
CHEMBL46960,CC1(C)S[C@@H]2[C@H](NC(=O)C(N)c3ccc(O)cc3)C(=O)N2[C@H]1C(=O)O.O=C(NCP(=O)([O-])N[C@@H](Cc1ccccc1)C(=O)[O-])OCc1ccccc1.[Li+].[Li+],=,128.0,ug.mL-1,MIC,,Beta-lactamase,assay format
CHEMBL47131,O=C([O-])CNP(=O)([O-])CNC(=O)OCc1ccccc1.[Li+].[Li+],=,2.29,ug ml-1,ID50,,Beta-lactamase,single protein format
CHEMBL403,CC1(C)[C@H](C(=O)O)N2C(=O)C[C@H]2S1(=O)=O,=,1000.0,nM,IC50,6.00,Beta-lactamase,single protein format
CHEMBL297118,COP(=O)(CNC(=O)OCc1ccccc1)N1CSC(C)(C)[C@@H]1C(=O)[O-].[Li+],>,100.0,uM,ID50,,Beta-lactamase,single protein format
CHEMBL416451,CC1(C)S[C@@H]2[C@H](NC(=O)C(N)c3ccc(O)cc3)C(=O)N2[C@H]1C(=O)O.O=C(NCP(=O)([O-])NC(C(=O)[O-])c1ccccc1)OCc1ccccc1.[Li+].[Li+],=,32.0,ug.mL-1,MIC,,Beta-lactamase,assay format
CHEMBL44005,O=C(NCP(=O)([O-])N[C@@H](C(=O)[O-])c1ccccc1)OCc1ccccc1.[Li+].[Li+],=,4.16,uM,ID50,,Beta-lactamase,single protein format
CHEMBL47552,O=C([O-])CCNP(=O)([O-])CNC(=O)OCc1ccccc1.[Li+].[Li+],=,0.87,uM,ID50,,Beta-lactamase,single protein format
CHEMBL295075,CC1(C)S[C@@H]2[C@H](NC(=O)C(N)c3ccc(O)cc3)C(=O)N2[C@H]1C(=O)O.O=C([O-])CCNP(=O)([O-])CNC(=O)OCc1ccccc1.[Li+].[Li+],=,44.0,ug.mL-1,MIC,,Beta-lactamase,assay format
CHEMBL2097107,CC1(C)S[C@@H]2[C@H](NC(=O)[C@H](N)c3ccc(O)cc3)C(=O)N2[C@H]1C(=O)O.O=C(O)[C@H]1/C(=C/CO)O[C@@H]2CC(=O)N21,=,256.0,ug.mL-1,MIC,,Beta-lactamase,assay format
CHEMBL68939,O=C1NC(=S)S/C1=C\C=C\c1ccco1,=,62000.0,nM,IC50,4.21,Beta-lactamase,single protein format
CHEMBL68042,O=C1NC(=S)S/C1=C\C=C\c1ccccc1,=,76000.0,nM,IC50,4.12,Beta-lactamase,single protein format
CHEMBL69612,O=C1NC(=S)S/C1=C\C=C\c1ccc([N+](=O)[O-])o1,=,450.0,nM,IC50,6.35,Beta-lactamase,single protein format
CHEMBL303602,O=C1/C(=C/c2ccccc2)SC(=S)N1CNc1nncs1,=,246000.0,nM,IC50,,Beta-lactamase,single protein format
CHEMBL68217,O=C1NC(=S)S/C1=C\C=C\c1ccc([N+](=O)[O-])cc1,=,4200.0,nM,IC50,5.38,Beta-lactamase,single protein format
CHEMBL307557,CCN1C(=O)/C(=C/c2ccccc2)SC1=S,=,240000.0,nM,IC50,,Beta-lactamase,single protein format
CHEMBL66070,O=C(O)CN1C(=O)/C(=C/c2ccccc2)SC1=S,>,700000.0,nM,IC50,,Beta-lactamase,single protein format
CHEMBL302252,O=C1NC(=S)S/C1=C\c1cn(-c2ccccc2)nn1,=,83000.0,nM,IC50,4.08,Beta-lactamase,single protein format
CHEMBL306881,O=C1NC(=O)/C(=C/C=C/c2ccc([N+](=O)[O-])o2)S1,>,50000.0,nM,IC50,,Beta-lactamase,single protein format
CHEMBL431550,O=C1NC(=S)S/C1=C\c1ccccc1O,=,335000.0,nM,IC50,,Beta-lactamase,single protein format
CHEMBL404,C[C@]1(Cn2ccnn2)[C@H](C(=O)O)N2C(=O)C[C@H]2S1(=O)=O,=,7700.0,nM,IC50,5.11,Beta-lactamase,single protein format
CHEMBL304529,O=C1NC(=S)S/C1=C\c1ccccc1C(=O)O,>,700000.0,nM,IC50,,Beta-lactamase,single protein format
CHEMBL69368,O=C1NC(=S)S/C1=C\CCc1ccccc1,=,9700.0,nM,IC50,5.01,Beta-lactamase,single protein format
CHEMBL67876,O=C1/C(=C/c2ccccc2)SC(=S)N1CNc1nn[nH]n1,=,435000.0,nM,IC50,,Beta-lactamase,single protein format
CHEMBL66064,O=C1NC(=S)S/C1=C\c1ccc([N+](=O)[O-])cc1,=,43000.0,nM,IC50,4.37,Beta-lactamase,single protein format
CHEMBL308010,CC(=O)Nc1ccccc1/C=C1\SC(=S)NC1=O,>,700000.0,nM,IC50,,Beta-lactamase,single protein format
CHEMBL305763,O=C1NC(=S)S/C1=C\c1ccccc1,=,455000.0,nM,IC50,,Beta-lactamase,single protein format
CHEMBL68578,N#Cc1ccc(/C=C2\SC(=S)NC2=O)cc1,=,500000.0,nM,IC50,,Beta-lactamase,single protein format
CHEMBL69428,O=C1NC(=S)S/C1=C\c1cn(-c2ccccc2)cn1,>,700000.0,nM,IC50,,Beta-lactamase,single protein format
CHEMBL303038,O=C1NC(=S)S/C1=C\c1ccccc1[N+](=O)[O-],=,290000.0,nM,IC50,,Beta-lactamase,single protein format
CHEMBL69676,CN(C)c1ccc(/C=C/C=C2\SC(=S)NC2=O)cc1,=,8000.0,nM,IC50,5.10,Beta-lactamase,single protein format
CHEMBL305404,O=C1NC(=S)S/C1=C1/C(=O)Nc2ccccc21,=,2600.0,nM,IC50,5.58,Beta-lactamase,single protein format
CHEMBL429694,Nc1c(/N=N/c2ccc(-c3ccc(/N=N/c4cc(S(=O)(=O)[O-])c5ccccc5c4N)cc3)cc2)cc(S(=O)(=O)[O-])c2ccccc12.[Na+].[Na+],=,3.9,uM,Concentration,,Beta-lactamase,single protein format
CHEMBL27621,COC1=C(C(=O)[O-])N2C(=O)[C@H]([C@@H](C)O)[C@H]2C1.[K+],=,510.0,nM,IC50,6.29,Beta-lactamase,single protein format
CHEMBL287670,COC1=C(C(=O)[O-])N2C(=O)[C@H]([C@@H](C)O)C2[C@@H]1C.[K+],=,82.0,nM,IC50,7.09,Beta-lactamase,single protein format
CHEMBL283629,COC1=C(C(=O)[O-])N2C(=O)[C@H]([C@@H](C)O)C2[C@H]1C.[K+],=,2100.0,nM,IC50,5.68,Beta-lactamase,single protein format
CHEMBL311842,Cc1nnc(SC2=C(C(=O)OC(c3ccccc3)c3ccccc3)N3C(=O)C[C@H]3S2)s1,=,6.0,%,Inhibition,,Beta-lactamase,single protein format
CHEMBL311842,Cc1nnc(SC2=C(C(=O)OC(c3ccccc3)c3ccccc3)N3C(=O)C[C@H]3S2)s1,=,12.0,%,Inhibition,,Beta-lactamase,single protein format
CHEMBL311842,Cc1nnc(SC2=C(C(=O)OC(c3ccccc3)c3ccccc3)N3C(=O)C[C@H]3S2)s1,=,14.0,%,Inhibition,,Beta-lactamase,single protein format
CHEMBL311842,Cc1nnc(SC2=C(C(=O)OC(c3ccccc3)c3ccccc3)N3C(=O)C[C@H]3S2)s1,=,8.0,%,Inhibition,,Beta-lactamase,single protein format
CHEMBL94204,CO[C@@]12[C@H](COC(N)=O)C3=C(C(=O)C(C)=C(NCC4=C(C(=O)O)N5C(=O)[C@@H](NC(=O)CCCC(=O)O)[C@H]5SC4)C3=O)N1C[C@@H]1N[C@@H]12,=,119000.0,nM,Km,,Beta-lactamase,single protein format
CHEMBL94204,CO[C@@]12[C@H](COC(N)=O)C3=C(C(=O)C(C)=C(NCC4=C(C(=O)O)N5C(=O)[C@@H](NC(=O)CCCC(=O)O)[C@H]5SC4)C3=O)N1C[C@@H]1N[C@@H]12,=,248.0,s-1,k cat,,Beta-lactamase,single protein format
CHEMBL72456,Cn1nnnc1SC1=C(C(=O)OC(c2ccccc2)c2ccccc2)N2C(=O)C[C@H]2S1,=,28.0,%,Inhibition,,Beta-lactamase,single protein format
CHEMBL72456,Cn1nnnc1SC1=C(C(=O)OC(c2ccccc2)c2ccccc2)N2C(=O)C[C@H]2S1,=,2.0,%,Inhibition,,Beta-lactamase,single protein format
CHEMBL72456,Cn1nnnc1SC1=C(C(=O)OC(c2ccccc2)c2ccccc2)N2C(=O)C[C@H]2S1,=,19.0,%,Inhibition,,Beta-lactamase,single protein format
CHEMBL72456,Cn1nnnc1SC1=C(C(=O)OC(c2ccccc2)c2ccccc2)N2C(=O)C[C@H]2S1,=,45.0,%,Inhibition,,Beta-lactamase,single protein format
CHEMBL72456,Cn1nnnc1SC1=C(C(=O)OC(c2ccccc2)c2ccccc2)N2C(=O)C[C@H]2S1,=,10.0,%,Inhibition,,Beta-lactamase,single protein format
CHEMBL282534,COc1cccc2c1C(=O)c1c(O)c3c(c(O)c1C2=O)C[C@@](O)(C(=O)CO)C[C@@H]3OC1CC(NC(=O)OCC2=C(C(=O)O)N3C(=O)[C@@H](NC(=O)CCCC(=O)O)[C@H]3SC2)C(O)C(C)O1,=,83000.0,nM,Km,,Beta-lactamase,single protein format
CHEMBL282534,COc1cccc2c1C(=O)c1c(O)c3c(c(O)c1C2=O)C[C@@](O)(C(=O)CO)C[C@@H]3OC1CC(NC(=O)OCC2=C(C(=O)O)N3C(=O)[C@@H](NC(=O)CCCC(=O)O)[C@H]3SC2)C(O)C(C)O1,=,210.0,s-1,k cat,,Beta-lactamase,single protein format
CHEMBL282621,COc1cccc2c1C(=O)c1c(O)c3c(c(O)c1C2=O)C[C@@](O)(C(=O)CO)C[C@@H]3OC1CC(NC(=O)OCC2=C(C(=O)O)N3C(=O)[C@@H](NC(=O)Cc4ccccc4)[C@H]3SC2)C(O)C(C)O1,=,46000.0,nM,Km,,Beta-lactamase,single protein format
CHEMBL282621,COc1cccc2c1C(=O)c1c(O)c3c(c(O)c1C2=O)C[C@@](O)(C(=O)CO)C[C@@H]3OC1CC(NC(=O)OCC2=C(C(=O)O)N3C(=O)[C@@H](NC(=O)Cc4ccccc4)[C@H]3SC2)C(O)C(C)O1,=,280.0,s-1,k cat,,Beta-lactamase,single protein format
CHEMBL140766,CC(C)C1CN(C(=O)c2ccccc2)S1(=O)=O,=,0.07,M-1 s-1,Ki,,Beta-lactamase,single protein format
CHEMBL433366,O=C(O)CCCC(=O)N[C@@H]1C(=O)N2C(C(=O)O)=C(COC(=O)Nc3ccc(N(CCCl)CCCl)cc3)CS[C@H]12,=,43200.0,nM,Km,,Beta-lactamase,single protein format
CHEMBL433366,O=C(O)CCCC(=O)N[C@@H]1C(=O)N2C(C(=O)O)=C(COC(=O)Nc3ccc(N(CCCl)CCCl)cc3)CS[C@H]12,=,337.0,s-1,k cat,,Beta-lactamase,single protein format
CHEMBL341708,O=C(c1ccccc1)N1CCS1(=O)=O,=,163.0,M-1 s-1,Ki,,Beta-lactamase,single protein format
CHEMBL282534,COc1cccc2c1C(=O)c1c(O)c3c(c(O)c1C2=O)C[C@@](O)(C(=O)CO)C[C@@H]3OC1CC(NC(=O)OCC2=C(C(=O)O)N3C(=O)[C@@H](NC(=O)CCCC(=O)O)[C@H]3SC2)C(O)C(C)O1,=,83000.0,nM,Km,,Beta-lactamase,single protein format
CHEMBL282534,COc1cccc2c1C(=O)c1c(O)c3c(c(O)c1C2=O)C[C@@](O)(C(=O)CO)C[C@@H]3OC1CC(NC(=O)OCC2=C(C(=O)O)N3C(=O)[C@@H](NC(=O)CCCC(=O)O)[C@H]3SC2)C(O)C(C)O1,=,210.0,s-1,k cat,,Beta-lactamase,single protein format
CHEMBL282621,COc1cccc2c1C(=O)c1c(O)c3c(c(O)c1C2=O)C[C@@](O)(C(=O)CO)C[C@@H]3OC1CC(NC(=O)OCC2=C(C(=O)O)N3C(=O)[C@@H](NC(=O)Cc4ccccc4)[C@H]3SC2)C(O)C(C)O1,=,46000.0,nM,Km,,Beta-lactamase,single protein format
CHEMBL282621,COc1cccc2c1C(=O)c1c(O)c3c(c(O)c1C2=O)C[C@@](O)(C(=O)CO)C[C@@H]3OC1CC(NC(=O)OCC2=C(C(=O)O)N3C(=O)[C@@H](NC(=O)Cc4ccccc4)[C@H]3SC2)C(O)C(C)O1,=,280.0,s-1,k cat,,Beta-lactamase,single protein format
CHEMBL96540,O=C(Cc1ccccc1)N[C@@H]1C(=O)N2C(C(=O)O)=C(COC(=O)Nc3ccc(N(CCCl)CCCl)cc3)CS[C@H]12,=,7000.0,nM,Km,,Beta-lactamase,single protein format
CHEMBL96540,O=C(Cc1ccccc1)N[C@@H]1C(=O)N2C(C(=O)O)=C(COC(=O)Nc3ccc(N(CCCl)CCCl)cc3)CS[C@H]12,=,119.0,s-1,k cat,,Beta-lactamase,single protein format
CHEMBL91911,CO[C@@]12[C@H](COC(N)=O)C3=C(C(=O)C(C)=C(NCC4=C(C(=O)O)N5C(=O)[C@@H](NC(=O)Cc6ccccc6)[C@H]5SC4)C3=O)N1C[C@@H]1N[C@@H]12,=,48900.0,nM,Km,,Beta-lactamase,single protein format
CHEMBL91911,CO[C@@]12[C@H](COC(N)=O)C3=C(C(=O)C(C)=C(NCC4=C(C(=O)O)N5C(=O)[C@@H](NC(=O)Cc6ccccc6)[C@H]5SC4)C3=O)N1C[C@@H]1N[C@@H]12,=,476.0,s-1,k cat,,Beta-lactamase,single protein format
CHEMBL6461,C[C@]1(/C=C/C#N)[C@H](C(=O)[O-])N2C(=O)C[C@H]2S1(=O)=O.[Na+],=,1500.0,nM,IC50,5.82,Beta-lactamase,assay format
CHEMBL6461,C[C@]1(/C=C/C#N)[C@H](C(=O)[O-])N2C(=O)C[C@H]2S1(=O)=O.[Na+],=,210.0,nM,IC50,6.68,Beta-lactamase,assay format
CHEMBL6461,C[C@]1(/C=C/C#N)[C@H](C(=O)[O-])N2C(=O)C[C@H]2S1(=O)=O.[Na+],=,380.0,nM,IC50,6.42,Beta-lactamase,assay format
CHEMBL6461,C[C@]1(/C=C/C#N)[C@H](C(=O)[O-])N2C(=O)C[C@H]2S1(=O)=O.[Na+],=,410.0,nM,IC50,6.39,Beta-lactamase,single protein format
CHEMBL6461,C[C@]1(/C=C/C#N)[C@H](C(=O)[O-])N2C(=O)C[C@H]2S1(=O)=O.[Na+],=,3400.0,nM,IC50,5.47,Beta-lactamase,single protein format
CHEMBL6461,C[C@]1(/C=C/C#N)[C@H](C(=O)[O-])N2C(=O)C[C@H]2S1(=O)=O.[Na+],=,1510.0,nM,IC50,5.82,Beta-lactamase,single protein format
CHEMBL124960,CC(=O)/C=C\[C@@]1(C)[C@H](C(=O)O)N2C(=O)C[C@H]2S1(=O)=O,=,3000.0,nM,IC50,5.52,Beta-lactamase,assay format
CHEMBL124960,CC(=O)/C=C\[C@@]1(C)[C@H](C(=O)O)N2C(=O)C[C@H]2S1(=O)=O,=,150.0,nM,IC50,6.82,Beta-lactamase,assay format
CHEMBL124960,CC(=O)/C=C\[C@@]1(C)[C@H](C(=O)O)N2C(=O)C[C@H]2S1(=O)=O,=,1100.0,nM,IC50,5.96,Beta-lactamase,assay format
CHEMBL433378,CC(=O)N/C=C\SC1=C(C(=O)[O-])N2C(=O)[C@@H](C(C)OS(=O)(=O)[O-])[C@H]2C1.[Na+].[Na+],=,0.78,ug.mL-1,MIC,,Beta-lactamase,single protein format
CHEMBL433378,CC(=O)N/C=C\SC1=C(C(=O)[O-])N2C(=O)[C@@H](C(C)OS(=O)(=O)[O-])[C@H]2C1.[Na+].[Na+],=,25.0,ug.mL-1,MIC,,Beta-lactamase,single protein format
CHEMBL433378,CC(=O)N/C=C\SC1=C(C(=O)[O-])N2C(=O)[C@@H](C(C)OS(=O)(=O)[O-])[C@H]2C1.[Na+].[Na+],=,12.5,ug.mL-1,MIC,,Beta-lactamase,single protein format
CHEMBL433378,CC(=O)N/C=C\SC1=C(C(=O)[O-])N2C(=O)[C@@H](C(C)OS(=O)(=O)[O-])[C@H]2C1.[Na+].[Na+],=,1.56,ug.mL-1,MIC,,Beta-lactamase,single protein format
CHEMBL404,C[C@]1(Cn2ccnn2)[C@H](C(=O)O)N2C(=O)C[C@H]2S1(=O)=O,=,1900.0,nM,IC50,5.72,Beta-lactamase,single protein format
CHEMBL404,C[C@]1(Cn2ccnn2)[C@H](C(=O)O)N2C(=O)C[C@H]2S1(=O)=O,=,85000.0,nM,IC50,4.07,Beta-lactamase,single protein format
CHEMBL404,C[C@]1(Cn2ccnn2)[C@H](C(=O)O)N2C(=O)C[C@H]2S1(=O)=O,=,420.0,nM,IC50,6.38,Beta-lactamase,single protein format
CHEMBL404,C[C@]1(Cn2ccnn2)[C@H](C(=O)O)N2C(=O)C[C@H]2S1(=O)=O,=,560.0,nM,IC50,6.25,Beta-lactamase,single protein format
CHEMBL404,C[C@]1(Cn2ccnn2)[C@H](C(=O)O)N2C(=O)C[C@H]2S1(=O)=O,=,150.0,nM,IC50,6.82,Beta-lactamase,single protein format
CHEMBL404,C[C@]1(Cn2ccnn2)[C@H](C(=O)O)N2C(=O)C[C@H]2S1(=O)=O,=,930.0,nM,IC50,6.03,Beta-lactamase,single protein format
CHEMBL404,C[C@]1(Cn2ccnn2)[C@H](C(=O)O)N2C(=O)C[C@H]2S1(=O)=O,=,560.0,nM,IC50,6.25,Beta-lactamase,single protein format
CHEMBL404,C[C@]1(Cn2ccnn2)[C@H](C(=O)O)N2C(=O)C[C@H]2S1(=O)=O,=,240.0,nM,IC50,6.62,Beta-lactamase,single protein format
CHEMBL404,C[C@]1(Cn2ccnn2)[C@H](C(=O)O)N2C(=O)C[C@H]2S1(=O)=O,=,830.0,nM,IC50,6.08,Beta-lactamase,assay format
CHEMBL124227,C[C@]1(C=CCO)[C@H](C(=O)[O-])N2C(=O)C[C@H]2S1(=O)=O.[Na+],=,48000.0,nM,IC50,4.32,Beta-lactamase,assay format
CHEMBL124227,C[C@]1(C=CCO)[C@H](C(=O)[O-])N2C(=O)C[C@H]2S1(=O)=O.[Na+],=,6900.0,nM,IC50,5.16,Beta-lactamase,assay format
CHEMBL124227,C[C@]1(C=CCO)[C@H](C(=O)[O-])N2C(=O)C[C@H]2S1(=O)=O.[Na+],=,7600.0,nM,IC50,5.12,Beta-lactamase,assay format
CHEMBL123029,C[C@]1(/C=C/COC(N)=O)[C@H](C(=O)O)N2C(=O)C[C@H]2S1(=O)=O,=,10000.0,nM,IC50,5.00,Beta-lactamase,assay format
CHEMBL123029,C[C@]1(/C=C/COC(N)=O)[C@H](C(=O)O)N2C(=O)C[C@H]2S1(=O)=O,=,480.0,nM,IC50,6.32,Beta-lactamase,assay format
CHEMBL123029,C[C@]1(/C=C/COC(N)=O)[C@H](C(=O)O)N2C(=O)C[C@H]2S1(=O)=O,=,1200.0,nM,IC50,5.92,Beta-lactamase,assay format
CHEMBL333581,C[C@]1(/C=C\Cl)[C@H](C(=O)[O-])N2C(=O)C[C@H]2S1(=O)=O.[Na+],=,1700.0,nM,IC50,5.77,Beta-lactamase,assay format
CHEMBL333581,C[C@]1(/C=C\Cl)[C@H](C(=O)[O-])N2C(=O)C[C@H]2S1(=O)=O.[Na+],=,600.0,nM,IC50,6.22,Beta-lactamase,assay format
CHEMBL333581,C[C@]1(/C=C\Cl)[C@H](C(=O)[O-])N2C(=O)C[C@H]2S1(=O)=O.[Na+],=,1100.0,nM,IC50,5.96,Beta-lactamase,assay format
CHEMBL333078,C[C@]1(/C=C\C#N)[C@H](C(=O)O)N2C(=O)C[C@H]2S1(=O)=O,=,21000.0,nM,IC50,4.68,Beta-lactamase,assay format
CHEMBL333078,C[C@]1(/C=C\C#N)[C@H](C(=O)O)N2C(=O)C[C@H]2S1(=O)=O,=,700.0,nM,IC50,6.16,Beta-lactamase,assay format
CHEMBL333078,C[C@]1(/C=C\C#N)[C@H](C(=O)O)N2C(=O)C[C@H]2S1(=O)=O,=,7500.0,nM,IC50,5.12,Beta-lactamase,assay format
CHEMBL123702,C[C@]1(/C=C/c2nnco2)[C@H](C(=O)[O-])N2C(=O)C[C@H]2S1(=O)=O.[Na+],=,5200.0,nM,IC50,5.28,Beta-lactamase,assay format
CHEMBL123702,C[C@]1(/C=C/c2nnco2)[C@H](C(=O)[O-])N2C(=O)C[C@H]2S1(=O)=O.[Na+],=,490.0,nM,IC50,6.31,Beta-lactamase,assay format
CHEMBL123702,C[C@]1(/C=C/c2nnco2)[C@H](C(=O)[O-])N2C(=O)C[C@H]2S1(=O)=O.[Na+],=,11000.0,nM,IC50,4.96,Beta-lactamase,assay format
CHEMBL2111804,C[C@]1(/C=C/C(N)=O)[C@H](C(=O)O)N2C(=O)C[C@H]2S1(=O)=O,=,5300.0,nM,IC50,5.28,Beta-lactamase,assay format
CHEMBL2111804,C[C@]1(/C=C/C(N)=O)[C@H](C(=O)O)N2C(=O)C[C@H]2S1(=O)=O,=,2300.0,nM,IC50,5.64,Beta-lactamase,assay format
CHEMBL2111804,C[C@]1(/C=C/C(N)=O)[C@H](C(=O)O)N2C(=O)C[C@H]2S1(=O)=O,=,4900.0,nM,IC50,5.31,Beta-lactamase,assay format
CHEMBL124961,C[C@]1(/C=C\C(N)=O)[C@H](C(=O)O)N2C(=O)C[C@H]2S1(=O)=O,=,81000.0,nM,IC50,4.09,Beta-lactamase,assay format
CHEMBL124961,C[C@]1(/C=C\C(N)=O)[C@H](C(=O)O)N2C(=O)C[C@H]2S1(=O)=O,=,4300.0,nM,IC50,5.37,Beta-lactamase,assay format
CHEMBL124961,C[C@]1(/C=C\C(N)=O)[C@H](C(=O)O)N2C(=O)C[C@H]2S1(=O)=O,=,2400.0,nM,IC50,5.62,Beta-lactamase,assay format
CHEMBL124507,CON(C)C(=O)/C=C\[C@@]1(C)[C@H](C(=O)[O-])N2C(=O)C[C@H]2S1(=O)=O.[Na+],=,72000.0,nM,IC50,4.14,Beta-lactamase,assay format
CHEMBL124507,CON(C)C(=O)/C=C\[C@@]1(C)[C@H](C(=O)[O-])N2C(=O)C[C@H]2S1(=O)=O.[Na+],=,2500.0,nM,IC50,5.60,Beta-lactamase,assay format
CHEMBL124507,CON(C)C(=O)/C=C\[C@@]1(C)[C@H](C(=O)[O-])N2C(=O)C[C@H]2S1(=O)=O.[Na+],=,5800.0,nM,IC50,5.24,Beta-lactamase,assay format
CHEMBL285387,C[C@]1(Cn2ccnn2)[C@H](C(=O)[O-])C2C(=O)CC2S1(=O)=O.[Na+],=,5400.0,nM,IC50,5.27,Beta-lactamase,single protein format
CHEMBL39640,CC1(C)S[C@@H]2/C(=C\C(=O)[O-])C(=O)N2[C@H]1C(=O)[O-].[Na+].[Na+],=,13900.0,nM,IC50,4.86,Beta-lactamase,single protein format
CHEMBL39640,CC1(C)S[C@@H]2/C(=C\C(=O)[O-])C(=O)N2[C@H]1C(=O)[O-].[Na+].[Na+],>,20000.0,nM,IC50,,Beta-lactamase,single protein format
CHEMBL284539,CC(C)(C)OC(=O)/C=C1/C(=O)N2[C@@H](C(=O)[O-])C(C)(C)S(=O)(=O)[C@H]12.[Na+],=,4090.0,nM,IC50,5.39,Beta-lactamase,single protein format
CHEMBL284539,CC(C)(C)OC(=O)/C=C1/C(=O)N2[C@@H](C(=O)[O-])C(C)(C)S(=O)(=O)[C@H]12.[Na+],=,13600.0,nM,IC50,4.87,Beta-lactamase,single protein format
CHEMBL36888,CC(=O)OCC1=C(C(=O)[O-])N2C(=O)/C(=C/C(=O)[O-])[C@H]2SC1.[Na+].[Na+],>,20000.0,nM,IC50,,Beta-lactamase,single protein format
CHEMBL36888,CC(=O)OCC1=C(C(=O)[O-])N2C(=O)/C(=C/C(=O)[O-])[C@H]2SC1.[Na+].[Na+],>,20000.0,nM,IC50,,Beta-lactamase,single protein format
CHEMBL34981,COC(=O)/C=C1/C(=O)N2C(C(=O)[O-])=C(COC(C)=O)CS[C@H]12.[Na+],>,20000.0,nM,IC50,,Beta-lactamase,single protein format
CHEMBL34981,COC(=O)/C=C1/C(=O)N2C(C(=O)[O-])=C(COC(C)=O)CS[C@H]12.[Na+],>,20000.0,nM,IC50,,Beta-lactamase,single protein format
CHEMBL269308,CC(=O)OCC1=C(C(=O)[O-])N2C(=O)/C(=C/C(=O)OC(C)(C)C)[C@H]2SC1.[Na+],=,2500.0,nM,IC50,5.60,Beta-lactamase,single protein format
CHEMBL269308,CC(=O)OCC1=C(C(=O)[O-])N2C(=O)/C(=C/C(=O)OC(C)(C)C)[C@H]2SC1.[Na+],>,20000.0,nM,IC50,,Beta-lactamase,single protein format
CHEMBL777,O=C(O)[C@H]1/C(=C/CO)O[C@@H]2CC(=O)N21,>,20000.0,nM,IC50,,Beta-lactamase,single protein format
CHEMBL777,O=C(O)[C@H]1/C(=C/CO)O[C@@H]2CC(=O)N21,>,20000.0,nM,IC50,,Beta-lactamase,single protein format
CHEMBL287095,CC1(C)[C@H](C(=O)[O-])N2C(=O)/C(=C/C(=O)[O-])[C@H]2S1(=O)=O.[Na+].[Na+],=,45.0,nM,IC50,7.35,Beta-lactamase,single protein format
CHEMBL287095,CC1(C)[C@H](C(=O)[O-])N2C(=O)/C(=C/C(=O)[O-])[C@H]2S1(=O)=O.[Na+].[Na+],=,91.0,nM,IC50,7.04,Beta-lactamase,single protein format
CHEMBL268919,CC(=O)OCC1=C(C(=O)[O-])N2C(=O)/C(=C/C(=O)OC(C)(C)C)[C@H]2S(=O)(=O)C1.[Na+],=,7800.0,nM,IC50,5.11,Beta-lactamase,single protein format
CHEMBL268919,CC(=O)OCC1=C(C(=O)[O-])N2C(=O)/C(=C/C(=O)OC(C)(C)C)[C@H]2S(=O)(=O)C1.[Na+],=,5900.0,nM,IC50,5.23,Beta-lactamase,single protein format
CHEMBL404,C[C@]1(Cn2ccnn2)[C@H](C(=O)O)N2C(=O)C[C@H]2S1(=O)=O,=,943.0,nM,IC50,6.03,Beta-lactamase,single protein format
CHEMBL404,C[C@]1(Cn2ccnn2)[C@H](C(=O)O)N2C(=O)C[C@H]2S1(=O)=O,=,4000.0,nM,IC50,5.40,Beta-lactamase,single protein format
CHEMBL36657,COC(=O)/C=C1/C(=O)N2C(C(=O)[O-])=C(COC(C)=O)CS(=O)(=O)[C@H]12.[Na+],>,20000.0,nM,IC50,,Beta-lactamase,single protein format
CHEMBL36657,COC(=O)/C=C1/C(=O)N2C(C(=O)[O-])=C(COC(C)=O)CS(=O)(=O)[C@H]12.[Na+],>,20000.0,nM,IC50,,Beta-lactamase,single protein format
CHEMBL290112,COC(=O)/C=C1/C(=O)N2[C@@H](C(=O)[O-])C(C)(C)S(=O)(=O)[C@H]12.[Na+],=,154.0,nM,IC50,6.81,Beta-lactamase,single protein format
CHEMBL290112,COC(=O)/C=C1/C(=O)N2[C@@H](C(=O)[O-])C(C)(C)S(=O)(=O)[C@H]12.[Na+],=,615.0,nM,IC50,6.21,Beta-lactamase,single protein format
CHEMBL36689,C=C=C1C(=O)N2C(C(=O)[O-])=C(COC(C)=O)CS(=O)(=O)[C@H]12.[Na+],=,130.0,nM,IC50,6.89,Beta-lactamase,single protein format
CHEMBL36689,C=C=C1C(=O)N2C(C(=O)[O-])=C(COC(C)=O)CS(=O)(=O)[C@H]12.[Na+],=,260.0,nM,IC50,6.58,Beta-lactamase,single protein format
CHEMBL37794,C=C1C(=O)N2C(C(=O)[O-])=C(COC(C)=O)CS(=O)(=O)[C@H]12.[Na+],=,25.0,nM,IC50,7.60,Beta-lactamase,single protein format
CHEMBL37794,C=C1C(=O)N2C(C(=O)[O-])=C(COC(C)=O)CS(=O)(=O)[C@H]12.[Na+],=,25.0,nM,IC50,7.60,Beta-lactamase,single protein format
CHEMBL290165,CC(=O)OCC1=C(C(=O)[O-])N2C(=O)/C(=C/C(=O)[O-])[C@H]2S(=O)(=O)C1.[Na+].[Na+],>,20000.0,nM,IC50,,Beta-lactamase,single protein format
CHEMBL290165,CC(=O)OCC1=C(C(=O)[O-])N2C(=O)/C(=C/C(=O)[O-])[C@H]2S(=O)(=O)C1.[Na+].[Na+],>,20000.0,nM,IC50,,Beta-lactamase,single protein format
CHEMBL36213,COC(=O)/C=C1/C(=O)N2[C@@H](C(=O)[O-])C(C)(C)S[C@H]12.[Na+],>,20000.0,nM,IC50,,Beta-lactamase,single protein format
CHEMBL36213,COC(=O)/C=C1/C(=O)N2[C@@H](C(=O)[O-])C(C)(C)S[C@H]12.[Na+],>,20000.0,nM,IC50,,Beta-lactamase,single protein format
CHEMBL33895,CC(C)(C)OC(=O)/C=C1/C(=O)N2[C@@H](C(=O)[O-])C(C)(C)S[C@H]12.[Na+],=,8950.0,nM,IC50,5.05,Beta-lactamase,single protein format
CHEMBL33895,CC(C)(C)OC(=O)/C=C1/C(=O)N2[C@@H](C(=O)[O-])C(C)(C)S[C@H]12.[Na+],>,20000.0,nM,IC50,,Beta-lactamase,single protein format
CHEMBL35987,CC(=O)/C=C1/C(=O)N2[C@@H](C(=O)[O-])C(C)(C)S[C@H]12.[Na+],=,361.0,nM,IC50,6.44,Beta-lactamase,single protein format
CHEMBL35987,CC(=O)/C=C1/C(=O)N2[C@@H](C(=O)[O-])C(C)(C)S[C@H]12.[Na+],=,5415.0,nM,IC50,5.27,Beta-lactamase,single protein format
CHEMBL429694,Nc1c(/N=N/c2ccc(-c3ccc(/N=N/c4cc(S(=O)(=O)[O-])c5ccccc5c4N)cc3)cc2)cc(S(=O)(=O)[O-])c2ccccc12.[Na+].[Na+],=,81.0,%,Inhibition,,Beta-lactamase,single protein format
CHEMBL1160165,CC1=C(C(=O)O)N2C(=S)[C@@H](NC(=O)Cc3ccccc3)[C@H]2SC1,=,61.4,M-1 s-1,k cat/Km,,Beta-lactamase,single protein format
CHEMBL1160169,CC1=C(C(=O)O)N2C(C(=O)S)[C@@H](NC(=O)Cc3ccccc3)[C@H]2SC1,,,,Affinity,,Beta-lactamase,single protein format
CHEMBL115860,CC1=C(C(=O)O)N2C(=O)[C@@H](NC(=O)Cc3ccccc3)[C@H]2SC1,=,3690.0,M-1 s-1,k cat/Km,,Beta-lactamase,single protein format
CHEMBL1160168,CC1=C(C(=O)O)N2C(=S)[C@@H](NC(=O)C(N)c3ccccc3)[C@H]2SC1,<,100.0,M-1 s-1,k cat/Km,,Beta-lactamase,single protein format
CHEMBL1160167,CC1=C(C(=O)O)N[C@@H](C2NC(=O)C(c3ccccc3)N=C2S)SC1,=,29000.0,nM,Ki,4.54,Beta-lactamase,single protein format
CHEMBL8290,O=C([O-])[C@H]1/C(=C/CO)O[C@@H]2CC(=O)N21.[Na+],>,20000.0,nM,IC50,,Beta-lactamase,assay format
CHEMBL8290,O=C([O-])[C@H]1/C(=C/CO)O[C@@H]2CC(=O)N21.[Na+],>,20000.0,nM,IC50,,Beta-lactamase,assay format
CHEMBL273744,CC(=O)OCC1=C(C(=O)[O-])N2C(=O)/C(=C/CO)[C@H]2S(=O)(=O)C1.[Na+],>,20000.0,nM,IC50,,Beta-lactamase,assay format
CHEMBL273744,CC(=O)OCC1=C(C(=O)[O-])N2C(=O)/C(=C/CO)[C@H]2S(=O)(=O)C1.[Na+],>,20000.0,nM,IC50,,Beta-lactamase,assay format
CHEMBL268631,CC(=O)OCC1=C(C(=O)[O-])N2C(=O)/C(=C/c3ccccc3)[C@H]2SC1.[Na+],>,20000.0,nM,IC50,,Beta-lactamase,assay format
CHEMBL268631,CC(=O)OCC1=C(C(=O)[O-])N2C(=O)/C(=C/c3ccccc3)[C@H]2SC1.[Na+],>,20000.0,nM,IC50,,Beta-lactamase,assay format
CHEMBL8353,CON(C)C(=O)/C=C1/C(=O)N2C(C(=O)[O-])=C(COC(C)=O)CS[C@H]12.[Na+],>,20000.0,nM,IC50,,Beta-lactamase,assay format
CHEMBL8353,CON(C)C(=O)/C=C1/C(=O)N2C(C(=O)[O-])=C(COC(C)=O)CS[C@H]12.[Na+],>,20000.0,nM,IC50,,Beta-lactamase,assay format
CHEMBL416327,CC(=O)OCC1=C(C(=O)[O-])N2C(=O)C(=C=CC(C)(C)C)[C@H]2S(=O)(=O)C1.[Na+],=,130.0,nM,IC50,6.89,Beta-lactamase,assay format
CHEMBL416327,CC(=O)OCC1=C(C(=O)[O-])N2C(=O)C(=C=CC(C)(C)C)[C@H]2S(=O)(=O)C1.[Na+],=,260.0,nM,IC50,6.58,Beta-lactamase,assay format
CHEMBL267745,CC(=O)OCC1=C(C(=O)[O-])N2C(=O)/C(=C/c3ccccn3)[C@H]2SC1.[Na+],>,20000.0,nM,IC50,,Beta-lactamase,assay format
CHEMBL267745,CC(=O)OCC1=C(C(=O)[O-])N2C(=O)/C(=C/c3ccccn3)[C@H]2SC1.[Na+],>,20000.0,nM,IC50,,Beta-lactamase,assay format
CHEMBL268860,CC(=O)OCC1=C(C(=O)[O-])N2C(=O)/C(=C/c3ccccc3)[C@H]2S(=O)(=O)C1.[Na+],=,6250.0,nM,IC50,5.20,Beta-lactamase,assay format
CHEMBL268860,CC(=O)OCC1=C(C(=O)[O-])N2C(=O)/C(=C/c3ccccc3)[C@H]2S(=O)(=O)C1.[Na+],=,6800.0,nM,IC50,5.17,Beta-lactamase,assay format
CHEMBL268632,CC(=O)OCC1=C(C(=O)[O-])N2C(=O)/C(=C/c3ccccn3)[C@H]2S(=O)(=O)C1.[Na+],=,25.0,nM,IC50,7.60,Beta-lactamase,assay format
CHEMBL268632,CC(=O)OCC1=C(C(=O)[O-])N2C(=O)/C(=C/c3ccccn3)[C@H]2S(=O)(=O)C1.[Na+],=,25.0,nM,IC50,7.60,Beta-lactamase,assay format
CHEMBL7995,CC(=O)OCC1=C(C(=O)[O-])N2C(=O)C(=C(Br)Br)[C@H]2S(=O)(=O)C1.[Na+],>,20000.0,nM,IC50,,Beta-lactamase,assay format
CHEMBL7995,CC(=O)OCC1=C(C(=O)[O-])N2C(=O)C(=C(Br)Br)[C@H]2S(=O)(=O)C1.[Na+],>,20000.0,nM,IC50,,Beta-lactamase,assay format
CHEMBL8259,CC(=O)OCC1=C(C(=O)[O-])N2C(=O)C(=C(Cl)Cl)[C@H]2SC1.[Na+],>,20000.0,nM,IC50,,Beta-lactamase,assay format
CHEMBL8259,CC(=O)OCC1=C(C(=O)[O-])N2C(=O)C(=C(Cl)Cl)[C@H]2SC1.[Na+],>,20000.0,nM,IC50,,Beta-lactamase,assay format
CHEMBL269657,CC(=O)OCC1=C(C(=O)[O-])N2C(=O)/C(=C\Br)[C@H]2S(=O)(=O)C1.[Na+],>,20000.0,nM,IC50,,Beta-lactamase,assay format
CHEMBL269657,CC(=O)OCC1=C(C(=O)[O-])N2C(=O)/C(=C\Br)[C@H]2S(=O)(=O)C1.[Na+],>,20000.0,nM,IC50,,Beta-lactamase,assay format
CHEMBL7597,CC(=O)OCC1=C(C(=O)[O-])N2C(=O)C(=C(Br)Br)[C@H]2SC1.[Na+],>,20000.0,nM,IC50,,Beta-lactamase,assay format
CHEMBL7597,CC(=O)OCC1=C(C(=O)[O-])N2C(=O)C(=C(Br)Br)[C@H]2SC1.[Na+],>,20000.0,nM,IC50,,Beta-lactamase,assay format
CHEMBL8343,CC(=O)OCC1=C(C(=O)[O-])N2C(=O)/C(=C/C(C)(C)C)[C@H]2SC1.[Na+],>,20000.0,nM,IC50,,Beta-lactamase,assay format
CHEMBL8343,CC(=O)OCC1=C(C(=O)[O-])N2C(=O)/C(=C/C(C)(C)C)[C@H]2SC1.[Na+],>,20000.0,nM,IC50,,Beta-lactamase,assay format
CHEMBL8371,CC(=O)OCC1=C(C(=O)[O-])N2C(=O)/C(=C\Br)[C@H]2SC1.[Na+],>,20000.0,nM,IC50,,Beta-lactamase,assay format
CHEMBL8371,CC(=O)OCC1=C(C(=O)[O-])N2C(=O)/C(=C\Br)[C@H]2SC1.[Na+],>,20000.0,nM,IC50,,Beta-lactamase,assay format
CHEMBL268919,CC(=O)OCC1=C(C(=O)[O-])N2C(=O)/C(=C/C(=O)OC(C)(C)C)[C@H]2S(=O)(=O)C1.[Na+],=,7800.0,nM,IC50,5.11,Beta-lactamase,assay format
CHEMBL268919,CC(=O)OCC1=C(C(=O)[O-])N2C(=O)/C(=C/C(=O)OC(C)(C)C)[C@H]2S(=O)(=O)C1.[Na+],=,5900.0,nM,IC50,5.23,Beta-lactamase,assay format
CHEMBL266689,CC(=O)OCC1=C(C(=O)[O-])N2C(=O)/C(=C/C(C)(C)C)[C@H]2S(=O)(=O)C1.[Na+],>,20000.0,nM,IC50,,Beta-lactamase,assay format
CHEMBL266689,CC(=O)OCC1=C(C(=O)[O-])N2C(=O)/C(=C/C(C)(C)C)[C@H]2S(=O)(=O)C1.[Na+],>,20000.0,nM,IC50,,Beta-lactamase,assay format
CHEMBL8511,CC(=O)OCC1=C(C(=O)[O-])N2C(=O)/C(=C\c3ccccc3)[C@H]2S(=O)(=O)C1.[Na+],>,20000.0,nM,IC50,,Beta-lactamase,assay format
CHEMBL8511,CC(=O)OCC1=C(C(=O)[O-])N2C(=O)/C(=C\c3ccccc3)[C@H]2S(=O)(=O)C1.[Na+],>,20000.0,nM,IC50,,Beta-lactamase,assay format
CHEMBL269308,CC(=O)OCC1=C(C(=O)[O-])N2C(=O)/C(=C/C(=O)OC(C)(C)C)[C@H]2SC1.[Na+],=,2500.0,nM,IC50,5.60,Beta-lactamase,assay format
CHEMBL269308,CC(=O)OCC1=C(C(=O)[O-])N2C(=O)/C(=C/C(=O)OC(C)(C)C)[C@H]2SC1.[Na+],>,20000.0,nM,IC50,,Beta-lactamase,assay format
CHEMBL1439,C[C@]1(Cn2ccnn2)[C@H](C(=O)[O-])N2C(=O)C[C@H]2S1(=O)=O.[Na+],=,943.0,nM,IC50,6.03,Beta-lactamase,assay format
CHEMBL1439,C[C@]1(Cn2ccnn2)[C@H](C(=O)[O-])N2C(=O)C[C@H]2S1(=O)=O.[Na+],=,4000.0,nM,IC50,5.40,Beta-lactamase,assay format
CHEMBL8571,CC(=O)/C=C1/C(=O)N2C(C(=O)[O-])=C(COC(C)=O)CS[C@H]12.[Na+],>,20000.0,nM,IC50,,Beta-lactamase,assay format
CHEMBL8571,CC(=O)/C=C1/C(=O)N2C(C(=O)[O-])=C(COC(C)=O)CS[C@H]12.[Na+],>,20000.0,nM,IC50,,Beta-lactamase,assay format
CHEMBL8307,CC(=O)OCC1=C(C(=O)[O-])N2C(=O)/C(=C/C=O)[C@H]2SC1.[Na+],=,8200.0,nM,IC50,5.09,Beta-lactamase,assay format
CHEMBL8307,CC(=O)OCC1=C(C(=O)[O-])N2C(=O)/C(=C/C=O)[C@H]2SC1.[Na+],=,16500.0,nM,IC50,4.78,Beta-lactamase,assay format
CHEMBL8111,CC(=O)OCC1=C(C(=O)[O-])N2C(=O)C(=C(Cl)Cl)[C@H]2S(=O)(=O)C1.[Na+],>,20000.0,nM,IC50,,Beta-lactamase,assay format
CHEMBL8111,CC(=O)OCC1=C(C(=O)[O-])N2C(=O)C(=C(Cl)Cl)[C@H]2S(=O)(=O)C1.[Na+],>,20000.0,nM,IC50,,Beta-lactamase,assay format
CHEMBL1161693,O=C(Cc1ccccc1)NC1Cc2cccc(C(=O)O)c2OC1=O,=,5.4,s-1,K cat,,Beta-lactamase,single protein format
CHEMBL1161693,O=C(Cc1ccccc1)NC1Cc2cccc(C(=O)O)c2OC1=O,=,620000.0,nM,Km,,Beta-lactamase,single protein format
CHEMBL617,CC(=O)OCC1=C(C(=O)O)N2C(=O)[C@@H](NC(=O)Cc3cccs3)[C@H]2SC1,=,200.0,s-1,K cat,,Beta-lactamase,single protein format
CHEMBL617,CC(=O)OCC1=C(C(=O)O)N2C(=O)[C@@H](NC(=O)Cc3cccs3)[C@H]2SC1,=,9000.0,nM,Km,,Beta-lactamase,single protein format
CHEMBL1161695,O=C(O)c1ccc2c(c1)OC(=O)C(C(=O)NCc1ccccc1)C2,=,1.18,s-1,K cat,,Beta-lactamase,single protein format
CHEMBL1161695,O=C(O)c1ccc2c(c1)OC(=O)C(C(=O)NCc1ccccc1)C2,=,430000.0,nM,Km,,Beta-lactamase,single protein format
CHEMBL1161696,O=C(O)c1cccc2c1OC(=O)C(C(=O)NCc1ccccc1)C2,=,0.44,s-1,K cat,,Beta-lactamase,single protein format
CHEMBL1161696,O=C(O)c1cccc2c1OC(=O)C(C(=O)NCc1ccccc1)C2,=,200.0,nM,Km,,Beta-lactamase,single protein format
CHEMBL1161692,O=C(Cc1ccccc1)NC1Cc2ccc(C(=O)O)cc2OC1=O,=,5.6,s-1,K cat,,Beta-lactamase,single protein format
CHEMBL1161692,O=C(Cc1ccccc1)NC1Cc2ccc(C(=O)O)cc2OC1=O,=,290000.0,nM,Km,,Beta-lactamase,single protein format
CHEMBL379440,O=C([O-])C1=CS[C@@H]2/C(=C/c3cn4c(n3)CNCC4)C(=O)N12.[Na+],=,6.0,nM,IC50,8.22,Beta-lactamase,single protein format
CHEMBL212163,O=C([O-])C1=CS[C@@H]2/C(=C/c3cn4c(n3)COCC4)C(=O)N12.[Na+],=,5.0,nM,IC50,8.30,Beta-lactamase,single protein format
CHEMBL404,C[C@]1(Cn2ccnn2)[C@H](C(=O)O)N2C(=O)C[C@H]2S1(=O)=O,=,84000.0,nM,IC50,4.08,Beta-lactamase,single protein format
CHEMBL211889,O=C([O-])C1=CS[C@@H]2/C(=C/c3cn4c(n3)CSCC4)C(=O)N12.[Na+],=,420.0,nM,IC50,6.38,Beta-lactamase,single protein format
CHEMBL377001,O=C([O-])C1=CS[C@@H]2/C(=C\c3cc4n(n3)CCCO4)C(=O)N12.[Na+],=,5.0,nM,IC50,8.30,Beta-lactamase,single protein format
CHEMBL379856,O=C([O-])C1=CS[C@@H]2/C(=C\c3cc4n(n3)CCNC4)C(=O)N12.[Na+],=,3.0,nM,IC50,8.52,Beta-lactamase,single protein format
CHEMBL377382,O=C([O-])C1=CS[C@@H]2/C(=C\c3cc4n(n3)CCOC4)C(=O)N12.[Na+],=,6.0,nM,IC50,8.22,Beta-lactamase,single protein format
CHEMBL378119,O=C([O-])C1=CS[C@@H]2/C(=C\c3cc4n(n3)CCS(=O)(=O)C4)C(=O)N12.[Na+],=,2.0,nM,IC50,8.70,Beta-lactamase,single protein format
CHEMBL212760,O=C([O-])C1=CS[C@@H]2/C(=C\c3cc4n(n3)CCSC4)C(=O)N12.[Na+],=,1.0,nM,IC50,9.00,Beta-lactamase,single protein format
CHEMBL385593,O=C([O-])C1=CS[C@@H]2/C(=C\c3cc4n(n3)CCCC4)C(=O)N12.[Na+],=,3.0,nM,IC50,8.52,Beta-lactamase,single protein format
CHEMBL212478,CN1CCn2cc(/C=C3/C(=O)N4C(C(=O)[O-])=CS[C@H]34)nc2C1.[Na+],=,6.0,nM,IC50,8.22,Beta-lactamase,single protein format
CHEMBL380061,O=C([O-])C1=CS[C@@H]2/C(=C\c3cc4c(s3)CCN(c3cc5c(s3)CCOC5)C4)C(=O)N12.[Na+],=,4.0,nM,IC50,8.40,Beta-lactamase,single protein format
CHEMBL211143,O=C([O-])C1=CS[C@@H]2/C(=C\c3cc4c(s3)CCN(Cc3cccnc3)C4)C(=O)N12.[Na+],=,18.0,nM,IC50,7.75,Beta-lactamase,single protein format
CHEMBL425963,O=C([O-])C1=CS[C@@H]2/C(=C\c3cn4c(n3)CSCC4)C(=O)N12.[Na+],=,2.0,nM,IC50,8.70,Beta-lactamase,single protein format
CHEMBL378041,COc1ccc(CN2CCc3sc(/C=C4/C(=O)N5C(C(=O)[O-])=CS[C@H]45)cc3C2)cc1.[Na+],=,15.0,nM,IC50,7.82,Beta-lactamase,single protein format
CHEMBL1439,C[C@]1(Cn2ccnn2)[C@H](C(=O)[O-])N2C(=O)C[C@H]2S1(=O)=O.[Na+],=,84000.0,nM,IC50,4.08,Beta-lactamase,single protein format
CHEMBL222758,O=C([O-])C1=CS[C@@H]2/C(=C\c3cn4c(n3)sc3ccccc34)C(=O)N12.[Na+],=,1.0,nM,IC50,9.00,Beta-lactamase,single protein format
CHEMBL222922,O=C([O-])C1=CS[C@@H]2/C(=C\c3cn4c(n3)sc3cc(F)ccc34)C(=O)N12.[Na+],=,2.0,nM,IC50,8.70,Beta-lactamase,single protein format
CHEMBL388778,O=C([O-])C1=CS[C@@H]2/C(=C\c3cn4c(n3)sc3cc(Cl)ccc34)C(=O)N12.[Na+],=,3.0,nM,IC50,8.52,Beta-lactamase,single protein format
CHEMBL222375,Cc1ccc2c(c1)sc1nc(/C=C3/C(=O)N4C(C(=O)[O-])=CS[C@H]34)cn12.[Na+],=,1.0,nM,IC50,9.00,Beta-lactamase,single protein format
CHEMBL375172,COc1ccc2c(c1)sc1nc(/C=C3/C(=O)N4C(C(=O)[O-])=CS[C@H]34)cn12.[Na+],=,2.0,nM,IC50,8.70,Beta-lactamase,single protein format
CHEMBL222866,Cc1cccc2sc3nc(/C=C4/C(=O)N5C(C(=O)[O-])=CS[C@H]45)cn3c12.[Na+],=,2.0,nM,IC50,8.70,Beta-lactamase,single protein format
CHEMBL122450,O=C([O-])C1=CS[C@@H]2/C(=C\c3cn4c5c(sc4n3)CCC5)C(=O)N12.[Na+],=,2.0,nM,IC50,8.70,Beta-lactamase,single protein format
CHEMBL396509,C/C=C1/C(=O)N2C(C(=O)[O-])=C3[C@@H](OC)CCC[C@@H]3[C@H]12.[Na+],=,62.0,nM,IC50,7.21,Beta-lactamase,single protein format
CHEMBL404,C[C@]1(Cn2ccnn2)[C@H](C(=O)O)N2C(=O)C[C@H]2S1(=O)=O,=,1808.0,nM,IC50,5.74,Beta-lactamase,single protein format
CHEMBL777,O=C(O)[C@H]1/C(=C/CO)O[C@@H]2CC(=O)N21,=,136200.0,nM,IC50,,Beta-lactamase,single protein format
CHEMBL397438,C/C=C1/C(=O)N2C(C(=O)[O-])=C3[C@@H](OCCC#N)CCC[C@@H]3[C@H]12.[Na+],=,209.0,nM,IC50,6.68,Beta-lactamase,single protein format
CHEMBL395017,C/C=C1/C(=O)N2C(C(=O)[O-])=C3[C@@H](OCCF)CCC[C@@H]3[C@H]12.[Na+],=,1020.0,nM,IC50,5.99,Beta-lactamase,single protein format
CHEMBL230332,C/C=C1/C(=O)N2C(C(=O)[O-])=C3[C@@H](OCCCC)CCC[C@@H]3[C@H]12.[Na+],=,720.0,nM,IC50,6.14,Beta-lactamase,single protein format
CHEMBL396998,C/C=C1/C(=O)N2C(C(=O)[O-])=C3[C@H](OCCCC)CCC[C@H]3[C@H]12.[Na+],=,430.0,nM,IC50,6.37,Beta-lactamase,single protein format
CHEMBL396753,C/C=C1/C(=O)N2C(C(=O)[O-])=C3[C@@H](OC(C)C)CCC[C@@H]3[C@H]12.[Na+],=,341.0,nM,IC50,6.47,Beta-lactamase,single protein format
CHEMBL230226,C/C=C1/C(=O)N2C(C(=O)[O-])=C3[C@@H](OCC)CCC[C@@H]3[C@H]12.[Na+],=,229.0,nM,IC50,6.64,Beta-lactamase,single protein format
CHEMBL230859,C/C=C1/C(=O)N2C(C(=O)[O-])=C3[C@H](OCC)CCC[C@H]3[C@H]12.[Na+],=,295.0,nM,IC50,6.53,Beta-lactamase,single protein format
CHEMBL257032,O=C(Cc1ccccc1)NCC(=O)c1nc(C(=O)O)cs1,=,110000.0,nM,Ki,,Beta-lactamase,single protein format
CHEMBL492592,CC(=O)OCC1=C(C(=O)[O-])N2C(=O)[C@@H](N(O)C=O)[C@H]2SC1.[Na+],=,0.32,/s,Kcat,,Beta-lactamase,single protein format
CHEMBL495027,CC(=O)OCC1=C(C(=O)[O-])N2C(=O)[C@@H](NO)[C@H]2SC1.[Na+],=,1.6,/s,Kcat,,Beta-lactamase,single protein format
CHEMBL495198,CC(=O)OCC1=C(C(=O)[O-])N2C(=O)[C@@H](N(O)C(=O)Cc3ccccc3)[C@H]2SC1.[Na+],=,0.49,/s,Kcat,,Beta-lactamase,single protein format
CHEMBL495199,CC(=O)OCC1=C(C(=O)[O-])N2C(=O)[C@@H](NC=O)[C@H]2SC1.[Na+],=,1180.0,/s,Kcat,,Beta-lactamase,single protein format
CHEMBL1632,CC(=O)OCC1=C(C(=O)[O-])N2C(=O)[C@@H](NC(=O)Cc3cccs3)[C@H]2SC1.[Na+],=,690.0,/s,Kcat,,Beta-lactamase,single protein format
CHEMBL444816,CC(=O)OCC1=C(C(=O)[O-])N2C(=O)[C@@H](N)[C@H]2SC1.[Na+],=,0.46,/s,Kcat,,Beta-lactamase,single protein format
CHEMBL492983,CC(=O)OCC1=C(C(=O)[O-])N2C(=O)/C(=N/O)[C@H]2SC1.[Na+],=,2.56,/s,Kcat,,Beta-lactamase,single protein format
CHEMBL492985,CC1=C(C(=O)[O-])N2C(=O)/C(=N/O)[C@H]2S(=O)(=O)C1.[Na+],=,0.54,/s,Kcat,,Beta-lactamase,single protein format
CHEMBL492592,CC(=O)OCC1=C(C(=O)[O-])N2C(=O)[C@@H](N(O)C=O)[C@H]2SC1.[Na+],=,240000.0,nM,Km,,Beta-lactamase,single protein format
CHEMBL495027,CC(=O)OCC1=C(C(=O)[O-])N2C(=O)[C@@H](NO)[C@H]2SC1.[Na+],=,1450000.0,nM,Km,,Beta-lactamase,single protein format
CHEMBL495198,CC(=O)OCC1=C(C(=O)[O-])N2C(=O)[C@@H](N(O)C(=O)Cc3ccccc3)[C@H]2SC1.[Na+],=,5000.0,nM,Km,,Beta-lactamase,single protein format
CHEMBL495199,CC(=O)OCC1=C(C(=O)[O-])N2C(=O)[C@@H](NC=O)[C@H]2SC1.[Na+],=,315000.0,nM,Km,,Beta-lactamase,single protein format
CHEMBL1632,CC(=O)OCC1=C(C(=O)[O-])N2C(=O)[C@@H](NC(=O)Cc3cccs3)[C@H]2SC1.[Na+],=,15400.0,nM,Km,,Beta-lactamase,single protein format
CHEMBL444816,CC(=O)OCC1=C(C(=O)[O-])N2C(=O)[C@@H](N)[C@H]2SC1.[Na+],=,290000.0,nM,Km,,Beta-lactamase,single protein format
CHEMBL492983,CC(=O)OCC1=C(C(=O)[O-])N2C(=O)/C(=N/O)[C@H]2SC1.[Na+],=,366000.0,nM,Km,,Beta-lactamase,single protein format
CHEMBL492984,CC(=O)OCC1=C(C(=O)[O-])N2C(=O)/C(=N/O)[C@H]2S(=O)(=O)C1.[Na+],>=,200000.0,nM,Km,,Beta-lactamase,single protein format
CHEMBL492985,CC1=C(C(=O)[O-])N2C(=O)/C(=N/O)[C@H]2S(=O)(=O)C1.[Na+],=,4500.0,nM,Km,,Beta-lactamase,single protein format
CHEMBL492592,CC(=O)OCC1=C(C(=O)[O-])N2C(=O)[C@@H](N(O)C=O)[C@H]2SC1.[Na+],=,1380.0,/s/M,Ratio,,Beta-lactamase,single protein format
CHEMBL495027,CC(=O)OCC1=C(C(=O)[O-])N2C(=O)[C@@H](NO)[C@H]2SC1.[Na+],=,1100.0,/s/M,Ratio,,Beta-lactamase,single protein format
CHEMBL495198,CC(=O)OCC1=C(C(=O)[O-])N2C(=O)[C@@H](N(O)C(=O)Cc3ccccc3)[C@H]2SC1.[Na+],=,1.0,10'5/s/M,Ratio,,Beta-lactamase,single protein format
CHEMBL495199,CC(=O)OCC1=C(C(=O)[O-])N2C(=O)[C@@H](NC=O)[C@H]2SC1.[Na+],=,3.7,10'6/s/M,Ratio,,Beta-lactamase,single protein format
CHEMBL1632,CC(=O)OCC1=C(C(=O)[O-])N2C(=O)[C@@H](NC(=O)Cc3cccs3)[C@H]2SC1.[Na+],=,4.5,10'7/s/M,Ratio,,Beta-lactamase,single protein format
CHEMBL444816,CC(=O)OCC1=C(C(=O)[O-])N2C(=O)[C@@H](N)[C@H]2SC1.[Na+],=,1590.0,/s/M,Ratio,,Beta-lactamase,single protein format
CHEMBL492983,CC(=O)OCC1=C(C(=O)[O-])N2C(=O)/C(=N/O)[C@H]2SC1.[Na+],=,7010.0,/s/M,Ratio,,Beta-lactamase,single protein format
CHEMBL492984,CC(=O)OCC1=C(C(=O)[O-])N2C(=O)/C(=N/O)[C@H]2S(=O)(=O)C1.[Na+],=,990.0,/s/M,Ratio,,Beta-lactamase,single protein format
CHEMBL492985,CC1=C(C(=O)[O-])N2C(=O)/C(=N/O)[C@H]2S(=O)(=O)C1.[Na+],=,1.2,10'5/s/M,Ratio,,Beta-lactamase,single protein format
CHEMBL33995,CC/C=C\C/C=C\C/C=C\CCCCCCCc1cccc(O)c1C(=O)O,=,16.5,ug.mL-1,IC50,,Beta-lactamase,single protein format
CHEMBL777,O=C(O)[C@H]1/C(=C/CO)O[C@@H]2CC(=O)N21,=,155.0,ug.mL-1,IC50,,Beta-lactamase,single protein format
CHEMBL480517,O=C(Cc1cccs1)N[C@@H]1C(=O)N2C(C(=O)O)=C(/C=C/c3ccc([N+](=O)[O-])cc3[N+](=O)[O-])CS[C@H]12,=,56000.0,nM,Km,,Beta-lactamase,single protein format
CHEMBL29,CC1(C)S[C@@H]2[C@H](NC(=O)Cc3ccccc3)C(=O)N2[C@H]1C(=O)O,=,53.0,/s,Kcat,,Beta-lactamase,single protein format
CHEMBL29,CC1(C)S[C@@H]2[C@H](NC(=O)Cc3ccccc3)C(=O)N2[C@H]1C(=O)O,=,32.0,/s,Kcat,,Beta-lactamase,single protein format
CHEMBL520642,Nc1nc(/C(=N/O)C(=O)N[C@@H]2C(=O)N3C(C(=O)O)=C(/C=C4\CCN([C@@H]5CCNC5)C4=O)CS[C@H]23)ns1,=,26000.0,nM,Km,,Beta-lactamase,single protein format
CHEMBL186,CO/N=C(\C(=O)N[C@@H]1C(=O)N2C(C(=O)[O-])=C(C[N+]3(C)CCCC3)CS[C@H]12)c1csc(N)n1,=,16000.0,nM,Km,,Beta-lactamase,single protein format
CHEMBL520642,Nc1nc(/C(=N/O)C(=O)N[C@@H]2C(=O)N3C(C(=O)O)=C(/C=C4\CCN([C@@H]5CCNC5)C4=O)CS[C@H]23)ns1,=,12000.0,nM,Km,,Beta-lactamase,single protein format
CHEMBL480517,O=C(Cc1cccs1)N[C@@H]1C(=O)N2C(C(=O)O)=C(/C=C/c3ccc([N+](=O)[O-])cc3[N+](=O)[O-])CS[C@H]12,=,10.0,/s/microM,Kcat/Km,,Beta-lactamase,single protein format
CHEMBL520642,Nc1nc(/C(=N/O)C(=O)N[C@@H]2C(=O)N3C(C(=O)O)=C(/C=C4\CCN([C@@H]5CCNC5)C4=O)CS[C@H]23)ns1,=,9400.0,nM,Km,,Beta-lactamase,single protein format
CHEMBL29,CC1(C)S[C@@H]2[C@H](NC(=O)Cc3ccccc3)C(=O)N2[C@H]1C(=O)O,=,9.4,%,Activity,,Beta-lactamase,single protein format
CHEMBL316157,O=C(Cc1cccs1)N[C@@H]1C(=O)N2C(C(=O)[O-])=C(C[n+]3ccccc3)CS[C@H]12,=,8.9,/s/microM,Kcat/Km,,Beta-lactamase,single protein format
CHEMBL29,CC1(C)S[C@@H]2[C@H](NC(=O)Cc3ccccc3)C(=O)N2[C@H]1C(=O)O,=,8.8,/s/microM,Kcat/Km,,Beta-lactamase,single protein format
CHEMBL29,CC1(C)S[C@@H]2[C@H](NC(=O)Cc3ccccc3)C(=O)N2[C@H]1C(=O)O,=,8300.0,nM,Km,,Beta-lactamase,single protein format
CHEMBL29,CC1(C)S[C@@H]2[C@H](NC(=O)Cc3ccccc3)C(=O)N2[C@H]1C(=O)O,=,7.8,/s/microM,Kcat/Km,,Beta-lactamase,single protein format
CHEMBL316157,O=C(Cc1cccs1)N[C@@H]1C(=O)N2C(C(=O)[O-])=C(C[n+]3ccccc3)CS[C@H]12,=,7.6,/s/microM,Kcat/Km,,Beta-lactamase,single protein format
CHEMBL44354,CC(C)(O/N=C(\C(=O)N[C@@H]1C(=O)N2C(C(=O)[O-])=C(C[n+]3ccccc3)CS[C@H]12)c1csc(N)n1)C(=O)O,=,7.4,%,Activity,,Beta-lactamase,single protein format
CHEMBL29,CC1(C)S[C@@H]2[C@H](NC(=O)Cc3ccccc3)C(=O)N2[C@H]1C(=O)O,=,6.8,/s/microM,Kcat/Km,,Beta-lactamase,single protein format
CHEMBL29,CC1(C)S[C@@H]2[C@H](NC(=O)Cc3ccccc3)C(=O)N2[C@H]1C(=O)O,=,6000.0,nM,Km,,Beta-lactamase,single protein format
CHEMBL29,CC1(C)S[C@@H]2[C@H](NC(=O)Cc3ccccc3)C(=O)N2[C@H]1C(=O)O,=,4700.0,nM,Km,,Beta-lactamase,single protein format
CHEMBL44354,CC(C)(O/N=C(\C(=O)N[C@@H]1C(=O)N2C(C(=O)[O-])=C(C[n+]3ccccc3)CS[C@H]12)c1csc(N)n1)C(=O)O,=,3500.0,nM,Km,,Beta-lactamase,single protein format
CHEMBL44354,CC(C)(O/N=C(\C(=O)N[C@@H]1C(=O)N2C(C(=O)[O-])=C(C[n+]3ccccc3)CS[C@H]12)c1csc(N)n1)C(=O)O,=,2900.0,nM,Km,,Beta-lactamase,single protein format
CHEMBL44354,CC(C)(O/N=C(\C(=O)N[C@@H]1C(=O)N2C(C(=O)[O-])=C(C[n+]3ccccc3)CS[C@H]12)c1csc(N)n1)C(=O)O,=,2.3,/s,Kcat,,Beta-lactamase,single protein format
CHEMBL29,CC1(C)S[C@@H]2[C@H](NC(=O)Cc3ccccc3)C(=O)N2[C@H]1C(=O)O,=,1.7,%,Activity,,Beta-lactamase,single protein format
CHEMBL316157,O=C(Cc1cccs1)N[C@@H]1C(=O)N2C(C(=O)[O-])=C(C[n+]3ccccc3)CS[C@H]12,=,1.5,/s/microM,Kcat/Km,,Beta-lactamase,single protein format
CHEMBL29,CC1(C)S[C@@H]2[C@H](NC(=O)Cc3ccccc3)C(=O)N2[C@H]1C(=O)O,=,1.3,%,Activity,,Beta-lactamase,single protein format
CHEMBL186,CO/N=C(\C(=O)N[C@@H]1C(=O)N2C(C(=O)[O-])=C(C[N+]3(C)CCCC3)CS[C@H]12)c1csc(N)n1,=,0.84,%,Activity,,Beta-lactamase,single protein format
CHEMBL186,CO/N=C(\C(=O)N[C@@H]1C(=O)N2C(C(=O)[O-])=C(C[N+]3(C)CCCC3)CS[C@H]12)c1csc(N)n1,=,0.82,/s,Kcat,,Beta-lactamase,single protein format
CHEMBL44354,CC(C)(O/N=C(\C(=O)N[C@@H]1C(=O)N2C(C(=O)[O-])=C(C[n+]3ccccc3)CS[C@H]12)c1csc(N)n1)C(=O)O,=,0.66,/s/microM,Kcat/Km,,Beta-lactamase,single protein format
CHEMBL520642,Nc1nc(/C(=N/O)C(=O)N[C@@H]2C(=O)N3C(C(=O)O)=C(/C=C4\CCN([C@@H]5CCNC5)C4=O)CS[C@H]23)ns1,=,0.45,/s,Kcat,,Beta-lactamase,single protein format
CHEMBL520642,Nc1nc(/C(=N/O)C(=O)N[C@@H]2C(=O)N3C(C(=O)O)=C(/C=C4\CCN([C@@H]5CCNC5)C4=O)CS[C@H]23)ns1,=,0.43,%,Activity,,Beta-lactamase,single protein format
CHEMBL520642,Nc1nc(/C(=N/O)C(=O)N[C@@H]2C(=O)N3C(C(=O)O)=C(/C=C4\CCN([C@@H]5CCNC5)C4=O)CS[C@H]23)ns1,=,0.29,%,Activity,,Beta-lactamase,single protein format
CHEMBL186,CO/N=C(\C(=O)N[C@@H]1C(=O)N2C(C(=O)[O-])=C(C[N+]3(C)CCCC3)CS[C@H]12)c1csc(N)n1,=,0.27,/s,Kcat,,Beta-lactamase,single protein format
CHEMBL520642,Nc1nc(/C(=N/O)C(=O)N[C@@H]2C(=O)N3C(C(=O)O)=C(/C=C4\CCN([C@@H]5CCNC5)C4=O)CS[C@H]23)ns1,=,0.21,/s,Kcat,,Beta-lactamase,single protein format
CHEMBL44354,CC(C)(O/N=C(\C(=O)N[C@@H]1C(=O)N2C(C(=O)[O-])=C(C[n+]3ccccc3)CS[C@H]12)c1csc(N)n1)C(=O)O,=,0.16,/s,Kcat,,Beta-lactamase,single protein format
CHEMBL520642,Nc1nc(/C(=N/O)C(=O)N[C@@H]2C(=O)N3C(C(=O)O)=C(/C=C4\CCN([C@@H]5CCNC5)C4=O)CS[C@H]23)ns1,<=,0.15,%,Activity,,Beta-lactamase,single protein format
CHEMBL44354,CC(C)(O/N=C(\C(=O)N[C@@H]1C(=O)N2C(C(=O)[O-])=C(C[n+]3ccccc3)CS[C@H]12)c1csc(N)n1)C(=O)O,=,0.1,%,Activity,,Beta-lactamase,single protein format
CHEMBL44354,CC(C)(O/N=C(\C(=O)N[C@@H]1C(=O)N2C(C(=O)[O-])=C(C[n+]3ccccc3)CS[C@H]12)c1csc(N)n1)C(=O)O,=,0.095,%,Activity,,Beta-lactamase,single protein format
CHEMBL186,CO/N=C(\C(=O)N[C@@H]1C(=O)N2C(C(=O)[O-])=C(C[N+]3(C)CCCC3)CS[C@H]12)c1csc(N)n1,=,0.075,/s/microM,Kcat/Km,,Beta-lactamase,single protein format
CHEMBL44354,CC(C)(O/N=C(\C(=O)N[C@@H]1C(=O)N2C(C(=O)[O-])=C(C[n+]3ccccc3)CS[C@H]12)c1csc(N)n1)C(=O)O,=,0.072,%,Activity,,Beta-lactamase,single protein format
CHEMBL520642,Nc1nc(/C(=N/O)C(=O)N[C@@H]2C(=O)N3C(C(=O)O)=C(/C=C4\CCN([C@@H]5CCNC5)C4=O)CS[C@H]23)ns1,<=,0.057,/s,Kcat,,Beta-lactamase,single protein format
CHEMBL186,CO/N=C(\C(=O)N[C@@H]1C(=O)N2C(C(=O)[O-])=C(C[N+]3(C)CCCC3)CS[C@H]12)c1csc(N)n1,=,0.053,%,Activity,,Beta-lactamase,single protein format
CHEMBL520642,Nc1nc(/C(=N/O)C(=O)N[C@@H]2C(=O)N3C(C(=O)O)=C(/C=C4\CCN([C@@H]5CCNC5)C4=O)CS[C@H]23)ns1,=,0.038,/s/microM,Kcat/Km,,Beta-lactamase,single protein format
CHEMBL186,CO/N=C(\C(=O)N[C@@H]1C(=O)N2C(C(=O)[O-])=C(C[N+]3(C)CCCC3)CS[C@H]12)c1csc(N)n1,=,0.025,%,Activity,,Beta-lactamase,single protein format
CHEMBL44354,CC(C)(O/N=C(\C(=O)N[C@@H]1C(=O)N2C(C(=O)[O-])=C(C[n+]3ccccc3)CS[C@H]12)c1csc(N)n1)C(=O)O,=,0.023,%,Activity,,Beta-lactamase,single protein format
CHEMBL520642,Nc1nc(/C(=N/O)C(=O)N[C@@H]2C(=O)N3C(C(=O)O)=C(/C=C4\CCN([C@@H]5CCNC5)C4=O)CS[C@H]23)ns1,=,0.022,/s/microM,Kcat/Km,,Beta-lactamase,single protein format
CHEMBL44354,CC(C)(O/N=C(\C(=O)N[C@@H]1C(=O)N2C(C(=O)[O-])=C(C[n+]3ccccc3)CS[C@H]12)c1csc(N)n1)C(=O)O,=,0.021,/s,Kcat,,Beta-lactamase,single protein format
CHEMBL186,CO/N=C(\C(=O)N[C@@H]1C(=O)N2C(C(=O)[O-])=C(C[N+]3(C)CCCC3)CS[C@H]12)c1csc(N)n1,<=,0.021,/s,Kcat,,Beta-lactamase,single protein format
CHEMBL520642,Nc1nc(/C(=N/O)C(=O)N[C@@H]2C(=O)N3C(C(=O)O)=C(/C=C4\CCN([C@@H]5CCNC5)C4=O)CS[C@H]23)ns1,=,0.014,%,Activity,,Beta-lactamase,single protein format
CHEMBL186,CO/N=C(\C(=O)N[C@@H]1C(=O)N2C(C(=O)[O-])=C(C[N+]3(C)CCCC3)CS[C@H]12)c1csc(N)n1,=,0.011,%,Activity,,Beta-lactamase,single protein format
CHEMBL520642,Nc1nc(/C(=N/O)C(=O)N[C@@H]2C(=O)N3C(C(=O)O)=C(/C=C4\CCN([C@@H]5CCNC5)C4=O)CS[C@H]23)ns1,=,0.0084,%,Activity,,Beta-lactamase,single protein format
CHEMBL520642,Nc1nc(/C(=N/O)C(=O)N[C@@H]2C(=O)N3C(C(=O)O)=C(/C=C4\CCN([C@@H]5CCNC5)C4=O)CS[C@H]23)ns1,<=,0.0083,%,Activity,,Beta-lactamase,single protein format
CHEMBL44354,CC(C)(O/N=C(\C(=O)N[C@@H]1C(=O)N2C(C(=O)[O-])=C(C[n+]3ccccc3)CS[C@H]12)c1csc(N)n1)C(=O)O,=,0.0072,/s/microM,Kcat/Km,,Beta-lactamase,single protein format
CHEMBL186,CO/N=C(\C(=O)N[C@@H]1C(=O)N2C(C(=O)[O-])=C(C[N+]3(C)CCCC3)CS[C@H]12)c1csc(N)n1,=,0.004,/s/microM,Kcat/Km,,Beta-lactamase,single protein format
CHEMBL186,CO/N=C(\C(=O)N[C@@H]1C(=O)N2C(C(=O)[O-])=C(C[N+]3(C)CCCC3)CS[C@H]12)c1csc(N)n1,<=,0.003,%,Activity,,Beta-lactamase,single protein format
CHEMBL186,CO/N=C(\C(=O)N[C@@H]1C(=O)N2C(C(=O)[O-])=C(C[N+]3(C)CCCC3)CS[C@H]12)c1csc(N)n1,<=,0.0022,%,Activity,,Beta-lactamase,single protein format
CHEMBL520642,Nc1nc(/C(=N/O)C(=O)N[C@@H]2C(=O)N3C(C(=O)O)=C(/C=C4\CCN([C@@H]5CCNC5)C4=O)CS[C@H]23)ns1,<=,0.0022,/s/microM,Kcat/Km,,Beta-lactamase,single protein format
CHEMBL44354,CC(C)(O/N=C(\C(=O)N[C@@H]1C(=O)N2C(C(=O)[O-])=C(C[n+]3ccccc3)CS[C@H]12)c1csc(N)n1)C(=O)O,=,0.0015,/s/microM,Kcat/Km,,Beta-lactamase,single protein format
CHEMBL44354,CC(C)(O/N=C(\C(=O)N[C@@H]1C(=O)N2C(C(=O)[O-])=C(C[n+]3ccccc3)CS[C@H]12)c1csc(N)n1)C(=O)O,=,0.00084,%,Activity,,Beta-lactamase,single protein format
CHEMBL186,CO/N=C(\C(=O)N[C@@H]1C(=O)N2C(C(=O)[O-])=C(C[N+]3(C)CCCC3)CS[C@H]12)c1csc(N)n1,<=,0.000033,/s/microM,Kcat/Km,,Beta-lactamase,single protein format
CHEMBL316157,O=C(Cc1cccs1)N[C@@H]1C(=O)N2C(C(=O)[O-])=C(C[n+]3ccccc3)CS[C@H]12,=,330000.0,nM,Km,,Beta-lactamase,single protein format
CHEMBL316157,O=C(Cc1cccs1)N[C@@H]1C(=O)N2C(C(=O)[O-])=C(C[n+]3ccccc3)CS[C@H]12,=,360000.0,nM,Km,,Beta-lactamase,single protein format
CHEMBL316157,O=C(Cc1cccs1)N[C@@H]1C(=O)N2C(C(=O)[O-])=C(C[n+]3ccccc3)CS[C@H]12,=,480000.0,nM,Km,,Beta-lactamase,single protein format
CHEMBL29,CC1(C)S[C@@H]2[C@H](NC(=O)Cc3ccccc3)C(=O)N2[C@H]1C(=O)O,=,520.0,%,Activity,,Beta-lactamase,single protein format
CHEMBL480517,O=C(Cc1cccs1)N[C@@H]1C(=O)N2C(C(=O)O)=C(/C=C/c3ccc([N+](=O)[O-])cc3[N+](=O)[O-])CS[C@H]12,=,570.0,/s,Kcat,,Beta-lactamase,single protein format
CHEMBL186,CO/N=C(\C(=O)N[C@@H]1C(=O)N2C(C(=O)[O-])=C(C[N+]3(C)CCCC3)CS[C@H]12)c1csc(N)n1,>,630000.0,nM,Km,,Beta-lactamase,single protein format
CHEMBL480517,O=C(Cc1cccs1)N[C@@H]1C(=O)N2C(C(=O)O)=C(/C=C/c3ccc([N+](=O)[O-])cc3[N+](=O)[O-])CS[C@H]12,=,670.0,%,Activity,,Beta-lactamase,single protein format
CHEMBL316157,O=C(Cc1cccs1)N[C@@H]1C(=O)N2C(C(=O)[O-])=C(C[n+]3ccccc3)CS[C@H]12,=,690.0,/s,Kcat,,Beta-lactamase,single protein format
CHEMBL316157,O=C(Cc1cccs1)N[C@@H]1C(=O)N2C(C(=O)[O-])=C(C[n+]3ccccc3)CS[C@H]12,=,2500.0,/s,Kcat,,Beta-lactamase,single protein format
CHEMBL316157,O=C(Cc1cccs1)N[C@@H]1C(=O)N2C(C(=O)[O-])=C(C[n+]3ccccc3)CS[C@H]12,=,3200.0,/s,Kcat,,Beta-lactamase,single protein format
CHEMBL44354,CC(C)(O/N=C(\C(=O)N[C@@H]1C(=O)N2C(C(=O)[O-])=C(C[n+]3ccccc3)CS[C@H]12)c1csc(N)n1)C(=O)O,=,110000.0,nM,Km,,Beta-lactamase,single protein format
CHEMBL29,CC1(C)S[C@@H]2[C@H](NC(=O)Cc3ccccc3)C(=O)N2[C@H]1C(=O)O,=,99.0,%,Activity,,Beta-lactamase,single protein format
CHEMBL29,CC1(C)S[C@@H]2[C@H](NC(=O)Cc3ccccc3)C(=O)N2[C@H]1C(=O)O,=,89.0,%,Activity,,Beta-lactamase,single protein format
CHEMBL480517,O=C(Cc1cccs1)N[C@@H]1C(=O)N2C(C(=O)O)=C(/C=C/c3ccc([N+](=O)[O-])cc3[N+](=O)[O-])CS[C@H]12,=,83.0,%,Activity,,Beta-lactamase,single protein format
CHEMBL186,CO/N=C(\C(=O)N[C@@H]1C(=O)N2C(C(=O)[O-])=C(C[N+]3(C)CCCC3)CS[C@H]12)c1csc(N)n1,=,67000.0,nM,Km,,Beta-lactamase,single protein format
CHEMBL29,CC1(C)S[C@@H]2[C@H](NC(=O)Cc3ccccc3)C(=O)N2[C@H]1C(=O)O,=,65.0,/s,Kcat,,Beta-lactamase,single protein format
CHEMBL516141,O=C(Cc1cccs1)N[C@@H]1C(=O)N2C(C(=O)O)=C(Cn3c(=O)[nH]cc(F)c3=O)CS[C@H]12,=,95400.0,nM,Km,,Beta-lactamase,single protein format
CHEMBL516141,O=C(Cc1cccs1)N[C@@H]1C(=O)N2C(C(=O)O)=C(Cn3c(=O)[nH]cc(F)c3=O)CS[C@H]12,=,3.21,umol/min/mg,Vmax,,Beta-lactamase,single protein format
CHEMBL509901,CCOC(=O)CC(N)(CC(=O)OCC)C(=O)OCC,=,87.0,%,Inhibition,,Beta-lactamase,single protein format
CHEMBL551694,COC(=O)C(N)(CC(=O)OCc1ccccc1)CC(=O)OCc1ccccc1,=,100.0,%,Inhibition,,Beta-lactamase,single protein format
CHEMBL562155,COC(=O)C(CC(=O)O)(CC(=O)O)NC(=O)COc1ccccc1,=,85.0,%,Inhibition,,Beta-lactamase,single protein format
CHEMBL562216,O=C(O)CC(CC(=O)O)(NC(=O)COc1ccccc1)C(=O)O,=,97.0,%,Inhibition,,Beta-lactamase,single protein format
CHEMBL511057,Cl.NC(CC(=O)O)(CC(=O)O)C(=O)O,=,81.0,%,Inhibition,,Beta-lactamase,single protein format
CHEMBL541497,COC(=O)C(N)(CC(=O)O)CC(=O)O.Cl,=,100.0,%,Inhibition,,Beta-lactamase,single protein format
CHEMBL562158,COC(=O)CC(N)(CC(=O)OC)C(=O)O.Cl,=,100.0,%,Inhibition,,Beta-lactamase,single protein format
CHEMBL559429,CCOC(=O)CCC1(C(=O)OCC)CCC(=O)N1,=,100.0,%,Inhibition,,Beta-lactamase,single protein format
CHEMBL558874,CCOC(=O)C1CC(=O)NC1C(=O)OCC,=,100.0,%,Inhibition,,Beta-lactamase,single protein format
CHEMBL541429,Cl.NC(C(=O)O)C(CC(=O)O)C(=O)O,=,100.0,%,Inhibition,,Beta-lactamase,single protein format
CHEMBL562216,O=C(O)CC(CC(=O)O)(NC(=O)COc1ccccc1)C(=O)O,=,100.0,%,Inhibition,,Beta-lactamase,single protein format
CHEMBL541497,COC(=O)C(N)(CC(=O)O)CC(=O)O.Cl,=,93.0,%,Inhibition,,Beta-lactamase,single protein format
CHEMBL562158,COC(=O)CC(N)(CC(=O)OC)C(=O)O.Cl,=,73.0,%,Inhibition,,Beta-lactamase,single protein format
CHEMBL559429,CCOC(=O)CCC1(C(=O)OCC)CCC(=O)N1,=,100.0,%,Inhibition,,Beta-lactamase,single protein format
CHEMBL558874,CCOC(=O)C1CC(=O)NC1C(=O)OCC,=,100.0,%,Inhibition,,Beta-lactamase,single protein format
CHEMBL541429,Cl.NC(C(=O)O)C(CC(=O)O)C(=O)O,=,94.0,%,Inhibition,,Beta-lactamase,single protein format
CHEMBL561555,COC(=O)CC(N)(CC(=O)OC)C(=O)OCc1ccccc1,,,,Inhibition,,Beta-lactamase,single protein format
CHEMBL561821,NC(CC(=O)OCc1ccccc1)(CC(=O)OCc1ccccc1)C(=O)OCc1ccccc1,,,,Inhibition,,Beta-lactamase,single protein format
CHEMBL561896,COC(=O)CC(CC(=O)OC)(NC(=O)Cc1ccccc1)C(=O)OC,,,,Inhibition,,Beta-lactamase,single protein format
CHEMBL563044,COC(=O)C(CC(=O)OCc1ccccc1)(CC(=O)OCc1ccccc1)NC(=O)COc1ccccc1,,,,Inhibition,,Beta-lactamase,single protein format
CHEMBL553476,O=C(COc1ccccc1)NC(CC(=O)OCc1ccccc1)(CC(=O)OCc1ccccc1)C(=O)OCc1ccccc1,,,,Inhibition,,Beta-lactamase,single protein format
CHEMBL509901,CCOC(=O)CC(N)(CC(=O)OCC)C(=O)OCC,,,,Inhibition,,Beta-lactamase,single protein format
CHEMBL551694,COC(=O)C(N)(CC(=O)OCc1ccccc1)CC(=O)OCc1ccccc1,,,,Inhibition,,Beta-lactamase,single protein format
CHEMBL562155,COC(=O)C(CC(=O)O)(CC(=O)O)NC(=O)COc1ccccc1,,,,Inhibition,,Beta-lactamase,single protein format
CHEMBL511057,Cl.NC(CC(=O)O)(CC(=O)O)C(=O)O,,,,Inhibition,,Beta-lactamase,single protein format
CHEMBL589114,O=C(O)c1cccc(OC(=O)C2Cc3ccccc3N(Cc3ccccc3)C2=O)c1,=,290.0,/s/M,Kcat/Km,,Beta-lactamase,single protein format
CHEMBL603824,O=C(O)c1cccc(OC(=O)C2CCN(Cc3ccccc3)C2=O)c1,=,50.0,/s/M,Kcat/Km,,Beta-lactamase,single protein format
CHEMBL592008,O=C(CC(=O)N(Cc1ccccc1)Cc1ccccc1)Oc1cccc(C(=O)O)c1,=,7.9,10'3/s/M,Kcat/Km,,Beta-lactamase,single protein format
CHEMBL592007,CN(Cc1ccccc1)C(=O)CC(=O)Oc1cccc(C(=O)O)c1,=,4.7,10'2/s/M,Kcat/Km,,Beta-lactamase,single protein format
CHEMBL592006,CO[C@H](C(=O)NCc1ccccc1)C(=O)Oc1cccc(C(=O)O)c1,=,2.9,10'3/s/M,Kcat/Km,,Beta-lactamase,single protein format
CHEMBL604034,CO[C@@H](C(=O)NCc1ccccc1)C(=O)Oc1cccc(C(=O)O)c1,=,7.4,10'3/s/M,Kcat/Km,,Beta-lactamase,single protein format
CHEMBL604163,O=C(O)c1cccc(OC(=O)C(Cc2ccccc2)C(=O)NCc2ccccc2)c1,=,1.9,10'4/s/M,Kcat/Km,,Beta-lactamase,single protein format
CHEMBL590555,C[C@@H](C(=O)NCc1ccccc1)C(=O)Oc1cccc(C(=O)O)c1,=,2.36,10'3/s/M,Kcat/Km,,Beta-lactamase,single protein format
CHEMBL590554,C[C@H](C(=O)NCc1ccccc1)C(=O)Oc1cccc(C(=O)O)c1,=,2.13,10'4/s/M,Kcat/Km,,Beta-lactamase,single protein format
CHEMBL590553,O=C(CC(=O)Oc1cccc(C(=O)O)c1)NCc1ccccc1,=,2.45,10'5/s/M,Kcat/Km,,Beta-lactamase,single protein format
CHEMBL589114,O=C(O)c1cccc(OC(=O)C2Cc3ccccc3N(Cc3ccccc3)C2=O)c1,=,1400000.0,nM,Km,,Beta-lactamase,single protein format
CHEMBL603824,O=C(O)c1cccc(OC(=O)C2CCN(Cc3ccccc3)C2=O)c1,=,2500000.0,nM,Km,,Beta-lactamase,single protein format
CHEMBL592008,O=C(CC(=O)N(Cc1ccccc1)Cc1ccccc1)Oc1cccc(C(=O)O)c1,=,32000.0,nM,Km,,Beta-lactamase,single protein format
CHEMBL592007,CN(Cc1ccccc1)C(=O)CC(=O)Oc1cccc(C(=O)O)c1,=,700000.0,nM,Km,,Beta-lactamase,single protein format
CHEMBL592006,CO[C@H](C(=O)NCc1ccccc1)C(=O)Oc1cccc(C(=O)O)c1,>,1000000.0,nM,Km,,Beta-lactamase,single protein format
CHEMBL604034,CO[C@@H](C(=O)NCc1ccccc1)C(=O)Oc1cccc(C(=O)O)c1,>,1000000.0,nM,Km,,Beta-lactamase,single protein format
CHEMBL604163,O=C(O)c1cccc(OC(=O)C(Cc2ccccc2)C(=O)NCc2ccccc2)c1,=,2600.0,nM,Km,,Beta-lactamase,single protein format
CHEMBL590555,C[C@@H](C(=O)NCc1ccccc1)C(=O)Oc1cccc(C(=O)O)c1,=,2800000.0,nM,Km,,Beta-lactamase,single protein format
CHEMBL590554,C[C@H](C(=O)NCc1ccccc1)C(=O)Oc1cccc(C(=O)O)c1,=,60000.0,nM,Km,,Beta-lactamase,single protein format
CHEMBL589114,O=C(O)c1cccc(OC(=O)C2Cc3ccccc3N(Cc3ccccc3)C2=O)c1,=,0.41,/s,Kcat,,Beta-lactamase,single protein format
CHEMBL603824,O=C(O)c1cccc(OC(=O)C2CCN(Cc3ccccc3)C2=O)c1,=,0.12,/s,Kcat,,Beta-lactamase,single protein format
CHEMBL592008,O=C(CC(=O)N(Cc1ccccc1)Cc1ccccc1)Oc1cccc(C(=O)O)c1,=,0.25,/s,Kcat,,Beta-lactamase,single protein format
CHEMBL592007,CN(Cc1ccccc1)C(=O)CC(=O)Oc1cccc(C(=O)O)c1,=,0.33,/s,Kcat,,Beta-lactamase,single protein format
CHEMBL592006,CO[C@H](C(=O)NCc1ccccc1)C(=O)Oc1cccc(C(=O)O)c1,>,2.9,/s,Kcat,,Beta-lactamase,single protein format
CHEMBL604034,CO[C@@H](C(=O)NCc1ccccc1)C(=O)Oc1cccc(C(=O)O)c1,>,7.4,/s,Kcat,,Beta-lactamase,single protein format
CHEMBL604163,O=C(O)c1cccc(OC(=O)C(Cc2ccccc2)C(=O)NCc2ccccc2)c1,=,0.05,/s,Kcat,,Beta-lactamase,single protein format
CHEMBL590555,C[C@@H](C(=O)NCc1ccccc1)C(=O)Oc1cccc(C(=O)O)c1,=,6.6,/s,Kcat,,Beta-lactamase,single protein format
CHEMBL590553,O=C(CC(=O)Oc1cccc(C(=O)O)c1)NCc1ccccc1,=,170000.0,nM,Km,,Beta-lactamase,single protein format
CHEMBL590554,C[C@H](C(=O)NCc1ccccc1)C(=O)Oc1cccc(C(=O)O)c1,=,1.17,/s,Kcat,,Beta-lactamase,single protein format
CHEMBL590553,O=C(CC(=O)Oc1cccc(C(=O)O)c1)NCc1ccccc1,=,41.0,/s,Kcat,,Beta-lactamase,single protein format
CHEMBL589115,O=C(CP(=O)(O)Oc1cccc(C(=O)O)c1)NCc1ccccc1,=,45.0,/s/M,Kcat/Km,,Beta-lactamase,single protein format
CHEMBL1089781,O=S(=O)(NCB(O)O)c1cc2c(Cl)ccc(Cl)c2s1,=,620.0,nM,IC50,6.21,Beta-lactamase,single protein format
CHEMBL316157,O=C(Cc1cccs1)N[C@@H]1C(=O)N2C(C(=O)[O-])=C(C[n+]3ccccc3)CS[C@H]12,=,2500.0,/s,Kcat,,Beta-lactamase,single protein format
CHEMBL29,CC1(C)S[C@@H]2[C@H](NC(=O)Cc3ccccc3)C(=O)N2[C@H]1C(=O)O,=,32.0,/s,Kcat,,Beta-lactamase,single protein format
CHEMBL148,C[C@@H](O)[C@H]1C(=O)N2C(C(=O)O)=C(SCCNC=N)C[C@H]12,=,0.012,/s,Kcat,,Beta-lactamase,single protein format
CHEMBL127,C[C@@H](O)[C@H]1C(=O)N2C(C(=O)O)=C(S[C@@H]3CN[C@H](C(=O)N(C)C)C3)[C@H](C)[C@H]12,=,0.00031,/s,Kcat,,Beta-lactamase,single protein format
CHEMBL491571,C[C@@H](O)[C@H]1C(=O)N2C(C(=O)O)=C(S[C@@H]3CN[C@H](CNS(N)(=O)=O)C3)[C@H](C)[C@H]12,=,0.00043,/s,Kcat,,Beta-lactamase,single protein format
CHEMBL44354,CC(C)(O/N=C(\C(=O)N[C@@H]1C(=O)N2C(C(=O)[O-])=C(C[n+]3ccccc3)CS[C@H]12)c1csc(N)n1)C(=O)O,=,0.021,/s,Kcat,,Beta-lactamase,single protein format
CHEMBL316157,O=C(Cc1cccs1)N[C@@H]1C(=O)N2C(C(=O)[O-])=C(C[n+]3ccccc3)CS[C@H]12,=,330000.0,nM,Km,,Beta-lactamase,single protein format
CHEMBL29,CC1(C)S[C@@H]2[C@H](NC(=O)Cc3ccccc3)C(=O)N2[C@H]1C(=O)O,=,4700.0,nM,Km,,Beta-lactamase,single protein format
CHEMBL148,C[C@@H](O)[C@H]1C(=O)N2C(C(=O)O)=C(SCCNC=N)C[C@H]12,=,24000.0,nM,Km,,Beta-lactamase,single protein format
CHEMBL127,C[C@@H](O)[C@H]1C(=O)N2C(C(=O)O)=C(S[C@@H]3CN[C@H](C(=O)N(C)C)C3)[C@H](C)[C@H]12,=,9800.0,nM,Km,,Beta-lactamase,single protein format
CHEMBL491571,C[C@@H](O)[C@H]1C(=O)N2C(C(=O)O)=C(S[C@@H]3CN[C@H](CNS(N)(=O)=O)C3)[C@H](C)[C@H]12,=,9600.0,nM,Km,,Beta-lactamase,single protein format
CHEMBL44354,CC(C)(O/N=C(\C(=O)N[C@@H]1C(=O)N2C(C(=O)[O-])=C(C[n+]3ccccc3)CS[C@H]12)c1csc(N)n1)C(=O)O,=,2900.0,nM,Km,,Beta-lactamase,single protein format
CHEMBL316157,O=C(Cc1cccs1)N[C@@H]1C(=O)N2C(C(=O)[O-])=C(C[n+]3ccccc3)CS[C@H]12,=,7.6,/s/microM,Kcat/Km,,Beta-lactamase,single protein format
CHEMBL29,CC1(C)S[C@@H]2[C@H](NC(=O)Cc3ccccc3)C(=O)N2[C@H]1C(=O)O,=,6.8,/s/microM,Kcat/Km,,Beta-lactamase,single protein format
CHEMBL148,C[C@@H](O)[C@H]1C(=O)N2C(C(=O)O)=C(SCCNC=N)C[C@H]12,=,0.0005,/s/microM,Kcat/Km,,Beta-lactamase,single protein format
CHEMBL127,C[C@@H](O)[C@H]1C(=O)N2C(C(=O)O)=C(S[C@@H]3CN[C@H](C(=O)N(C)C)C3)[C@H](C)[C@H]12,=,0.000032,/s/microM,Kcat/Km,,Beta-lactamase,single protein format
CHEMBL491571,C[C@@H](O)[C@H]1C(=O)N2C(C(=O)O)=C(S[C@@H]3CN[C@H](CNS(N)(=O)=O)C3)[C@H](C)[C@H]12,=,0.000045,/s/microM,Kcat/Km,,Beta-lactamase,single protein format
CHEMBL44354,CC(C)(O/N=C(\C(=O)N[C@@H]1C(=O)N2C(C(=O)[O-])=C(C[n+]3ccccc3)CS[C@H]12)c1csc(N)n1)C(=O)O,=,0.0072,/s/microM,Kcat/Km,,Beta-lactamase,single protein format
CHEMBL29,CC1(C)S[C@@H]2[C@H](NC(=O)Cc3ccccc3)C(=O)N2[C@H]1C(=O)O,=,1.3,%,Activity,,Beta-lactamase,single protein format
CHEMBL148,C[C@@H](O)[C@H]1C(=O)N2C(C(=O)O)=C(SCCNC=N)C[C@H]12,=,0.00048,%,Activity,,Beta-lactamase,single protein format
CHEMBL127,C[C@@H](O)[C@H]1C(=O)N2C(C(=O)O)=C(S[C@@H]3CN[C@H](C(=O)N(C)C)C3)[C@H](C)[C@H]12,=,0.000012,%,Activity,,Beta-lactamase,single protein format
CHEMBL491571,C[C@@H](O)[C@H]1C(=O)N2C(C(=O)O)=C(S[C@@H]3CN[C@H](CNS(N)(=O)=O)C3)[C@H](C)[C@H]12,=,0.000017,%,Activity,,Beta-lactamase,single protein format
CHEMBL44354,CC(C)(O/N=C(\C(=O)N[C@@H]1C(=O)N2C(C(=O)[O-])=C(C[n+]3ccccc3)CS[C@H]12)c1csc(N)n1)C(=O)O,=,0.00084,%,Activity,,Beta-lactamase,single protein format
CHEMBL29,CC1(C)S[C@@H]2[C@H](NC(=O)Cc3ccccc3)C(=O)N2[C@H]1C(=O)O,=,89.0,%,Activity,,Beta-lactamase,single protein format
CHEMBL148,C[C@@H](O)[C@H]1C(=O)N2C(C(=O)O)=C(SCCNC=N)C[C@H]12,=,0.0066,%,Activity,,Beta-lactamase,single protein format
CHEMBL127,C[C@@H](O)[C@H]1C(=O)N2C(C(=O)O)=C(S[C@@H]3CN[C@H](C(=O)N(C)C)C3)[C@H](C)[C@H]12,=,0.00042,%,Activity,,Beta-lactamase,single protein format
CHEMBL491571,C[C@@H](O)[C@H]1C(=O)N2C(C(=O)O)=C(S[C@@H]3CN[C@H](CNS(N)(=O)=O)C3)[C@H](C)[C@H]12,=,0.00059,%,Activity,,Beta-lactamase,single protein format
CHEMBL44354,CC(C)(O/N=C(\C(=O)N[C@@H]1C(=O)N2C(C(=O)[O-])=C(C[n+]3ccccc3)CS[C@H]12)c1csc(N)n1)C(=O)O,=,0.095,%,Activity,,Beta-lactamase,single protein format
CHEMBL403,CC1(C)[C@H](C(=O)O)N2C(=O)C[C@H]2S1(=O)=O,=,21100.0,nM,IC50,4.68,Beta-lactamase,single protein format
CHEMBL777,O=C(O)[C@H]1/C(=C/CO)O[C@@H]2CC(=O)N21,>,100000.0,nM,IC50,,Beta-lactamase,single protein format
CHEMBL404,C[C@]1(Cn2ccnn2)[C@H](C(=O)O)N2C(=O)C[C@H]2S1(=O)=O,=,1300.0,nM,IC50,5.89,Beta-lactamase,single protein format
CHEMBL404,C[C@]1(Cn2ccnn2)[C@H](C(=O)O)N2C(=O)C[C@H]2S1(=O)=O,=,0.15,/s,Activity,,Beta-lactamase,single protein format
CHEMBL404,C[C@]1(Cn2ccnn2)[C@H](C(=O)O)N2C(=O)C[C@H]2S1(=O)=O,=,500.0,/M/s,Ratio,,Beta-lactamase,single protein format
CHEMBL404,C[C@]1(Cn2ccnn2)[C@H](C(=O)O)N2C(=O)C[C@H]2S1(=O)=O,=,170000.0,nM,Ki,,Beta-lactamase,single protein format
CHEMBL404,C[C@]1(Cn2ccnn2)[C@H](C(=O)O)N2C(=O)C[C@H]2S1(=O)=O,=,300000.0,nM,Km,,Beta-lactamase,single protein format
CHEMBL1689063,NC(=O)[C@@H]1CC[C@@H]2CN1C(=O)N2OS(=O)(=O)O,=,100.0,nM,IC50,7.00,Beta-lactamase,single protein format
CHEMBL1689063,NC(=O)[C@@H]1CC[C@@H]2CN1C(=O)N2OS(=O)(=O)O,=,0.05,/s,Activity,,Beta-lactamase,single protein format
CHEMBL1689063,NC(=O)[C@@H]1CC[C@@H]2CN1C(=O)N2OS(=O)(=O)O,=,10000.0,/M/s,Ratio,,Beta-lactamase,single protein format
CHEMBL1689063,NC(=O)[C@@H]1CC[C@@H]2CN1C(=O)N2OS(=O)(=O)O,=,7700.0,nM,Ki,5.11,Beta-lactamase,single protein format
CHEMBL1689063,NC(=O)[C@@H]1CC[C@@H]2CN1C(=O)N2OS(=O)(=O)O,=,5.1,uM,K,,Beta-lactamase,single protein format
CHEMBL1761091,OB1OCc2ccc(Oc3ccccc3)cc21,=,710.0,nM,Ki,6.15,Beta-lactamase,single protein format
CHEMBL1761092,OB1OCc2ccc(Sc3ccccc3)cc21,=,9090.0,nM,Ki,5.04,Beta-lactamase,single protein format
CHEMBL1761093,OB1OCc2ccc(Cc3ccccc3)cc21,=,19790.0,nM,Ki,4.70,Beta-lactamase,single protein format
CHEMBL1761094,O=C(c1ccccc1)c1ccc2c(c1)B(O)OC2,=,28470.0,nM,Ki,4.55,Beta-lactamase,single protein format
CHEMBL1761095,OB1OCc2ccc(C(O)c3ccccc3)cc21,=,7280.0,nM,Ki,5.14,Beta-lactamase,single protein format
CHEMBL1761096,[O-][S+](c1ccccc1)c1ccc2c(c1)B(O)OC2,=,57980.0,nM,Ki,4.24,Beta-lactamase,single protein format
CHEMBL1761257,O=S(=O)(c1ccccc1)c1ccc2c(c1)B(O)OC2,=,63220.0,nM,Ki,4.20,Beta-lactamase,single protein format
CHEMBL1761258,O=C(Nc1ccc2c(c1)B(O)OC2)c1ccccc1,=,46560.0,nM,Ki,4.33,Beta-lactamase,single protein format
CHEMBL1761259,O=C(ONc1ccccc1)c1ccc2c(c1)B(O)OC2,=,16000.0,nM,Ki,4.80,Beta-lactamase,single protein format
CHEMBL1761260,OB1OCc2ccc(Nc3ccccc3)cc21,=,4730.0,nM,Ki,5.33,Beta-lactamase,single protein format
CHEMBL1761261,COc1cccc(Oc2ccc3c(c2)B(O)OC3)c1,=,1350.0,nM,Ki,5.87,Beta-lactamase,single protein format
CHEMBL1761262,OB1OCc2ccc(Oc3cccc(O)c3)cc21,,,,Ki,,Beta-lactamase,single protein format
CHEMBL1761263,Nc1cccc(Oc2ccc3c(c2)B(O)OC3)c1,=,2750.0,nM,Ki,5.56,Beta-lactamase,single protein format
CHEMBL1761264,OCc1cccc(Oc2ccc3c(c2)B(O)OC3)c1,=,8400.0,nM,Ki,5.08,Beta-lactamase,single protein format
CHEMBL1761265,NCc1cccc(Oc2ccc3c(c2)B(O)OC3)c1,=,3330.0,nM,Ki,5.48,Beta-lactamase,single protein format
CHEMBL1761266,OB1OCc2ccc(Oc3cccc(OCc4ccccc4)c3)cc21,=,2270.0,nM,Ki,5.64,Beta-lactamase,single protein format
CHEMBL1761267,CN(C)Cc1cccc(Oc2ccc3c(c2)B(O)OC3)c1,=,7720.0,nM,Ki,5.11,Beta-lactamase,single protein format
CHEMBL1761268,O=C(O)c1cccc(Oc2ccc3c(c2)B(O)OC3)c1,=,1440.0,nM,Ki,5.84,Beta-lactamase,single protein format
CHEMBL1761269,COc1ccc(Oc2ccc3c(c2)B(O)OC3)cc1,=,6000.0,nM,Ki,5.22,Beta-lactamase,single protein format
CHEMBL1761270,Nc1ccc(Oc2ccc3c(c2)B(O)OC3)cc1,=,8730.0,nM,Ki,5.06,Beta-lactamase,single protein format
CHEMBL1761271,NCc1ccc(Oc2ccc3c(c2)B(O)OC3)cc1,=,13300.0,nM,Ki,4.88,Beta-lactamase,single protein format
CHEMBL1761272,CN(C)Cc1ccc(Oc2ccc3c(c2)B(O)OC3)cc1,=,40630.0,nM,Ki,4.39,Beta-lactamase,single protein format
CHEMBL1761273,CCOC(=O)c1ccc(Oc2ccc3c(c2)B(O)OC3)cc1,=,5550.0,nM,Ki,5.26,Beta-lactamase,single protein format
CHEMBL1761274,O=C(O)c1ccc(Oc2ccc3c(c2)B(O)OC3)cc1,=,20.0,nM,Ki,7.70,Beta-lactamase,single protein format
CHEMBL1761275,O=C(O)c1cnc(Oc2ccc3c(c2)B(O)OC3)cn1,=,20.0,nM,Ki,7.70,Beta-lactamase,single protein format
CHEMBL1761276,O=C(O)c1cnc(Oc2ccc3c(c2)B(O)OC3)nc1,=,80.0,nM,Ki,7.10,Beta-lactamase,single protein format
CHEMBL1761275,O=C(O)c1cnc(Oc2ccc3c(c2)B(O)OC3)cn1,,,,Activity,,Beta-lactamase,single protein format
CHEMBL1795563,CO/N=C(\C(=O)NCP(=O)(O)Oc1ccc(C#N)c(F)c1)c1cnc(N)s1,=,800.0,nM,IC50,6.10,Beta-lactamase,single protein format
CHEMBL1795564,CO/N=C(\C(=O)NCP(=O)(O)Oc1ccc(C#N)c(F)c1)c1cnc(NC(=O)C(Cl)(Cl)Cl)s1,=,340.0,nM,IC50,6.47,Beta-lactamase,single protein format
CHEMBL1795564,CO/N=C(\C(=O)NCP(=O)(O)Oc1ccc(C#N)c(F)c1)c1cnc(NC(=O)C(Cl)(Cl)Cl)s1,=,710.0,nM,IC50,6.15,Beta-lactamase,single protein format
CHEMBL1795565,CON=C(C(=O)NCP(=O)(O)Oc1ccc(C#N)c(F)c1)c1cccs1,=,39.0,nM,IC50,7.41,Beta-lactamase,single protein format
CHEMBL1795566,CO/N=C(\C(=O)NCP(=O)(O)Oc1ccc(C#N)c(F)c1)c1cccs1,=,100.0,nM,IC50,7.00,Beta-lactamase,single protein format
CHEMBL1795567,CO/N=C(/C(=O)NCP(=O)(O)Oc1ccc(C#N)c(F)c1)c1cccs1,=,32.0,nM,IC50,7.50,Beta-lactamase,single protein format
CHEMBL1795568,N#Cc1ccc(OP(=O)(O)CNC(=O)C(=NO)c2cccs2)cc1F,=,100.0,nM,IC50,7.00,Beta-lactamase,single protein format
CHEMBL1795569,CO/N=C(\C(=O)NCP(=O)(O)O)c1cccs1,=,21000.0,nM,IC50,4.68,Beta-lactamase,single protein format
CHEMBL1795570,CO/N=C(/C(=O)NCP(=O)(O)O)c1cccs1,=,3000.0,nM,IC50,5.52,Beta-lactamase,single protein format
CHEMBL1795571,N#Cc1ccc(OP(=O)([O-])CNC(=O)/C(=N\OCCC[n+]2ccccc2)c2cccs2)cc1F,=,87.0,nM,IC50,7.06,Beta-lactamase,single protein format
CHEMBL1795571,N#Cc1ccc(OP(=O)([O-])CNC(=O)/C(=N\OCCC[n+]2ccccc2)c2cccs2)cc1F,=,170.0,nM,IC50,6.77,Beta-lactamase,single protein format
CHEMBL1795572,CO/N=C(/C(=O)NCP(=O)(O)Oc1ccc(C#N)c(F)c1)c1ccc(Cl)s1,=,19.0,nM,IC50,7.72,Beta-lactamase,single protein format
CHEMBL3317857,O=C(O)C[C@@H]1CC[C@H](NC(=O)Cc2cccs2)B(O)O1,=,2.0,ug.mL-1,MIC,,Beta-lactamase,single protein format
CHEMBL3317857,O=C(O)C[C@@H]1CC[C@H](NC(=O)Cc2cccs2)B(O)O1,=,0.5,ug.mL-1,MIC,,Beta-lactamase,single protein format
CHEMBL44354,CC(C)(O/N=C(\C(=O)N[C@@H]1C(=O)N2C(C(=O)[O-])=C(C[n+]3ccccc3)CS[C@H]12)c1csc(N)n1)C(=O)O,=,7.0,10'-3/s,Kcat,,Beta-lactamase,cell-based format
CHEMBL50,O=c1c(O)c(-c2ccc(O)c(O)c2)oc2cc(O)cc(O)c12,=,85000.0,nM,IC50,4.07,Beta-lactamase,single protein format
CHEMBL226335,C[C@@H]1O[C@@H](OC[C@H]2O[C@@H](Oc3c(-c4ccc(O)c(O)c4)oc4cc(O)cc(O)c4c3=O)[C@H](O)[C@@H](O)[C@@H]2O)[C@H](O)[C@H](O)[C@H]1O,>,500000.0,nM,IC50,,Beta-lactamase,single protein format
CHEMBL45068,O=C(CCc1ccc(O)cc1)c1c(O)cc(O)cc1O,=,496000.0,nM,IC50,,Beta-lactamase,single protein format
CHEMBL34241,CC(=O)c1c(O)c(C)c(O)c(Cc2c(O)c3c(c(C(=O)/C=C/c4ccccc4)c2O)OC(C)(C)C=C3)c1O,=,96000.0,nM,IC50,4.02,Beta-lactamase,single protein format
CHEMBL222556,O=c1cc(-c2ccc(O)c(O)c2)oc2ccccc12,,,,IC50,,Beta-lactamase,single protein format
CHEMBL1003,O=C([O-])[C@H]1/C(=C/CO)O[C@@H]2CC(=O)N21.[K+],=,539000.0,nM,IC50,,Beta-lactamase,single protein format
CHEMBL1126,CC1(C)S[C@@H]2[C@H](NC(=O)Cc3ccccc3)C(=O)N2[C@H]1C(=O)[O-].[Na+],=,7200.0,nM,IC50,5.14,Beta-lactamase,single protein format
CHEMBL583912,Oc1cc(O)c2c(c1)O[C@H](c1ccc(O)c(O)c1)[C@H](O)C2,,,,Inhibition,,Beta-lactamase,single protein format
CHEMBL297453,O=C(O[C@@H]1Cc2c(O)cc(O)cc2O[C@@H]1c1cc(O)c(O)c(O)c1)c1cc(O)c(O)c(O)c1,,,,Inhibition,,Beta-lactamase,single protein format
CHEMBL485818,O=C(O)[C@H]1O[C@@H](Oc2cc3oc(-c4ccccc4)cc(=O)c3c(O)c2O)[C@H](O)[C@@H](O)[C@@H]1O,,,,Inhibition,,Beta-lactamase,single protein format
CHEMBL441687,CC1(C)[C@@H](O[C@H]2O[C@H](C(=O)O)[C@@H](O)[C@H](O)[C@H]2O[C@@H]2O[C@H](C(=O)O)[C@@H](O)[C@H](O)[C@H]2O)CC[C@@]2(C)[C@H]1CC[C@]1(C)[C@@H]2C(=O)C=C2[C@@H]3C[C@@](C)(C(=O)O)CC[C@]3(C)CC[C@]21C,,,,Inhibition,,Beta-lactamase,single protein format
CHEMBL226335,C[C@@H]1O[C@@H](OC[C@H]2O[C@@H](Oc3c(-c4ccc(O)c(O)c4)oc4cc(O)cc(O)c4c3=O)[C@H](O)[C@@H](O)[C@@H]2O)[C@H](O)[C@H](O)[C@H]1O,=,15.0,%,Inhibition,,Beta-lactamase,single protein format
CHEMBL226335,C[C@@H]1O[C@@H](OC[C@H]2O[C@@H](Oc3c(-c4ccc(O)c(O)c4)oc4cc(O)cc(O)c4c3=O)[C@H](O)[C@@H](O)[C@@H]2O)[C@H](O)[C@H](O)[C@H]1O,,,,IC50,,Beta-lactamase,single protein format
CHEMBL45068,O=C(CCc1ccc(O)cc1)c1c(O)cc(O)cc1O,,,,IC50,,Beta-lactamase,single protein format
CHEMBL34241,CC(=O)c1c(O)c(C)c(O)c(Cc2c(O)c3c(c(C(=O)/C=C/c4ccccc4)c2O)OC(C)(C)C=C3)c1O,=,142000.0,nM,IC50,,Beta-lactamase,single protein format
CHEMBL222556,O=c1cc(-c2ccc(O)c(O)c2)oc2ccccc12,,,,IC50,,Beta-lactamase,single protein format
CHEMBL1003,O=C([O-])[C@H]1/C(=C/CO)O[C@@H]2CC(=O)N21.[K+],=,330000.0,nM,IC50,,Beta-lactamase,single protein format
CHEMBL1126,CC1(C)S[C@@H]2[C@H](NC(=O)Cc3ccccc3)C(=O)N2[C@H]1C(=O)[O-].[Na+],=,3600.0,nM,IC50,5.44,Beta-lactamase,single protein format
CHEMBL220190,CCCCCCCCCCCCCCCC(=O)OC[C@H](O)[C@H]1OC(=O)C(O)=C1O,,,,Inhibition,,Beta-lactamase,single protein format
CHEMBL45068,O=C(CCc1ccc(O)cc1)c1c(O)cc(O)cc1O,,,,Inhibition,,Beta-lactamase,single protein format
CHEMBL34241,CC(=O)c1c(O)c(C)c(O)c(Cc2c(O)c3c(c(C(=O)/C=C/c4ccccc4)c2O)OC(C)(C)C=C3)c1O,,,,Inhibition,,Beta-lactamase,single protein format
CHEMBL1003,O=C([O-])[C@H]1/C(=C/CO)O[C@@H]2CC(=O)N21.[K+],,,,Inhibition,,Beta-lactamase,single protein format
CHEMBL1126,CC1(C)S[C@@H]2[C@H](NC(=O)Cc3ccccc3)C(=O)N2[C@H]1C(=O)[O-].[Na+],,,,Inhibition,,Beta-lactamase,single protein format
CHEMBL50,O=c1c(O)c(-c2ccc(O)c(O)c2)oc2cc(O)cc(O)c12,>,500000.0,nM,IC50,,Beta-lactamase,single protein format
CHEMBL34241,CC(=O)c1c(O)c(C)c(O)c(Cc2c(O)c3c(c(C(=O)/C=C/c4ccccc4)c2O)OC(C)(C)C=C3)c1O,<,50.0,%,Inhibition,,Beta-lactamase,single protein format
CHEMBL45068,O=C(CCc1ccc(O)cc1)c1c(O)cc(O)cc1O,,,,Inhibition,,Beta-lactamase,single protein format
CHEMBL1126,CC1(C)S[C@@H]2[C@H](NC(=O)Cc3ccccc3)C(=O)N2[C@H]1C(=O)[O-].[Na+],,,,Inhibition,,Beta-lactamase,single protein format
CHEMBL45068,O=C(CCc1ccc(O)cc1)c1c(O)cc(O)cc1O,,,,Inhibition,,Beta-lactamase,single protein format
CHEMBL1126,CC1(C)S[C@@H]2[C@H](NC(=O)Cc3ccccc3)C(=O)N2[C@H]1C(=O)[O-].[Na+],,,,Inhibition,,Beta-lactamase,single protein format
CHEMBL50,O=c1c(O)c(-c2ccc(O)c(O)c2)oc2cc(O)cc(O)c12,=,224000.0,nM,IC50,,Beta-lactamase,single protein format
CHEMBL45068,O=C(CCc1ccc(O)cc1)c1c(O)cc(O)cc1O,,,,Inhibition,,Beta-lactamase,single protein format
CHEMBL6,COc1ccc2c(c1)c(CC(=O)O)c(C)n2C(=O)c1ccc(Cl)cc1,,,,Inhibition,,Beta-lactamase,single protein format
CHEMBL74,O=C([O-])c1cc(=O)c2c(OCC(O)COc3cccc4oc(C(=O)[O-])cc(=O)c34)cccc2o1.[Na+].[Na+],,,,Inhibition,,Beta-lactamase,single protein format
CHEMBL4582529,O=C(NOC(=O)Oc1ccccc1)OCc1ccccc1,=,6.1,10'3/M/s,K,,Beta-lactamase,single protein format
CHEMBL4535968,N[C@H](CCCOC(=O)NOC(=O)Oc1ccccc1)C(=O)O,=,3.5,10'4/M/s,K,,Beta-lactamase,single protein format
CHEMBL4583358,CCCCOC(=O)NOC(=O)Oc1ccccc1,=,3.6,10'3/M/s,K,,Beta-lactamase,single protein format
CHEMBL4514634,O=C(NOC(=O)Oc1ccccc1)OCCc1ccccc1,=,3.7,10'4/M/s,K,,Beta-lactamase,single protein format
CHEMBL4594060,O=C(O)CCCCOC(=O)NOC(=O)Oc1ccccc1,=,2.8,10'4/M/s,K,,Beta-lactamase,single protein format
CHEMBL4593963,NC(=O)CCCCOC(=O)NOC(=O)Oc1ccccc1.O=C(O)C(F)(F)F,=,40.0,/M/s,K,,Beta-lactamase,single protein format
CHEMBL4520276,N[C@H](Cc1ccc(OC(=O)NOC(=O)Oc2ccccc2)cc1)C(=O)O,=,360.0,/M/s,K,,Beta-lactamase,single protein format
CHEMBL4582529,O=C(NOC(=O)Oc1ccccc1)OCc1ccccc1,=,2.0,,Ratio,,Beta-lactamase,single protein format
CHEMBL4535968,N[C@H](CCCOC(=O)NOC(=O)Oc1ccccc1)C(=O)O,=,1.25,,Ratio,,Beta-lactamase,single protein format
CHEMBL4583358,CCCCOC(=O)NOC(=O)Oc1ccccc1,=,2.4,,Ratio,,Beta-lactamase,single protein format
CHEMBL4514634,O=C(NOC(=O)Oc1ccccc1)OCCc1ccccc1,=,25.0,,Ratio,,Beta-lactamase,single protein format
CHEMBL4594060,O=C(O)CCCCOC(=O)NOC(=O)Oc1ccccc1,=,2.3,,Ratio,,Beta-lactamase,single protein format
CHEMBL4593963,NC(=O)CCCCOC(=O)NOC(=O)Oc1ccccc1.O=C(O)C(F)(F)F,<=,1.0,,Ratio,,Beta-lactamase,single protein format
CHEMBL4520276,N[C@H](Cc1ccc(OC(=O)NOC(=O)Oc2ccccc2)cc1)C(=O)O,<=,1.0,,Ratio,,Beta-lactamase,single protein format
CHEMBL4582529,O=C(NOC(=O)Oc1ccccc1)OCc1ccccc1,=,2.0,10'3/M/s,Ki,,Beta-lactamase,single protein format
CHEMBL4535968,N[C@H](CCCOC(=O)NOC(=O)Oc1ccccc1)C(=O)O,=,1.6,10'4/M/s,Ki,,Beta-lactamase,single protein format
CHEMBL4583358,CCCCOC(=O)NOC(=O)Oc1ccccc1,=,1.1,10'3/M/s,Ki,,Beta-lactamase,single protein format
CHEMBL4514634,O=C(NOC(=O)Oc1ccccc1)OCCc1ccccc1,=,1.4,10'3/M/s,Ki,,Beta-lactamase,single protein format
CHEMBL4594060,O=C(O)CCCCOC(=O)NOC(=O)Oc1ccccc1,=,8.5,10'3/M/s,Ki,,Beta-lactamase,single protein format
CHEMBL4593963,NC(=O)CCCCOC(=O)NOC(=O)Oc1ccccc1.O=C(O)C(F)(F)F,=,20.0,/M/s,Ki,,Beta-lactamase,single protein format
CHEMBL4520276,N[C@H](Cc1ccc(OC(=O)NOC(=O)Oc2ccccc2)cc1)C(=O)O,=,180.0,/M/s,Ki,,Beta-lactamase,single protein format
CHEMBL4583358,CCCCOC(=O)NOC(=O)Oc1ccccc1,=,185.0,Da,Activity,,Beta-lactamase,single protein format
CHEMBL4514634,O=C(NOC(=O)Oc1ccccc1)OCCc1ccccc1,=,26.0,Da,Activity,,Beta-lactamase,single protein format
CHEMBL4594060,O=C(O)CCCCOC(=O)NOC(=O)Oc1ccccc1,=,26.0,Da,Activity,,Beta-lactamase,single protein format
CHEMBL4593963,NC(=O)CCCCOC(=O)NOC(=O)Oc1ccccc1.O=C(O)C(F)(F)F,=,26.0,Da,Activity,,Beta-lactamase,single protein format
CHEMBL4520276,N[C@H](Cc1ccc(OC(=O)NOC(=O)Oc2ccccc2)cc1)C(=O)O,=,26.0,Da,Activity,,Beta-lactamase,single protein format
