molecule_chembl_id,canonical_smiles,standard_relation,standard_value,standard_units,standard_type,pchembl_value,target_pref_name,bao_label
CHEMBL316157,O=C(Cc1cccs1)N[C@@H]1C(=O)N2C(C(=O)[O-])=C(C[n+]3ccccc3)CS[C@H]12,=,270.0,/s,Kcat,,Beta-lactamase IMP-1,single protein format
CHEMBL29,CC1(C)S[C@@H]2[C@H](NC(=O)Cc3ccccc3)C(=O)N2[C@H]1C(=O)O,=,1400.0,/s,Kcat,,Beta-lactamase IMP-1,single protein format
CHEMBL148,C[C@@H](O)[C@H]1C(=O)N2C(C(=O)O)=C(SCCNC=N)C[C@H]12,=,190.0,/s,Kcat,,Beta-lactamase IMP-1,single protein format
CHEMBL127,C[C@@H](O)[C@H]1C(=O)N2C(C(=O)O)=C(S[C@@H]3CN[C@H](C(=O)N(C)C)C3)[C@H](C)[C@H]12,=,26.0,/s,Kcat,,Beta-lactamase IMP-1,single protein format
CHEMBL491571,C[C@@H](O)[C@H]1C(=O)N2C(C(=O)O)=C(S[C@@H]3CN[C@H](CNS(N)(=O)=O)C3)[C@H](C)[C@H]12,=,110.0,/s,Kcat,,Beta-lactamase IMP-1,single protein format
CHEMBL44354,CC(C)(O/N=C(\C(=O)N[C@@H]1C(=O)N2C(C(=O)[O-])=C(C[n+]3ccccc3)CS[C@H]12)c1csc(N)n1)C(=O)O,=,37.0,/s,Kcat,,Beta-lactamase IMP-1,single protein format
CHEMBL316157,O=C(Cc1cccs1)N[C@@H]1C(=O)N2C(C(=O)[O-])=C(C[n+]3ccccc3)CS[C@H]12,=,21000.0,nM,Km,,Beta-lactamase IMP-1,single protein format
CHEMBL29,CC1(C)S[C@@H]2[C@H](NC(=O)Cc3ccccc3)C(=O)N2[C@H]1C(=O)O,=,550000.0,nM,Km,,Beta-lactamase IMP-1,single protein format
CHEMBL148,C[C@@H](O)[C@H]1C(=O)N2C(C(=O)O)=C(SCCNC=N)C[C@H]12,=,33000.0,nM,Km,,Beta-lactamase IMP-1,single protein format
CHEMBL127,C[C@@H](O)[C@H]1C(=O)N2C(C(=O)O)=C(S[C@@H]3CN[C@H](C(=O)N(C)C)C3)[C@H](C)[C@H]12,=,6500.0,nM,Km,,Beta-lactamase IMP-1,single protein format
CHEMBL491571,C[C@@H](O)[C@H]1C(=O)N2C(C(=O)O)=C(S[C@@H]3CN[C@H](CNS(N)(=O)=O)C3)[C@H](C)[C@H]12,=,30000.0,nM,Km,,Beta-lactamase IMP-1,single protein format
CHEMBL44354,CC(C)(O/N=C(\C(=O)N[C@@H]1C(=O)N2C(C(=O)[O-])=C(C[n+]3ccccc3)CS[C@H]12)c1csc(N)n1)C(=O)O,=,50000.0,nM,Km,,Beta-lactamase IMP-1,single protein format
CHEMBL316157,O=C(Cc1cccs1)N[C@@H]1C(=O)N2C(C(=O)[O-])=C(C[n+]3ccccc3)CS[C@H]12,=,13.0,/s/microM,Kcat/Km,,Beta-lactamase IMP-1,single protein format
CHEMBL29,CC1(C)S[C@@H]2[C@H](NC(=O)Cc3ccccc3)C(=O)N2[C@H]1C(=O)O,=,2.5,/s/microM,Kcat/Km,,Beta-lactamase IMP-1,single protein format
CHEMBL148,C[C@@H](O)[C@H]1C(=O)N2C(C(=O)O)=C(SCCNC=N)C[C@H]12,=,5.8,/s/microM,Kcat/Km,,Beta-lactamase IMP-1,single protein format
CHEMBL127,C[C@@H](O)[C@H]1C(=O)N2C(C(=O)O)=C(S[C@@H]3CN[C@H](C(=O)N(C)C)C3)[C@H](C)[C@H]12,=,4.0,/s/microM,Kcat/Km,,Beta-lactamase IMP-1,single protein format
CHEMBL491571,C[C@@H](O)[C@H]1C(=O)N2C(C(=O)O)=C(S[C@@H]3CN[C@H](CNS(N)(=O)=O)C3)[C@H](C)[C@H]12,=,3.7,/s/microM,Kcat/Km,,Beta-lactamase IMP-1,single protein format
CHEMBL44354,CC(C)(O/N=C(\C(=O)N[C@@H]1C(=O)N2C(C(=O)[O-])=C(C[n+]3ccccc3)CS[C@H]12)c1csc(N)n1)C(=O)O,=,0.74,/s/microM,Kcat/Km,,Beta-lactamase IMP-1,single protein format
CHEMBL29,CC1(C)S[C@@H]2[C@H](NC(=O)Cc3ccccc3)C(=O)N2[C@H]1C(=O)O,=,520.0,%,Activity,,Beta-lactamase IMP-1,single protein format
CHEMBL29,CC1(C)S[C@@H]2[C@H](NC(=O)Cc3ccccc3)C(=O)N2[C@H]1C(=O)O,=,19.0,%,Activity,,Beta-lactamase IMP-1,single protein format
CHEMBL44354,CC(C)(O/N=C(\C(=O)N[C@@H]1C(=O)N2C(C(=O)[O-])=C(C[n+]3ccccc3)CS[C@H]12)c1csc(N)n1)C(=O)O,=,14.0,%,Activity,,Beta-lactamase IMP-1,single protein format
CHEMBL44354,CC(C)(O/N=C(\C(=O)N[C@@H]1C(=O)N2C(C(=O)[O-])=C(C[n+]3ccccc3)CS[C@H]12)c1csc(N)n1)C(=O)O,=,5.7,%,Activity,,Beta-lactamase IMP-1,single protein format
CHEMBL491571,C[C@@H](O)[C@H]1C(=O)N2C(C(=O)O)=C(S[C@@H]3CN[C@H](CNS(N)(=O)=O)C3)[C@H](C)[C@H]12,=,41.0,%,Activity,,Beta-lactamase IMP-1,single protein format
CHEMBL491571,C[C@@H](O)[C@H]1C(=O)N2C(C(=O)O)=C(S[C@@H]3CN[C@H](CNS(N)(=O)=O)C3)[C@H](C)[C@H]12,=,28.0,%,Activity,,Beta-lactamase IMP-1,single protein format
CHEMBL148,C[C@@H](O)[C@H]1C(=O)N2C(C(=O)O)=C(SCCNC=N)C[C@H]12,=,70.0,%,Activity,,Beta-lactamase IMP-1,single protein format
CHEMBL148,C[C@@H](O)[C@H]1C(=O)N2C(C(=O)O)=C(SCCNC=N)C[C@H]12,=,45.0,%,Activity,,Beta-lactamase IMP-1,single protein format
CHEMBL127,C[C@@H](O)[C@H]1C(=O)N2C(C(=O)O)=C(S[C@@H]3CN[C@H](C(=O)N(C)C)C3)[C@H](C)[C@H]12,=,9.6,%,Activity,,Beta-lactamase IMP-1,single protein format
CHEMBL127,C[C@@H](O)[C@H]1C(=O)N2C(C(=O)O)=C(S[C@@H]3CN[C@H](C(=O)N(C)C)C3)[C@H](C)[C@H]12,=,31.0,%,Activity,,Beta-lactamase IMP-1,single protein format
CHEMBL3577961,O=C(CSc1nnc(-c2ccccc2C(=O)O)[nH]1)Nc1ccccc1,=,0.25,ug.mL-1,MIC,,Beta-lactamase IMP-1,assay format
CHEMBL3577962,O=C(CSc1nnc(-c2ccccc2C(=O)O)[nH]1)Nc1nc2ccccc2[nH]1,=,0.25,ug.mL-1,MIC,,Beta-lactamase IMP-1,assay format
CHEMBL3577963,O=C(CSc1nnc(-c2ccccc2C(=O)O)[nH]1)Nc1nc2ccccc2s1,<,0.125,ug.mL-1,MIC,,Beta-lactamase IMP-1,assay format
CHEMBL3577964,O=C(CSc1nnc(-c2ccccc2C(=O)O)[nH]1)Nc1ccc(Cl)cc1,=,0.25,ug.mL-1,MIC,,Beta-lactamase IMP-1,assay format
CHEMBL3577965,O=C(CSc1nnc(-c2ccccc2C(=O)O)[nH]1)Nc1ccc([N+](=O)[O-])cc1,=,0.25,ug.mL-1,MIC,,Beta-lactamase IMP-1,assay format
CHEMBL3577966,O=C(CSc1nnc(-c2ccccc2C(=O)O)[nH]1)NCc1ccccc1,<,0.125,ug.mL-1,MIC,,Beta-lactamase IMP-1,assay format
CHEMBL3577967,O=C(CSc1nnc(-c2ccccc2C(=O)O)[nH]1)Nc1ccccc1Cl,<,0.125,ug.mL-1,MIC,,Beta-lactamase IMP-1,assay format
CHEMBL3577968,O=C(CSc1nnc(-c2ccccc2C(=O)O)[nH]1)Nc1cccc(Cl)c1,<,0.125,ug.mL-1,MIC,,Beta-lactamase IMP-1,assay format
CHEMBL3577969,O=C(CSc1nnc(-c2ccccc2C(=O)O)[nH]1)Nc1ccccc1[N+](=O)[O-],<,0.125,ug.mL-1,MIC,,Beta-lactamase IMP-1,assay format
CHEMBL3577970,O=C(CSc1nnc(-c2ccccc2C(=O)O)[nH]1)Nc1cccc([N+](=O)[O-])c1,<,0.125,ug.mL-1,MIC,,Beta-lactamase IMP-1,assay format
