molecule_chembl_id,canonical_smiles,standard_relation,standard_value,standard_units,standard_type,pchembl_value,target_pref_name,bao_label
CHEMBL263746,O=C([O-])C1=CS[C@@H]2/C(=C\c3cnc4n3CCOC4)C(=O)N12.[Na+],=,66.0,nM,IC50,7.18,Beta-lactamase type II,single protein format
CHEMBL331090,O=C([O-])C1=CS[C@@H]2/C(=C\c3cnc4n3CCNC4)C(=O)N12.[Na+],=,320.0,nM,IC50,6.50,Beta-lactamase type II,single protein format
CHEMBL124416,O=C([O-])C1=CS[C@@H]2/C(=C\c3cc4n(n3)CCC4)C(=O)N12.[Na+],=,14.0,nM,IC50,7.85,Beta-lactamase type II,single protein format
CHEMBL404,C[C@]1(Cn2ccnn2)[C@H](C(=O)O)N2C(=O)C[C@H]2S1(=O)=O,=,400000.0,nM,IC50,,Beta-lactamase type II,single protein format
CHEMBL122450,O=C([O-])C1=CS[C@@H]2/C(=C\c3cn4c5c(sc4n3)CCC5)C(=O)N12.[Na+],=,240.0,nM,IC50,6.62,Beta-lactamase type II,single protein format
CHEMBL406282,C[C@]1(CCl)[C@H](C(=O)[O-])N2C(=O)C[C@H]2S1(=O)=O.[K+],=,12.5,ug ml-1,MPC,,Beta-lactamase type II,assay format
CHEMBL777,O=C(O)[C@H]1/C(=C/CO)O[C@@H]2CC(=O)N21,=,6.3,ug ml-1,MPC,,Beta-lactamase type II,assay format
CHEMBL403,CC1(C)[C@H](C(=O)O)N2C(=O)C[C@H]2S1(=O)=O,=,12.5,ug ml-1,MPC,,Beta-lactamase type II,assay format
CHEMBL302241,Cn1ccnc1SC[C@@]1(C)[C@H](C(=O)O)N2C(=O)C[C@H]2S1(=O)=O,=,1.0,ug.mL-1,IC50,,Beta-lactamase type II,single protein format
CHEMBL308516,C[C@@]1(CSc2nc3ccccc3s2)S[C@@H]2[C@H](Br)C(=O)N2[C@H]1C(=O)O,=,0.003,ug.mL-1,IC50,,Beta-lactamase type II,single protein format
CHEMBL403,CC1(C)[C@H](C(=O)O)N2C(=O)C[C@H]2S1(=O)=O,=,0.5,ug.mL-1,IC50,,Beta-lactamase type II,single protein format
CHEMBL72046,C[C@]1(CSC2=NCCS2)[C@H](C(=O)O)N2C(=O)C[C@H]2S1(=O)=O,=,0.32,ug.mL-1,IC50,,Beta-lactamase type II,single protein format
CHEMBL423309,Cn1cnnc1SC[C@@]1(C)[C@H](C(=O)O)N2C(=O)C[C@H]2S1(=O)=O,=,0.25,ug.mL-1,IC50,,Beta-lactamase type II,single protein format
CHEMBL310221,C[C@@]1(CSC2=NCCS2)S[C@@H]2[C@H](Br)C(=O)N2[C@H]1C(=O)O,=,0.013,ug.mL-1,IC50,,Beta-lactamase type II,single protein format
CHEMBL73622,CC1(C)S[C@@H]2[C@H](Br)C(=O)N2[C@H]1C(=O)O,=,0.013,ug.mL-1,IC50,,Beta-lactamase type II,single protein format
CHEMBL302512,Cn1nnnc1SC[C@@]1(C)[C@H](C(=O)O)N2C(=O)C[C@H]2S1(=O)=O,=,0.4,ug.mL-1,IC50,,Beta-lactamase type II,single protein format
CHEMBL309009,C[C@]1(CSc2nc3ccccc3o2)[C@H](C(=O)O)N2C(=O)C[C@H]2S1(=O)=O,=,0.4,ug.mL-1,IC50,,Beta-lactamase type II,single protein format
CHEMBL415266,Cn1nnnc1SC[C@]1(C)S[C@@H]2[C@H](Br)C(=O)N2[C@H]1C(=O)O,=,0.016,ug.mL-1,IC50,,Beta-lactamase type II,single protein format
CHEMBL305908,C[C@@]1(CSc2nc[nH]n2)S[C@@H]2[C@H](Br)C(=O)N2[C@H]1C(=O)O,=,0.025,ug.mL-1,IC50,,Beta-lactamase type II,single protein format
CHEMBL777,O=C(O)[C@H]1/C(=C/CO)O[C@@H]2CC(=O)N21,=,0.05,ug.mL-1,IC50,,Beta-lactamase type II,single protein format
CHEMBL72972,C[C@]1(CSc2nc3ccccc3[nH]2)[C@H](C(=O)O)N2C(=O)C[C@H]2S1(=O)=O,=,0.5,ug.mL-1,IC50,,Beta-lactamase type II,single protein format
CHEMBL70269,C[C@@]1(CSc2nc3ccccc3o2)S[C@@H]2[C@H](Br)C(=O)N2[C@H]1C(=O)O,=,0.01,ug.mL-1,IC50,,Beta-lactamase type II,single protein format
CHEMBL404,C[C@]1(Cn2ccnn2)[C@H](C(=O)O)N2C(=O)C[C@H]2S1(=O)=O,=,0.8,ug.mL-1,IC50,,Beta-lactamase type II,single protein format
CHEMBL73450,Cn1ccnc1SC[C@]1(C)S[C@@H]2[C@H](Br)C(=O)N2[C@H]1C(=O)O,=,0.032,ug.mL-1,IC50,,Beta-lactamase type II,single protein format
CHEMBL94221,CCCCc1nn(-c2ccc(Cl)cc2)c(C(=O)O)c1Cc1ccc(-c2ccccc2-c2nn[nH]n2)cc1,=,230000.0,nM,IC50,,Beta-lactamase type II,single protein format
CHEMBL91287,CCCCc1nn(-c2ccc(Cl)cc2)c(C(=O)OCC)c1Cc1ccc(-c2ccccc2-c2nn[nH]n2)cc1,=,290000.0,nM,IC50,,Beta-lactamase type II,single protein format
CHEMBL93289,CCCCc1nn(-c2cccc(Cl)c2)c(C(=O)OCC)c1Cc1ccc(-c2ccccc2-c2nn[nH]n2)cc1,=,170000.0,nM,IC50,,Beta-lactamase type II,single protein format
CHEMBL93886,CCCCc1nn(-c2ccccc2-c2ccccc2)c(C(=O)O)c1Cc1ccc(-c2ccccc2-c2nn[nH]n2)cc1,=,180000.0,nM,IC50,,Beta-lactamase type II,single protein format
CHEMBL327862,CCCCc1nn(-c2ccccc2C(F)(F)F)c(C(=O)OCC)c1Cc1ccc(-c2ccccc2-c2nn[nH]n2)cc1,=,22000.0,nM,IC50,4.66,Beta-lactamase type II,single protein format
CHEMBL328598,CCCCc1nn(-c2c(Cl)cc(Cl)cc2Cl)c(C(=O)OCC)c1Cc1ccc(-c2ccccc2-c2nn[nH]n2)cc1,=,80000.0,nM,IC50,4.10,Beta-lactamase type II,single protein format
CHEMBL93735,CCCCc1nn(-c2ccccc2C)c(C(=O)OCC)c1Cc1ccc(-c2ccccc2-c2nn[nH]n2)cc1,=,70000.0,nM,IC50,4.16,Beta-lactamase type II,single protein format
CHEMBL92654,CCCCc1nn(-c2ccccc2C(F)(F)F)c(C(=O)O)c1Cc1ccc(-c2ccccc2-c2nn[nH]n2)cc1,=,40000.0,nM,IC50,4.40,Beta-lactamase type II,single protein format
CHEMBL315878,CCCCc1nn(-c2cc(Cl)ccc2Cl)c(C(=O)O)c1Cc1ccc(-c2ccccc2-c2nn[nH]n2)cc1,=,50000.0,nM,IC50,4.30,Beta-lactamase type II,single protein format
CHEMBL329541,CCCCc1nn(-c2cc(Cl)ccc2Cl)c(C(=O)OCC)c1Cc1ccc(-c2ccccc2-c2nn[nH]n2)cc1,=,100000.0,nM,IC50,4.00,Beta-lactamase type II,single protein format
CHEMBL93547,CCCCc1nn(-c2ccccc2[N+](=O)[O-])c(C(=O)O)c1Cc1ccc(-c2ccccc2-c2nn[nH]n2)cc1,=,120000.0,nM,IC50,,Beta-lactamase type II,single protein format
CHEMBL94002,CCCCc1nn(-c2cccc(Cl)c2Cl)c(C(=O)O)c1Cc1ccc(-c2ccccc2-c2nn[nH]n2)cc1,=,37000.0,nM,IC50,4.43,Beta-lactamase type II,single protein format
CHEMBL93226,CCCCc1nn(-c2ccccc2Cl)c(C(=O)O)c1Cc1ccc(-c2ccccc2-c2nn[nH]n2)cc1,=,30000.0,nM,IC50,4.52,Beta-lactamase type II,single protein format
CHEMBL92821,CCCCc1nn(-c2ccccc2Cl)c(C(=O)OCC)c1Cc1ccc(-c2ccccc2-c2nn[nH]n2)cc1,=,170000.0,nM,IC50,,Beta-lactamase type II,single protein format
CHEMBL90774,CCCCc1nn(-c2c(Cl)cc(Cl)cc2Cl)c(C(=O)O)c1Cc1ccc(-c2ccccc2-c2nn[nH]n2)cc1,=,33000.0,nM,IC50,4.48,Beta-lactamase type II,single protein format
CHEMBL406791,CCCCc1nn(-c2ccccc2-c2ccccc2)c(C(=O)OCC)c1Cc1ccc(-c2ccccc2-c2nn[nH]n2)cc1,>,200000.0,nM,IC50,,Beta-lactamase type II,single protein format
CHEMBL329466,CCCCc1nn(-c2ccccc2)c(C(=O)OCC)c1Cc1ccc(-c2ccccc2-c2nn[nH]n2)cc1,=,100000.0,nM,IC50,4.00,Beta-lactamase type II,single protein format
CHEMBL419321,CCCCc1nn(-c2cccc(Cl)c2Cl)c(C(=O)OCC)c1Cc1ccc(-c2ccccc2-c2nn[nH]n2)cc1,=,100000.0,nM,IC50,4.00,Beta-lactamase type II,single protein format
CHEMBL92472,CCCCc1nn(-c2ccc(Cl)cc2Cl)c(C(=O)O)c1Cc1ccc(-c2ccccc2-c2nn[nH]n2)cc1,=,80000.0,nM,IC50,4.10,Beta-lactamase type II,single protein format
CHEMBL329616,CCCCc1nn(-c2c(Cl)cccc2Cl)c(C(=O)O)c1Cc1ccc(-c2ccccc2-c2nn[nH]n2)cc1,=,100000.0,nM,IC50,4.00,Beta-lactamase type II,single protein format
CHEMBL327837,CCCCc1nn(-c2ccc(Cl)cc2Cl)c(C(=O)OCC)c1Cc1ccc(-c2ccccc2-c2nn[nH]n2)cc1,=,100000.0,nM,IC50,4.00,Beta-lactamase type II,single protein format
CHEMBL90011,CCCCc1nn(-c2ccccc2C)c(C(=O)O)c1Cc1ccc(-c2ccccc2-c2nn[nH]n2)cc1,=,80000.0,nM,IC50,4.10,Beta-lactamase type II,single protein format
CHEMBL330571,CCCCc1nn(-c2cccc(Cl)c2)c(C(=O)O)c1Cc1ccc(-c2ccccc2-c2nn[nH]n2)cc1,=,190000.0,nM,IC50,,Beta-lactamase type II,single protein format
CHEMBL327982,CCCCc1nn(-c2ccccc2)c(C(=O)O)c1Cc1ccc(-c2ccccc2-c2nn[nH]n2)cc1,=,200000.0,nM,IC50,,Beta-lactamase type II,single protein format
CHEMBL327718,CCCCc1nn(-c2ccccc2[N+](=O)[O-])c(C(=O)OCC)c1Cc1ccc(-c2ccccc2-c2nn[nH]n2)cc1,=,18000.0,nM,IC50,4.75,Beta-lactamase type II,single protein format
CHEMBL6461,C[C@]1(/C=C/C#N)[C@H](C(=O)[O-])N2C(=O)C[C@H]2S1(=O)=O.[Na+],=,200000.0,nM,IC50,,Beta-lactamase type II,single protein format
CHEMBL3143371,C[C@]1(CC(=O)Oc2ccc(F)cc2)[C@H](C(=O)O)N2C(=O)CC2S1(=O)=O,=,3.1,ug ml-1,MPC,,Beta-lactamase type II,single protein format
CHEMBL404,C[C@]1(Cn2ccnn2)[C@H](C(=O)O)N2C(=O)C[C@H]2S1(=O)=O,=,10000000.0,nM,IC50,,Beta-lactamase type II,single protein format
CHEMBL777,O=C(O)[C@H]1/C(=C/CO)O[C@@H]2CC(=O)N21,=,63.0,ug ml-1,MPC,,Beta-lactamase type II,single protein format
CHEMBL3143369,C[C@]1(CC(=O)Oc2ccccc2)[C@H](C(=O)O)N2C(=O)CC2S1(=O)=O,=,6.25,ug ml-1,MPC,,Beta-lactamase type II,single protein format
CHEMBL3143383,C[C@]1(CC(=O)Oc2ccc(N)cc2)[C@H](C(=O)O)N2C(=O)CC2S1(=O)=O,=,1.6,ug ml-1,MPC,,Beta-lactamase type II,single protein format
CHEMBL3143361,CC(C)(C)OC(=O)C[C@@]1(C)[C@H](C(=O)O)N2C(=O)CC2S1(=O)=O,=,12.5,ug ml-1,MPC,,Beta-lactamase type II,single protein format
CHEMBL3143368,C[C@]1(CCl)[C@H](C(=O)O)N2C(=O)CC2S1(=O)=O,=,12.5,ug ml-1,MPC,,Beta-lactamase type II,single protein format
CHEMBL3143370,COc1ccc(OC(=O)C[C@@]2(C)[C@H](C(=O)O)N3C(=O)CC3S2(=O)=O)cc1,=,6.2,ug ml-1,MPC,,Beta-lactamase type II,single protein format
CHEMBL3143365,C[C@]1(CBr)[C@H](C(=O)O)N2C(=O)CC2S1(=O)=O,=,12.5,ug ml-1,MPC,,Beta-lactamase type II,single protein format
CHEMBL3143362,C[C@]1(CO)[C@H](C(=O)O)N2C(=O)CC2S1(=O)=O,=,100.0,ug ml-1,MPC,,Beta-lactamase type II,single protein format
CHEMBL403,CC1(C)[C@H](C(=O)O)N2C(=O)C[C@H]2S1(=O)=O,=,12.5,ug ml-1,MPC,,Beta-lactamase type II,single protein format
CHEMBL267627,CON(C)C(=O)/C=C/CC1C(=O)N2[C@@H](C(=O)O)C(C)(C)[S+]([O-])[C@H]12,>,100000.0,nM,IC50,,Beta-lactamase type II,single protein format
CHEMBL6311,CC(=O)/C=C/CC1C(=O)N2[C@@H](C(=O)O)C(C)(C)S(=O)(=O)[C@@H]12,=,3000.0,nM,IC50,5.52,Beta-lactamase type II,single protein format
CHEMBL403,CC1(C)[C@H](C(=O)O)N2C(=O)C[C@H]2S1(=O)=O,>,100000.0,nM,IC50,,Beta-lactamase type II,single protein format
CHEMBL6220,CC1(C)[C@H](C(=O)O)N2C(=O)[C@@H](Cc3cn(-c4ccccc4)nn3)[C@H]2S1(=O)=O,>,100000.0,nM,IC50,,Beta-lactamase type II,single protein format
CHEMBL404,C[C@]1(Cn2ccnn2)[C@H](C(=O)O)N2C(=O)C[C@H]2S1(=O)=O,>,100000.0,nM,IC50,,Beta-lactamase type II,single protein format
CHEMBL6221,COC(=O)/C=C/CC1C(=O)N2[C@@H](C(=O)O)C(C)(C)S(=O)(=O)[C@@H]12,=,1400.0,nM,IC50,5.85,Beta-lactamase type II,single protein format
CHEMBL6261,CC1(C)[C@H](C(=O)O)N2C(=O)[C@@H](Cc3cn(CC4CCCN4)nn3)[C@H]2S1(=O)=O,=,22000.0,nM,IC50,4.66,Beta-lactamase type II,single protein format
CHEMBL263882,CC1(C)[C@H](C(=O)O)N2C(=O)[C@@H](Cc3cn(CC(N)Cc4ccc(O)cc4)nn3)[C@H]2S1(=O)=O,=,24000.0,nM,IC50,4.62,Beta-lactamase type II,single protein format
CHEMBL6301,CC(=O)/C=C/CC1C(=O)N2[C@@H](C(=O)O)C(C)(C)S(=O)(=O)[C@H]12,=,71000.0,nM,IC50,4.15,Beta-lactamase type II,single protein format
CHEMBL6281,CC1(C)[C@H](C(=O)O)N2C(=O)[C@@H](Cc3cn(-c4ccc(O)cc4)nn3)[C@H]2S1(=O)=O,=,2100.0,nM,IC50,5.68,Beta-lactamase type II,single protein format
CHEMBL6309,COC(=O)/C=C/CC1C(=O)N2[C@@H](C(=O)O)C(C)(C)S(=O)(=O)[C@H]12,>,100000.0,nM,IC50,,Beta-lactamase type II,single protein format
CHEMBL267626,CC1(C)[C@H](C(=O)O)N2C(=O)C(C/C=C/C#N)[C@@H]2S1(=O)=O,=,3100.0,nM,IC50,5.51,Beta-lactamase type II,single protein format
CHEMBL6286,CC1(C)[C@H](C(=O)O)N2C(=O)C(C/C=C/C=O)[C@H]2S1(=O)=O,>,100000.0,nM,IC50,,Beta-lactamase type II,single protein format
CHEMBL6292,CC1(C)[C@H](C(=O)O)N2C(=O)[C@@H](Cc3cn(-c4ccc(F)cc4)nn3)[C@H]2S1(=O)=O,=,4100.0,nM,IC50,5.39,Beta-lactamase type II,single protein format
CHEMBL267863,CC1(C)[C@H](C(=O)O)N2C(=O)[C@@H](Cc3cn(-c4ccc(N)cc4)nn3)[C@H]2S1(=O)=O,=,1800.0,nM,IC50,5.75,Beta-lactamase type II,single protein format
CHEMBL212163,O=C([O-])C1=CS[C@@H]2/C(=C/c3cn4c(n3)COCC4)C(=O)N12.[Na+],=,66.0,nM,IC50,7.18,Beta-lactamase type II,single protein format
CHEMBL379440,O=C([O-])C1=CS[C@@H]2/C(=C/c3cn4c(n3)CNCC4)C(=O)N12.[Na+],=,320.0,nM,IC50,6.50,Beta-lactamase type II,single protein format
CHEMBL404,C[C@]1(Cn2ccnn2)[C@H](C(=O)O)N2C(=O)C[C@H]2S1(=O)=O,=,400000.0,nM,IC50,,Beta-lactamase type II,single protein format
CHEMBL211889,O=C([O-])C1=CS[C@@H]2/C(=C/c3cn4c(n3)CSCC4)C(=O)N12.[Na+],=,110.0,nM,IC50,6.96,Beta-lactamase type II,single protein format
CHEMBL377001,O=C([O-])C1=CS[C@@H]2/C(=C\c3cc4n(n3)CCCO4)C(=O)N12.[Na+],=,140.0,nM,IC50,6.85,Beta-lactamase type II,single protein format
CHEMBL379856,O=C([O-])C1=CS[C@@H]2/C(=C\c3cc4n(n3)CCNC4)C(=O)N12.[Na+],=,162.0,nM,IC50,6.79,Beta-lactamase type II,single protein format
CHEMBL377382,O=C([O-])C1=CS[C@@H]2/C(=C\c3cc4n(n3)CCOC4)C(=O)N12.[Na+],=,30.0,nM,IC50,7.52,Beta-lactamase type II,single protein format
CHEMBL378119,O=C([O-])C1=CS[C@@H]2/C(=C\c3cc4n(n3)CCS(=O)(=O)C4)C(=O)N12.[Na+],=,43.0,nM,IC50,7.37,Beta-lactamase type II,single protein format
CHEMBL212760,O=C([O-])C1=CS[C@@H]2/C(=C\c3cc4n(n3)CCSC4)C(=O)N12.[Na+],=,61.0,nM,IC50,7.21,Beta-lactamase type II,single protein format
CHEMBL385593,O=C([O-])C1=CS[C@@H]2/C(=C\c3cc4n(n3)CCCC4)C(=O)N12.[Na+],=,62.0,nM,IC50,7.21,Beta-lactamase type II,single protein format
CHEMBL425963,O=C([O-])C1=CS[C@@H]2/C(=C\c3cn4c(n3)CSCC4)C(=O)N12.[Na+],=,8.0,nM,IC50,8.10,Beta-lactamase type II,single protein format
CHEMBL212478,CN1CCn2cc(/C=C3/C(=O)N4C(C(=O)[O-])=CS[C@H]34)nc2C1.[Na+],=,120.0,nM,IC50,6.92,Beta-lactamase type II,single protein format
CHEMBL380061,O=C([O-])C1=CS[C@@H]2/C(=C\c3cc4c(s3)CCN(c3cc5c(s3)CCOC5)C4)C(=O)N12.[Na+],=,14.0,nM,IC50,7.85,Beta-lactamase type II,single protein format
CHEMBL211143,O=C([O-])C1=CS[C@@H]2/C(=C\c3cc4c(s3)CCN(Cc3cccnc3)C4)C(=O)N12.[Na+],=,280.0,nM,IC50,6.55,Beta-lactamase type II,single protein format
CHEMBL378041,COc1ccc(CN2CCc3sc(/C=C4/C(=O)N5C(C(=O)[O-])=CS[C@H]45)cc3C2)cc1.[Na+],=,78.0,nM,IC50,7.11,Beta-lactamase type II,single protein format
CHEMBL1439,C[C@]1(Cn2ccnn2)[C@H](C(=O)[O-])N2C(=O)C[C@H]2S1(=O)=O.[Na+],=,400000.0,nM,IC50,,Beta-lactamase type II,single protein format
CHEMBL122450,O=C([O-])C1=CS[C@@H]2/C(=C\c3cn4c5c(sc4n3)CCC5)C(=O)N12.[Na+],=,240.0,nM,IC50,6.62,Beta-lactamase type II,single protein format
CHEMBL222866,Cc1cccc2sc3nc(/C=C4/C(=O)N5C(C(=O)[O-])=CS[C@H]45)cn3c12.[Na+],=,370.0,nM,IC50,6.43,Beta-lactamase type II,single protein format
CHEMBL375172,COc1ccc2c(c1)sc1nc(/C=C3/C(=O)N4C(C(=O)[O-])=CS[C@H]34)cn12.[Na+],=,250.0,nM,IC50,6.60,Beta-lactamase type II,single protein format
CHEMBL222375,Cc1ccc2c(c1)sc1nc(/C=C3/C(=O)N4C(C(=O)[O-])=CS[C@H]34)cn12.[Na+],=,103.0,nM,IC50,6.99,Beta-lactamase type II,single protein format
CHEMBL388778,O=C([O-])C1=CS[C@@H]2/C(=C\c3cn4c(n3)sc3cc(Cl)ccc34)C(=O)N12.[Na+],=,74.0,nM,IC50,7.13,Beta-lactamase type II,single protein format
CHEMBL222922,O=C([O-])C1=CS[C@@H]2/C(=C\c3cn4c(n3)sc3cc(F)ccc34)C(=O)N12.[Na+],=,370.0,nM,IC50,6.43,Beta-lactamase type II,single protein format
CHEMBL222758,O=C([O-])C1=CS[C@@H]2/C(=C\c3cn4c(n3)sc3ccccc34)C(=O)N12.[Na+],=,350.0,nM,IC50,6.46,Beta-lactamase type II,single protein format
CHEMBL3234724,OS(O)(O)CCN1CCOCC1,=,23000000.0,nM,Ki,,Beta-lactamase type II,single protein format
CHEMBL3234725,c1ccc(-c2nnn[nH]2)c(-c2ccc(Cn3c4ccccc4c4ccccc43)cc2)c1,=,300.0,nM,IC50,6.52,Beta-lactamase type II,single protein format
CHEMBL3577975,O=C(O)CCCc1nnc(SCC(=O)Nc2nc3ccccc3[nH]2)[nH]1,,,,Inhibition,,Beta-lactamase type II,assay format
CHEMBL3577974,O=C(O)CCc1nnc(SCC(=O)Nc2ccc(Cl)cc2)[nH]1,,,,Inhibition,,Beta-lactamase type II,assay format
CHEMBL3577973,O=C(O)CCc1nnc(SCC(=O)Nc2nc3ccccc3s2)[nH]1,,,,Inhibition,,Beta-lactamase type II,assay format
CHEMBL3577972,O=C(O)CCc1nnc(SCC(=O)Nc2nc3ccccc3[nH]2)[nH]1,,,,Inhibition,,Beta-lactamase type II,assay format
CHEMBL3577971,O=C(O)CCc1nnc(SCC(=O)Nc2ccccc2)[nH]1,,,,Inhibition,,Beta-lactamase type II,assay format
CHEMBL3577970,O=C(CSc1nnc(-c2ccccc2C(=O)O)[nH]1)Nc1cccc([N+](=O)[O-])c1,,,,Inhibition,,Beta-lactamase type II,assay format
CHEMBL3577961,O=C(CSc1nnc(-c2ccccc2C(=O)O)[nH]1)Nc1ccccc1,,,,Inhibition,,Beta-lactamase type II,assay format
CHEMBL3577962,O=C(CSc1nnc(-c2ccccc2C(=O)O)[nH]1)Nc1nc2ccccc2[nH]1,,,,Inhibition,,Beta-lactamase type II,assay format
CHEMBL3577963,O=C(CSc1nnc(-c2ccccc2C(=O)O)[nH]1)Nc1nc2ccccc2s1,,,,Inhibition,,Beta-lactamase type II,assay format
CHEMBL3577964,O=C(CSc1nnc(-c2ccccc2C(=O)O)[nH]1)Nc1ccc(Cl)cc1,,,,Inhibition,,Beta-lactamase type II,assay format
CHEMBL3577965,O=C(CSc1nnc(-c2ccccc2C(=O)O)[nH]1)Nc1ccc([N+](=O)[O-])cc1,,,,Inhibition,,Beta-lactamase type II,assay format
CHEMBL3577966,O=C(CSc1nnc(-c2ccccc2C(=O)O)[nH]1)NCc1ccccc1,,,,Inhibition,,Beta-lactamase type II,assay format
CHEMBL3577967,O=C(CSc1nnc(-c2ccccc2C(=O)O)[nH]1)Nc1ccccc1Cl,,,,Inhibition,,Beta-lactamase type II,assay format
CHEMBL3577968,O=C(CSc1nnc(-c2ccccc2C(=O)O)[nH]1)Nc1cccc(Cl)c1,,,,Inhibition,,Beta-lactamase type II,assay format
CHEMBL3577969,O=C(CSc1nnc(-c2ccccc2C(=O)O)[nH]1)Nc1ccccc1[N+](=O)[O-],,,,Inhibition,,Beta-lactamase type II,assay format
CHEMBL3577961,O=C(CSc1nnc(-c2ccccc2C(=O)O)[nH]1)Nc1ccccc1,=,4.0,ug.mL-1,MIC,,Beta-lactamase type II,assay format
CHEMBL3577962,O=C(CSc1nnc(-c2ccccc2C(=O)O)[nH]1)Nc1nc2ccccc2[nH]1,=,4.0,ug.mL-1,MIC,,Beta-lactamase type II,assay format
CHEMBL3577963,O=C(CSc1nnc(-c2ccccc2C(=O)O)[nH]1)Nc1nc2ccccc2s1,<,0.125,ug.mL-1,MIC,,Beta-lactamase type II,assay format
CHEMBL3577964,O=C(CSc1nnc(-c2ccccc2C(=O)O)[nH]1)Nc1ccc(Cl)cc1,<,0.125,ug.mL-1,MIC,,Beta-lactamase type II,assay format
CHEMBL3577965,O=C(CSc1nnc(-c2ccccc2C(=O)O)[nH]1)Nc1ccc([N+](=O)[O-])cc1,=,2.0,ug.mL-1,MIC,,Beta-lactamase type II,assay format
CHEMBL3577966,O=C(CSc1nnc(-c2ccccc2C(=O)O)[nH]1)NCc1ccccc1,=,4.0,ug.mL-1,MIC,,Beta-lactamase type II,assay format
CHEMBL3577967,O=C(CSc1nnc(-c2ccccc2C(=O)O)[nH]1)Nc1ccccc1Cl,=,2.0,ug.mL-1,MIC,,Beta-lactamase type II,assay format
CHEMBL3577968,O=C(CSc1nnc(-c2ccccc2C(=O)O)[nH]1)Nc1cccc(Cl)c1,=,0.5,ug.mL-1,MIC,,Beta-lactamase type II,assay format
CHEMBL3577969,O=C(CSc1nnc(-c2ccccc2C(=O)O)[nH]1)Nc1ccccc1[N+](=O)[O-],=,0.25,ug.mL-1,MIC,,Beta-lactamase type II,assay format
CHEMBL3577970,O=C(CSc1nnc(-c2ccccc2C(=O)O)[nH]1)Nc1cccc([N+](=O)[O-])c1,=,2.0,ug.mL-1,MIC,,Beta-lactamase type II,assay format
CHEMBL3586476,CC(C)[C@H](NC(=O)Cc1cccs1)C(=O)SCC(=O)O,=,38500.0,nM,IC50,4.42,Beta-lactamase type II,assay format
CHEMBL3586478,CSCC[C@H](NC(=O)Cc1cccs1)C(=O)SCC(=O)O,=,123000.0,nM,IC50,,Beta-lactamase type II,assay format
CHEMBL3586474,O=C(O)CSC(=O)CNC(=O)Cc1cccs1,,,,Inhibition,,Beta-lactamase type II,assay format
CHEMBL3586475,C[C@H](NC(=O)Cc1cccs1)C(=O)SCC(=O)O,,,,Inhibition,,Beta-lactamase type II,assay format
CHEMBL3586477,CC(C)C[C@H](NC(=O)Cc1cccs1)C(=O)SCC(=O)O,,,,Inhibition,,Beta-lactamase type II,assay format
CHEMBL3586479,O=C(O)CSC(=O)[C@H](CO)NC(=O)Cc1cccs1,,,,Inhibition,,Beta-lactamase type II,assay format
CHEMBL3586480,O=C(O)CSC(=O)[C@H](Cc1ccccc1)NC(=O)Cc1cccs1,,,,Inhibition,,Beta-lactamase type II,assay format
CHEMBL3585360,O=C(O)CSC(=O)[C@H](Cc1c[nH]c2ccccc12)NC(=O)Cc1cccs1,,,,Inhibition,,Beta-lactamase type II,assay format
CHEMBL3586481,O=C(O)CSC(=O)[C@H](CCCCNC(=O)Cc1cccs1)NC(=O)Cc1cccs1,,,,Inhibition,,Beta-lactamase type II,assay format
CHEMBL3586482,O=C(O)CSC(=O)[C@@H]1CCCN1C(=O)Cc1cccs1,,,,Inhibition,,Beta-lactamase type II,assay format
CHEMBL3586474,O=C(O)CSC(=O)CNC(=O)Cc1cccs1,=,4.0,ug.mL-1,MIC,,Beta-lactamase type II,assay format
CHEMBL3586475,C[C@H](NC(=O)Cc1cccs1)C(=O)SCC(=O)O,=,4.0,ug.mL-1,MIC,,Beta-lactamase type II,assay format
CHEMBL3586476,CC(C)[C@H](NC(=O)Cc1cccs1)C(=O)SCC(=O)O,=,4.0,ug.mL-1,MIC,,Beta-lactamase type II,assay format
CHEMBL3586477,CC(C)C[C@H](NC(=O)Cc1cccs1)C(=O)SCC(=O)O,=,4.0,ug.mL-1,MIC,,Beta-lactamase type II,assay format
CHEMBL3586478,CSCC[C@H](NC(=O)Cc1cccs1)C(=O)SCC(=O)O,=,4.0,ug.mL-1,MIC,,Beta-lactamase type II,assay format
CHEMBL3586479,O=C(O)CSC(=O)[C@H](CO)NC(=O)Cc1cccs1,=,4.0,ug.mL-1,MIC,,Beta-lactamase type II,assay format
CHEMBL3586480,O=C(O)CSC(=O)[C@H](Cc1ccccc1)NC(=O)Cc1cccs1,=,4.0,ug.mL-1,MIC,,Beta-lactamase type II,assay format
CHEMBL3585360,O=C(O)CSC(=O)[C@H](Cc1c[nH]c2ccccc12)NC(=O)Cc1cccs1,=,4.0,ug.mL-1,MIC,,Beta-lactamase type II,assay format
CHEMBL3586481,O=C(O)CSC(=O)[C@H](CCCCNC(=O)Cc1cccs1)NC(=O)Cc1cccs1,=,4.0,ug.mL-1,MIC,,Beta-lactamase type II,assay format
CHEMBL3586482,O=C(O)CSC(=O)[C@@H]1CCCN1C(=O)Cc1cccs1,=,4.0,ug.mL-1,MIC,,Beta-lactamase type II,assay format
CHEMBL3809609,O=C(CSc1nnc(-c2ccccc2O)[nH]1)Nc1ccccc1,,,,Inhibition,,Beta-lactamase type II,single protein format
CHEMBL3810164,O=C(CSc1nnc(-c2ccccc2)[nH]1)Nc1cccc(Cl)c1,,,,Inhibition,,Beta-lactamase type II,single protein format
CHEMBL3809469,O=C(CSc1nnc(-c2ccccc2)[nH]1)Nc1ccccc1Cl,,,,Inhibition,,Beta-lactamase type II,single protein format
CHEMBL3810052,CCCCc1ccc(NC(=O)CSc2nnc(-c3ccccc3)[nH]2)cc1,,,,Inhibition,,Beta-lactamase type II,single protein format
CHEMBL3809445,CCc1ccccc1NC(=O)CSc1nnc(-c2ccccc2)[nH]1,,,,Inhibition,,Beta-lactamase type II,single protein format
CHEMBL3808678,Cc1ccccc1NC(=O)CSc1nnc(-c2ccccc2)[nH]1,,,,Inhibition,,Beta-lactamase type II,single protein format
CHEMBL3809713,O=C(CSc1nnc(-c2ccccc2)[nH]1)Nc1ccccc1,,,,Inhibition,,Beta-lactamase type II,single protein format
CHEMBL3809719,Cc1ccccc1NC(=O)CSc1nnc(-c2ccccc2O)[nH]1,,,,Inhibition,,Beta-lactamase type II,single protein format
CHEMBL3809559,CCc1ccccc1NC(=O)CSc1nnc(-c2ccccc2O)[nH]1,,,,Inhibition,,Beta-lactamase type II,single protein format
CHEMBL3808671,CCCCc1ccc(NC(=O)CSc2nnc(-c3ccccc3O)[nH]2)cc1,,,,Inhibition,,Beta-lactamase type II,single protein format
CHEMBL3809666,O=C(CSc1nnc(-c2ccccc2O)[nH]1)Nc1ccccc1Cl,,,,Inhibition,,Beta-lactamase type II,single protein format
CHEMBL3809576,O=C(CSc1nnc(-c2ccccc2O)[nH]1)Nc1cccc(Cl)c1,,,,Inhibition,,Beta-lactamase type II,single protein format
CHEMBL3810416,O=C(CSc1nnc(-c2ccc(O)cc2)[nH]1)Nc1ccccc1,,,,Inhibition,,Beta-lactamase type II,single protein format
CHEMBL3808541,Cc1ccccc1NC(=O)CSc1nnc(-c2ccc(O)cc2)[nH]1,,,,Inhibition,,Beta-lactamase type II,single protein format
CHEMBL3809001,CCc1ccccc1NC(=O)CSc1nnc(-c2ccc(O)cc2)[nH]1,,,,Inhibition,,Beta-lactamase type II,single protein format
CHEMBL3808797,CCCCc1ccc(NC(=O)CSc2nnc(-c3ccc(O)cc3)[nH]2)cc1,,,,Inhibition,,Beta-lactamase type II,single protein format
CHEMBL3810235,O=C(CSc1nnc(-c2ccc(O)cc2)[nH]1)Nc1ccccc1Cl,,,,Inhibition,,Beta-lactamase type II,single protein format
CHEMBL3808813,O=C(CSc1nnc(-c2ccc(O)cc2)[nH]1)Nc1cccc(Cl)c1,,,,Inhibition,,Beta-lactamase type II,single protein format
CHEMBL3808891,Nc1ccccc1-c1nnc(SCC(=O)Nc2ccccc2)[nH]1,,,,Inhibition,,Beta-lactamase type II,single protein format
CHEMBL3809903,Cc1ccccc1NC(=O)CSc1nnc(-c2ccccc2N)[nH]1,,,,Inhibition,,Beta-lactamase type II,single protein format
CHEMBL3810122,CCc1ccccc1NC(=O)CSc1nnc(-c2ccccc2N)[nH]1,,,,Inhibition,,Beta-lactamase type II,single protein format
CHEMBL3809806,CCCCc1ccc(NC(=O)CSc2nnc(-c3ccccc3N)[nH]2)cc1,,,,Inhibition,,Beta-lactamase type II,single protein format
CHEMBL3809238,Nc1ccccc1-c1nnc(SCC(=O)Nc2ccccc2Cl)[nH]1,,,,Inhibition,,Beta-lactamase type II,single protein format
CHEMBL3809860,Nc1ccccc1-c1nnc(SCC(=O)Nc2cccc(Cl)c2)[nH]1,,,,Inhibition,,Beta-lactamase type II,single protein format
