molecule_chembl_id,canonical_smiles,standard_relation,standard_value,standard_units,standard_type,pchembl_value,target_pref_name,bao_label
CHEMBL302241,Cn1ccnc1SC[C@@]1(C)[C@H](C(=O)O)N2C(=O)C[C@H]2S1(=O)=O,=,0.16,ug.mL-1,IC50,,Beta-lactamase,single protein format
CHEMBL308516,C[C@@]1(CSc2nc3ccccc3s2)S[C@@H]2[C@H](Br)C(=O)N2[C@H]1C(=O)O,=,2.5,ug.mL-1,IC50,,Beta-lactamase,single protein format
CHEMBL403,CC1(C)[C@H](C(=O)O)N2C(=O)C[C@H]2S1(=O)=O,=,0.2,ug.mL-1,IC50,,Beta-lactamase,single protein format
CHEMBL72046,C[C@]1(CSC2=NCCS2)[C@H](C(=O)O)N2C(=O)C[C@H]2S1(=O)=O,=,0.16,ug.mL-1,IC50,,Beta-lactamase,single protein format
CHEMBL423309,Cn1cnnc1SC[C@@]1(C)[C@H](C(=O)O)N2C(=O)C[C@H]2S1(=O)=O,=,0.04,ug.mL-1,IC50,,Beta-lactamase,single protein format
CHEMBL310221,C[C@@]1(CSC2=NCCS2)S[C@@H]2[C@H](Br)C(=O)N2[C@H]1C(=O)O,=,20.0,ug.mL-1,IC50,,Beta-lactamase,single protein format
CHEMBL73622,CC1(C)S[C@@H]2[C@H](Br)C(=O)N2[C@H]1C(=O)O,=,0.5,ug.mL-1,IC50,,Beta-lactamase,single protein format
CHEMBL302512,Cn1nnnc1SC[C@@]1(C)[C@H](C(=O)O)N2C(=O)C[C@H]2S1(=O)=O,=,0.013,ug.mL-1,IC50,,Beta-lactamase,single protein format
CHEMBL309009,C[C@]1(CSc2nc3ccccc3o2)[C@H](C(=O)O)N2C(=O)C[C@H]2S1(=O)=O,=,0.05,ug.mL-1,IC50,,Beta-lactamase,single protein format
CHEMBL415266,Cn1nnnc1SC[C@]1(C)S[C@@H]2[C@H](Br)C(=O)N2[C@H]1C(=O)O,=,40.0,ug.mL-1,IC50,,Beta-lactamase,single protein format
CHEMBL305908,C[C@@]1(CSc2nc[nH]n2)S[C@@H]2[C@H](Br)C(=O)N2[C@H]1C(=O)O,=,4.0,ug.mL-1,IC50,,Beta-lactamase,single protein format
CHEMBL777,O=C(O)[C@H]1/C(=C/CO)O[C@@H]2CC(=O)N21,=,3.2,ug.mL-1,IC50,,Beta-lactamase,single protein format
CHEMBL72972,C[C@]1(CSc2nc3ccccc3[nH]2)[C@H](C(=O)O)N2C(=O)C[C@H]2S1(=O)=O,=,0.2,ug.mL-1,IC50,,Beta-lactamase,single protein format
CHEMBL70269,C[C@@]1(CSc2nc3ccccc3o2)S[C@@H]2[C@H](Br)C(=O)N2[C@H]1C(=O)O,=,6.3,ug.mL-1,IC50,,Beta-lactamase,single protein format
CHEMBL404,C[C@]1(Cn2ccnn2)[C@H](C(=O)O)N2C(=O)C[C@H]2S1(=O)=O,=,0.05,ug.mL-1,IC50,,Beta-lactamase,single protein format
CHEMBL73450,Cn1ccnc1SC[C@]1(C)S[C@@H]2[C@H](Br)C(=O)N2[C@H]1C(=O)O,=,32.0,ug.mL-1,IC50,,Beta-lactamase,single protein format
CHEMBL122209,CCOC(=O)/C=C\[C@@]1(C)[C@H](C(=O)O)N2C(=O)C[C@H]2S1(=O)=O,=,370.0,nM,IC50,6.43,Beta-lactamase,single protein format
CHEMBL6461,C[C@]1(/C=C/C#N)[C@H](C(=O)[O-])N2C(=O)C[C@H]2S1(=O)=O.[Na+],=,210.0,nM,IC50,6.68,Beta-lactamase,single protein format
CHEMBL6461,C[C@]1(/C=C/C#N)[C@H](C(=O)[O-])N2C(=O)C[C@H]2S1(=O)=O.[Na+],=,210.0,nM,IC50,6.68,Beta-lactamase,single protein format
CHEMBL404,C[C@]1(Cn2ccnn2)[C@H](C(=O)O)N2C(=O)C[C@H]2S1(=O)=O,=,930.0,nM,IC50,6.03,Beta-lactamase,single protein format
CHEMBL332565,C[C@]1(/C=C\c2cncs2)[C@H](C(=O)[O-])N2C(=O)C[C@H]2S1(=O)=O.[Na+],=,410.0,nM,IC50,6.39,Beta-lactamase,single protein format
CHEMBL121924,C[C@]1(/C=C\c2ccccn2)[C@H](C(=O)[O-])N2C(=O)C[C@H]2S1(=O)=O.[Na+],=,1000.0,nM,IC50,6.00,Beta-lactamase,single protein format
CHEMBL333330,C[C@]1(/C=C/c2cncs2)[C@H](C(=O)O)N2C(=O)C[C@H]2S1(=O)=O,=,1300.0,nM,IC50,5.89,Beta-lactamase,single protein format
CHEMBL123481,C[C@]1(/C=C/C[n+]2ccccc2)[C@H](C(=O)O)N2C(=O)C[C@H]2S1(=O)=O.O=S(=O)([O-])C(F)(F)F,=,16000.0,nM,IC50,4.80,Beta-lactamase,single protein format
CHEMBL1256967,CC1(C)[C@H](NC(=O)/C(=N\OCc2cc(=O)c(O)cn2O)c2csc(N)n2)C(=O)N1OS(=O)(=O)O,,,,Kcat,,Beta-lactamase,single protein format
CHEMBL1256967,CC1(C)[C@H](NC(=O)/C(=N\OCc2cc(=O)c(O)cn2O)c2csc(N)n2)C(=O)N1OS(=O)(=O)O,,,,Km,,Beta-lactamase,single protein format
CHEMBL1256967,CC1(C)[C@H](NC(=O)/C(=N\OCc2cc(=O)c(O)cn2O)c2csc(N)n2)C(=O)N1OS(=O)(=O)O,,,,Kcat/Km,,Beta-lactamase,single protein format
CHEMBL1256967,CC1(C)[C@H](NC(=O)/C(=N\OCc2cc(=O)c(O)cn2O)c2csc(N)n2)C(=O)N1OS(=O)(=O)O,=,2700.0,nM,IC50,5.57,Beta-lactamase,single protein format
