molecule_chembl_id,canonical_smiles,standard_relation,standard_value,standard_units,standard_type,pchembl_value,target_pref_name,bao_label
CHEMBL53624,Nc1nc(/C(=N/O)C(=O)N[C@@H]2C(=O)N3C(C(=O)O)=C(/C=C4\CCN(CC(F)(F)F)C4=O)CS[C@H]23)cs1,=,906.0,M min-1 (M of enzyme)-1,Activity,,Beta-lactamase,single protein format
CHEMBL161,CO/N=C(\C(=O)N[C@@H]1C(=O)N2C(C(=O)O)=C(CSc3nc(=O)c(O)nn3C)CS[C@H]12)c1csc(N)n1,=,1894.0,M min-1 (M of enzyme)-1,Activity,,Beta-lactamase,single protein format
CHEMBL122209,CCOC(=O)/C=C\[C@@]1(C)[C@H](C(=O)O)N2C(=O)C[C@H]2S1(=O)=O,=,2900.0,nM,IC50,5.54,Beta-lactamase,single protein format
CHEMBL6461,C[C@]1(/C=C/C#N)[C@H](C(=O)[O-])N2C(=O)C[C@H]2S1(=O)=O.[Na+],=,320.0,nM,IC50,6.50,Beta-lactamase,single protein format
CHEMBL404,C[C@]1(Cn2ccnn2)[C@H](C(=O)O)N2C(=O)C[C@H]2S1(=O)=O,=,510.0,nM,IC50,6.29,Beta-lactamase,single protein format
CHEMBL332565,C[C@]1(/C=C\c2cncs2)[C@H](C(=O)[O-])N2C(=O)C[C@H]2S1(=O)=O.[Na+],=,540.0,nM,IC50,6.27,Beta-lactamase,single protein format
CHEMBL121924,C[C@]1(/C=C\c2ccccn2)[C@H](C(=O)[O-])N2C(=O)C[C@H]2S1(=O)=O.[Na+],=,2300.0,nM,IC50,5.64,Beta-lactamase,single protein format
CHEMBL333330,C[C@]1(/C=C/c2cncs2)[C@H](C(=O)O)N2C(=O)C[C@H]2S1(=O)=O,=,5400.0,nM,IC50,5.27,Beta-lactamase,single protein format
CHEMBL123481,C[C@]1(/C=C/C[n+]2ccccc2)[C@H](C(=O)O)N2C(=O)C[C@H]2S1(=O)=O.O=S(=O)([O-])C(F)(F)F,=,1800.0,nM,IC50,5.75,Beta-lactamase,single protein format
CHEMBL509901,CCOC(=O)CC(N)(CC(=O)OCC)C(=O)OCC,=,82.0,%,Inhibition,,Beta-lactamase,single protein format
CHEMBL551694,COC(=O)C(N)(CC(=O)OCc1ccccc1)CC(=O)OCc1ccccc1,=,100.0,%,Inhibition,,Beta-lactamase,single protein format
CHEMBL561821,NC(CC(=O)OCc1ccccc1)(CC(=O)OCc1ccccc1)C(=O)OCc1ccccc1,=,100.0,%,Inhibition,,Beta-lactamase,single protein format
CHEMBL562155,COC(=O)C(CC(=O)O)(CC(=O)O)NC(=O)COc1ccccc1,=,96.0,%,Inhibition,,Beta-lactamase,single protein format
CHEMBL562216,O=C(O)CC(CC(=O)O)(NC(=O)COc1ccccc1)C(=O)O,=,80.0,%,Inhibition,,Beta-lactamase,single protein format
CHEMBL511057,Cl.NC(CC(=O)O)(CC(=O)O)C(=O)O,=,88.0,%,Inhibition,,Beta-lactamase,single protein format
CHEMBL541497,COC(=O)C(N)(CC(=O)O)CC(=O)O.Cl,=,96.0,%,Inhibition,,Beta-lactamase,single protein format
CHEMBL562158,COC(=O)CC(N)(CC(=O)OC)C(=O)O.Cl,=,95.0,%,Inhibition,,Beta-lactamase,single protein format
CHEMBL559429,CCOC(=O)CCC1(C(=O)OCC)CCC(=O)N1,=,85.0,%,Inhibition,,Beta-lactamase,single protein format
CHEMBL558874,CCOC(=O)C1CC(=O)NC1C(=O)OCC,=,100.0,%,Inhibition,,Beta-lactamase,single protein format
CHEMBL541429,Cl.NC(C(=O)O)C(CC(=O)O)C(=O)O,=,85.0,%,Inhibition,,Beta-lactamase,single protein format
CHEMBL562216,O=C(O)CC(CC(=O)O)(NC(=O)COc1ccccc1)C(=O)O,=,70.0,%,Inhibition,,Beta-lactamase,single protein format
CHEMBL541497,COC(=O)C(N)(CC(=O)O)CC(=O)O.Cl,=,97.0,%,Inhibition,,Beta-lactamase,single protein format
CHEMBL562158,COC(=O)CC(N)(CC(=O)OC)C(=O)O.Cl,=,100.0,%,Inhibition,,Beta-lactamase,single protein format
CHEMBL559429,CCOC(=O)CCC1(C(=O)OCC)CCC(=O)N1,=,96.0,%,Inhibition,,Beta-lactamase,single protein format
CHEMBL558874,CCOC(=O)C1CC(=O)NC1C(=O)OCC,=,100.0,%,Inhibition,,Beta-lactamase,single protein format
CHEMBL541429,Cl.NC(C(=O)O)C(CC(=O)O)C(=O)O,=,97.0,%,Inhibition,,Beta-lactamase,single protein format
CHEMBL1261,O=C(O)CC(O)(CC(=O)O)C(=O)O,=,490000.0,nM,Ki,,Beta-lactamase,single protein format
CHEMBL539669,O=C(O)CC(C(=O)O)C(O)C(=O)O,=,2200000.0,nM,Ki,,Beta-lactamase,single protein format
CHEMBL511057,Cl.NC(CC(=O)O)(CC(=O)O)C(=O)O,=,250000.0,nM,Ki,,Beta-lactamase,single protein format
CHEMBL561555,COC(=O)CC(N)(CC(=O)OC)C(=O)OCc1ccccc1,,,,Inhibition,,Beta-lactamase,single protein format
CHEMBL561896,COC(=O)CC(CC(=O)OC)(NC(=O)Cc1ccccc1)C(=O)OC,,,,Inhibition,,Beta-lactamase,single protein format
CHEMBL563044,COC(=O)C(CC(=O)OCc1ccccc1)(CC(=O)OCc1ccccc1)NC(=O)COc1ccccc1,,,,Inhibition,,Beta-lactamase,single protein format
CHEMBL553476,O=C(COc1ccccc1)NC(CC(=O)OCc1ccccc1)(CC(=O)OCc1ccccc1)C(=O)OCc1ccccc1,,,,Inhibition,,Beta-lactamase,single protein format
CHEMBL509901,CCOC(=O)CC(N)(CC(=O)OCC)C(=O)OCC,,,,Inhibition,,Beta-lactamase,single protein format
CHEMBL551694,COC(=O)C(N)(CC(=O)OCc1ccccc1)CC(=O)OCc1ccccc1,,,,Inhibition,,Beta-lactamase,single protein format
CHEMBL561821,NC(CC(=O)OCc1ccccc1)(CC(=O)OCc1ccccc1)C(=O)OCc1ccccc1,,,,Inhibition,,Beta-lactamase,single protein format
CHEMBL562155,COC(=O)C(CC(=O)O)(CC(=O)O)NC(=O)COc1ccccc1,,,,Inhibition,,Beta-lactamase,single protein format
CHEMBL511057,Cl.NC(CC(=O)O)(CC(=O)O)C(=O)O,,,,Inhibition,,Beta-lactamase,single protein format
