molecule_chembl_id,canonical_smiles,standard_relation,standard_value,standard_units,standard_type,pchembl_value,target_pref_name,bao_label
CHEMBL1560,C[C@H](CS)C(=O)N1CCC[C@H]1C(=O)O,=,25800.0,nM,IC50,4.59,Beta-lactamase II,single protein format
CHEMBL1722922,O=C(O)c1csc(Cc2ccccc2)n1,>,200000.0,nM,IC50,,Beta-lactamase II,single protein format
CHEMBL1406848,O=C(O)c1csc(-c2ccccc2)n1,>,200000.0,nM,IC50,,Beta-lactamase II,single protein format
CHEMBL2087323,O=C(O)[C@@H]1CSC(Cc2ccccc2)=N1,>,200000.0,nM,IC50,,Beta-lactamase II,single protein format
CHEMBL2087628,O=C(O)[C@@H]1CSC(c2ccccc2)=N1,>,200000.0,nM,IC50,,Beta-lactamase II,single protein format
CHEMBL2087629,O=C(O)[C@H]1CSC(c2ccccc2)=N1,>,200000.0,nM,IC50,,Beta-lactamase II,single protein format
CHEMBL2087630,O=C(O)[C@@H]1CSC(Cc2ccccc2)N1,>,200000.0,nM,IC50,,Beta-lactamase II,single protein format
CHEMBL154191,O=C(O)[C@@H]1CSC(c2ccccc2)N1,>,200000.0,nM,IC50,,Beta-lactamase II,single protein format
CHEMBL2087631,O=C(O)[C@@H]1CSC(c2ccc(Cl)cc2)=N1,>,200000.0,nM,IC50,,Beta-lactamase II,single protein format
CHEMBL2087632,O=C(O)[C@@H]1CSC(c2ccc(Br)cc2)=N1,>,200000.0,nM,IC50,,Beta-lactamase II,single protein format
CHEMBL2087633,Nc1cccc(C2=N[C@H](C(=O)O)CS2)c1,=,4900.0,nM,IC50,5.31,Beta-lactamase II,single protein format
CHEMBL2087634,CC(=O)Nc1cccc(C2=N[C@H](C(=O)O)CS2)c1,>,200000.0,nM,IC50,,Beta-lactamase II,single protein format
CHEMBL2087635,CC(C)(C)OC(=O)Nc1cccc(C2=N[C@H](C(=O)O)CS2)c1,=,74100.0,nM,IC50,4.13,Beta-lactamase II,single protein format
CHEMBL79962,O=C(O)[C@@H]1CSC(c2ccccc2O)=N1,>,200000.0,nM,IC50,,Beta-lactamase II,single protein format
CHEMBL2086406,O=C(Cc1ccccc1)NCC1=N[C@H](C(=O)O)CS1,>,200000.0,nM,IC50,,Beta-lactamase II,single protein format
CHEMBL2087636,COc1cccc(CC(=O)NCC2=N[C@H](C(=O)O)CS2)c1,>,200000.0,nM,IC50,,Beta-lactamase II,single protein format
CHEMBL2087637,CC(C)(C)OC(=O)NCC1=N[C@H](C(=O)O)CS1,>,200000.0,nM,IC50,,Beta-lactamase II,single protein format
CHEMBL2087638,O=C(NCC1=N[C@H](C(=O)O)CS1)OCc1ccccc1,>,200000.0,nM,IC50,,Beta-lactamase II,single protein format
CHEMBL858,O=C(O)CN(CCN(CC(=O)O)CC(=O)O)CC(=O)O,=,1060000.0,nM,IC50,,Beta-lactamase II,single protein format
CHEMBL1560,C[C@H](CS)C(=O)N1CCC[C@H]1C(=O)O,=,17900.0,nM,Ki,4.75,Beta-lactamase II,single protein format
CHEMBL2087633,Nc1cccc(C2=N[C@H](C(=O)O)CS2)c1,=,5100.0,nM,Ki,5.29,Beta-lactamase II,single protein format
