molecule_chembl_id,canonical_smiles,standard_relation,standard_value,standard_units,standard_type,pchembl_value,target_pref_name,bao_label
CHEMBL68939,O=C1NC(=S)S/C1=C\C=C\c1ccco1,=,100000.0,nM,IC50,4.00,Beta-lactamase TEM,single protein format
CHEMBL68042,O=C1NC(=S)S/C1=C\C=C\c1ccccc1,>,700000.0,nM,IC50,,Beta-lactamase TEM,single protein format
CHEMBL69612,O=C1NC(=S)S/C1=C\C=C\c1ccc([N+](=O)[O-])o1,=,100000.0,nM,IC50,4.00,Beta-lactamase TEM,single protein format
CHEMBL303602,O=C1/C(=C/c2ccccc2)SC(=S)N1CNc1nncs1,=,138000.0,nM,IC50,,Beta-lactamase TEM,single protein format
CHEMBL68217,O=C1NC(=S)S/C1=C\C=C\c1ccc([N+](=O)[O-])cc1,=,100000.0,nM,IC50,4.00,Beta-lactamase TEM,single protein format
CHEMBL307557,CCN1C(=O)/C(=C/c2ccccc2)SC1=S,=,432000.0,nM,IC50,,Beta-lactamase TEM,single protein format
CHEMBL66070,O=C(O)CN1C(=O)/C(=C/c2ccccc2)SC1=S,>,700000.0,nM,IC50,,Beta-lactamase TEM,single protein format
CHEMBL302252,O=C1NC(=S)S/C1=C\c1cn(-c2ccccc2)nn1,>,700000.0,nM,IC50,,Beta-lactamase TEM,single protein format
CHEMBL306881,O=C1NC(=O)/C(=C/C=C/c2ccc([N+](=O)[O-])o2)S1,>,50000.0,nM,IC50,,Beta-lactamase TEM,single protein format
CHEMBL431550,O=C1NC(=S)S/C1=C\c1ccccc1O,>,700000.0,nM,IC50,,Beta-lactamase TEM,single protein format
CHEMBL404,C[C@]1(Cn2ccnn2)[C@H](C(=O)O)N2C(=O)C[C@H]2S1(=O)=O,=,60.0,nM,IC50,7.22,Beta-lactamase TEM,single protein format
CHEMBL304529,O=C1NC(=S)S/C1=C\c1ccccc1C(=O)O,>,700000.0,nM,IC50,,Beta-lactamase TEM,single protein format
CHEMBL69368,O=C1NC(=S)S/C1=C\CCc1ccccc1,=,32000.0,nM,IC50,4.50,Beta-lactamase TEM,single protein format
CHEMBL67876,O=C1/C(=C/c2ccccc2)SC(=S)N1CNc1nn[nH]n1,>,700000.0,nM,IC50,,Beta-lactamase TEM,single protein format
CHEMBL66064,O=C1NC(=S)S/C1=C\c1ccc([N+](=O)[O-])cc1,>,700000.0,nM,IC50,,Beta-lactamase TEM,single protein format
CHEMBL308010,CC(=O)Nc1ccccc1/C=C1\SC(=S)NC1=O,=,190000.0,nM,IC50,,Beta-lactamase TEM,single protein format
CHEMBL305763,O=C1NC(=S)S/C1=C\c1ccccc1,>,700000.0,nM,IC50,,Beta-lactamase TEM,single protein format
CHEMBL68578,N#Cc1ccc(/C=C2\SC(=S)NC2=O)cc1,>,700000.0,nM,IC50,,Beta-lactamase TEM,single protein format
CHEMBL69428,O=C1NC(=S)S/C1=C\c1cn(-c2ccccc2)cn1,>,700000.0,nM,IC50,,Beta-lactamase TEM,single protein format
CHEMBL303038,O=C1NC(=S)S/C1=C\c1ccccc1[N+](=O)[O-],>,700000.0,nM,IC50,,Beta-lactamase TEM,single protein format
CHEMBL69676,CN(C)c1ccc(/C=C/C=C2\SC(=S)NC2=O)cc1,>,100000.0,nM,IC50,,Beta-lactamase TEM,single protein format
CHEMBL305404,O=C1NC(=S)S/C1=C1/C(=O)Nc2ccccc21,=,8700.0,nM,IC50,5.06,Beta-lactamase TEM,single protein format
CHEMBL355288,N#CC1=C(C(=O)[O-])N2C(=O)/C(=C/c3ccccn3)C2S(=O)(=O)C1.[Na+],=,2340.0,nM,IC50,5.63,Beta-lactamase TEM,single protein format
CHEMBL353978,COCC1=C(C(=O)[O-])N2C(=O)/C(=C/c3ccccn3)C2S(=O)(=O)C1.[Na+],=,700.0,nM,IC50,6.16,Beta-lactamase TEM,single protein format
CHEMBL353694,NC(=O)/C=C/C1=C(C(=O)[O-])N2C(=O)/C(=C/c3cccs3)C2S(=O)(=O)C1.[Na+],=,900.0,nM,IC50,6.05,Beta-lactamase TEM,single protein format
CHEMBL169303,O=C(Cc1ccc(O)c(O)c1)OCC1=C(C(=O)[O-])N2C(=O)/C(=C/c3ccccn3)C2S(=O)(=O)C1.[Na+],=,17400.0,nM,IC50,4.76,Beta-lactamase TEM,single protein format
CHEMBL169550,N#CCC1=C(C(=O)[O-])N2C(=O)/C(=C/c3ccccn3)C2S(=O)(=O)C1.[Na+],=,5600.0,nM,IC50,5.25,Beta-lactamase TEM,single protein format
CHEMBL354754,C=C1C(/C=C/C(=O)OC)=C(C(=O)[O-])N2C(=O)/C(=C/c3ccccn3)C2S1(=O)=O.[Na+],=,2900.0,nM,IC50,5.54,Beta-lactamase TEM,single protein format
CHEMBL354758,NC(=O)OCC1=C(C(=O)[O-])N2C(=O)/C(=C/c3ccccn3)C2S(=O)(=O)C1.[Na+],=,10500.0,nM,IC50,4.98,Beta-lactamase TEM,single protein format
CHEMBL171049,CCOC(=O)CNC(=O)OCC1=C(C(=O)[O-])N2C(=O)/C(=C/c3ccccn3)C2S(=O)(=O)C1.[Na+],=,260000.0,nM,IC50,,Beta-lactamase TEM,single protein format
CHEMBL353613,NC(=O)/C=C/C1=C(C(=O)[O-])N2C(=O)/C(=C/c3ccccn3)C2S(=O)(=O)C1.[Na+],=,90.0,nM,IC50,7.05,Beta-lactamase TEM,single protein format
CHEMBL167539,COC(=O)/C(Cl)=C/C1=C(C(=O)[O-])N2C(=O)/C(=C/c3ccccn3)C2S(=O)(=O)C1.[Na+],=,70.0,nM,IC50,7.16,Beta-lactamase TEM,single protein format
CHEMBL172564,CCC(=O)OCC1=C(C(=O)[O-])N2C(=O)/C(=C/c3ccccn3)C2S(=O)(=O)C1.[Na+],=,311000.0,nM,IC50,,Beta-lactamase TEM,single protein format
CHEMBL353422,O=C([O-])C1=C(/C=C/[N+](=O)[O-])CS(=O)(=O)C2/C(=C\c3ccccn3)C(=O)N12.[Na+],=,70.0,nM,IC50,7.16,Beta-lactamase TEM,single protein format
CHEMBL422212,O=C(COc1ccccc1)OCC1=C(C(=O)[O-])N2C(=O)/C(=C/c3ccccn3)C2S(=O)(=O)C1.[Na+],=,800.0,nM,IC50,6.10,Beta-lactamase TEM,single protein format
CHEMBL355558,N#C/C=C/C1=C(C(=O)[O-])N2C(=O)/C(=C/c3ccccn3)C2S(=O)(=O)C1.[Na+],=,14.0,nM,IC50,7.85,Beta-lactamase TEM,single protein format
CHEMBL355165,O=C([O-])C1=C(/C=C/c2ccccn2)CS(=O)(=O)[C@@H]2/C(=C\c3ccccn3)C(=O)N12.[Na+],=,200.0,nM,IC50,6.70,Beta-lactamase TEM,single protein format
CHEMBL1439,C[C@]1(Cn2ccnn2)[C@H](C(=O)[O-])N2C(=O)C[C@H]2S1(=O)=O.[Na+],=,320.0,nM,IC50,6.50,Beta-lactamase TEM,single protein format
CHEMBL169373,C=C1C(/C=C/C(=O)[O-])=C(C(=O)[O-])N2C(=O)/C(=C/c3ccccn3)C2S1(=O)=O.[Na+].[Na+],=,2500.0,nM,IC50,5.60,Beta-lactamase TEM,single protein format
CHEMBL169392,COC(=O)/C=C/C1=C(C(=O)[O-])N2C(=O)/C(=C/c3ccccn3)C2S(=O)(=O)C1.[Na+],=,20.0,nM,IC50,7.70,Beta-lactamase TEM,single protein format
CHEMBL167311,C=C/C=C/C1=C(C(=O)[O-])N2C(=O)/C(=C/c3ccccn3)C2S(=O)(=O)C1.[Na+],=,68000.0,nM,IC50,4.17,Beta-lactamase TEM,single protein format
CHEMBL171999,O=C([O-])/C=C/C1=C(C(=O)[O-])N2C(=O)/C(=C/c3ccccn3)C2S(=O)(=O)C1.[Na+].[Na+],=,2500.0,nM,IC50,5.60,Beta-lactamase TEM,single protein format
CHEMBL433726,O=C([O-])C1=C(/C=C/c2cccc[n+]2[O-])CS(=O)(=O)[C@@H]2/C(=C\c3ccccn3)C(=O)N12.[Na+],=,6.0,nM,IC50,8.22,Beta-lactamase TEM,single protein format
CHEMBL495027,CC(=O)OCC1=C(C(=O)[O-])N2C(=O)[C@@H](NO)[C@H]2SC1.[Na+],=,1.8,10'-5/s,Kcat,,Beta-lactamase TEM,single protein format
CHEMBL495198,CC(=O)OCC1=C(C(=O)[O-])N2C(=O)[C@@H](N(O)C(=O)Cc3ccccc3)[C@H]2SC1.[Na+],=,0.215,/s,Kcat,,Beta-lactamase TEM,single protein format
CHEMBL495199,CC(=O)OCC1=C(C(=O)[O-])N2C(=O)[C@@H](NC=O)[C@H]2SC1.[Na+],=,40.9,/s,Kcat,,Beta-lactamase TEM,single protein format
CHEMBL1632,CC(=O)OCC1=C(C(=O)[O-])N2C(=O)[C@@H](NC(=O)Cc3cccs3)[C@H]2SC1.[Na+],=,131.0,/s,Kcat,,Beta-lactamase TEM,single protein format
CHEMBL492983,CC(=O)OCC1=C(C(=O)[O-])N2C(=O)/C(=N/O)[C@H]2SC1.[Na+],=,0.096,/s,Kcat,,Beta-lactamase TEM,single protein format
CHEMBL492985,CC1=C(C(=O)[O-])N2C(=O)/C(=N/O)[C@H]2S(=O)(=O)C1.[Na+],=,0.09,/s,Kcat,,Beta-lactamase TEM,single protein format
CHEMBL492592,CC(=O)OCC1=C(C(=O)[O-])N2C(=O)[C@@H](N(O)C=O)[C@H]2SC1.[Na+],>=,400000.0,nM,Km,,Beta-lactamase TEM,single protein format
CHEMBL495198,CC(=O)OCC1=C(C(=O)[O-])N2C(=O)[C@@H](N(O)C(=O)Cc3ccccc3)[C@H]2SC1.[Na+],=,1320000.0,nM,Km,,Beta-lactamase TEM,single protein format
CHEMBL495199,CC(=O)OCC1=C(C(=O)[O-])N2C(=O)[C@@H](NC=O)[C@H]2SC1.[Na+],=,680000.0,nM,Km,,Beta-lactamase TEM,single protein format
CHEMBL1632,CC(=O)OCC1=C(C(=O)[O-])N2C(=O)[C@@H](NC(=O)Cc3cccs3)[C@H]2SC1.[Na+],=,270000.0,nM,Km,,Beta-lactamase TEM,single protein format
CHEMBL492983,CC(=O)OCC1=C(C(=O)[O-])N2C(=O)/C(=N/O)[C@H]2SC1.[Na+],=,605000.0,nM,Km,,Beta-lactamase TEM,single protein format
CHEMBL492985,CC1=C(C(=O)[O-])N2C(=O)/C(=N/O)[C@H]2S(=O)(=O)C1.[Na+],=,2250000.0,nM,Km,,Beta-lactamase TEM,single protein format
CHEMBL492592,CC(=O)OCC1=C(C(=O)[O-])N2C(=O)[C@@H](N(O)C=O)[C@H]2SC1.[Na+],=,25.0,/s/M,Ratio,,Beta-lactamase TEM,single protein format
CHEMBL495198,CC(=O)OCC1=C(C(=O)[O-])N2C(=O)[C@@H](N(O)C(=O)Cc3ccccc3)[C@H]2SC1.[Na+],=,2620.0,/s/M,Ratio,,Beta-lactamase TEM,single protein format
CHEMBL495199,CC(=O)OCC1=C(C(=O)[O-])N2C(=O)[C@@H](NC=O)[C@H]2SC1.[Na+],=,6.0,10'4/s/M,Ratio,,Beta-lactamase TEM,single protein format
CHEMBL1632,CC(=O)OCC1=C(C(=O)[O-])N2C(=O)[C@@H](NC(=O)Cc3cccs3)[C@H]2SC1.[Na+],=,4.85,10'5/s/M,Ratio,,Beta-lactamase TEM,single protein format
CHEMBL492983,CC(=O)OCC1=C(C(=O)[O-])N2C(=O)/C(=N/O)[C@H]2SC1.[Na+],=,158.0,/s/M,Ratio,,Beta-lactamase TEM,single protein format
CHEMBL492985,CC1=C(C(=O)[O-])N2C(=O)/C(=N/O)[C@H]2S(=O)(=O)C1.[Na+],=,40.0,/s/M,Ratio,,Beta-lactamase TEM,single protein format
CHEMBL492984,CC(=O)OCC1=C(C(=O)[O-])N2C(=O)/C(=N/O)[C@H]2S(=O)(=O)C1.[Na+],=,1690.0,/s/M,Ratio,,Beta-lactamase TEM,single protein format
CHEMBL495027,CC(=O)OCC1=C(C(=O)[O-])N2C(=O)[C@@H](NO)[C@H]2SC1.[Na+],=,2620.0,/s/M,Ratio,,Beta-lactamase TEM,single protein format
CHEMBL3317857,O=C(O)C[C@@H]1CC[C@H](NC(=O)Cc2cccs2)B(O)O1,=,0.25,ug.mL-1,MIC,,Beta-lactamase TEM,single protein format
CHEMBL3317857,O=C(O)C[C@@H]1CC[C@H](NC(=O)Cc2cccs2)B(O)O1,<=,0.06,ug.mL-1,MIC,,Beta-lactamase TEM,single protein format
CHEMBL3317857,O=C(O)C[C@@H]1CC[C@H](NC(=O)Cc2cccs2)B(O)O1,<=,0.06,ug.mL-1,MIC,,Beta-lactamase TEM,single protein format
CHEMBL3317857,O=C(O)C[C@@H]1CC[C@H](NC(=O)Cc2cccs2)B(O)O1,=,0.25,ug.mL-1,MIC,,Beta-lactamase TEM,single protein format
