molecule_chembl_id,canonical_smiles,standard_relation,standard_value,standard_units,standard_type,pchembl_value,target_pref_name,bao_label
CHEMBL4165395,C=CCn1c(S)nnc1-c1ccccc1O,=,8.0,,FC,,Beta-lactamase,single protein format
CHEMBL1736112,Sc1nncn1NCc1cccc(Br)c1,=,4.0,,FC,,Beta-lactamase,single protein format
CHEMBL4165395,C=CCn1c(S)nnc1-c1ccccc1O,>,32768.0,ug.mL-1,MIC,,Beta-lactamase,single protein format
CHEMBL1736112,Sc1nncn1NCc1cccc(Br)c1,>,32768.0,ug.mL-1,MIC,,Beta-lactamase,single protein format
CHEMBL4165395,C=CCn1c(S)nnc1-c1ccccc1O,=,16.0,ug.mL-1,MIC,,Beta-lactamase,single protein format
CHEMBL4165395,C=CCn1c(S)nnc1-c1ccccc1O,=,32.0,ug.mL-1,MIC,,Beta-lactamase,single protein format
CHEMBL1736112,Sc1nncn1NCc1cccc(Br)c1,=,32.0,ug.mL-1,MIC,,Beta-lactamase,single protein format
CHEMBL4165395,C=CCn1c(S)nnc1-c1ccccc1O,=,64.0,ug.mL-1,MIC,,Beta-lactamase,single protein format
CHEMBL4165395,C=CCn1c(S)nnc1-c1ccccc1O,=,2048.0,ug.mL-1,MIC,,Beta-lactamase,single protein format
CHEMBL1736112,Sc1nncn1NCc1cccc(Br)c1,=,2048.0,ug.mL-1,MIC,,Beta-lactamase,single protein format
CHEMBL4165395,C=CCn1c(S)nnc1-c1ccccc1O,=,1024.0,ug.mL-1,MIC,,Beta-lactamase,single protein format
CHEMBL1736112,Sc1nncn1NCc1cccc(Br)c1,=,1024.0,ug.mL-1,MIC,,Beta-lactamase,single protein format
CHEMBL1736112,Sc1nncn1NCc1cccc(Br)c1,=,64.0,ug.mL-1,MIC,,Beta-lactamase,single protein format
CHEMBL4165395,C=CCn1c(S)nnc1-c1ccccc1O,,,,FICI,,Beta-lactamase,single protein format
CHEMBL1736112,Sc1nncn1NCc1cccc(Br)c1,,,,FICI,,Beta-lactamase,single protein format
CHEMBL4165395,C=CCn1c(S)nnc1-c1ccccc1O,<,0.375,,FICI,,Beta-lactamase,single protein format
CHEMBL4165395,C=CCn1c(S)nnc1-c1ccccc1O,<,0.313,,FICI,,Beta-lactamase,single protein format
CHEMBL1736112,Sc1nncn1NCc1cccc(Br)c1,<,0.313,,FICI,,Beta-lactamase,single protein format
CHEMBL4165395,C=CCn1c(S)nnc1-c1ccccc1O,<,0.504,,FICI,,Beta-lactamase,single protein format
CHEMBL4165395,C=CCn1c(S)nnc1-c1ccccc1O,>,1.0,,FICI,,Beta-lactamase,single protein format
CHEMBL1736112,Sc1nncn1NCc1cccc(Br)c1,>,1.0,,FICI,,Beta-lactamase,single protein format
CHEMBL4165395,C=CCn1c(S)nnc1-c1ccccc1O,>,1.0,,FICI,,Beta-lactamase,single protein format
CHEMBL1736112,Sc1nncn1NCc1cccc(Br)c1,>,1.0,,FICI,,Beta-lactamase,single protein format
CHEMBL1736112,Sc1nncn1NCc1cccc(Br)c1,<,0.501,,FICI,,Beta-lactamase,single protein format
CHEMBL858,O=C(O)CN(CCN(CC(=O)O)CC(=O)O)CC(=O)O,=,21.66,mm,IZ,,Beta-lactamase,single protein format
CHEMBL2005280,O=C(O)CN1CCN(CC(=O)O)CCN(CC(=O)O)CC1,=,0.125,ug.mL-1,MIC,,Beta-lactamase,single protein format
CHEMBL4212352,S=C([S-])N1CCN(C(=S)[S-])CCN(C(=S)[S-])CC1.[Na+].[Na+].[Na+],=,16.0,ug.mL-1,MIC,,Beta-lactamase,single protein format
CHEMBL2005280,O=C(O)CN1CCN(CC(=O)O)CCN(CC(=O)O)CC1,<,0.03,ug.mL-1,MIC,,Beta-lactamase,single protein format
CHEMBL4212352,S=C([S-])N1CCN(C(=S)[S-])CCN(C(=S)[S-])CC1.[Na+].[Na+].[Na+],<,0.03,ug.mL-1,MIC,,Beta-lactamase,single protein format
CHEMBL2005280,O=C(O)CN1CCN(CC(=O)O)CCN(CC(=O)O)CC1,=,0.125,ug.mL-1,MIC,,Beta-lactamase,single protein format
CHEMBL4212352,S=C([S-])N1CCN(C(=S)[S-])CCN(C(=S)[S-])CC1.[Na+].[Na+].[Na+],=,4.0,ug.mL-1,MIC,,Beta-lactamase,single protein format
CHEMBL4212352,S=C([S-])N1CCN(C(=S)[S-])CCN(C(=S)[S-])CC1.[Na+].[Na+].[Na+],>,16.0,ug.mL-1,MIC,,Beta-lactamase,single protein format
CHEMBL4212352,S=C([S-])N1CCN(C(=S)[S-])CCN(C(=S)[S-])CC1.[Na+].[Na+].[Na+],<,0.03,ug.mL-1,MIC,,Beta-lactamase,single protein format
CHEMBL4212352,S=C([S-])N1CCN(C(=S)[S-])CCN(C(=S)[S-])CC1.[Na+].[Na+].[Na+],=,0.5,ug.mL-1,MIC,,Beta-lactamase,single protein format
CHEMBL4212352,S=C([S-])N1CCN(C(=S)[S-])CCN(C(=S)[S-])CC1.[Na+].[Na+].[Na+],<,0.03125,ug.mL-1,MIC,,Beta-lactamase,single protein format
CHEMBL4212352,S=C([S-])N1CCN(C(=S)[S-])CCN(C(=S)[S-])CC1.[Na+].[Na+].[Na+],<,0.03125,ug.mL-1,MIC,,Beta-lactamase,single protein format
CHEMBL2005280,O=C(O)CN1CCN(CC(=O)O)CCN(CC(=O)O)CC1,=,109.5,nM,IC50,6.96,Beta-lactamase,single protein format
CHEMBL4212352,S=C([S-])N1CCN(C(=S)[S-])CCN(C(=S)[S-])CC1.[Na+].[Na+].[Na+],=,5624.0,nM,IC50,5.25,Beta-lactamase,single protein format
CHEMBL2005280,O=C(O)CN1CCN(CC(=O)O)CCN(CC(=O)O)CC1,=,5110.0,nM,Ki,5.29,Beta-lactamase,single protein format
CHEMBL4212352,S=C([S-])N1CCN(C(=S)[S-])CCN(C(=S)[S-])CC1.[Na+].[Na+].[Na+],=,5630.0,nM,Ki,5.25,Beta-lactamase,single protein format
CHEMBL2005280,O=C(O)CN1CCN(CC(=O)O)CCN(CC(=O)O)CC1,=,8.58,%,Activity,,Beta-lactamase,single protein format
CHEMBL4212352,S=C([S-])N1CCN(C(=S)[S-])CCN(C(=S)[S-])CC1.[Na+].[Na+].[Na+],=,2.55,%,Activity,,Beta-lactamase,single protein format
CHEMBL2005280,O=C(O)CN1CCN(CC(=O)O)CCN(CC(=O)O)CC1,=,73.17,%,Activity,,Beta-lactamase,single protein format
CHEMBL4212352,S=C([S-])N1CCN(C(=S)[S-])CCN(C(=S)[S-])CC1.[Na+].[Na+].[Na+],=,90.3,%,Activity,,Beta-lactamase,single protein format
CHEMBL4212352,S=C([S-])N1CCN(C(=S)[S-])CCN(C(=S)[S-])CC1.[Na+].[Na+].[Na+],=,229.09,log10CFU/ml,Activity,,Beta-lactamase,single protein format
CHEMBL4212352,S=C([S-])N1CCN(C(=S)[S-])CCN(C(=S)[S-])CC1.[Na+].[Na+].[Na+],=,4.265,log10CFU/ml,Activity,,Beta-lactamase,single protein format
CHEMBL2005280,O=C(O)CN1CCN(CC(=O)O)CCN(CC(=O)O)CC1,=,758.57,log10CFU/ml,Activity,,Beta-lactamase,single protein format
CHEMBL4212352,S=C([S-])N1CCN(C(=S)[S-])CCN(C(=S)[S-])CC1.[Na+].[Na+].[Na+],<,1.0,log10CFU/ml,Activity,,Beta-lactamase,single protein format
CHEMBL2005280,O=C(O)CN1CCN(CC(=O)O)CCN(CC(=O)O)CC1,=,10000.0,log10CFU/ml,Activity,,Beta-lactamase,single protein format
CHEMBL2005280,O=C(O)CN1CCN(CC(=O)O)CCN(CC(=O)O)CC1,,,,Inhibition,,Beta-lactamase,single protein format
CHEMBL4212352,S=C([S-])N1CCN(C(=S)[S-])CCN(C(=S)[S-])CC1.[Na+].[Na+].[Na+],,,,Inhibition,,Beta-lactamase,single protein format
CHEMBL3961220,S=C([S-])N1CCCCC1.[Na+],=,0.25,ug.mL-1,MIC,,Beta-lactamase,single protein format
CHEMBL3961220,S=C([S-])N1CCCCC1.[Na+],<,0.03125,ug ml-1,MBC,,Beta-lactamase,single protein format
CHEMBL3961220,S=C([S-])N1CCCCC1.[Na+],=,1.0,ug ml-1,MBC,,Beta-lactamase,single protein format
CHEMBL2021946,S=C([S-])N1CCCC1.[Na+],<=,320.0,,FC,,Beta-lactamase,single protein format
CHEMBL2021946,S=C([S-])N1CCCC1.[Na+],=,2.0,ug.mL-1,MIC,,Beta-lactamase,single protein format
CHEMBL2023728,S=C([S-])N1CCN(C(=S)[S-])CC1.[Na+].[Na+],=,8.0,ug.mL-1,MIC,,Beta-lactamase,single protein format
CHEMBL4278702,CCCCCCCCCCCCCCNC(=S)[S-].[Na+],,,,MIC,,Beta-lactamase,single protein format
CHEMBL4283258,CCCCCCNC(=S)[S-].[Na+],=,16.0,ug.mL-1,MIC,,Beta-lactamase,single protein format
CHEMBL2023727,S=C([S-])N1CCOCC1.[Na+],=,8.0,ug.mL-1,MIC,,Beta-lactamase,single protein format
CHEMBL3961220,S=C([S-])N1CCCCC1.[Na+],<=,320.0,,FC,,Beta-lactamase,single protein format
CHEMBL107217,CCN(CC)C(=S)[S-].[Na+],=,1.0,ug.mL-1,MIC,,Beta-lactamase,single protein format
CHEMBL2023722,CCCCCCN(CCCCCC)C(=S)[S-].[Na+],=,8.0,ug.mL-1,MIC,,Beta-lactamase,single protein format
CHEMBL4293432,CCCCCCCCN(CCCCCCCC)C(=S)[S-].[Na+],=,4.0,ug.mL-1,MIC,,Beta-lactamase,single protein format
