molecule_chembl_id,canonical_smiles,standard_relation,standard_value,standard_units,standard_type,pchembl_value,target_pref_name,bao_label
CHEMBL64793,C[C@]1(COC(=O)CCl)[C@H](C(=O)[O-])N2C(=O)/C(=C/C(=O)[O-])C2S1(=O)=O.[Na+].[Na+],=,196.0,nM,IC50,6.71,Beta-lactamase,single protein format
CHEMBL64793,C[C@]1(COC(=O)CCl)[C@H](C(=O)[O-])N2C(=O)/C(=C/C(=O)[O-])C2S1(=O)=O.[Na+].[Na+],=,7200.0,nM,IC50,5.14,Beta-lactamase,single protein format
CHEMBL60220,C[C@]1(/C=C/C#N)[C@H](C(=O)[O-])N2C(=O)/C(=C/C(=O)[O-])C2S1(=O)=O.[Na+].[Na+],=,6760.0,nM,IC50,5.17,Beta-lactamase,single protein format
CHEMBL60220,C[C@]1(/C=C/C#N)[C@H](C(=O)[O-])N2C(=O)/C(=C/C(=O)[O-])C2S1(=O)=O.[Na+].[Na+],=,21670.0,nM,IC50,4.66,Beta-lactamase,single protein format
CHEMBL60220,C[C@]1(/C=C/C#N)[C@H](C(=O)[O-])N2C(=O)/C(=C/C(=O)[O-])C2S1(=O)=O.[Na+].[Na+],=,504000.0,nM,IC50,,Beta-lactamase,single protein format
CHEMBL64056,COC(=O)/C=C1/C(=O)N2C1S(=O)(=O)[C@@](C)(COC(C)=O)[C@@H]2C(=O)[O-].[Na+],=,9510.0,nM,IC50,5.02,Beta-lactamase,single protein format
CHEMBL64056,COC(=O)/C=C1/C(=O)N2C1S(=O)(=O)[C@@](C)(COC(C)=O)[C@@H]2C(=O)[O-].[Na+],=,2720.0,nM,IC50,5.57,Beta-lactamase,single protein format
CHEMBL64056,COC(=O)/C=C1/C(=O)N2C1S(=O)(=O)[C@@](C)(COC(C)=O)[C@@H]2C(=O)[O-].[Na+],,,,IC50,,Beta-lactamase,single protein format
CHEMBL294608,C[C@]1(COC(=O)Cc2ccccc2)[C@H](C(=O)[O-])N2C(=O)/C(=C/c3ccccn3)C2S1(=O)=O.[Na+],=,1.0,nM,IC50,9.00,Beta-lactamase,single protein format
CHEMBL294608,C[C@]1(COC(=O)Cc2ccccc2)[C@H](C(=O)[O-])N2C(=O)/C(=C/c3ccccn3)C2S1(=O)=O.[Na+],=,40.0,nM,IC50,7.40,Beta-lactamase,single protein format
CHEMBL294608,C[C@]1(COC(=O)Cc2ccccc2)[C@H](C(=O)[O-])N2C(=O)/C(=C/c3ccccn3)C2S1(=O)=O.[Na+],=,390.0,nM,IC50,6.41,Beta-lactamase,single protein format
CHEMBL59053,COC(=O)/C=C1/C(=O)N2C1S(=O)(=O)[C@@](C)(COC(=O)CSc1nnnn1C)[C@@H]2C(=O)[O-].[Na+],=,13200.0,nM,IC50,4.88,Beta-lactamase,single protein format
CHEMBL59053,COC(=O)/C=C1/C(=O)N2C1S(=O)(=O)[C@@](C)(COC(=O)CSc1nnnn1C)[C@@H]2C(=O)[O-].[Na+],=,2370.0,nM,IC50,5.62,Beta-lactamase,single protein format
CHEMBL59053,COC(=O)/C=C1/C(=O)N2C1S(=O)(=O)[C@@](C)(COC(=O)CSc1nnnn1C)[C@@H]2C(=O)[O-].[Na+],=,939700.0,nM,IC50,,Beta-lactamase,single protein format
CHEMBL61760,C[C@]1(COC=O)[C@H](C(=O)[O-])N2C(=O)/C(=C/C(=O)[O-])C2S1(=O)=O.[Na+].[Na+],=,592.0,nM,IC50,6.23,Beta-lactamase,single protein format
CHEMBL61760,C[C@]1(COC=O)[C@H](C(=O)[O-])N2C(=O)/C(=C/C(=O)[O-])C2S1(=O)=O.[Na+].[Na+],=,1840.0,nM,IC50,5.74,Beta-lactamase,single protein format
CHEMBL61760,C[C@]1(COC=O)[C@H](C(=O)[O-])N2C(=O)/C(=C/C(=O)[O-])C2S1(=O)=O.[Na+].[Na+],=,173000.0,nM,IC50,,Beta-lactamase,single protein format
CHEMBL294203,CC(=O)OC[C@@]1(C)[C@H](C(=O)[O-])N2C(=O)/C(=C/c3ccccn3)C2S1(=O)=O.[Na+],=,62.0,nM,IC50,7.21,Beta-lactamase,single protein format
CHEMBL294203,CC(=O)OC[C@@]1(C)[C@H](C(=O)[O-])N2C(=O)/C(=C/c3ccccn3)C2S1(=O)=O.[Na+],=,4.0,nM,IC50,8.40,Beta-lactamase,single protein format
CHEMBL294203,CC(=O)OC[C@@]1(C)[C@H](C(=O)[O-])N2C(=O)/C(=C/c3ccccn3)C2S1(=O)=O.[Na+],=,660.0,nM,IC50,6.18,Beta-lactamase,single protein format
CHEMBL292147,COC(=O)/C=C1/C(=O)N2C1S(=O)(=O)[C@@](C)(CCl)[C@@H]2C(=O)[O-].[Na+],=,13910.0,nM,IC50,4.86,Beta-lactamase,single protein format
CHEMBL292147,COC(=O)/C=C1/C(=O)N2C1S(=O)(=O)[C@@](C)(CCl)[C@@H]2C(=O)[O-].[Na+],=,44510.0,nM,IC50,4.35,Beta-lactamase,single protein format
CHEMBL292147,COC(=O)/C=C1/C(=O)N2C1S(=O)(=O)[C@@](C)(CCl)[C@@H]2C(=O)[O-].[Na+],=,432000.0,nM,IC50,,Beta-lactamase,single protein format
CHEMBL303053,C[C@]1(COC(=O)Cc2ccc(O)c(O)c2)[C@H](C(=O)[O-])N2C(=O)/C(=C/c3ccccn3)C2S1(=O)=O.[Na+],=,26.0,nM,IC50,7.58,Beta-lactamase,single protein format
CHEMBL303053,C[C@]1(COC(=O)Cc2ccc(O)c(O)c2)[C@H](C(=O)[O-])N2C(=O)/C(=C/c3ccccn3)C2S1(=O)=O.[Na+],=,60.0,nM,IC50,7.22,Beta-lactamase,single protein format
CHEMBL303053,C[C@]1(COC(=O)Cc2ccc(O)c(O)c2)[C@H](C(=O)[O-])N2C(=O)/C(=C/c3ccccn3)C2S1(=O)=O.[Na+],=,700.0,nM,IC50,6.16,Beta-lactamase,single protein format
CHEMBL292093,C[C@]1(COC(=O)Cc2ccccc2)[C@H](C(=O)[O-])N2C(=O)/C(=C/C(=O)[O-])C2S1(=O)=O.[Na+].[Na+],=,540.0,nM,IC50,6.27,Beta-lactamase,single protein format
CHEMBL292093,C[C@]1(COC(=O)Cc2ccccc2)[C@H](C(=O)[O-])N2C(=O)/C(=C/C(=O)[O-])C2S1(=O)=O.[Na+].[Na+],=,15.4,nM,IC50,7.81,Beta-lactamase,single protein format
CHEMBL292093,C[C@]1(COC(=O)Cc2ccccc2)[C@H](C(=O)[O-])N2C(=O)/C(=C/C(=O)[O-])C2S1(=O)=O.[Na+].[Na+],=,579000.0,nM,IC50,,Beta-lactamase,single protein format
CHEMBL59227,C[C@]1(CCl)[C@H](C(=O)[O-])N2C(=O)/C(=C/C(=O)[O-])C2S1(=O)=O.[Na+].[Na+],=,527000.0,nM,IC50,,Beta-lactamase,single protein format
CHEMBL59227,C[C@]1(CCl)[C@H](C(=O)[O-])N2C(=O)/C(=C/C(=O)[O-])C2S1(=O)=O.[Na+].[Na+],=,120500.0,nM,IC50,,Beta-lactamase,single protein format
CHEMBL59227,C[C@]1(CCl)[C@H](C(=O)[O-])N2C(=O)/C(=C/C(=O)[O-])C2S1(=O)=O.[Na+].[Na+],=,2100000.0,nM,IC50,,Beta-lactamase,single protein format
CHEMBL292506,Cn1nnnc1SCC(=O)OC[C@@]1(C)[C@H](C(=O)[O-])N2C(=O)/C(=C/C(=O)[O-])C2S1(=O)=O.[Na+].[Na+],=,640.0,nM,IC50,6.19,Beta-lactamase,single protein format
CHEMBL292506,Cn1nnnc1SCC(=O)OC[C@@]1(C)[C@H](C(=O)[O-])N2C(=O)/C(=C/C(=O)[O-])C2S1(=O)=O.[Na+].[Na+],=,233.0,nM,IC50,6.63,Beta-lactamase,single protein format
CHEMBL292506,Cn1nnnc1SCC(=O)OC[C@@]1(C)[C@H](C(=O)[O-])N2C(=O)/C(=C/C(=O)[O-])C2S1(=O)=O.[Na+].[Na+],,,,IC50,,Beta-lactamase,single protein format
CHEMBL60491,CC1(C)[C@H](C(=O)[O-])N2C(=O)/C(=C/C(=O)[O-])C2S1(=O)=O.[Na+].[Na+],=,4500.0,nM,IC50,5.35,Beta-lactamase,single protein format
CHEMBL60491,CC1(C)[C@H](C(=O)[O-])N2C(=O)/C(=C/C(=O)[O-])C2S1(=O)=O.[Na+].[Na+],=,1800.0,nM,IC50,5.75,Beta-lactamase,single protein format
CHEMBL60491,CC1(C)[C@H](C(=O)[O-])N2C(=O)/C(=C/C(=O)[O-])C2S1(=O)=O.[Na+].[Na+],=,108000.0,nM,IC50,,Beta-lactamase,single protein format
CHEMBL304709,CC(=O)OC[C@@]1(C)[C@H](C(=O)[O-])N2C(=O)/C(=C/C(N)=O)C2S1(=O)=O.[Na+],=,8480.0,nM,IC50,5.07,Beta-lactamase,single protein format
CHEMBL304709,CC(=O)OC[C@@]1(C)[C@H](C(=O)[O-])N2C(=O)/C(=C/C(N)=O)C2S1(=O)=O.[Na+],=,310.0,nM,IC50,6.51,Beta-lactamase,single protein format
CHEMBL304709,CC(=O)OC[C@@]1(C)[C@H](C(=O)[O-])N2C(=O)/C(=C/C(N)=O)C2S1(=O)=O.[Na+],=,2210.0,nM,IC50,5.66,Beta-lactamase,single protein format
CHEMBL305361,C[C@]1(COC(=O)Cc2ccc(O)c(O)c2)[C@H](C(=O)[O-])N2C(=O)/C(=C/C(=O)[O-])C2S1(=O)=O.[Na+].[Na+],=,370.0,nM,IC50,6.43,Beta-lactamase,single protein format
CHEMBL305361,C[C@]1(COC(=O)Cc2ccc(O)c(O)c2)[C@H](C(=O)[O-])N2C(=O)/C(=C/C(=O)[O-])C2S1(=O)=O.[Na+].[Na+],=,105.0,nM,IC50,6.98,Beta-lactamase,single protein format
CHEMBL305361,C[C@]1(COC(=O)Cc2ccc(O)c(O)c2)[C@H](C(=O)[O-])N2C(=O)/C(=C/C(=O)[O-])C2S1(=O)=O.[Na+].[Na+],=,116000.0,nM,IC50,,Beta-lactamase,single protein format
CHEMBL1439,C[C@]1(Cn2ccnn2)[C@H](C(=O)[O-])N2C(=O)C[C@H]2S1(=O)=O.[Na+],=,51900.0,nM,IC50,4.29,Beta-lactamase,single protein format
CHEMBL1439,C[C@]1(Cn2ccnn2)[C@H](C(=O)[O-])N2C(=O)C[C@H]2S1(=O)=O.[Na+],=,297.0,nM,IC50,6.53,Beta-lactamase,single protein format
CHEMBL1439,C[C@]1(Cn2ccnn2)[C@H](C(=O)[O-])N2C(=O)C[C@H]2S1(=O)=O.[Na+],=,2570.0,nM,IC50,5.59,Beta-lactamase,single protein format
CHEMBL61762,CC(=O)OC[C@@]1(C)[C@H](C(=O)[O-])N2C(=O)/C(=C/C(=O)[O-])C2S1(=O)=O.[Na+].[Na+],=,708.0,nM,IC50,6.15,Beta-lactamase,single protein format
CHEMBL61762,CC(=O)OC[C@@]1(C)[C@H](C(=O)[O-])N2C(=O)/C(=C/C(=O)[O-])C2S1(=O)=O.[Na+].[Na+],=,180.0,nM,IC50,6.75,Beta-lactamase,single protein format
CHEMBL61762,CC(=O)OC[C@@]1(C)[C@H](C(=O)[O-])N2C(=O)/C(=C/C(=O)[O-])C2S1(=O)=O.[Na+].[Na+],=,76530.0,nM,IC50,4.12,Beta-lactamase,single protein format
CHEMBL324074,O=C(COc1ccccc1)N[C@@H]1C(=O)N2C(C(=O)O)=C(COC(=O)c3cccc(C(=O)c4cc(Cl)cc(C(=O)c5ccccc5O)c4O)c3O)CS[C@H]12,=,4.81,ug ml-1,MPC,,Beta-lactamase,assay format
CHEMBL117890,CC(=O)OCC1=C(C(=O)O)N2C(=O)[C@@H](NC(=O)c3cccc(C(=O)c4cc(Cl)cc(C(=O)c5ccccc5O)c4O)c3O)[C@H]2SC1,=,88.68,ug ml-1,MPC,,Beta-lactamase,assay format
CHEMBL117020,CC(=O)OCC1=C(C(=O)O)N2C(=O)[C@@H](NC(=O)c3cccc(Cc4cc(Cl)cc(Cc5ccccc5O)c4O)c3O)[C@H]2SC1,=,95.2,ug ml-1,MPC,,Beta-lactamase,assay format
CHEMBL1730,CO/N=C(\C(=O)N[C@@H]1C(=O)N2C(C(=O)O)=C(COC(C)=O)CS[C@H]12)c1csc(N)n1,=,2.72,ug ml-1,MPC,,Beta-lactamase,assay format
CHEMBL323835,O=C(COc1ccccc1)N[C@@H]1C(=O)N2C(C(=O)O)=C(COC(=O)c3cccc(Cc4cc(Cl)cc(Cc5ccccc5O)c4O)c3O)CS[C@H]12,=,7.08,ug ml-1,MPC,,Beta-lactamase,assay format
CHEMBL777,O=C(O)[C@H]1/C(=C/CO)O[C@@H]2CC(=O)N21,=,0.38,ug ml-1,MPC,,Beta-lactamase,assay format
CHEMBL317778,CC(=O)OCC1=C(C(=O)O)N2C(=O)[C@@H](NC(=O)COc3ccccc3)[C@H]2SC1,=,1.35,ug ml-1,MPC,,Beta-lactamase,assay format
CHEMBL406282,C[C@]1(CCl)[C@H](C(=O)[O-])N2C(=O)C[C@H]2S1(=O)=O.[K+],=,3.1,ug ml-1,MPC,,Beta-lactamase,assay format
CHEMBL287917,COc1cccc(OC)c1C(=O)N[C@@H]1C(=O)N2[C@@H](C(=O)O)C(C)(C)S(=O)(=O)[C@H]12,>,100.0,ug ml-1,MPC,,Beta-lactamase,assay format
CHEMBL777,O=C(O)[C@H]1/C(=C/CO)O[C@@H]2CC(=O)N21,=,0.4,ug ml-1,MPC,,Beta-lactamase,assay format
CHEMBL37378,CC1(C)C(C(=O)O)N2C(=O)C(Cl)C2S1(=O)=O,>,100.0,ug ml-1,MPC,,Beta-lactamase,assay format
CHEMBL403,CC1(C)[C@H](C(=O)O)N2C(=O)C[C@H]2S1(=O)=O,=,12.5,ug ml-1,MPC,,Beta-lactamase,assay format
CHEMBL302241,Cn1ccnc1SC[C@@]1(C)[C@H](C(=O)O)N2C(=O)C[C@H]2S1(=O)=O,=,0.1,ug.mL-1,IC50,,Beta-lactamase,single protein format
CHEMBL70997,C[C@H](O)[C@H]1C(=O)N2[C@@H](C(=O)O)/C(=C/CO)S[C@H]12,<,0.39,ug.mL-1,MIC,,Beta-lactamase,single protein format
CHEMBL70997,C[C@H](O)[C@H]1C(=O)N2[C@@H](C(=O)O)/C(=C/CO)S[C@H]12,<,0.39,ug.mL-1,MIC,,Beta-lactamase,single protein format
CHEMBL34277,CC(C)CCCCCCCCCCCCCc1cccc(O)c1C(=O)O,,,,IC50,,Beta-lactamase,single protein format
CHEMBL308516,C[C@@]1(CSc2nc3ccccc3s2)S[C@@H]2[C@H](Br)C(=O)N2[C@H]1C(=O)O,=,0.032,ug.mL-1,IC50,,Beta-lactamase,single protein format
CHEMBL30914,CCCCCCCCCCCCCCCCCc1cccc(O)c1C(=O)O,,,,IC50,,Beta-lactamase,single protein format
CHEMBL403,CC1(C)[C@H](C(=O)O)N2C(=O)C[C@H]2S1(=O)=O,=,0.8,ug.mL-1,IC50,,Beta-lactamase,single protein format
CHEMBL455368,C=CC/C=C\C/C=C\CCCCCCCc1cccc(O)c1C(=O)O,,,,IC50,,Beta-lactamase,single protein format
CHEMBL72046,C[C@]1(CSC2=NCCS2)[C@H](C(=O)O)N2C(=O)C[C@H]2S1(=O)=O,=,0.2,ug.mL-1,IC50,,Beta-lactamase,single protein format
CHEMBL423309,Cn1cnnc1SC[C@@]1(C)[C@H](C(=O)O)N2C(=O)C[C@H]2S1(=O)=O,=,0.16,ug.mL-1,IC50,,Beta-lactamase,single protein format
CHEMBL33379,CCCCCCCCc1cccc(O)c1C(=O)O,,,,IC50,,Beta-lactamase,single protein format
CHEMBL33202,CCCCCCCCCCc1cccc(O)c1,,,,IC50,,Beta-lactamase,single protein format
CHEMBL174,CC1(C)S[C@@H]2[C@H](NC(=O)[C@H](N)c3ccccc3)C(=O)N2[C@H]1C(=O)O,=,1.56,ug.mL-1,MIC,,Beta-lactamase,single protein format
CHEMBL310221,C[C@@]1(CSC2=NCCS2)S[C@@H]2[C@H](Br)C(=O)N2[C@H]1C(=O)O,=,0.05,ug.mL-1,IC50,,Beta-lactamase,single protein format
CHEMBL73622,CC1(C)S[C@@H]2[C@H](Br)C(=O)N2[C@H]1C(=O)O,=,0.013,ug.mL-1,IC50,,Beta-lactamase,single protein format
CHEMBL416038,CCCCCCCCCCc1cccc(O)c1C(=O)O,,,,IC50,,Beta-lactamase,single protein format
CHEMBL302512,Cn1nnnc1SC[C@@]1(C)[C@H](C(=O)O)N2C(=O)C[C@H]2S1(=O)=O,=,0.063,ug.mL-1,IC50,,Beta-lactamase,single protein format
CHEMBL33019,CCCCCCCCCCc1cccc(O)c1O,,,,IC50,,Beta-lactamase,single protein format
CHEMBL30870,CCCCCCCCCCc1cccc(OC)c1C(=O)O,,,,IC50,,Beta-lactamase,single protein format
CHEMBL8087,CCCCCCCCCCCCCCCc1cccc(O)c1O,=,1800000.0,ug.mL-1,IC50,,Beta-lactamase,single protein format
CHEMBL309009,C[C@]1(CSc2nc3ccccc3o2)[C@H](C(=O)O)N2C(=O)C[C@H]2S1(=O)=O,=,0.04,ug.mL-1,IC50,,Beta-lactamase,single protein format
CHEMBL415266,Cn1nnnc1SC[C@]1(C)S[C@@H]2[C@H](Br)C(=O)N2[C@H]1C(=O)O,=,0.63,ug.mL-1,IC50,,Beta-lactamase,single protein format
CHEMBL30915,CCCCCCCCCCCCCCCc1cccc(OC)c1C(=O)O,,,,IC50,,Beta-lactamase,single protein format
CHEMBL284924,CCCCCCCCCCc1ccccc1C(=O)O,,,,IC50,,Beta-lactamase,single protein format
CHEMBL33995,CC/C=C\C/C=C\C/C=C\CCCCCCCc1cccc(O)c1C(=O)O,,,,IC50,,Beta-lactamase,single protein format
CHEMBL34634,CCC(C)CCCCCCCCCCCCc1cccc(O)c1C(=O)O,,,,IC50,,Beta-lactamase,single protein format
CHEMBL34689,CCCCCCCCCCCCCCCc1cccc(O)c1,=,33000.0,ug.mL-1,IC50,,Beta-lactamase,single protein format
CHEMBL305908,C[C@@]1(CSc2nc[nH]n2)S[C@@H]2[C@H](Br)C(=O)N2[C@H]1C(=O)O,=,0.13,ug.mL-1,IC50,,Beta-lactamase,single protein format
CHEMBL777,O=C(O)[C@H]1/C(=C/CO)O[C@@H]2CC(=O)N21,=,0.005,ug.mL-1,IC50,,Beta-lactamase,single protein format
CHEMBL72972,C[C@]1(CSc2nc3ccccc3[nH]2)[C@H](C(=O)O)N2C(=O)C[C@H]2S1(=O)=O,=,0.16,ug.mL-1,IC50,,Beta-lactamase,single protein format
CHEMBL70269,C[C@@]1(CSc2nc3ccccc3o2)S[C@@H]2[C@H](Br)C(=O)N2[C@H]1C(=O)O,=,0.05,ug.mL-1,IC50,,Beta-lactamase,single protein format
CHEMBL404,C[C@]1(Cn2ccnn2)[C@H](C(=O)O)N2C(=O)C[C@H]2S1(=O)=O,=,0.05,ug.mL-1,IC50,,Beta-lactamase,single protein format
CHEMBL73450,Cn1ccnc1SC[C@]1(C)S[C@@H]2[C@H](Br)C(=O)N2[C@H]1C(=O)O,=,0.2,ug.mL-1,IC50,,Beta-lactamase,single protein format
CHEMBL777,O=C(O)[C@H]1/C(=C/CO)O[C@@H]2CC(=O)N21,=,30.0,ug.mL-1,IC50,,Beta-lactamase,single protein format
CHEMBL47523,O=C([O-])CNCP(=O)([O-])CNC(=O)OCc1ccccc1.[Li+].[Li+],>,100.0,uM,ID50,,Beta-lactamase,single protein format
CHEMBL777,O=C(O)[C@H]1/C(=C/CO)O[C@@H]2CC(=O)N21,=,0.38,uM,ID50,,Beta-lactamase,single protein format
CHEMBL44999,O=C(NCP(=O)([O-])N[C@H](Cc1ccccc1)C(=O)[O-])OCc1ccccc1.[Li+].[Li+],>,100.0,uM,ID50,,Beta-lactamase,single protein format
CHEMBL268919,CC(=O)OCC1=C(C(=O)[O-])N2C(=O)/C(=C/C(=O)OC(C)(C)C)[C@H]2S(=O)(=O)C1.[Na+],=,30.0,nM,IC50,7.52,Beta-lactamase,single protein format
CHEMBL268919,CC(=O)OCC1=C(C(=O)[O-])N2C(=O)/C(=C/C(=O)OC(C)(C)C)[C@H]2S(=O)(=O)C1.[Na+],=,977000.0,nM,IC50,,Beta-lactamase,single protein format
CHEMBL44570,COP(=O)(CNC(=O)OCc1ccccc1)N1CCC[C@@H]1C(=O)[O-].[Li+],>,100.0,uM,ID50,,Beta-lactamase,single protein format
CHEMBL355571,C=C1C(COC(C)=O)=C(C(=O)[O-])N2C(=O)/C(=C/C(=O)[O-])[C@H]2S1(=O)=O.[Na+].[Na+],=,498000.0,nM,IC50,,Beta-lactamase,single protein format
CHEMBL355571,C=C1C(COC(C)=O)=C(C(=O)[O-])N2C(=O)/C(=C/C(=O)[O-])[C@H]2S1(=O)=O.[Na+].[Na+],=,230000.0,nM,IC50,,Beta-lactamase,single protein format
CHEMBL295576,O=C(NCP(=O)([O-])N[C@@H](Cc1ccccc1)C(=O)[O-])OCc1ccccc1.[Li+].[Li+],>,33.0,uM,ID50,,Beta-lactamase,single protein format
CHEMBL45440,O=C([O-])CC(NP(=O)([O-])CNC(=O)OCc1ccccc1)c1ccccc1.[Li+].[Li+],>,35.0,uM,ID50,,Beta-lactamase,single protein format
CHEMBL45291,COP(=O)(CNC(=O)OCc1ccccc1)N1CCC[C@H]1C(=O)[O-].[Li+],>,100.0,uM,ID50,,Beta-lactamase,single protein format
CHEMBL268632,CC(=O)OCC1=C(C(=O)[O-])N2C(=O)/C(=C/c3ccccn3)[C@H]2S(=O)(=O)C1.[Na+],=,34800.0,nM,IC50,4.46,Beta-lactamase,single protein format
CHEMBL268632,CC(=O)OCC1=C(C(=O)[O-])N2C(=O)/C(=C/c3ccccn3)[C@H]2S(=O)(=O)C1.[Na+],=,402000.0,nM,IC50,,Beta-lactamase,single protein format
CHEMBL171001,CSC(SC)=C1C(C)=C(C(=O)[O-])N2C(=O)/C(=C/c3ccccn3)[C@H]2S1(=O)=O.[Na+],=,173000.0,nM,IC50,,Beta-lactamase,single protein format
CHEMBL171001,CSC(SC)=C1C(C)=C(C(=O)[O-])N2C(=O)/C(=C/c3ccccn3)[C@H]2S1(=O)=O.[Na+],,,,IC50,,Beta-lactamase,single protein format
CHEMBL435467,CC1=C(C(=O)[O-])N2C(=O)/C(=C/c3ccccn3)[C@H]2S(=O)(=O)C1C.[Na+],=,74100.0,nM,IC50,4.13,Beta-lactamase,single protein format
CHEMBL435467,CC1=C(C(=O)[O-])N2C(=O)/C(=C/c3ccccn3)[C@H]2S(=O)(=O)C1C.[Na+],=,102000.0,nM,IC50,,Beta-lactamase,single protein format
CHEMBL169016,C=C1C(CSc2nnnn2C)=C(C(=O)[O-])N2C(=O)/C(=C/C(=O)OC(C)(C)C)[C@H]2S1(=O)=O.[Na+],=,1130.0,nM,IC50,5.95,Beta-lactamase,single protein format
CHEMBL169016,C=C1C(CSc2nnnn2C)=C(C(=O)[O-])N2C(=O)/C(=C/C(=O)OC(C)(C)C)[C@H]2S1(=O)=O.[Na+],,,,IC50,,Beta-lactamase,single protein format
CHEMBL47131,O=C([O-])CNP(=O)([O-])CNC(=O)OCc1ccccc1.[Li+].[Li+],>,100.0,ug ml-1,ID50,,Beta-lactamase,single protein format
CHEMBL1439,C[C@]1(Cn2ccnn2)[C@H](C(=O)[O-])N2C(=O)C[C@H]2S1(=O)=O.[Na+],=,290.0,nM,IC50,6.54,Beta-lactamase,single protein format
CHEMBL1439,C[C@]1(Cn2ccnn2)[C@H](C(=O)[O-])N2C(=O)C[C@H]2S1(=O)=O.[Na+],=,2570.0,nM,IC50,5.59,Beta-lactamase,single protein format
CHEMBL297118,COP(=O)(CNC(=O)OCc1ccccc1)N1CSC(C)(C)[C@@H]1C(=O)[O-].[Li+],>,100.0,uM,ID50,,Beta-lactamase,single protein format
CHEMBL353004,C=C1C(COC(C)=O)=C(C(=O)[O-])N2C(=O)/C(=C/c3ccccn3)[C@H]2S1(=O)=O.[Na+],=,99200.0,nM,IC50,4.00,Beta-lactamase,single protein format
CHEMBL353004,C=C1C(COC(C)=O)=C(C(=O)[O-])N2C(=O)/C(=C/c3ccccn3)[C@H]2S1(=O)=O.[Na+],=,733000.0,nM,IC50,,Beta-lactamase,single protein format
CHEMBL44005,O=C(NCP(=O)([O-])N[C@@H](C(=O)[O-])c1ccccc1)OCc1ccccc1.[Li+].[Li+],>,100.0,uM,ID50,,Beta-lactamase,single protein format
CHEMBL47552,O=C([O-])CCNP(=O)([O-])CNC(=O)OCc1ccccc1.[Li+].[Li+],>,25.0,uM,ID50,,Beta-lactamase,single protein format
CHEMBL166730,C=C1C(C)=C(C(=O)[O-])N2C(=O)/C(=C/c3ccccn3)[C@H]2S1(=O)=O.[Na+],=,91100.0,nM,IC50,4.04,Beta-lactamase,single protein format
CHEMBL166730,C=C1C(C)=C(C(=O)[O-])N2C(=O)/C(=C/c3ccccn3)[C@H]2S1(=O)=O.[Na+],=,1860000.0,nM,IC50,,Beta-lactamase,single protein format
CHEMBL355246,CC1=C(C(=O)[O-])N2C(=O)/C(=C/c3ccccn3)[C@H]2S(=O)(=O)[C@@H]1Sc1nnnn1C.[Na+],=,31600.0,nM,IC50,4.50,Beta-lactamase,single protein format
CHEMBL355246,CC1=C(C(=O)[O-])N2C(=O)/C(=C/c3ccccn3)[C@H]2S(=O)(=O)[C@@H]1Sc1nnnn1C.[Na+],=,844000.0,nM,IC50,,Beta-lactamase,single protein format
CHEMBL169515,C=C1C(COC(C)=O)=C(C(=O)[O-])N2C(=O)/C(=C/C(=O)OC(C)(C)C)[C@H]2S1(=O)=O.[Na+],=,932.0,nM,IC50,6.03,Beta-lactamase,single protein format
CHEMBL169515,C=C1C(COC(C)=O)=C(C(=O)[O-])N2C(=O)/C(=C/C(=O)OC(C)(C)C)[C@H]2S1(=O)=O.[Na+],,,,IC50,,Beta-lactamase,single protein format
CHEMBL355648,C=C1C(C)=C(C(=O)[O-])N2C(=O)/C(=C/C(=O)OC(C)(C)C)[C@H]2S1(=O)=O.[Na+],=,56500.0,nM,IC50,4.25,Beta-lactamase,single protein format
CHEMBL355648,C=C1C(C)=C(C(=O)[O-])N2C(=O)/C(=C/C(=O)OC(C)(C)C)[C@H]2S1(=O)=O.[Na+],,,,IC50,,Beta-lactamase,single protein format
CHEMBL166677,C=C1C(C)=C(C(=O)[O-])N2C(=O)/C(=C/C(=O)[O-])[C@H]2S1(=O)=O.[Na+].[Na+],=,277000.0,nM,IC50,,Beta-lactamase,single protein format
CHEMBL166677,C=C1C(C)=C(C(=O)[O-])N2C(=O)/C(=C/C(=O)[O-])[C@H]2S1(=O)=O.[Na+].[Na+],,,,IC50,,Beta-lactamase,single protein format
CHEMBL355288,N#CC1=C(C(=O)[O-])N2C(=O)/C(=C/c3ccccn3)C2S(=O)(=O)C1.[Na+],=,280000.0,nM,IC50,,Beta-lactamase,single protein format
CHEMBL353978,COCC1=C(C(=O)[O-])N2C(=O)/C(=C/c3ccccn3)C2S(=O)(=O)C1.[Na+],=,28000.0,nM,IC50,4.55,Beta-lactamase,single protein format
CHEMBL353694,NC(=O)/C=C/C1=C(C(=O)[O-])N2C(=O)/C(=C/c3cccs3)C2S(=O)(=O)C1.[Na+],=,154000.0,nM,IC50,,Beta-lactamase,single protein format
CHEMBL169303,O=C(Cc1ccc(O)c(O)c1)OCC1=C(C(=O)[O-])N2C(=O)/C(=C/c3ccccn3)C2S(=O)(=O)C1.[Na+],=,67000.0,nM,IC50,4.17,Beta-lactamase,single protein format
CHEMBL169550,N#CCC1=C(C(=O)[O-])N2C(=O)/C(=C/c3ccccn3)C2S(=O)(=O)C1.[Na+],=,8900.0,nM,IC50,5.05,Beta-lactamase,single protein format
CHEMBL354754,C=C1C(/C=C/C(=O)OC)=C(C(=O)[O-])N2C(=O)/C(=C/c3ccccn3)C2S1(=O)=O.[Na+],=,6000.0,nM,IC50,5.22,Beta-lactamase,single protein format
CHEMBL354758,NC(=O)OCC1=C(C(=O)[O-])N2C(=O)/C(=C/c3ccccn3)C2S(=O)(=O)C1.[Na+],=,7900.0,nM,IC50,5.10,Beta-lactamase,single protein format
CHEMBL171049,CCOC(=O)CNC(=O)OCC1=C(C(=O)[O-])N2C(=O)/C(=C/c3ccccn3)C2S(=O)(=O)C1.[Na+],=,33400.0,nM,IC50,4.48,Beta-lactamase,single protein format
CHEMBL353613,NC(=O)/C=C/C1=C(C(=O)[O-])N2C(=O)/C(=C/c3ccccn3)C2S(=O)(=O)C1.[Na+],=,100.0,nM,IC50,7.00,Beta-lactamase,single protein format
CHEMBL167539,COC(=O)/C(Cl)=C/C1=C(C(=O)[O-])N2C(=O)/C(=C/c3ccccn3)C2S(=O)(=O)C1.[Na+],=,1400.0,nM,IC50,5.85,Beta-lactamase,single protein format
CHEMBL172564,CCC(=O)OCC1=C(C(=O)[O-])N2C(=O)/C(=C/c3ccccn3)C2S(=O)(=O)C1.[Na+],=,15400.0,nM,IC50,4.81,Beta-lactamase,single protein format
CHEMBL353422,O=C([O-])C1=C(/C=C/[N+](=O)[O-])CS(=O)(=O)C2/C(=C\c3ccccn3)C(=O)N12.[Na+],=,200.0,nM,IC50,6.70,Beta-lactamase,single protein format
CHEMBL422212,O=C(COc1ccccc1)OCC1=C(C(=O)[O-])N2C(=O)/C(=C/c3ccccn3)C2S(=O)(=O)C1.[Na+],=,100000.0,nM,IC50,4.00,Beta-lactamase,single protein format
CHEMBL355558,N#C/C=C/C1=C(C(=O)[O-])N2C(=O)/C(=C/c3ccccn3)C2S(=O)(=O)C1.[Na+],=,720.0,nM,IC50,6.14,Beta-lactamase,single protein format
CHEMBL353230,CC(C)(C)OC(=O)/C=C/C1=C(C(=O)[O-])N2C(=O)/C(=C/c3ccccn3)C2S(=O)(=O)C1.[Na+],=,240000.0,nM,IC50,,Beta-lactamase,single protein format
CHEMBL355165,O=C([O-])C1=C(/C=C/c2ccccn2)CS(=O)(=O)[C@@H]2/C(=C\c3ccccn3)C(=O)N12.[Na+],=,4300.0,nM,IC50,5.37,Beta-lactamase,single protein format
CHEMBL1439,C[C@]1(Cn2ccnn2)[C@H](C(=O)[O-])N2C(=O)C[C@H]2S1(=O)=O.[Na+],=,2800.0,nM,IC50,5.55,Beta-lactamase,single protein format
CHEMBL169373,C=C1C(/C=C/C(=O)[O-])=C(C(=O)[O-])N2C(=O)/C(=C/c3ccccn3)C2S1(=O)=O.[Na+].[Na+],,,,IC50,,Beta-lactamase,single protein format
CHEMBL169392,COC(=O)/C=C/C1=C(C(=O)[O-])N2C(=O)/C(=C/c3ccccn3)C2S(=O)(=O)C1.[Na+],=,300.0,nM,IC50,6.52,Beta-lactamase,single protein format
CHEMBL167311,C=C/C=C/C1=C(C(=O)[O-])N2C(=O)/C(=C/c3ccccn3)C2S(=O)(=O)C1.[Na+],=,75000.0,nM,IC50,4.12,Beta-lactamase,single protein format
CHEMBL171999,O=C([O-])/C=C/C1=C(C(=O)[O-])N2C(=O)/C(=C/c3ccccn3)C2S(=O)(=O)C1.[Na+].[Na+],=,31000.0,nM,IC50,4.51,Beta-lactamase,single protein format
CHEMBL169154,C=CC(=O)OCC1=C(C(=O)[O-])N2C(=O)/C(=C/c3ccccn3)C2S(=O)(=O)C1.[Na+],=,110000.0,nM,IC50,,Beta-lactamase,single protein format
CHEMBL355161,C=C1C(/C=C/C(=O)OC(C)(C)C)=C(C(=O)[O-])N2C(=O)/C(=C/c3ccccn3)C2S1(=O)=O.[Na+],,,,IC50,,Beta-lactamase,single protein format
CHEMBL433726,O=C([O-])C1=C(/C=C/c2cccc[n+]2[O-])CS(=O)(=O)[C@@H]2/C(=C\c3ccccn3)C(=O)N12.[Na+],=,8600.0,nM,IC50,5.07,Beta-lactamase,single protein format
CHEMBL327917,CC(=O)N/C=C\[S+]([O-])C1=C(C(=O)[O-])N2C(=O)[C@@H](C(C)(C)O)[C@H]2C1.[Na+],=,0.59,ug.mL-1,IC50,,Beta-lactamase,single protein format
CHEMBL93491,CC(=O)N/C=C\SC1=C(C(=O)[O-])N2C(=O)[C@@H](C(C)(C)OS(=O)(=O)[O-])[C@H]2C1.[Na+].[Na+],=,1.0,ug.mL-1,IC50,,Beta-lactamase,single protein format
CHEMBL93491,CC(=O)N/C=C\SC1=C(C(=O)[O-])N2C(=O)[C@@H](C(C)(C)OS(=O)(=O)[O-])[C@H]2C1.[Na+].[Na+],=,50.0,ug.mL-1,MIC,,Beta-lactamase,single protein format
CHEMBL93653,CC(=O)N/C=C\[S+]([O-])C1=C(C(=O)[O-])N2C(=O)[C@@H](C(C)(C)OS(=O)(=O)[O-])[C@H]2C1.[Na+].[Na+],=,0.24,ug.mL-1,IC50,,Beta-lactamase,single protein format
CHEMBL93653,CC(=O)N/C=C\[S+]([O-])C1=C(C(=O)[O-])N2C(=O)[C@@H](C(C)(C)OS(=O)(=O)[O-])[C@H]2C1.[Na+].[Na+],=,50.0,ug.mL-1,MIC,,Beta-lactamase,single protein format
CHEMBL6461,C[C@]1(/C=C/C#N)[C@H](C(=O)[O-])N2C(=O)C[C@H]2S1(=O)=O.[Na+],=,250.0,nM,IC50,6.60,Beta-lactamase,single protein format
CHEMBL433378,CC(=O)N/C=C\SC1=C(C(=O)[O-])N2C(=O)[C@@H](C(C)OS(=O)(=O)[O-])[C@H]2C1.[Na+].[Na+],=,0.014,ug.mL-1,IC50,,Beta-lactamase,single protein format
CHEMBL3143371,C[C@]1(CC(=O)Oc2ccc(F)cc2)[C@H](C(=O)O)N2C(=O)CC2S1(=O)=O,=,50.0,ug ml-1,MPC,,Beta-lactamase,single protein format
CHEMBL404,C[C@]1(Cn2ccnn2)[C@H](C(=O)O)N2C(=O)C[C@H]2S1(=O)=O,=,500.0,nM,IC50,6.30,Beta-lactamase,single protein format
CHEMBL777,O=C(O)[C@H]1/C(=C/CO)O[C@@H]2CC(=O)N21,=,0.4,ug ml-1,MPC,,Beta-lactamase,single protein format
CHEMBL3143369,C[C@]1(CC(=O)Oc2ccccc2)[C@H](C(=O)O)N2C(=O)CC2S1(=O)=O,>,100.0,ug ml-1,MPC,,Beta-lactamase,single protein format
CHEMBL328990,CC(=O)N/C=C/[S+]([O-])C1=C(C(=O)[O-])N2C(=O)[C@@H](C(C)(C)O)[C@H]2C1.[Na+],=,0.54,ug.mL-1,IC50,,Beta-lactamase,single protein format
CHEMBL3143383,C[C@]1(CC(=O)Oc2ccc(N)cc2)[C@H](C(=O)O)N2C(=O)CC2S1(=O)=O,=,25.0,ug ml-1,MPC,,Beta-lactamase,single protein format
CHEMBL1296,CN(C)CCn1nnnc1SCC1=C(C(=O)O)N2C(=O)[C@@H](NC(=O)Cc3csc(N)n3)[C@H]2SC1,=,25.0,ug.mL-1,MIC,,Beta-lactamase,assay format
CHEMBL3143361,CC(C)(C)OC(=O)C[C@@]1(C)[C@H](C(=O)O)N2C(=O)CC2S1(=O)=O,=,25.0,ug ml-1,MPC,,Beta-lactamase,single protein format
CHEMBL3143368,C[C@]1(CCl)[C@H](C(=O)O)N2C(=O)CC2S1(=O)=O,=,3.1,ug ml-1,MPC,,Beta-lactamase,single protein format
CHEMBL327797,CC(=O)N/C=C\SC1=C(C(=O)[O-])N2C(=O)[C@@H](C(C)(C)O)[C@H]2C1.[Na+],=,0.36,ug.mL-1,IC50,,Beta-lactamase,single protein format
CHEMBL327797,CC(=O)N/C=C\SC1=C(C(=O)[O-])N2C(=O)[C@@H](C(C)(C)O)[C@H]2C1.[Na+],=,12.5,ug.mL-1,MIC,,Beta-lactamase,single protein format
CHEMBL3143370,COc1ccc(OC(=O)C[C@@]2(C)[C@H](C(=O)O)N3C(=O)CC3S2(=O)=O)cc1,=,12.5,ug ml-1,MPC,,Beta-lactamase,single protein format
CHEMBL3143365,C[C@]1(CBr)[C@H](C(=O)O)N2C(=O)CC2S1(=O)=O,=,3.1,ug ml-1,MPC,,Beta-lactamase,single protein format
CHEMBL3143362,C[C@]1(CO)[C@H](C(=O)O)N2C(=O)CC2S1(=O)=O,>,100.0,ug ml-1,MPC,,Beta-lactamase,single protein format
CHEMBL403,CC1(C)[C@H](C(=O)O)N2C(=O)C[C@H]2S1(=O)=O,=,12.5,ug ml-1,MPC,,Beta-lactamase,single protein format
CHEMBL174,CC1(C)S[C@@H]2[C@H](NC(=O)[C@H](N)c3ccccc3)C(=O)N2[C@H]1C(=O)O,=,100.0,ug.mL-1,MIC,,Beta-lactamase,single protein format
CHEMBL92019,CC(=O)N/C=C\[S+]([O-])C1=C(C(=O)[O-])N2C(=O)[C@@H](C(C)OS(=O)(=O)[O-])[C@H]2C1.[Na+].[Na+],=,0.0034,ug.mL-1,IC50,,Beta-lactamase,single protein format
CHEMBL92019,CC(=O)N/C=C\[S+]([O-])C1=C(C(=O)[O-])N2C(=O)[C@@H](C(C)OS(=O)(=O)[O-])[C@H]2C1.[Na+].[Na+],=,50.0,ug.mL-1,MIC,,Beta-lactamase,single protein format
CHEMBL327917,CC(=O)N/C=C\[S+]([O-])C1=C(C(=O)[O-])N2C(=O)[C@@H](C(C)(C)O)[C@H]2C1.[Na+],=,0.055,ug.mL-1,IC50,,Beta-lactamase,single protein format
CHEMBL327917,CC(=O)N/C=C\[S+]([O-])C1=C(C(=O)[O-])N2C(=O)[C@@H](C(C)(C)O)[C@H]2C1.[Na+],=,6.25,ug.mL-1,MIC,,Beta-lactamase,single protein format
CHEMBL3138732,CC(=O)[N-]/C=C/SC1=C(C(=O)[O-])N2C(=O)[C@@H](C(C)O)[C@H]2C1.[Na+].[Na+],=,0.065,ug.mL-1,IC50,,Beta-lactamase,single protein format
CHEMBL3138732,CC(=O)[N-]/C=C/SC1=C(C(=O)[O-])N2C(=O)[C@@H](C(C)O)[C@H]2C1.[Na+].[Na+],=,1.56,ug.mL-1,MIC,,Beta-lactamase,single protein format
CHEMBL352175,CC(=O)N/C=C\[S+]([O-])C1=C(C(=O)[O-])N2C(=O)[C@@H](C(C)O)[C@H]2C1.[Na+],=,0.00055,ug.mL-1,IC50,,Beta-lactamase,single protein format
CHEMBL352175,CC(=O)N/C=C\[S+]([O-])C1=C(C(=O)[O-])N2C(=O)[C@@H](C(C)O)[C@H]2C1.[Na+],=,6.25,ug.mL-1,MIC,,Beta-lactamase,single protein format
CHEMBL316079,CC(=O)N/C=C/[S+]([O-])C1=C(C(=O)[O-])N2C(=O)[C@@H](C(C)(C)OS(=O)(=O)[O-])[C@H]2C1.[Na+].[Na+],=,0.21,ug.mL-1,IC50,,Beta-lactamase,single protein format
CHEMBL316079,CC(=O)N/C=C/[S+]([O-])C1=C(C(=O)[O-])N2C(=O)[C@@H](C(C)(C)OS(=O)(=O)[O-])[C@H]2C1.[Na+].[Na+],=,12.5,ug.mL-1,MIC,,Beta-lactamase,assay format
CHEMBL70214,C[C@H](F)[C@H]1C(=O)N2C(C(=O)[O-])=C(C(C)(C)C)O[C@H]12.[Na+],=,0.4,,Relative protection,,Beta-lactamase,single protein format
CHEMBL304998,C[C@@H](F)[C@H]1C(=O)N2C(C(=O)[O-])=C(C(C)(C)C)O[C@H]12.[Na+],=,0.4,,Relative protection,,Beta-lactamase,single protein format
CHEMBL304811,CC(C)(C)C1=C(C(=O)[O-])N2C(=O)[C@H](CNS(=O)(=O)c3ccccc3)[C@H]2O1.[Na+],=,0.4,,Relative protection,,Beta-lactamase,single protein format
CHEMBL71568,C[C@@H](O)[C@H]1C(=O)N2C(C(=O)[O-])=C(C(C)(C)C)O[C@@H]12.[Na+],=,1.7,,Relative protection,,Beta-lactamase,single protein format
CHEMBL71912,CC(C)(C)OC(=O)[C@@H](O)[C@H]1C(=O)N2C(C(=O)[O-])=C(C(C)(C)C)O[C@H]12.[Na+],<,0.2,,Relative protection,,Beta-lactamase,single protein format
CHEMBL423126,CC(C)(C)C1=C(C(=O)[O-])N2C(=O)[C@H]([C@@H](O)c3ccncc3)[C@H]2O1.[Na+],=,0.5,,Relative protection,,Beta-lactamase,single protein format
CHEMBL305792,CC(C)(C)C1=C(C(=O)[O-])N2C(=O)[C@H](CNC(=O)Cc3ccccc3)[C@H]2O1.[Na+],=,0.3,,Relative protection,,Beta-lactamase,single protein format
CHEMBL1003,O=C([O-])[C@H]1/C(=C/CO)O[C@@H]2CC(=O)N21.[K+],=,1.0,,Relative protection,,Beta-lactamase,single protein format
CHEMBL303628,C[C@@H](O)[C@H]1C(=O)N2C(C(=O)[O-])=C(C(C)(C)C)O[C@H]12.[Na+],=,0.5,,Relative protection,,Beta-lactamase,single protein format
CHEMBL303029,CC(C)(C)C1=C(C(=O)[O-])N2C(=O)[C@H]([C@H](O)c3ccccc3)[C@H]2O1.[Na+],=,2.3,,Relative protection,,Beta-lactamase,single protein format
CHEMBL70530,CC(C)(C)C1=C(C(=O)[O-])N2C(=O)[C@H]([C@H](O)CCc3ccc(O)cc3)[C@H]2O1.[Na+],=,0.75,,Relative protection,,Beta-lactamase,single protein format
CHEMBL303164,C[C@H](O)[C@H]1C(=O)N2C(C(=O)[O-])=C(C(C)(C)C)O[C@H]12.[Na+],=,1.5,,Relative protection,,Beta-lactamase,single protein format
CHEMBL68961,CC(C)(C)C1=C(C(=O)[O-])N2C(=O)[C@H]([C@H](O)CCc3ccncc3)[C@H]2O1.[Na+],=,0.4,,Relative protection,,Beta-lactamase,single protein format
CHEMBL305875,CC(C)(C)C1=C(C(=O)[O-])N2C(=O)[C@H]([C@H](O)CCc3ccncc3)[C@@H]2O1.[Na+],=,1.5,,Relative protection,,Beta-lactamase,single protein format
CHEMBL304068,COC(=O)[C@H](O)[C@H]1C(=O)N2C(C(=O)[O-])=C(C(C)(C)C)O[C@H]12.[Na+],<,0.2,,Relative protection,,Beta-lactamase,single protein format
CHEMBL421300,CC(C)(C)C1=C(C(=O)[O-])N2C(=O)[C@H]([C@@H](O)CCc3ccncc3)[C@H]2O1.[Na+],=,1.5,,Relative protection,,Beta-lactamase,single protein format
CHEMBL71877,CC(C)(C)C1=C(C(=O)[O-])N2C(=O)[C@H]([C@H](O)c3ccncc3)[C@H]2O1.[Na+],=,0.3,,Relative protection,,Beta-lactamase,single protein format
CHEMBL70934,CC(=O)NC[C@H]1C(=O)N2C(C(=O)[O-])=C(C(C)(C)C)O[C@H]12.[Na+],<,0.1,,Relative protection,,Beta-lactamase,single protein format
CHEMBL305433,CC(C)(C)C1=C(C(=O)[O-])N2C(=O)[C@H]([C@H](O)c3ccccc3)[C@@H]2O1.[Na+],=,2.3,,Relative protection,,Beta-lactamase,single protein format
CHEMBL71146,CC(C)(C)C1=C(C(=O)[O-])N2C(=O)[C@H]([C@@H](O)c3ccccc3)[C@@H]2O1.[Na+],=,1.25,,Relative protection,,Beta-lactamase,single protein format
CHEMBL70891,CC(C)(C)C1=C(C(=O)[O-])N2C(=O)[C@H](CNC(=O)COC(=O)Cc3ccccc3)[C@H]2O1.[Na+],=,0.25,,Relative protection,,Beta-lactamase,single protein format
CHEMBL70459,CC(C)(C)C1=C(C(=O)[O-])N2C(=O)[C@H]([C@H](O)CCc3ccc(O)cc3)[C@@H]2O1.[Na+],=,1.0,,Relative protection,,Beta-lactamase,single protein format
CHEMBL71293,COC(=O)[C@@H](O)[C@H]1C(=O)N2C(C(=O)[O-])=C(C(C)(C)C)O[C@H]12.[Na+],<,0.2,,Relative protection,,Beta-lactamase,single protein format
CHEMBL423306,CC(C)(C)C1=C(C(=O)[O-])N2C(=O)[C@H](CNS(C)(=O)=O)[C@H]2O1.[Na+],=,0.75,,Relative protection,,Beta-lactamase,single protein format
CHEMBL71465,CC(C)(C)C1=C(C(=O)[O-])N2C(=O)[C@H]([C@@H](O)c3ccc(O)cc3)[C@H]2O1.[Na+],=,0.6,,Relative protection,,Beta-lactamase,single protein format
CHEMBL69067,CC(C)(C)C1=C(C(=O)[O-])N2C(=O)[C@H](CO)[C@@H]2O1.[Na+],=,0.9,,Relative protection,,Beta-lactamase,single protein format
CHEMBL1626995,CC(C)(C)C1=C(C(=O)[O-])N2C(=O)[C@H](CNC(=O)[C@H](N)c3ccccc3)[C@H]2O1.[Na+],<,0.1,,Relative protection,,Beta-lactamase,single protein format
CHEMBL307959,CC(C)(C)C1=C(C(=O)[O-])N2C(=O)[C@H]([C@@H](O)CCc3ccccc3)[C@H]2O1.[Na+],=,2.7,,Relative protection,,Beta-lactamase,single protein format
CHEMBL74235,CC(C)(C)C1=C(C(=O)[O-])N2C(=O)[C@H](CNC(=O)CCNC(=O)Cc3ccccc3)[C@H]2O1.[Na+],=,0.2,,Relative protection,,Beta-lactamase,single protein format
CHEMBL73453,CC(C)(C)C1=C(C(=O)[O-])N2C(=O)[C@H]([C@@H](O)CCc3ccc(O)cc3)[C@@H]2O1.[Na+],=,1.9,,Relative protection,,Beta-lactamase,single protein format
CHEMBL71822,Cn1cc([C@@H](O)[C@H]2C(=O)N3C(C(=O)[O-])=C(C(C)(C)C)O[C@H]23)nn1.[Na+],=,0.7,,Relative protection,,Beta-lactamase,single protein format
CHEMBL70933,CC(C)(C)C1=C(C(=O)[O-])N2C(=O)[C@H](CNC(=O)COc3ccccc3)[C@H]2O1.[Na+],=,0.3,,Relative protection,,Beta-lactamase,single protein format
CHEMBL306161,CC(C)(C)C1=C(C(=O)[O-])N2C(=O)[C@H](CNC(=O)CNC(=O)Cc3ccccc3)[C@H]2O1.[Na+],=,0.2,,Relative protection,,Beta-lactamase,single protein format
CHEMBL71598,Cn1cc([C@H](O)[C@H]2C(=O)N3C(C(=O)[O-])=C(C(C)(C)C)O[C@@H]23)nn1.[Na+],=,0.9,,Relative protection,,Beta-lactamase,single protein format
CHEMBL302083,CC(C)(C)C1=C(C(=O)[O-])N2C(=O)[C@H]([C@@H](O)CCc3ccc(O)cc3)[C@H]2O1.[Na+],=,3.0,,Relative protection,,Beta-lactamase,single protein format
CHEMBL71312,CC(C)(C)C1=C(C(=O)[O-])N2C(=O)[C@H](CO)[C@H]2O1.[Na+],=,1.7,,Relative protection,,Beta-lactamase,single protein format
CHEMBL432534,CC(C)(C)OC(=O)[C@H](O)[C@H]1C(=O)N2C(C(=O)[O-])=C(C(C)(C)C)O[C@H]12.[Na+],<,0.2,,Relative protection,,Beta-lactamase,single protein format
CHEMBL305428,CC(C)(C)C1=C(C(=O)[O-])N2C(=O)[C@H](CNS(=O)(=O)Cc3ccccc3)[C@H]2O1.[Na+],=,1.0,,Relative protection,,Beta-lactamase,single protein format
CHEMBL70288,Cn1cc([C@H](O)[C@H]2C(=O)N3C(C(=O)[O-])=C(C(C)(C)C)O[C@H]23)nn1.[Na+],=,1.3,,Relative protection,,Beta-lactamase,single protein format
CHEMBL302541,CC(C)(C)C1=C(C(=O)[O-])N2C(=O)[C@H]([C@@H](O)c3ccccc3)[C@H]2O1.[Na+],=,2.3,,Relative protection,,Beta-lactamase,single protein format
CHEMBL71330,CC(C)(C)C1=C(C(=O)[O-])N2C(=O)[C@H]([C@H](O)CCc3ccccc3)[C@H]2O1.[Na+],=,0.4,,Relative protection,,Beta-lactamase,single protein format
CHEMBL415245,CC(C)(C)C1=C(C(=O)[O-])N2C(=O)[C@H](CN)[C@H]2O1.[Na+],<,0.1,,Relative protection,,Beta-lactamase,single protein format
CHEMBL285387,C[C@]1(Cn2ccnn2)[C@H](C(=O)[O-])C2C(=O)CC2S1(=O)=O.[Na+],=,260.0,nM,IC50,6.58,Beta-lactamase,single protein format
CHEMBL777,O=C(O)[C@H]1/C(=C/CO)O[C@@H]2CC(=O)N21,=,80.0,nM,IC50,7.10,Beta-lactamase,single protein format
CHEMBL403,CC1(C)[C@H](C(=O)O)N2C(=O)C[C@H]2S1(=O)=O,=,6500.0,nM,IC50,5.19,Beta-lactamase,single protein format
CHEMBL29,CC1(C)S[C@@H]2[C@H](NC(=O)Cc3ccccc3)C(=O)N2[C@H]1C(=O)O,=,12000.0,nM,Km,,Beta-lactamase,single protein format
CHEMBL83881,CC1(C)SC2[C@H](NC(=O)c3ccccc3)C(=O)N2C1C(=O)O,=,33000.0,nM,Km,,Beta-lactamase,single protein format
CHEMBL84001,COc1cccc(OC)c1C(=O)N[C@@H]1C(=O)N2C1SC(C)(C)C2C(=O)O,=,5000000.0,nM,Km,,Beta-lactamase,single protein format
CHEMBL1161692,O=C(Cc1ccccc1)NC1Cc2ccc(C(=O)O)cc2OC1=O,=,0.02,s-1,K cat,,Beta-lactamase,single protein format
CHEMBL1161692,O=C(Cc1ccccc1)NC1Cc2ccc(C(=O)O)cc2OC1=O,=,10000.0,nM,Km,,Beta-lactamase,single protein format
CHEMBL1161693,O=C(Cc1ccccc1)NC1Cc2cccc(C(=O)O)c2OC1=O,=,0.0047,s-1,K cat,,Beta-lactamase,single protein format
CHEMBL1161693,O=C(Cc1ccccc1)NC1Cc2cccc(C(=O)O)c2OC1=O,=,300.0,nM,Km,,Beta-lactamase,single protein format
CHEMBL617,CC(=O)OCC1=C(C(=O)O)N2C(=O)[C@@H](NC(=O)Cc3cccs3)[C@H]2SC1,=,0.001,s-1,K cat,,Beta-lactamase,single protein format
CHEMBL617,CC(=O)OCC1=C(C(=O)O)N2C(=O)[C@@H](NC(=O)Cc3cccs3)[C@H]2SC1,=,1000.0,nM,Km,,Beta-lactamase,single protein format
CHEMBL1161695,O=C(O)c1ccc2c(c1)OC(=O)C(C(=O)NCc1ccccc1)C2,>,0.005,s-1,K cat,,Beta-lactamase,single protein format
CHEMBL1161695,O=C(O)c1ccc2c(c1)OC(=O)C(C(=O)NCc1ccccc1)C2,>,200000.0,nM,Km,,Beta-lactamase,single protein format
CHEMBL1161696,O=C(O)c1cccc2c1OC(=O)C(C(=O)NCc1ccccc1)C2,=,0.01,s-1,K cat,,Beta-lactamase,single protein format
CHEMBL1161696,O=C(O)c1cccc2c1OC(=O)C(C(=O)NCc1ccccc1)C2,=,1800.0,nM,Km,,Beta-lactamase,single protein format
CHEMBL1161808,O=C(NCc1ccccc1)C1CN(S(=O)(=O)O)C1=O,=,300000.0,nM,Km,,Beta-lactamase,single protein format
CHEMBL1161807,O=C(Cc1ccccc1)N[C@H]1CN(S(=O)(=O)O)C1=O,=,70000.0,nM,Km,,Beta-lactamase,single protein format
CHEMBL33995,CC/C=C\C/C=C\C/C=C\CCCCCCCc1cccc(O)c1C(=O)O,,,,Activity,,Beta-lactamase,single protein format
CHEMBL777,O=C(O)[C@H]1/C(=C/CO)O[C@@H]2CC(=O)N21,=,0.03,ug.mL-1,IC50,,Beta-lactamase,single protein format
CHEMBL186,CO/N=C(\C(=O)N[C@@H]1C(=O)N2C(C(=O)[O-])=C(C[N+]3(C)CCCC3)CS[C@H]12)c1csc(N)n1,=,61000.0,nM,Km,,Beta-lactamase,single protein format
CHEMBL44354,CC(C)(O/N=C(\C(=O)N[C@@H]1C(=O)N2C(C(=O)[O-])=C(C[n+]3ccccc3)CS[C@H]12)c1csc(N)n1)C(=O)O,=,29000.0,nM,Km,,Beta-lactamase,single protein format
CHEMBL520642,Nc1nc(/C(=N/O)C(=O)N[C@@H]2C(=O)N3C(C(=O)O)=C(/C=C4\CCN([C@@H]5CCNC5)C4=O)CS[C@H]23)ns1,=,24.0,%,Activity,,Beta-lactamase,single protein format
CHEMBL29,CC1(C)S[C@@H]2[C@H](NC(=O)Cc3ccccc3)C(=O)N2[C@H]1C(=O)O,=,19.0,/s/microM,Kcat/Km,,Beta-lactamase,single protein format
CHEMBL520642,Nc1nc(/C(=N/O)C(=O)N[C@@H]2C(=O)N3C(C(=O)O)=C(/C=C4\CCN([C@@H]5CCNC5)C4=O)CS[C@H]23)ns1,=,17.0,%,Activity,,Beta-lactamase,single protein format
CHEMBL29,CC1(C)S[C@@H]2[C@H](NC(=O)Cc3ccccc3)C(=O)N2[C@H]1C(=O)O,=,3400.0,nM,Km,,Beta-lactamase,single protein format
CHEMBL186,CO/N=C(\C(=O)N[C@@H]1C(=O)N2C(C(=O)[O-])=C(C[N+]3(C)CCCC3)CS[C@H]12)c1csc(N)n1,=,2.5,%,Activity,,Beta-lactamase,single protein format
CHEMBL186,CO/N=C(\C(=O)N[C@@H]1C(=O)N2C(C(=O)[O-])=C(C[N+]3(C)CCCC3)CS[C@H]12)c1csc(N)n1,=,1.4,%,Activity,,Beta-lactamase,single protein format
CHEMBL44354,CC(C)(O/N=C(\C(=O)N[C@@H]1C(=O)N2C(C(=O)[O-])=C(C[n+]3ccccc3)CS[C@H]12)c1csc(N)n1)C(=O)O,=,0.92,%,Activity,,Beta-lactamase,single protein format
CHEMBL44354,CC(C)(O/N=C(\C(=O)N[C@@H]1C(=O)N2C(C(=O)[O-])=C(C[n+]3ccccc3)CS[C@H]12)c1csc(N)n1)C(=O)O,=,0.25,%,Activity,,Beta-lactamase,single protein format
CHEMBL316157,O=C(Cc1cccs1)N[C@@H]1C(=O)N2C(C(=O)[O-])=C(C[n+]3ccccc3)CS[C@H]12,=,0.14,/s,Kcat,,Beta-lactamase,single protein format
CHEMBL520642,Nc1nc(/C(=N/O)C(=O)N[C@@H]2C(=O)N3C(C(=O)O)=C(/C=C4\CCN([C@@H]5CCNC5)C4=O)CS[C@H]23)ns1,=,0.024,/s,Kcat,,Beta-lactamase,single protein format
CHEMBL186,CO/N=C(\C(=O)N[C@@H]1C(=O)N2C(C(=O)[O-])=C(C[N+]3(C)CCCC3)CS[C@H]12)c1csc(N)n1,=,0.002,/s,Kcat,,Beta-lactamase,single protein format
CHEMBL316157,O=C(Cc1cccs1)N[C@@H]1C(=O)N2C(C(=O)[O-])=C(C[n+]3ccccc3)CS[C@H]12,=,0.0013,/s/microM,Kcat/Km,,Beta-lactamase,single protein format
CHEMBL44354,CC(C)(O/N=C(\C(=O)N[C@@H]1C(=O)N2C(C(=O)[O-])=C(C[n+]3ccccc3)CS[C@H]12)c1csc(N)n1)C(=O)O,=,0.00035,/s,Kcat,,Beta-lactamase,single protein format
CHEMBL520642,Nc1nc(/C(=N/O)C(=O)N[C@@H]2C(=O)N3C(C(=O)O)=C(/C=C4\CCN([C@@H]5CCNC5)C4=O)CS[C@H]23)ns1,=,0.00031,/s/microM,Kcat/Km,,Beta-lactamase,single protein format
CHEMBL186,CO/N=C(\C(=O)N[C@@H]1C(=O)N2C(C(=O)[O-])=C(C[N+]3(C)CCCC3)CS[C@H]12)c1csc(N)n1,=,0.000033,/s/microM,Kcat/Km,,Beta-lactamase,single protein format
CHEMBL44354,CC(C)(O/N=C(\C(=O)N[C@@H]1C(=O)N2C(C(=O)[O-])=C(C[n+]3ccccc3)CS[C@H]12)c1csc(N)n1)C(=O)O,=,0.000012,/s/microM,Kcat/Km,,Beta-lactamase,single protein format
CHEMBL29,CC1(C)S[C@@H]2[C@H](NC(=O)Cc3ccccc3)C(=O)N2[C@H]1C(=O)O,=,46000.0,%,Activity,,Beta-lactamase,single protein format
CHEMBL29,CC1(C)S[C@@H]2[C@H](NC(=O)Cc3ccccc3)C(=O)N2[C@H]1C(=O)O,=,1500000.0,%,Activity,,Beta-lactamase,single protein format
CHEMBL316157,O=C(Cc1cccs1)N[C@@H]1C(=O)N2C(C(=O)[O-])=C(C[n+]3ccccc3)CS[C@H]12,=,110000.0,nM,Km,,Beta-lactamase,single protein format
CHEMBL520642,Nc1nc(/C(=N/O)C(=O)N[C@@H]2C(=O)N3C(C(=O)O)=C(/C=C4\CCN([C@@H]5CCNC5)C4=O)CS[C@H]23)ns1,=,78000.0,nM,Km,,Beta-lactamase,single protein format
CHEMBL29,CC1(C)S[C@@H]2[C@H](NC(=O)Cc3ccccc3)C(=O)N2[C@H]1C(=O)O,=,65.0,/s,Kcat,,Beta-lactamase,single protein format
CHEMBL3914769,C=C1CCCC[C@@]23N(C(=O)OCC)CC[C@@]12c1c(C)cc(C)cc1N3C,,,,Inhibition,,Beta-lactamase,single protein format
CHEMBL4164703,N#C/C(=C\c1cnc(N)nc1N)c1nc2ccccc2s1,,,,Inhibition,,Beta-lactamase,single protein format
CHEMBL4170126,N#C/C(=C\c1cnc(Nc2ccc(Cl)cc2)nc1)c1nc2ccccc2[nH]1,,,,Inhibition,,Beta-lactamase,single protein format
CHEMBL4164703,N#C/C(=C\c1cnc(N)nc1N)c1nc2ccccc2s1,,,,Inhibition,,Beta-lactamase,single protein format
CHEMBL4170126,N#C/C(=C\c1cnc(Nc2ccc(Cl)cc2)nc1)c1nc2ccccc2[nH]1,,,,Inhibition,,Beta-lactamase,single protein format
CHEMBL4164703,N#C/C(=C\c1cnc(N)nc1N)c1nc2ccccc2s1,=,0.8,ug.mL-1,MIC,,Beta-lactamase,single protein format
CHEMBL4170126,N#C/C(=C\c1cnc(Nc2ccc(Cl)cc2)nc1)c1nc2ccccc2[nH]1,=,0.9,ug.mL-1,MIC,,Beta-lactamase,single protein format
CHEMBL4164703,N#C/C(=C\c1cnc(N)nc1N)c1nc2ccccc2s1,=,0.2,,FICI,,Beta-lactamase,single protein format
CHEMBL4170126,N#C/C(=C\c1cnc(Nc2ccc(Cl)cc2)nc1)c1nc2ccccc2[nH]1,=,0.2,,FICI,,Beta-lactamase,single protein format
CHEMBL403,CC1(C)[C@H](C(=O)O)N2C(=O)C[C@H]2S1(=O)=O,=,1.56,ug.mL-1,MIC,,Beta-lactamase,single protein format
