molecule_chembl_id,canonical_smiles,standard_relation,standard_value,standard_units,standard_type,pchembl_value,target_pref_name,bao_label
CHEMBL29,CC1(C)S[C@@H]2[C@H](NC(=O)Cc3ccccc3)C(=O)N2[C@H]1C(=O)O,=,47.0,/s,Kcat,,Beta-lactamase CTX-M,single protein format
CHEMBL186,CO/N=C(\C(=O)N[C@@H]1C(=O)N2C(C(=O)[O-])=C(C[N+]3(C)CCCC3)CS[C@H]12)c1csc(N)n1,=,45.0,/s,Kcat,,Beta-lactamase CTX-M,single protein format
CHEMBL316157,O=C(Cc1cccs1)N[C@@H]1C(=O)N2C(C(=O)[O-])=C(C[n+]3ccccc3)CS[C@H]12,=,39000.0,nM,Km,,Beta-lactamase CTX-M,single protein format
CHEMBL1730,CO/N=C(\C(=O)N[C@@H]1C(=O)N2C(C(=O)O)=C(COC(C)=O)CS[C@H]12)c1csc(N)n1,=,26000.0,nM,Km,,Beta-lactamase CTX-M,single protein format
CHEMBL29,CC1(C)S[C@@H]2[C@H](NC(=O)Cc3ccccc3)C(=O)N2[C@H]1C(=O)O,=,25.0,%,Activity,,Beta-lactamase CTX-M,single protein format
CHEMBL186,CO/N=C(\C(=O)N[C@@H]1C(=O)N2C(C(=O)[O-])=C(C[N+]3(C)CCCC3)CS[C@H]12)c1csc(N)n1,=,24.0,%,Activity,,Beta-lactamase CTX-M,single protein format
CHEMBL520642,Nc1nc(/C(=N/O)C(=O)N[C@@H]2C(=O)N3C(C(=O)O)=C(/C=C4\CCN([C@@H]5CCNC5)C4=O)CS[C@H]23)ns1,=,19000.0,nM,Km,,Beta-lactamase CTX-M,single protein format
CHEMBL520642,Nc1nc(/C(=N/O)C(=O)N[C@@H]2C(=O)N3C(C(=O)O)=C(/C=C4\CCN([C@@H]5CCNC5)C4=O)CS[C@H]23)ns1,=,14.0,/s/microM,Kcat/Km,,Beta-lactamase CTX-M,single protein format
CHEMBL777,O=C(O)[C@H]1/C(=C/CO)O[C@@H]2CC(=O)N21,=,9.0,nM,IC50,8.05,Beta-lactamase CTX-M,single protein format
CHEMBL29,CC1(C)S[C@@H]2[C@H](NC(=O)Cc3ccccc3)C(=O)N2[C@H]1C(=O)O,=,8700.0,nM,Km,,Beta-lactamase CTX-M,single protein format
CHEMBL1730,CO/N=C(\C(=O)N[C@@H]1C(=O)N2C(C(=O)O)=C(COC(C)=O)CS[C@H]12)c1csc(N)n1,=,6.9,/s/microM,Kcat/Km,,Beta-lactamase CTX-M,single protein format
CHEMBL29,CC1(C)S[C@@H]2[C@H](NC(=O)Cc3ccccc3)C(=O)N2[C@H]1C(=O)O,=,5.4,/s/microM,Kcat/Km,,Beta-lactamase CTX-M,single protein format
CHEMBL186,CO/N=C(\C(=O)N[C@@H]1C(=O)N2C(C(=O)[O-])=C(C[N+]3(C)CCCC3)CS[C@H]12)c1csc(N)n1,=,5.1,%,Activity,,Beta-lactamase CTX-M,single protein format
CHEMBL316157,O=C(Cc1cccs1)N[C@@H]1C(=O)N2C(C(=O)[O-])=C(C[n+]3ccccc3)CS[C@H]12,=,4.9,/s/microM,Kcat/Km,,Beta-lactamase CTX-M,single protein format
CHEMBL44354,CC(C)(O/N=C(\C(=O)N[C@@H]1C(=O)N2C(C(=O)[O-])=C(C[n+]3ccccc3)CS[C@H]12)c1csc(N)n1)C(=O)O,=,4.4,/s,Kcat,,Beta-lactamase CTX-M,single protein format
CHEMBL44354,CC(C)(O/N=C(\C(=O)N[C@@H]1C(=O)N2C(C(=O)[O-])=C(C[n+]3ccccc3)CS[C@H]12)c1csc(N)n1)C(=O)O,=,2.3,%,Activity,,Beta-lactamase CTX-M,single protein format
CHEMBL404,C[C@]1(Cn2ccnn2)[C@H](C(=O)O)N2C(=O)C[C@H]2S1(=O)=O,=,2.0,nM,IC50,8.70,Beta-lactamase CTX-M,single protein format
CHEMBL44354,CC(C)(O/N=C(\C(=O)N[C@@H]1C(=O)N2C(C(=O)[O-])=C(C[n+]3ccccc3)CS[C@H]12)c1csc(N)n1)C(=O)O,=,0.37,%,Activity,,Beta-lactamase CTX-M,single protein format
CHEMBL186,CO/N=C(\C(=O)N[C@@H]1C(=O)N2C(C(=O)[O-])=C(C[N+]3(C)CCCC3)CS[C@H]12)c1csc(N)n1,=,0.25,/s/microM,Kcat/Km,,Beta-lactamase CTX-M,single protein format
CHEMBL44354,CC(C)(O/N=C(\C(=O)N[C@@H]1C(=O)N2C(C(=O)[O-])=C(C[n+]3ccccc3)CS[C@H]12)c1csc(N)n1)C(=O)O,=,0.018,/s/microM,Kcat/Km,,Beta-lactamase CTX-M,single protein format
CHEMBL520642,Nc1nc(/C(=N/O)C(=O)N[C@@H]2C(=O)N3C(C(=O)O)=C(/C=C4\CCN([C@@H]5CCNC5)C4=O)CS[C@H]23)ns1,=,140.0,%,Activity,,Beta-lactamase CTX-M,single protein format
CHEMBL1730,CO/N=C(\C(=O)N[C@@H]1C(=O)N2C(C(=O)O)=C(COC(C)=O)CS[C@H]12)c1csc(N)n1,=,140.0,%,Activity,,Beta-lactamase CTX-M,single protein format
CHEMBL186,CO/N=C(\C(=O)N[C@@H]1C(=O)N2C(C(=O)[O-])=C(C[N+]3(C)CCCC3)CS[C@H]12)c1csc(N)n1,=,180000.0,nM,Km,,Beta-lactamase CTX-M,single protein format
CHEMBL1730,CO/N=C(\C(=O)N[C@@H]1C(=O)N2C(C(=O)O)=C(COC(C)=O)CS[C@H]12)c1csc(N)n1,=,180.0,/s,Kcat,,Beta-lactamase CTX-M,single protein format
CHEMBL316157,O=C(Cc1cccs1)N[C@@H]1C(=O)N2C(C(=O)[O-])=C(C[n+]3ccccc3)CS[C@H]12,=,190.0,/s,Kcat,,Beta-lactamase CTX-M,single protein format
CHEMBL44354,CC(C)(O/N=C(\C(=O)N[C@@H]1C(=O)N2C(C(=O)[O-])=C(C[n+]3ccccc3)CS[C@H]12)c1csc(N)n1)C(=O)O,=,240000.0,nM,Km,,Beta-lactamase CTX-M,single protein format
CHEMBL520642,Nc1nc(/C(=N/O)C(=O)N[C@@H]2C(=O)N3C(C(=O)O)=C(/C=C4\CCN([C@@H]5CCNC5)C4=O)CS[C@H]23)ns1,=,270.0,/s,Kcat,,Beta-lactamase CTX-M,single protein format
CHEMBL520642,Nc1nc(/C(=N/O)C(=O)N[C@@H]2C(=O)N3C(C(=O)O)=C(/C=C4\CCN([C@@H]5CCNC5)C4=O)CS[C@H]23)ns1,=,290.0,%,Activity,,Beta-lactamase CTX-M,single protein format
CHEMBL29,CC1(C)S[C@@H]2[C@H](NC(=O)Cc3ccccc3)C(=O)N2[C@H]1C(=O)O,=,110.0,%,Activity,,Beta-lactamase CTX-M,single protein format
CHEMBL1730,CO/N=C(\C(=O)N[C@@H]1C(=O)N2C(C(=O)O)=C(COC(C)=O)CS[C@H]12)c1csc(N)n1,=,95.0,%,Activity,,Beta-lactamase CTX-M,single protein format
CHEMBL316157,O=C(Cc1cccs1)N[C@@H]1C(=O)N2C(C(=O)[O-])=C(C[n+]3ccccc3)CS[C@H]12,=,190.0,/s,Kcat,,Beta-lactamase CTX-M,single protein format
CHEMBL29,CC1(C)S[C@@H]2[C@H](NC(=O)Cc3ccccc3)C(=O)N2[C@H]1C(=O)O,=,47.0,/s,Kcat,,Beta-lactamase CTX-M,single protein format
CHEMBL148,C[C@@H](O)[C@H]1C(=O)N2C(C(=O)O)=C(SCCNC=N)C[C@H]12,=,0.17,/s,Kcat,,Beta-lactamase CTX-M,single protein format
CHEMBL127,C[C@@H](O)[C@H]1C(=O)N2C(C(=O)O)=C(S[C@@H]3CN[C@H](C(=O)N(C)C)C3)[C@H](C)[C@H]12,=,0.0042,/s,Kcat,,Beta-lactamase CTX-M,single protein format
CHEMBL491571,C[C@@H](O)[C@H]1C(=O)N2C(C(=O)O)=C(S[C@@H]3CN[C@H](CNS(N)(=O)=O)C3)[C@H](C)[C@H]12,=,0.0018,/s,Kcat,,Beta-lactamase CTX-M,single protein format
CHEMBL44354,CC(C)(O/N=C(\C(=O)N[C@@H]1C(=O)N2C(C(=O)[O-])=C(C[n+]3ccccc3)CS[C@H]12)c1csc(N)n1)C(=O)O,=,4.4,/s,Kcat,,Beta-lactamase CTX-M,single protein format
CHEMBL316157,O=C(Cc1cccs1)N[C@@H]1C(=O)N2C(C(=O)[O-])=C(C[n+]3ccccc3)CS[C@H]12,=,39000.0,nM,Km,,Beta-lactamase CTX-M,single protein format
CHEMBL29,CC1(C)S[C@@H]2[C@H](NC(=O)Cc3ccccc3)C(=O)N2[C@H]1C(=O)O,=,8700.0,nM,Km,,Beta-lactamase CTX-M,single protein format
CHEMBL148,C[C@@H](O)[C@H]1C(=O)N2C(C(=O)O)=C(SCCNC=N)C[C@H]12,=,120000.0,nM,Km,,Beta-lactamase CTX-M,single protein format
CHEMBL127,C[C@@H](O)[C@H]1C(=O)N2C(C(=O)O)=C(S[C@@H]3CN[C@H](C(=O)N(C)C)C3)[C@H](C)[C@H]12,=,11000.0,nM,Km,,Beta-lactamase CTX-M,single protein format
CHEMBL491571,C[C@@H](O)[C@H]1C(=O)N2C(C(=O)O)=C(S[C@@H]3CN[C@H](CNS(N)(=O)=O)C3)[C@H](C)[C@H]12,=,7100.0,nM,Km,,Beta-lactamase CTX-M,single protein format
CHEMBL44354,CC(C)(O/N=C(\C(=O)N[C@@H]1C(=O)N2C(C(=O)[O-])=C(C[n+]3ccccc3)CS[C@H]12)c1csc(N)n1)C(=O)O,=,240000.0,nM,Km,,Beta-lactamase CTX-M,single protein format
CHEMBL316157,O=C(Cc1cccs1)N[C@@H]1C(=O)N2C(C(=O)[O-])=C(C[n+]3ccccc3)CS[C@H]12,=,4.9,/s/microM,Kcat/Km,,Beta-lactamase CTX-M,single protein format
CHEMBL29,CC1(C)S[C@@H]2[C@H](NC(=O)Cc3ccccc3)C(=O)N2[C@H]1C(=O)O,=,5.4,/s/microM,Kcat/Km,,Beta-lactamase CTX-M,single protein format
CHEMBL148,C[C@@H](O)[C@H]1C(=O)N2C(C(=O)O)=C(SCCNC=N)C[C@H]12,=,0.0014,/s/microM,Kcat/Km,,Beta-lactamase CTX-M,single protein format
CHEMBL127,C[C@@H](O)[C@H]1C(=O)N2C(C(=O)O)=C(S[C@@H]3CN[C@H](C(=O)N(C)C)C3)[C@H](C)[C@H]12,=,0.00038,/s/microM,Kcat/Km,,Beta-lactamase CTX-M,single protein format
CHEMBL491571,C[C@@H](O)[C@H]1C(=O)N2C(C(=O)O)=C(S[C@@H]3CN[C@H](CNS(N)(=O)=O)C3)[C@H](C)[C@H]12,=,0.00025,/s/microM,Kcat/Km,,Beta-lactamase CTX-M,single protein format
CHEMBL44354,CC(C)(O/N=C(\C(=O)N[C@@H]1C(=O)N2C(C(=O)[O-])=C(C[n+]3ccccc3)CS[C@H]12)c1csc(N)n1)C(=O)O,=,0.018,/s/microM,Kcat/Km,,Beta-lactamase CTX-M,single protein format
CHEMBL29,CC1(C)S[C@@H]2[C@H](NC(=O)Cc3ccccc3)C(=O)N2[C@H]1C(=O)O,=,25.0,%,Activity,,Beta-lactamase CTX-M,single protein format
CHEMBL148,C[C@@H](O)[C@H]1C(=O)N2C(C(=O)O)=C(SCCNC=N)C[C@H]12,=,0.09,%,Activity,,Beta-lactamase CTX-M,single protein format
CHEMBL127,C[C@@H](O)[C@H]1C(=O)N2C(C(=O)O)=C(S[C@@H]3CN[C@H](C(=O)N(C)C)C3)[C@H](C)[C@H]12,=,0.0022,%,Activity,,Beta-lactamase CTX-M,single protein format
CHEMBL491571,C[C@@H](O)[C@H]1C(=O)N2C(C(=O)O)=C(S[C@@H]3CN[C@H](CNS(N)(=O)=O)C3)[C@H](C)[C@H]12,=,0.00095,%,Activity,,Beta-lactamase CTX-M,single protein format
CHEMBL44354,CC(C)(O/N=C(\C(=O)N[C@@H]1C(=O)N2C(C(=O)[O-])=C(C[n+]3ccccc3)CS[C@H]12)c1csc(N)n1)C(=O)O,=,2.3,%,Activity,,Beta-lactamase CTX-M,single protein format
CHEMBL29,CC1(C)S[C@@H]2[C@H](NC(=O)Cc3ccccc3)C(=O)N2[C@H]1C(=O)O,=,110.0,%,Activity,,Beta-lactamase CTX-M,single protein format
CHEMBL148,C[C@@H](O)[C@H]1C(=O)N2C(C(=O)O)=C(SCCNC=N)C[C@H]12,=,0.029,%,Activity,,Beta-lactamase CTX-M,single protein format
CHEMBL127,C[C@@H](O)[C@H]1C(=O)N2C(C(=O)O)=C(S[C@@H]3CN[C@H](C(=O)N(C)C)C3)[C@H](C)[C@H]12,=,0.0078,%,Activity,,Beta-lactamase CTX-M,single protein format
CHEMBL491571,C[C@@H](O)[C@H]1C(=O)N2C(C(=O)O)=C(S[C@@H]3CN[C@H](CNS(N)(=O)=O)C3)[C@H](C)[C@H]12,=,0.0051,%,Activity,,Beta-lactamase CTX-M,single protein format
CHEMBL44354,CC(C)(O/N=C(\C(=O)N[C@@H]1C(=O)N2C(C(=O)[O-])=C(C[n+]3ccccc3)CS[C@H]12)c1csc(N)n1)C(=O)O,=,0.37,%,Activity,,Beta-lactamase CTX-M,single protein format
CHEMBL4126149,O=C(O)/C(S)=C/c1c2ccccc2cc2ccccc12,=,47.0,%,Activity,,Beta-lactamase CTX-M,single protein format
CHEMBL4130029,CN1CCN(NC(=O)CN2C(=O)/C(=C/c3c4ccccc4cc4ccccc34)SC2=S)CC1,=,18.0,%,Activity,,Beta-lactamase CTX-M,single protein format
CHEMBL66070,O=C(O)CN1C(=O)/C(=C/c2ccccc2)SC1=S,,,,Inhibition,,Beta-lactamase CTX-M,single protein format
CHEMBL4126874,CN1CCN(NC(=O)CN2C(=O)/C(=C/c3ccccc3)SC2=S)CC1,,,,Inhibition,,Beta-lactamase CTX-M,single protein format
CHEMBL4095898,O=C(O)/C(S)=C/c1ccccc1,,,,Inhibition,,Beta-lactamase CTX-M,single protein format
CHEMBL4127551,Cc1ccc(/C=C2\SC(=S)N(CC(=O)O)C2=O)cc1,,,,Inhibition,,Beta-lactamase CTX-M,single protein format
CHEMBL4127836,Cc1ccc(/C=C2\SC(=S)N(CC(=O)NN3CCN(C)CC3)C2=O)cc1,,,,Inhibition,,Beta-lactamase CTX-M,single protein format
CHEMBL4129233,Cc1ccc(/C=C(\S)C(=O)O)cc1,,,,Inhibition,,Beta-lactamase CTX-M,single protein format
CHEMBL1173347,O=C(O)CN1C(=O)/C(=C/c2ccc(F)cc2)SC1=S,,,,Inhibition,,Beta-lactamase CTX-M,single protein format
CHEMBL4125789,CN1CCN(NC(=O)CN2C(=O)/C(=C/c3ccc(F)cc3)SC2=S)CC1,,,,Inhibition,,Beta-lactamase CTX-M,single protein format
CHEMBL3221930,O=C(O)/C(S)=C/c1ccc(F)cc1,,,,Inhibition,,Beta-lactamase CTX-M,single protein format
CHEMBL2062754,O=C(O)CN1C(=O)/C(=C/c2ccc(Br)cc2)SC1=S,,,,Inhibition,,Beta-lactamase CTX-M,single protein format
CHEMBL3221932,O=C(O)/C(S)=C/c1ccc(Br)cc1,,,,Inhibition,,Beta-lactamase CTX-M,single protein format
CHEMBL1631303,COc1ccc(/C=C2\SC(=S)N(CC(=O)O)C2=O)cc1,,,,Inhibition,,Beta-lactamase CTX-M,single protein format
CHEMBL4129483,COc1ccc(/C=C2\SC(=S)N(CC(=O)NN3CCN(C)CC3)C2=O)cc1,,,,Inhibition,,Beta-lactamase CTX-M,single protein format
CHEMBL4129039,COc1ccc(/C=C(\S)C(=O)O)cc1,,,,Inhibition,,Beta-lactamase CTX-M,single protein format
CHEMBL4127636,O=C(O)CN1C(=O)/C(=C/c2ccccc2F)SC1=S,,,,Inhibition,,Beta-lactamase CTX-M,single protein format
CHEMBL1451326,CN1CCN(NC(=O)CN2C(=O)/C(=C/c3ccccc3F)SC2=S)CC1,,,,Inhibition,,Beta-lactamase CTX-M,single protein format
CHEMBL3221922,O=C(O)/C(S)=C/c1ccccc1F,,,,Inhibition,,Beta-lactamase CTX-M,single protein format
CHEMBL4126842,O=C(O)CN1C(=O)/C(=C/c2ccccc2Cl)SC1=S,,,,Inhibition,,Beta-lactamase CTX-M,single protein format
CHEMBL1605498,CN1CCN(NC(=O)CN2C(=O)/C(=C/c3ccccc3Cl)SC2=S)CC1,,,,Inhibition,,Beta-lactamase CTX-M,single protein format
CHEMBL3221923,O=C(O)/C(S)=C/c1ccccc1Cl,,,,Inhibition,,Beta-lactamase CTX-M,single protein format
CHEMBL4128891,O=C(O)CN1C(=O)/C(=C/c2ccccc2Br)SC1=S,,,,Inhibition,,Beta-lactamase CTX-M,single protein format
CHEMBL4129315,CN1CCN(NC(=O)CN2C(=O)/C(=C/c3ccccc3Br)SC2=S)CC1,,,,Inhibition,,Beta-lactamase CTX-M,single protein format
CHEMBL3221924,O=C(O)/C(S)=C/c1ccccc1Br,,,,Inhibition,,Beta-lactamase CTX-M,single protein format
CHEMBL4126745,O=C(O)CN1C(=O)/C(=C/c2ccccc2I)SC1=S,,,,Inhibition,,Beta-lactamase CTX-M,single protein format
CHEMBL4130010,CN1CCN(NC(=O)CN2C(=O)/C(=C/c3ccccc3I)SC2=S)CC1,,,,Inhibition,,Beta-lactamase CTX-M,single protein format
CHEMBL3221925,O=C(O)/C(S)=C/c1ccccc1I,,,,Inhibition,,Beta-lactamase CTX-M,single protein format
CHEMBL4128796,O=C(O)CN1C(=O)/C(=C/c2c(F)cccc2Cl)SC1=S,,,,Inhibition,,Beta-lactamase CTX-M,single protein format
CHEMBL4129222,CN1CCN(NC(=O)CN2C(=O)/C(=C/c3c(F)cccc3Cl)SC2=S)CC1,,,,Inhibition,,Beta-lactamase CTX-M,single protein format
CHEMBL4127821,O=C(O)/C(S)=C/c1c(F)cccc1Cl,,,,Inhibition,,Beta-lactamase CTX-M,single protein format
CHEMBL4127980,O=C(O)CN1C(=O)/C(=C/c2c(F)ccc(F)c2F)SC1=S,,,,Inhibition,,Beta-lactamase CTX-M,single protein format
CHEMBL4126589,CN1CCN(NC(=O)CN2C(=O)/C(=C/c3c(F)ccc(F)c3F)SC2=S)CC1,,,,Inhibition,,Beta-lactamase CTX-M,single protein format
CHEMBL4126465,O=C(O)/C(S)=C/c1c(F)ccc(F)c1F,,,,Inhibition,,Beta-lactamase CTX-M,single protein format
CHEMBL4129749,O=C(O)CN1C(=O)/C(=C/c2csc3ccccc23)SC1=S,,,,Inhibition,,Beta-lactamase CTX-M,single protein format
CHEMBL4130192,CN1CCN(NC(=O)CN2C(=O)/C(=C/c3csc4ccccc34)SC2=S)CC1,,,,Inhibition,,Beta-lactamase CTX-M,single protein format
CHEMBL4126927,O=C(O)/C(S)=C/c1csc2ccccc12,,,,Inhibition,,Beta-lactamase CTX-M,single protein format
CHEMBL4126780,O=C(O)CN1C(=O)/C(=C/c2c(Cl)cccc2Cl)SC1=S,,,,Inhibition,,Beta-lactamase CTX-M,single protein format
CHEMBL1559342,CN1CCN(NC(=O)CN2C(=O)/C(=C/c3c(Cl)cccc3Cl)SC2=S)CC1,,,,Inhibition,,Beta-lactamase CTX-M,single protein format
CHEMBL4127736,O=C(O)/C(S)=C/c1c(Cl)cccc1Cl,,,,Inhibition,,Beta-lactamase CTX-M,single protein format
CHEMBL4129136,O=C(O)CN1C(=O)/C(=C/c2cccc(Cl)c2Cl)SC1=S,,,,Inhibition,,Beta-lactamase CTX-M,single protein format
CHEMBL4128976,CN1CCN(NC(=O)CN2C(=O)/C(=C/c3cccc(Cl)c3Cl)SC2=S)CC1,,,,Inhibition,,Beta-lactamase CTX-M,single protein format
CHEMBL4125695,O=C(O)/C(S)=C/c1cccc(Cl)c1Cl,,,,Inhibition,,Beta-lactamase CTX-M,single protein format
CHEMBL4129931,O=C(O)CN1C(=O)/C(=C/c2cc(Cl)ccc2Cl)SC1=S,,,,Inhibition,,Beta-lactamase CTX-M,single protein format
CHEMBL4126663,CN1CCN(NC(=O)CN2C(=O)/C(=C/c3cc(Cl)ccc3Cl)SC2=S)CC1,,,,Inhibition,,Beta-lactamase CTX-M,single protein format
CHEMBL4125965,O=C(O)/C(S)=C/c1cc(Cl)ccc1Cl,,,,Inhibition,,Beta-lactamase CTX-M,single protein format
CHEMBL4129281,O=C(O)CN1C(=O)/C(=C/c2c(F)cccc2F)SC1=S,,,,Inhibition,,Beta-lactamase CTX-M,single protein format
CHEMBL4127204,CN1CCN(NC(=O)CN2C(=O)/C(=C/c3c(F)cccc3F)SC2=S)CC1,,,,Inhibition,,Beta-lactamase CTX-M,single protein format
CHEMBL4125829,O=C(O)/C(S)=C/c1c(F)cccc1F,,,,Inhibition,,Beta-lactamase CTX-M,single protein format
CHEMBL4128178,Cc1cccc(C)c1/C=C1\SC(=S)N(CC(=O)O)C1=O,,,,Inhibition,,Beta-lactamase CTX-M,single protein format
CHEMBL4126798,Cc1cccc(C)c1/C=C1\SC(=S)N(CC(=O)NN2CCN(C)CC2)C1=O,,,,Inhibition,,Beta-lactamase CTX-M,single protein format
CHEMBL4129411,Cc1cccc(C)c1/C=C(\S)C(=O)O,,,,Inhibition,,Beta-lactamase CTX-M,single protein format
CHEMBL4068716,CN1CCN(NC(=O)CN2C(=O)/C(=C/c3c(Cl)ccc(Cl)c3Cl)SC2=S)CC1,,,,Inhibition,,Beta-lactamase CTX-M,single protein format
CHEMBL3792857,O=C(O)/C(S)=C/c1c(Cl)ccc(Cl)c1Cl,,,,Inhibition,,Beta-lactamase CTX-M,single protein format
CHEMBL4128221,O=C(O)/C(S)=C/c1ccccc1Cc1ccc2ccccc2c1,,,,Inhibition,,Beta-lactamase CTX-M,single protein format
CHEMBL4127119,CC1=N/C(=C\c2ccc(F)cc2)C(=O)O1,,,,Inhibition,,Beta-lactamase CTX-M,single protein format
CHEMBL4129710,O=C(O)/C(O)=C/c1ccc(F)cc1,,,,Inhibition,,Beta-lactamase CTX-M,single protein format
CHEMBL4126421,O=P(O)(O)C(O)c1ccc(Br)cc1F,,,,Inhibition,,Beta-lactamase CTX-M,single protein format
CHEMBL4125691,O=P(O)(O)C(S)c1ccc(Br)cc1F,,,,Inhibition,,Beta-lactamase CTX-M,single protein format
