molecule_chembl_id,canonical_smiles,standard_relation,standard_value,standard_units,standard_type,pchembl_value,target_pref_name,bao_label
CHEMBL148,C[C@@H](O)[C@H]1C(=O)N2C(C(=O)O)=C(SCCNC=N)C[C@H]12,=,0.004,/s,Kcat,,ADC-16 protein,single protein format
CHEMBL44354,CC(C)(O/N=C(\C(=O)N[C@@H]1C(=O)N2C(C(=O)[O-])=C(C[n+]3ccccc3)CS[C@H]12)c1csc(N)n1)C(=O)O,=,0.02,/s,Kcat,,ADC-16 protein,single protein format
CHEMBL1730,CO/N=C(\C(=O)N[C@@H]1C(=O)N2C(C(=O)O)=C(COC(C)=O)CS[C@H]12)c1csc(N)n1,=,0.07,/s,Kcat,,ADC-16 protein,single protein format
CHEMBL996,CO[C@@]1(NC(=O)Cc2cccs2)C(=O)N2C(C(=O)O)=C(COC(N)=O)CS[C@@H]21,=,0.33,/s,Kcat,,ADC-16 protein,single protein format
CHEMBL1436,CO/N=C(\C(=O)N[C@@H]1C(=O)N2C(C(=O)O)=C(COC(N)=O)CS[C@H]12)c1ccco1,=,270.0,nM,Km,,ADC-16 protein,single protein format
CHEMBL996,CO[C@@]1(NC(=O)Cc2cccs2)C(=O)N2C(C(=O)O)=C(COC(N)=O)CS[C@@H]21,=,180.0,nM,Km,,ADC-16 protein,single protein format
CHEMBL1730,CO/N=C(\C(=O)N[C@@H]1C(=O)N2C(C(=O)O)=C(COC(C)=O)CS[C@H]12)c1csc(N)n1,=,320.0,nM,Km,,ADC-16 protein,single protein format
CHEMBL1436,CO/N=C(\C(=O)N[C@@H]1C(=O)N2C(C(=O)O)=C(COC(N)=O)CS[C@H]12)c1ccco1,=,0.62,/s,Kcat,,ADC-16 protein,single protein format
CHEMBL174,CC1(C)S[C@@H]2[C@H](NC(=O)[C@H](N)c3ccccc3)C(=O)N2[C@H]1C(=O)O,=,1030.0,nM,Km,,ADC-16 protein,single protein format
CHEMBL158,C[C@H]1[C@H](NC(=O)/C(=N\OC(C)(C)C(=O)O)c2csc(N)n2)C(=O)N1S(=O)(=O)O,=,3850.0,nM,Km,,ADC-16 protein,single protein format
CHEMBL174,CC1(C)S[C@@H]2[C@H](NC(=O)[C@H](N)c3ccccc3)C(=O)N2[C@H]1C(=O)O,=,2.6,/s,Kcat,,ADC-16 protein,single protein format
CHEMBL148,C[C@@H](O)[C@H]1C(=O)N2C(C(=O)O)=C(SCCNC=N)C[C@H]12,=,2560.0,nM,Km,,ADC-16 protein,single protein format
CHEMBL44354,CC(C)(O/N=C(\C(=O)N[C@@H]1C(=O)N2C(C(=O)[O-])=C(C[n+]3ccccc3)CS[C@H]12)c1csc(N)n1)C(=O)O,=,110340.0,nM,Km,,ADC-16 protein,single protein format
CHEMBL617,CC(=O)OCC1=C(C(=O)O)N2C(=O)[C@@H](NC(=O)Cc3cccs3)[C@H]2SC1,=,139240.0,nM,Km,,ADC-16 protein,single protein format
CHEMBL777,O=C(O)[C@H]1/C(=C/CO)O[C@@H]2CC(=O)N21,=,1462480.0,nM,IC50,,ADC-16 protein,single protein format
CHEMBL617,CC(=O)OCC1=C(C(=O)O)N2C(=O)[C@@H](NC(=O)Cc3cccs3)[C@H]2SC1,=,1380.8,/s,Kcat,,ADC-16 protein,single protein format
CHEMBL158,C[C@H]1[C@H](NC(=O)/C(=N\OC(C)(C)C(=O)O)c2csc(N)n2)C(=O)N1S(=O)(=O)O,,,,Kcat,,ADC-16 protein,single protein format
CHEMBL148,C[C@@H](O)[C@H]1C(=O)N2C(C(=O)O)=C(SCCNC=N)C[C@H]12,=,0.22,/mM/s,Kcat/Km,,ADC-16 protein,single protein format
CHEMBL1730,CO/N=C(\C(=O)N[C@@H]1C(=O)N2C(C(=O)O)=C(COC(C)=O)CS[C@H]12)c1csc(N)n1,=,211.84,/mM/s,Kcat/Km,,ADC-16 protein,single protein format
CHEMBL44354,CC(C)(O/N=C(\C(=O)N[C@@H]1C(=O)N2C(C(=O)[O-])=C(C[n+]3ccccc3)CS[C@H]12)c1csc(N)n1)C(=O)O,=,211.84,/mM/s,Kcat/Km,,ADC-16 protein,single protein format
CHEMBL996,CO[C@@]1(NC(=O)Cc2cccs2)C(=O)N2C(C(=O)O)=C(COC(N)=O)CS[C@@H]21,=,1875.71,/mM/s,Kcat/Km,,ADC-16 protein,single protein format
CHEMBL1436,CO/N=C(\C(=O)N[C@@H]1C(=O)N2C(C(=O)O)=C(COC(N)=O)CS[C@H]12)c1ccco1,=,2342.1,/mM/s,Kcat/Km,,ADC-16 protein,single protein format
CHEMBL174,CC1(C)S[C@@H]2[C@H](NC(=O)[C@H](N)c3ccccc3)C(=O)N2[C@H]1C(=O)O,=,2518.91,/mM/s,Kcat/Km,,ADC-16 protein,single protein format
CHEMBL617,CC(=O)OCC1=C(C(=O)O)N2C(=O)[C@@H](NC(=O)Cc3cccs3)[C@H]2SC1,=,9916.65,/mM/s,Kcat/Km,,ADC-16 protein,single protein format
CHEMBL403,CC1(C)[C@H](C(=O)O)N2C(=O)C[C@H]2S1(=O)=O,=,7758.0,nM,IC50,5.11,ADC-16 protein,single protein format
