molecule_chembl_id,canonical_smiles,standard_relation,standard_value,standard_units,standard_type,pchembl_value,target_pref_name,bao_label
CHEMBL66070,O=C(O)CN1C(=O)/C(=C/c2ccccc2)SC1=S,>,50000.0,nM,IC50,,Metallo-beta-lactamase type 2,cell-based format
CHEMBL4126874,CN1CCN(NC(=O)CN2C(=O)/C(=C/c3ccccc3)SC2=S)CC1,>,50000.0,nM,IC50,,Metallo-beta-lactamase type 2,cell-based format
CHEMBL4095898,O=C(O)/C(S)=C/c1ccccc1,=,700.0,nM,IC50,6.16,Metallo-beta-lactamase type 2,cell-based format
CHEMBL4127551,Cc1ccc(/C=C2\SC(=S)N(CC(=O)O)C2=O)cc1,>,50000.0,nM,IC50,,Metallo-beta-lactamase type 2,cell-based format
CHEMBL4127836,Cc1ccc(/C=C2\SC(=S)N(CC(=O)NN3CCN(C)CC3)C2=O)cc1,>,50000.0,nM,IC50,,Metallo-beta-lactamase type 2,cell-based format
CHEMBL4129233,Cc1ccc(/C=C(\S)C(=O)O)cc1,=,700.0,nM,IC50,6.16,Metallo-beta-lactamase type 2,cell-based format
CHEMBL1173347,O=C(O)CN1C(=O)/C(=C/c2ccc(F)cc2)SC1=S,>,50000.0,nM,IC50,,Metallo-beta-lactamase type 2,cell-based format
CHEMBL4125789,CN1CCN(NC(=O)CN2C(=O)/C(=C/c3ccc(F)cc3)SC2=S)CC1,>,50000.0,nM,IC50,,Metallo-beta-lactamase type 2,cell-based format
CHEMBL3221930,O=C(O)/C(S)=C/c1ccc(F)cc1,=,8200.0,nM,IC50,5.09,Metallo-beta-lactamase type 2,cell-based format
CHEMBL2062754,O=C(O)CN1C(=O)/C(=C/c2ccc(Br)cc2)SC1=S,>,50000.0,nM,IC50,,Metallo-beta-lactamase type 2,cell-based format
CHEMBL4126603,CN1CCN(NC(=O)CN2C(=O)/C(=C/c3ccc(Br)cc3)SC2=S)CC1,>,50000.0,nM,IC50,,Metallo-beta-lactamase type 2,cell-based format
CHEMBL3221932,O=C(O)/C(S)=C/c1ccc(Br)cc1,=,9900.0,nM,IC50,5.00,Metallo-beta-lactamase type 2,cell-based format
CHEMBL1631303,COc1ccc(/C=C2\SC(=S)N(CC(=O)O)C2=O)cc1,>,50000.0,nM,IC50,,Metallo-beta-lactamase type 2,cell-based format
CHEMBL4129483,COc1ccc(/C=C2\SC(=S)N(CC(=O)NN3CCN(C)CC3)C2=O)cc1,>,50000.0,nM,IC50,,Metallo-beta-lactamase type 2,cell-based format
CHEMBL4129039,COc1ccc(/C=C(\S)C(=O)O)cc1,=,2400.0,nM,IC50,5.62,Metallo-beta-lactamase type 2,cell-based format
CHEMBL4127636,O=C(O)CN1C(=O)/C(=C/c2ccccc2F)SC1=S,>,50000.0,nM,IC50,,Metallo-beta-lactamase type 2,cell-based format
CHEMBL1451326,CN1CCN(NC(=O)CN2C(=O)/C(=C/c3ccccc3F)SC2=S)CC1,=,26300.0,nM,IC50,4.58,Metallo-beta-lactamase type 2,cell-based format
CHEMBL3221922,O=C(O)/C(S)=C/c1ccccc1F,=,4000.0,nM,IC50,5.40,Metallo-beta-lactamase type 2,cell-based format
CHEMBL4126842,O=C(O)CN1C(=O)/C(=C/c2ccccc2Cl)SC1=S,>,50000.0,nM,IC50,,Metallo-beta-lactamase type 2,cell-based format
CHEMBL1605498,CN1CCN(NC(=O)CN2C(=O)/C(=C/c3ccccc3Cl)SC2=S)CC1,>,50000.0,nM,IC50,,Metallo-beta-lactamase type 2,cell-based format
CHEMBL3221923,O=C(O)/C(S)=C/c1ccccc1Cl,=,900.0,nM,IC50,6.05,Metallo-beta-lactamase type 2,cell-based format
CHEMBL4128891,O=C(O)CN1C(=O)/C(=C/c2ccccc2Br)SC1=S,>,50000.0,nM,IC50,,Metallo-beta-lactamase type 2,cell-based format
CHEMBL4129315,CN1CCN(NC(=O)CN2C(=O)/C(=C/c3ccccc3Br)SC2=S)CC1,=,14600.0,nM,IC50,4.84,Metallo-beta-lactamase type 2,cell-based format
CHEMBL3221924,O=C(O)/C(S)=C/c1ccccc1Br,=,5800.0,nM,IC50,5.24,Metallo-beta-lactamase type 2,cell-based format
CHEMBL4126745,O=C(O)CN1C(=O)/C(=C/c2ccccc2I)SC1=S,=,31700.0,nM,IC50,4.50,Metallo-beta-lactamase type 2,cell-based format
CHEMBL4130010,CN1CCN(NC(=O)CN2C(=O)/C(=C/c3ccccc3I)SC2=S)CC1,>,50000.0,nM,IC50,,Metallo-beta-lactamase type 2,cell-based format
CHEMBL3221925,O=C(O)/C(S)=C/c1ccccc1I,=,6300.0,nM,IC50,5.20,Metallo-beta-lactamase type 2,cell-based format
CHEMBL4128796,O=C(O)CN1C(=O)/C(=C/c2c(F)cccc2Cl)SC1=S,>,50000.0,nM,IC50,,Metallo-beta-lactamase type 2,cell-based format
CHEMBL4129222,CN1CCN(NC(=O)CN2C(=O)/C(=C/c3c(F)cccc3Cl)SC2=S)CC1,=,2000.0,nM,IC50,5.70,Metallo-beta-lactamase type 2,cell-based format
CHEMBL4127821,O=C(O)/C(S)=C/c1c(F)cccc1Cl,=,60.0,nM,IC50,7.22,Metallo-beta-lactamase type 2,cell-based format
CHEMBL4127980,O=C(O)CN1C(=O)/C(=C/c2c(F)ccc(F)c2F)SC1=S,=,27000.0,nM,IC50,4.57,Metallo-beta-lactamase type 2,cell-based format
CHEMBL4126589,CN1CCN(NC(=O)CN2C(=O)/C(=C/c3c(F)ccc(F)c3F)SC2=S)CC1,=,3500.0,nM,IC50,5.46,Metallo-beta-lactamase type 2,cell-based format
CHEMBL4126465,O=C(O)/C(S)=C/c1c(F)ccc(F)c1F,=,300.0,nM,IC50,6.52,Metallo-beta-lactamase type 2,cell-based format
CHEMBL4129749,O=C(O)CN1C(=O)/C(=C/c2csc3ccccc23)SC1=S,=,21700.0,nM,IC50,4.66,Metallo-beta-lactamase type 2,cell-based format
CHEMBL4130192,CN1CCN(NC(=O)CN2C(=O)/C(=C/c3csc4ccccc34)SC2=S)CC1,=,7200.0,nM,IC50,5.14,Metallo-beta-lactamase type 2,cell-based format
CHEMBL4126927,O=C(O)/C(S)=C/c1csc2ccccc12,=,3100.0,nM,IC50,5.51,Metallo-beta-lactamase type 2,cell-based format
CHEMBL4126780,O=C(O)CN1C(=O)/C(=C/c2c(Cl)cccc2Cl)SC1=S,=,41800.0,nM,IC50,4.38,Metallo-beta-lactamase type 2,cell-based format
CHEMBL1559342,CN1CCN(NC(=O)CN2C(=O)/C(=C/c3c(Cl)cccc3Cl)SC2=S)CC1,=,200.0,nM,IC50,6.70,Metallo-beta-lactamase type 2,cell-based format
CHEMBL4127736,O=C(O)/C(S)=C/c1c(Cl)cccc1Cl,=,70.0,nM,IC50,7.16,Metallo-beta-lactamase type 2,cell-based format
CHEMBL4129136,O=C(O)CN1C(=O)/C(=C/c2cccc(Cl)c2Cl)SC1=S,=,22100.0,nM,IC50,4.66,Metallo-beta-lactamase type 2,cell-based format
CHEMBL4128976,CN1CCN(NC(=O)CN2C(=O)/C(=C/c3cccc(Cl)c3Cl)SC2=S)CC1,=,1100.0,nM,IC50,5.96,Metallo-beta-lactamase type 2,cell-based format
CHEMBL4125695,O=C(O)/C(S)=C/c1cccc(Cl)c1Cl,=,1000.0,nM,IC50,6.00,Metallo-beta-lactamase type 2,cell-based format
CHEMBL4129931,O=C(O)CN1C(=O)/C(=C/c2cc(Cl)ccc2Cl)SC1=S,>,50000.0,nM,IC50,,Metallo-beta-lactamase type 2,cell-based format
CHEMBL4126663,CN1CCN(NC(=O)CN2C(=O)/C(=C/c3cc(Cl)ccc3Cl)SC2=S)CC1,=,15400.0,nM,IC50,4.81,Metallo-beta-lactamase type 2,cell-based format
CHEMBL4125965,O=C(O)/C(S)=C/c1cc(Cl)ccc1Cl,=,1600.0,nM,IC50,5.80,Metallo-beta-lactamase type 2,cell-based format
CHEMBL4129281,O=C(O)CN1C(=O)/C(=C/c2c(F)cccc2F)SC1=S,>,50000.0,nM,IC50,,Metallo-beta-lactamase type 2,cell-based format
CHEMBL4127204,CN1CCN(NC(=O)CN2C(=O)/C(=C/c3c(F)cccc3F)SC2=S)CC1,=,3000.0,nM,IC50,5.52,Metallo-beta-lactamase type 2,cell-based format
CHEMBL4125829,O=C(O)/C(S)=C/c1c(F)cccc1F,=,100.0,nM,IC50,7.00,Metallo-beta-lactamase type 2,cell-based format
CHEMBL4128178,Cc1cccc(C)c1/C=C1\SC(=S)N(CC(=O)O)C1=O,>,50000.0,nM,IC50,,Metallo-beta-lactamase type 2,cell-based format
CHEMBL4126798,Cc1cccc(C)c1/C=C1\SC(=S)N(CC(=O)NN2CCN(C)CC2)C1=O,=,27000.0,nM,IC50,4.57,Metallo-beta-lactamase type 2,cell-based format
CHEMBL4129411,Cc1cccc(C)c1/C=C(\S)C(=O)O,=,200.0,nM,IC50,6.70,Metallo-beta-lactamase type 2,cell-based format
CHEMBL4128032,O=C(O)CN1C(=O)/C(=C/c2c(Cl)ccc(Cl)c2Cl)SC1=S,=,21300.0,nM,IC50,4.67,Metallo-beta-lactamase type 2,cell-based format
CHEMBL4068716,CN1CCN(NC(=O)CN2C(=O)/C(=C/c3c(Cl)ccc(Cl)c3Cl)SC2=S)CC1,=,300.0,nM,IC50,6.52,Metallo-beta-lactamase type 2,cell-based format
CHEMBL3792857,O=C(O)/C(S)=C/c1c(Cl)ccc(Cl)c1Cl,=,80.0,nM,IC50,7.10,Metallo-beta-lactamase type 2,cell-based format
CHEMBL4129450,CN1CCN(NC(=O)CN2C(=O)S/C(=C\c3c(Cl)ccc(Cl)c3Cl)C2=O)CC1,=,600.0,nM,IC50,6.22,Metallo-beta-lactamase type 2,cell-based format
CHEMBL4126149,O=C(O)/C(S)=C/c1c2ccccc2cc2ccccc12,>,50000.0,nM,IC50,,Metallo-beta-lactamase type 2,cell-based format
CHEMBL4128221,O=C(O)/C(S)=C/c1ccccc1Cc1ccc2ccccc2c1,=,200.0,nM,IC50,6.70,Metallo-beta-lactamase type 2,cell-based format
CHEMBL3234727,O=C(O)C(S)c1ccccc1,=,100.0,nM,IC50,7.00,Metallo-beta-lactamase type 2,cell-based format
CHEMBL4126979,O=C(O)C(S)Cc1ccccc1,=,1400.0,nM,IC50,5.85,Metallo-beta-lactamase type 2,cell-based format
CHEMBL1609,O=C(O)C(O)c1ccccc1,,,,Inhibition,,Metallo-beta-lactamase type 2,cell-based format
CHEMBL1778420,O=C(O)C(O)Cc1ccccc1,,,,Inhibition,,Metallo-beta-lactamase type 2,cell-based format
CHEMBL4127119,CC1=N/C(=C\c2ccc(F)cc2)C(=O)O1,=,92.0,%,Activity,,Metallo-beta-lactamase type 2,cell-based format
CHEMBL4129710,O=C(O)/C(O)=C/c1ccc(F)cc1,=,90.0,%,Activity,,Metallo-beta-lactamase type 2,cell-based format
CHEMBL4126421,O=P(O)(O)C(O)c1ccc(Br)cc1F,=,98.0,%,Activity,,Metallo-beta-lactamase type 2,cell-based format
CHEMBL4125691,O=P(O)(O)C(S)c1ccc(Br)cc1F,=,100.0,%,Activity,,Metallo-beta-lactamase type 2,cell-based format
