molecule_chembl_id,canonical_smiles,standard_relation,standard_value,standard_units,standard_type,pchembl_value,target_pref_name,bao_label
CHEMBL263746,O=C([O-])C1=CS[C@@H]2/C(=C\c3cnc4n3CCOC4)C(=O)N12.[Na+],=,8.0,nM,IC50,8.10,IMI-1,single protein format
CHEMBL331090,O=C([O-])C1=CS[C@@H]2/C(=C\c3cnc4n3CCNC4)C(=O)N12.[Na+],=,28.0,nM,IC50,7.55,IMI-1,single protein format
CHEMBL124416,O=C([O-])C1=CS[C@@H]2/C(=C\c3cc4n(n3)CCC4)C(=O)N12.[Na+],=,50.0,nM,IC50,7.30,IMI-1,single protein format
CHEMBL404,C[C@]1(Cn2ccnn2)[C@H](C(=O)O)N2C(=O)C[C@H]2S1(=O)=O,=,30.0,nM,IC50,7.52,IMI-1,single protein format
CHEMBL122450,O=C([O-])C1=CS[C@@H]2/C(=C\c3cn4c5c(sc4n3)CCC5)C(=O)N12.[Na+],=,72.0,nM,IC50,7.14,IMI-1,single protein format
CHEMBL702,CCN1CCN(C(=O)N[C@@H](C(=O)N[C@@H]2C(=O)N3[C@@H](C(=O)O)C(C)(C)S[C@H]23)c2ccccc2)C(=O)C1=O,=,470.0,/mM/s,Kcat/Km,,IMI-1,single protein format
CHEMBL702,CCN1CCN(C(=O)N[C@@H](C(=O)N[C@@H]2C(=O)N3[C@@H](C(=O)O)C(C)(C)S[C@H]23)c2ccccc2)C(=O)C1=O,=,13000.0,nM,Km,,IMI-1,assay format
CHEMBL702,CCN1CCN(C(=O)N[C@@H](C(=O)N[C@@H]2C(=O)N3[C@@H](C(=O)O)C(C)(C)S[C@H]23)c2ccccc2)C(=O)C1=O,=,6.1,/s,Kcat,,IMI-1,assay format
CHEMBL617,CC(=O)OCC1=C(C(=O)O)N2C(=O)[C@@H](NC(=O)Cc3cccs3)[C@H]2SC1,=,120.0,/s,Kcat,,IMI-1,assay format
CHEMBL617,CC(=O)OCC1=C(C(=O)O)N2C(=O)[C@@H](NC(=O)Cc3cccs3)[C@H]2SC1,=,130000.0,nM,Km,,IMI-1,assay format
CHEMBL617,CC(=O)OCC1=C(C(=O)O)N2C(=O)[C@@H](NC(=O)Cc3cccs3)[C@H]2SC1,=,920.0,/mM/s,Kcat/Km,,IMI-1,single protein format
CHEMBL1730,CO/N=C(\C(=O)N[C@@H]1C(=O)N2C(C(=O)O)=C(COC(C)=O)CS[C@H]12)c1csc(N)n1,=,3.4,/s,Kcat,,IMI-1,assay format
CHEMBL1730,CO/N=C(\C(=O)N[C@@H]1C(=O)N2C(C(=O)O)=C(COC(C)=O)CS[C@H]12)c1csc(N)n1,=,190000.0,nM,Km,,IMI-1,assay format
CHEMBL1730,CO/N=C(\C(=O)N[C@@H]1C(=O)N2C(C(=O)O)=C(COC(C)=O)CS[C@H]12)c1csc(N)n1,=,18.0,/mM/s,Kcat/Km,,IMI-1,single protein format
CHEMBL44354,CC(C)(O/N=C(\C(=O)N[C@@H]1C(=O)N2C(C(=O)[O-])=C(C[n+]3ccccc3)CS[C@H]12)c1csc(N)n1)C(=O)O,=,0.0068,/s,Kcat,,IMI-1,assay format
CHEMBL44354,CC(C)(O/N=C(\C(=O)N[C@@H]1C(=O)N2C(C(=O)[O-])=C(C[n+]3ccccc3)CS[C@H]12)c1csc(N)n1)C(=O)O,=,270000.0,nM,Km,,IMI-1,assay format
CHEMBL44354,CC(C)(O/N=C(\C(=O)N[C@@H]1C(=O)N2C(C(=O)[O-])=C(C[n+]3ccccc3)CS[C@H]12)c1csc(N)n1)C(=O)O,=,0.024,/mM/s,Kcat/Km,,IMI-1,single protein format
CHEMBL996,CO[C@@]1(NC(=O)Cc2cccs2)C(=O)N2C(C(=O)O)=C(COC(N)=O)CS[C@@H]21,=,0.3,/s,Kcat,,IMI-1,assay format
CHEMBL996,CO[C@@]1(NC(=O)Cc2cccs2)C(=O)N2C(C(=O)O)=C(COC(N)=O)CS[C@@H]21,=,45000.0,nM,Km,,IMI-1,assay format
CHEMBL996,CO[C@@]1(NC(=O)Cc2cccs2)C(=O)N2C(C(=O)O)=C(COC(N)=O)CS[C@@H]21,=,6.7,/mM/s,Kcat/Km,,IMI-1,single protein format
CHEMBL158,C[C@H]1[C@H](NC(=O)/C(=N\OC(C)(C)C(=O)O)c2csc(N)n2)C(=O)N1S(=O)(=O)O,=,51.0,/s,Kcat,,IMI-1,assay format
CHEMBL158,C[C@H]1[C@H](NC(=O)/C(=N\OC(C)(C)C(=O)O)c2csc(N)n2)C(=O)N1S(=O)(=O)O,=,93000.0,nM,Km,,IMI-1,assay format
CHEMBL158,C[C@H]1[C@H](NC(=O)/C(=N\OC(C)(C)C(=O)O)c2csc(N)n2)C(=O)N1S(=O)(=O)O,=,550.0,/mM/s,Kcat/Km,,IMI-1,single protein format
CHEMBL148,C[C@@H](O)[C@H]1C(=O)N2C(C(=O)O)=C(SCCNC=N)C[C@H]12,=,89.0,/s,Kcat,,IMI-1,assay format
CHEMBL148,C[C@@H](O)[C@H]1C(=O)N2C(C(=O)O)=C(SCCNC=N)C[C@H]12,=,170000.0,nM,Km,,IMI-1,assay format
CHEMBL148,C[C@@H](O)[C@H]1C(=O)N2C(C(=O)O)=C(SCCNC=N)C[C@H]12,=,520.0,/mM/s,Kcat/Km,,IMI-1,single protein format
CHEMBL127,C[C@@H](O)[C@H]1C(=O)N2C(C(=O)O)=C(S[C@@H]3CN[C@H](C(=O)N(C)C)C3)[C@H](C)[C@H]12,=,10.0,/s,Kcat,,IMI-1,assay format
CHEMBL127,C[C@@H](O)[C@H]1C(=O)N2C(C(=O)O)=C(S[C@@H]3CN[C@H](C(=O)N(C)C)C3)[C@H](C)[C@H]12,=,26000.0,nM,Km,,IMI-1,assay format
CHEMBL127,C[C@@H](O)[C@H]1C(=O)N2C(C(=O)O)=C(S[C@@H]3CN[C@H](C(=O)N(C)C)C3)[C@H](C)[C@H]12,=,380.0,/mM/s,Kcat/Km,,IMI-1,single protein format
CHEMBL404,C[C@]1(Cn2ccnn2)[C@H](C(=O)O)N2C(=O)C[C@H]2S1(=O)=O,=,30.0,nM,IC50,7.52,IMI-1,assay format
CHEMBL858,O=C(O)CN(CCN(CC(=O)O)CC(=O)O)CC(=O)O,,,,Activity,,IMI-1,assay format
CHEMBL174,CC1(C)S[C@@H]2[C@H](NC(=O)[C@H](N)c3ccccc3)C(=O)N2[C@H]1C(=O)O,=,190.0,/s,Kcat,,IMI-1,assay format
CHEMBL174,CC1(C)S[C@@H]2[C@H](NC(=O)[C@H](N)c3ccccc3)C(=O)N2[C@H]1C(=O)O,=,240.0,/mM/s,Kcat/Km,,IMI-1,single protein format
CHEMBL174,CC1(C)S[C@@H]2[C@H](NC(=O)[C@H](N)c3ccccc3)C(=O)N2[C@H]1C(=O)O,=,780000.0,nM,Km,,IMI-1,assay format
