molecule_chembl_id,canonical_smiles,standard_relation,standard_value,standard_units,standard_type,pchembl_value,target_pref_name,bao_label
CHEMBL777,O=C(O)[C@H]1/C(=C/CO)O[C@@H]2CC(=O)N21,=,2.3,/s,Kcat,,Metallo-b-lactamase,single protein format
CHEMBL403,CC1(C)[C@H](C(=O)O)N2C(=O)C[C@H]2S1(=O)=O,=,110.0,/s,Kcat,,Metallo-b-lactamase,single protein format
CHEMBL404,C[C@]1(Cn2ccnn2)[C@H](C(=O)O)N2C(=O)C[C@H]2S1(=O)=O,=,68.0,/s,Kcat,,Metallo-b-lactamase,single protein format
CHEMBL158,C[C@H]1[C@H](NC(=O)/C(=N\OC(C)(C)C(=O)O)c2csc(N)n2)C(=O)N1S(=O)(=O)O,,,,Kcat,,Metallo-b-lactamase,single protein format
CHEMBL1359,C[C@@H](O)[C@H]1C(=O)N2C(C(=O)O)=C(S[C@@H]3CN[C@H](C(=O)Nc4cccc(C(=O)O)c4)C3)[C@H](C)[C@H]12,=,8.0,/s,Kcat,,Metallo-b-lactamase,single protein format
CHEMBL127,C[C@@H](O)[C@H]1C(=O)N2C(C(=O)O)=C(S[C@@H]3CN[C@H](C(=O)N(C)C)C3)[C@H](C)[C@H]12,=,42.0,/s,Kcat,,Metallo-b-lactamase,single protein format
CHEMBL148,C[C@@H](O)[C@H]1C(=O)N2C(C(=O)O)=C(SCCNC=N)C[C@H]12,=,100.0,/s,Kcat,,Metallo-b-lactamase,single protein format
CHEMBL74632,CO[C@@]1(NC(=O)C(C(=O)O)c2ccc(O)cc2)C(=O)N2C(C(=O)O)=C(CSc3nnnn3C)CO[C@@H]21,=,230.0,/s,Kcat,,Metallo-b-lactamase,single protein format
CHEMBL480517,O=C(Cc1cccs1)N[C@@H]1C(=O)N2C(C(=O)O)=C(/C=C/c3ccc([N+](=O)[O-])cc3[N+](=O)[O-])CS[C@H]12,=,1500.0,/s,Kcat,,Metallo-b-lactamase,single protein format
CHEMBL186,CO/N=C(\C(=O)N[C@@H]1C(=O)N2C(C(=O)[O-])=C(C[N+]3(C)CCCC3)CS[C@H]12)c1csc(N)n1,=,5.3,/s,Kcat,,Metallo-b-lactamase,single protein format
CHEMBL44354,CC(C)(O/N=C(\C(=O)N[C@@H]1C(=O)N2C(C(=O)[O-])=C(C[n+]3ccccc3)CS[C@H]12)c1csc(N)n1)C(=O)O,=,1.4,/s,Kcat,,Metallo-b-lactamase,single protein format
CHEMBL1730,CO/N=C(\C(=O)N[C@@H]1C(=O)N2C(C(=O)O)=C(COC(C)=O)CS[C@H]12)c1csc(N)n1,=,56.0,/s,Kcat,,Metallo-b-lactamase,single protein format
CHEMBL1436,CO/N=C(\C(=O)N[C@@H]1C(=O)N2C(C(=O)O)=C(COC(N)=O)CS[C@H]12)c1ccco1,=,16.0,/s,Kcat,,Metallo-b-lactamase,single protein format
CHEMBL996,CO[C@@]1(NC(=O)Cc2cccs2)C(=O)N2C(C(=O)O)=C(COC(N)=O)CS[C@@H]21,=,10.0,/s,Kcat,,Metallo-b-lactamase,single protein format
CHEMBL316157,O=C(Cc1cccs1)N[C@@H]1C(=O)N2C(C(=O)[O-])=C(C[n+]3ccccc3)CS[C@H]12,=,180.0,/s,Kcat,,Metallo-b-lactamase,single protein format
CHEMBL617,CC(=O)OCC1=C(C(=O)O)N2C(=O)[C@@H](NC(=O)Cc3cccs3)[C@H]2SC1,=,180.0,/s,Kcat,,Metallo-b-lactamase,single protein format
CHEMBL891,Cc1onc(-c2ccccc2Cl)c1C(=O)N[C@@H]1C(=O)N2[C@@H](C(=O)O)C(C)(C)S[C@H]12,=,2500.0,/s,Kcat,,Metallo-b-lactamase,single protein format
CHEMBL1537,CC1(C)S[C@@H]2[C@H](NC(=O)[C@H](NC(=O)N3CCNC3=O)c3ccccc3)C(=O)N2[C@H]1C(=O)O,=,78.0,/s,Kcat,,Metallo-b-lactamase,single protein format
CHEMBL702,CCN1CCN(C(=O)N[C@@H](C(=O)N[C@@H]2C(=O)N3[C@@H](C(=O)O)C(C)(C)S[C@H]23)c2ccccc2)C(=O)C1=O,=,140.0,/s,Kcat,,Metallo-b-lactamase,single protein format
CHEMBL1214,CC1(C)S[C@@H]2[C@H](NC(=O)C(C(=O)O)c3ccccc3)C(=O)N2[C@H]1C(=O)O,=,1200.0,/s,Kcat,,Metallo-b-lactamase,single protein format
CHEMBL174,CC1(C)S[C@@H]2[C@H](NC(=O)[C@H](N)c3ccccc3)C(=O)N2[C@H]1C(=O)O,=,190.0,/s,Kcat,,Metallo-b-lactamase,single protein format
CHEMBL29,CC1(C)S[C@@H]2[C@H](NC(=O)Cc3ccccc3)C(=O)N2[C@H]1C(=O)O,=,430.0,/s,Kcat,,Metallo-b-lactamase,single protein format
CHEMBL777,O=C(O)[C@H]1/C(=C/CO)O[C@@H]2CC(=O)N21,=,940000.0,nM,Km,,Metallo-b-lactamase,single protein format
CHEMBL403,CC1(C)[C@H](C(=O)O)N2C(=O)C[C@H]2S1(=O)=O,=,740000.0,nM,Km,,Metallo-b-lactamase,single protein format
CHEMBL404,C[C@]1(Cn2ccnn2)[C@H](C(=O)O)N2C(=O)C[C@H]2S1(=O)=O,=,3500000.0,nM,Km,,Metallo-b-lactamase,single protein format
CHEMBL158,C[C@H]1[C@H](NC(=O)/C(=N\OC(C)(C)C(=O)O)c2csc(N)n2)C(=O)N1S(=O)(=O)O,=,2700000.0,nM,Km,,Metallo-b-lactamase,single protein format
CHEMBL1359,C[C@@H](O)[C@H]1C(=O)N2C(C(=O)O)=C(S[C@@H]3CN[C@H](C(=O)Nc4cccc(C(=O)O)c4)C3)[C@H](C)[C@H]12,=,28000.0,nM,Km,,Metallo-b-lactamase,single protein format
CHEMBL127,C[C@@H](O)[C@H]1C(=O)N2C(C(=O)O)=C(S[C@@H]3CN[C@H](C(=O)N(C)C)C3)[C@H](C)[C@H]12,=,38000.0,nM,Km,,Metallo-b-lactamase,single protein format
CHEMBL148,C[C@@H](O)[C@H]1C(=O)N2C(C(=O)O)=C(SCCNC=N)C[C@H]12,=,27000.0,nM,Km,,Metallo-b-lactamase,single protein format
CHEMBL74632,CO[C@@]1(NC(=O)C(C(=O)O)c2ccc(O)cc2)C(=O)N2C(C(=O)O)=C(CSc3nnnn3C)CO[C@@H]21,=,75000.0,nM,Km,,Metallo-b-lactamase,single protein format
CHEMBL480517,O=C(Cc1cccs1)N[C@@H]1C(=O)N2C(C(=O)O)=C(/C=C/c3ccc([N+](=O)[O-])cc3[N+](=O)[O-])CS[C@H]12,=,58000.0,nM,Km,,Metallo-b-lactamase,single protein format
CHEMBL186,CO/N=C(\C(=O)N[C@@H]1C(=O)N2C(C(=O)[O-])=C(C[N+]3(C)CCCC3)CS[C@H]12)c1csc(N)n1,=,580000.0,nM,Km,,Metallo-b-lactamase,single protein format
CHEMBL44354,CC(C)(O/N=C(\C(=O)N[C@@H]1C(=O)N2C(C(=O)[O-])=C(C[n+]3ccccc3)CS[C@H]12)c1csc(N)n1)C(=O)O,=,120000.0,nM,Km,,Metallo-b-lactamase,single protein format
CHEMBL1730,CO/N=C(\C(=O)N[C@@H]1C(=O)N2C(C(=O)O)=C(COC(C)=O)CS[C@H]12)c1csc(N)n1,=,22000.0,nM,Km,,Metallo-b-lactamase,single protein format
CHEMBL1436,CO/N=C(\C(=O)N[C@@H]1C(=O)N2C(C(=O)O)=C(COC(N)=O)CS[C@H]12)c1ccco1,=,29000.0,nM,Km,,Metallo-b-lactamase,single protein format
CHEMBL996,CO[C@@]1(NC(=O)Cc2cccs2)C(=O)N2C(C(=O)O)=C(COC(N)=O)CS[C@@H]21,=,68000.0,nM,Km,,Metallo-b-lactamase,single protein format
CHEMBL316157,O=C(Cc1cccs1)N[C@@H]1C(=O)N2C(C(=O)[O-])=C(C[n+]3ccccc3)CS[C@H]12,=,250000.0,nM,Km,,Metallo-b-lactamase,single protein format
CHEMBL617,CC(=O)OCC1=C(C(=O)O)N2C(=O)[C@@H](NC(=O)Cc3cccs3)[C@H]2SC1,=,45000.0,nM,Km,,Metallo-b-lactamase,single protein format
CHEMBL891,Cc1onc(-c2ccccc2Cl)c1C(=O)N[C@@H]1C(=O)N2[C@@H](C(=O)O)C(C)(C)S[C@H]12,=,860000.0,nM,Km,,Metallo-b-lactamase,single protein format
CHEMBL1537,CC1(C)S[C@@H]2[C@H](NC(=O)[C@H](NC(=O)N3CCNC3=O)c3ccccc3)C(=O)N2[C@H]1C(=O)O,=,66000.0,nM,Km,,Metallo-b-lactamase,single protein format
CHEMBL702,CCN1CCN(C(=O)N[C@@H](C(=O)N[C@@H]2C(=O)N3[C@@H](C(=O)O)C(C)(C)S[C@H]23)c2ccccc2)C(=O)C1=O,=,26000.0,nM,Km,,Metallo-b-lactamase,single protein format
CHEMBL1214,CC1(C)S[C@@H]2[C@H](NC(=O)C(C(=O)O)c3ccccc3)C(=O)N2[C@H]1C(=O)O,=,84000.0,nM,Km,,Metallo-b-lactamase,single protein format
CHEMBL174,CC1(C)S[C@@H]2[C@H](NC(=O)[C@H](N)c3ccccc3)C(=O)N2[C@H]1C(=O)O,=,15000.0,nM,Km,,Metallo-b-lactamase,single protein format
CHEMBL29,CC1(C)S[C@@H]2[C@H](NC(=O)Cc3ccccc3)C(=O)N2[C@H]1C(=O)O,=,17000.0,nM,Km,,Metallo-b-lactamase,single protein format
CHEMBL29,CC1(C)S[C@@H]2[C@H](NC(=O)Cc3ccccc3)C(=O)N2[C@H]1C(=O)O,=,25.0,/uM/s,Kcat/Km,,Metallo-b-lactamase,single protein format
CHEMBL174,CC1(C)S[C@@H]2[C@H](NC(=O)[C@H](N)c3ccccc3)C(=O)N2[C@H]1C(=O)O,=,13.0,/uM/s,Kcat/Km,,Metallo-b-lactamase,single protein format
CHEMBL1214,CC1(C)S[C@@H]2[C@H](NC(=O)C(C(=O)O)c3ccccc3)C(=O)N2[C@H]1C(=O)O,=,14.0,/uM/s,Kcat/Km,,Metallo-b-lactamase,single protein format
CHEMBL702,CCN1CCN(C(=O)N[C@@H](C(=O)N[C@@H]2C(=O)N3[C@@H](C(=O)O)C(C)(C)S[C@H]23)c2ccccc2)C(=O)C1=O,=,5.4,/uM/s,Kcat/Km,,Metallo-b-lactamase,single protein format
CHEMBL1537,CC1(C)S[C@@H]2[C@H](NC(=O)[C@H](NC(=O)N3CCNC3=O)c3ccccc3)C(=O)N2[C@H]1C(=O)O,=,1.2,/uM/s,Kcat/Km,,Metallo-b-lactamase,single protein format
CHEMBL891,Cc1onc(-c2ccccc2Cl)c1C(=O)N[C@@H]1C(=O)N2[C@@H](C(=O)O)C(C)(C)S[C@H]12,=,2.9,/uM/s,Kcat/Km,,Metallo-b-lactamase,single protein format
CHEMBL617,CC(=O)OCC1=C(C(=O)O)N2C(=O)[C@@H](NC(=O)Cc3cccs3)[C@H]2SC1,=,4.0,/uM/s,Kcat/Km,,Metallo-b-lactamase,single protein format
CHEMBL316157,O=C(Cc1cccs1)N[C@@H]1C(=O)N2C(C(=O)[O-])=C(C[n+]3ccccc3)CS[C@H]12,=,0.72,/uM/s,Kcat/Km,,Metallo-b-lactamase,single protein format
CHEMBL996,CO[C@@]1(NC(=O)Cc2cccs2)C(=O)N2C(C(=O)O)=C(COC(N)=O)CS[C@@H]21,=,0.15,/uM/s,Kcat/Km,,Metallo-b-lactamase,single protein format
CHEMBL1436,CO/N=C(\C(=O)N[C@@H]1C(=O)N2C(C(=O)O)=C(COC(N)=O)CS[C@H]12)c1ccco1,=,0.55,/uM/s,Kcat/Km,,Metallo-b-lactamase,single protein format
CHEMBL1730,CO/N=C(\C(=O)N[C@@H]1C(=O)N2C(C(=O)O)=C(COC(C)=O)CS[C@H]12)c1csc(N)n1,=,2.6,/uM/s,Kcat/Km,,Metallo-b-lactamase,single protein format
CHEMBL44354,CC(C)(O/N=C(\C(=O)N[C@@H]1C(=O)N2C(C(=O)[O-])=C(C[n+]3ccccc3)CS[C@H]12)c1csc(N)n1)C(=O)O,=,0.012,/uM/s,Kcat/Km,,Metallo-b-lactamase,single protein format
CHEMBL186,CO/N=C(\C(=O)N[C@@H]1C(=O)N2C(C(=O)[O-])=C(C[N+]3(C)CCCC3)CS[C@H]12)c1csc(N)n1,=,0.0091,/uM/s,Kcat/Km,,Metallo-b-lactamase,single protein format
CHEMBL480517,O=C(Cc1cccs1)N[C@@H]1C(=O)N2C(C(=O)O)=C(/C=C/c3ccc([N+](=O)[O-])cc3[N+](=O)[O-])CS[C@H]12,=,26.0,/uM/s,Kcat/Km,,Metallo-b-lactamase,single protein format
CHEMBL74632,CO[C@@]1(NC(=O)C(C(=O)O)c2ccc(O)cc2)C(=O)N2C(C(=O)O)=C(CSc3nnnn3C)CO[C@@H]21,=,3.1,/uM/s,Kcat/Km,,Metallo-b-lactamase,single protein format
CHEMBL148,C[C@@H](O)[C@H]1C(=O)N2C(C(=O)O)=C(SCCNC=N)C[C@H]12,=,3.7,/uM/s,Kcat/Km,,Metallo-b-lactamase,single protein format
CHEMBL127,C[C@@H](O)[C@H]1C(=O)N2C(C(=O)O)=C(S[C@@H]3CN[C@H](C(=O)N(C)C)C3)[C@H](C)[C@H]12,=,1.1,/uM/s,Kcat/Km,,Metallo-b-lactamase,single protein format
CHEMBL1359,C[C@@H](O)[C@H]1C(=O)N2C(C(=O)O)=C(S[C@@H]3CN[C@H](C(=O)Nc4cccc(C(=O)O)c4)C3)[C@H](C)[C@H]12,=,0.29,/uM/s,Kcat/Km,,Metallo-b-lactamase,single protein format
CHEMBL158,C[C@H]1[C@H](NC(=O)/C(=N\OC(C)(C)C(=O)O)c2csc(N)n2)C(=O)N1S(=O)(=O)O,,,,Kcat/Km,,Metallo-b-lactamase,single protein format
CHEMBL404,C[C@]1(Cn2ccnn2)[C@H](C(=O)O)N2C(=O)C[C@H]2S1(=O)=O,=,0.019,/uM/s,Kcat/Km,,Metallo-b-lactamase,single protein format
CHEMBL403,CC1(C)[C@H](C(=O)O)N2C(=O)C[C@H]2S1(=O)=O,=,0.15,/uM/s,Kcat/Km,,Metallo-b-lactamase,single protein format
CHEMBL777,O=C(O)[C@H]1/C(=C/CO)O[C@@H]2CC(=O)N21,=,0.0025,/uM/s,Kcat/Km,,Metallo-b-lactamase,single protein format
