molecule_chembl_id,canonical_smiles,standard_relation,standard_value,standard_units,standard_type,pchembl_value,target_pref_name,bao_label
CHEMBL1555532,N#Cc1c([N+](=O)[O-])cc([N+](=O)[O-])cc1S(=O)(=O)Cc1ccccc1,=,12055.0,nM,IC50,4.92,Beta Lactamase,cell-based format
CHEMBL61559,COc1ccc(C(=O)/C=C/c2ccc(N(C)C)cc2)c(OC)c1,=,4712.0,nM,IC50,5.33,Beta Lactamase,cell-based format
CHEMBL1494120,COc1ccc(NC(=O)/C(Cl)=C(/Cl)[S+]([O-])Cc2ccc(Cl)cc2)cn1,=,7828.0,nM,IC50,5.11,Beta Lactamase,cell-based format
CHEMBL1698008,Cc1ccc(S(=O)(=O)c2ccc([N+](=O)[O-])o2)cc1,=,11190.0,nM,IC50,4.95,Beta Lactamase,cell-based format
CHEMBL1964993,O=[N+]([O-])c1ccc(N/N=C/C=C/c2ccco2)cc1,=,4186.0,nM,IC50,5.38,Beta Lactamase,cell-based format
CHEMBL1487183,CCCCC(CC)CN=C(N)N=C(N)NCCCCCCNC(N)=NC(N)=NCC(CC)CCCC.Cl,=,5211.0,nM,IC50,5.28,Beta Lactamase,cell-based format
CHEMBL1497139,N#CC(C#N)=C1C=CC=CN1/C(=C\c1ccco1)C(=O)c1ccc(Br)cc1,=,13247.0,nM,IC50,4.88,Beta Lactamase,cell-based format
CHEMBL131037,COc1ccc(OC)c2c1C(=O)C(Cl)=C(Cl)C2=O,=,6759.0,nM,IC50,5.17,Beta Lactamase,cell-based format
CHEMBL1319026,COc1ccc(C(=O)c2sc3nc(C)cc(-c4cccs4)c3c2N)cc1OC,=,8846.0,nM,IC50,5.05,Beta Lactamase,cell-based format
CHEMBL1698608,CC(=NNC(=S)N1CCN(c2ccccn2)CC1)c1nccs1,>,49782.0,nM,IC50,,Beta Lactamase,cell-based format
CHEMBL1504077,O=C(Nc1ccc(F)cc1)c1nc(S(=O)(=O)Cc2ccccc2)ncc1Cl,=,5432.0,nM,IC50,5.26,Beta Lactamase,cell-based format
CHEMBL1415985,O=C(CN1C(=O)NC2(CCCCC2)C1=O)Oc1ccc2c(C(F)(F)F)cc(=O)oc2c1,=,3479.0,nM,IC50,5.46,Beta Lactamase,cell-based format
CHEMBL1575428,Cc1ccc(Cl)c(NC(=O)COC(=O)c2ccccc2C(=O)c2ccc(Cl)c([N+](=O)[O-])c2)c1Cl,>,49760.0,nM,IC50,,Beta Lactamase,cell-based format
CHEMBL1458022,Cc1ccc(-n2c(Cl)c(Cl)nc(Cl)c2=O)cc1,=,5159.0,nM,IC50,5.29,Beta Lactamase,cell-based format
CHEMBL1416020,Cc1ccc(C(=O)N/C(=C/c2ccc(-c3ccc([N+](=O)[O-])cc3)o2)C(=O)NCCCN(C)C)cc1,=,6546.0,nM,IC50,5.18,Beta Lactamase,cell-based format
CHEMBL1611182,O=[N+]([O-])c1c(Nc2cccc(O)c2)cc(Cl)c2nonc12,=,11191.0,nM,IC50,4.95,Beta Lactamase,cell-based format
CHEMBL1474143,Oc1ccc2nnc3c(Br)cnn3c2c1,=,6628.0,nM,IC50,5.18,Beta Lactamase,cell-based format
CHEMBL1527042,O=C1NC(=O)C2C1C(c1ccc([N+](=O)[O-])cc1)=NN2Cc1ccccc1,=,10329.0,nM,IC50,4.99,Beta Lactamase,cell-based format
CHEMBL1971127,C#CCOCCOCCOCCNc1nc(N2CCN(C(=O)CCCCCCCCCCNC(=O)[C@H](CCCCN)n3cc(C[C@@H](C)CC)nn3)CC2)nc(N2CCN(C(=O)CCCCCCCCCCNC(=O)[C@H](CCCCN)n3cc(C[C@@H](C)CC)nn3)CC2)n1,=,7102.0,nM,IC50,5.15,Beta Lactamase,cell-based format
CHEMBL1575594,C=C1C(=O)O[C@@H]2C[C@@H](C)[C@@H]3C4OC4C(=O)[C@@]3(C)[C@@H](O)[C@H]12,>,49739.0,nM,IC50,,Beta Lactamase,cell-based format
CHEMBL1971913,O=C(O)C(F)(F)F.c1cc(SC2CCCCC2)cc(-c2nc3cnccn3c2NC2CCCCC2)c1,=,4833.0,nM,IC50,5.32,Beta Lactamase,cell-based format
CHEMBL1865393,COc1ccccc1N(C(C)=O)C1=C(Cl)C(=O)c2ccccc2C1=O,=,5375.0,nM,IC50,5.27,Beta Lactamase,cell-based format
CHEMBL1416184,O=[N+]([O-])c1c(NCCO)cc(Sc2nc3ccccc3s2)c2nonc12,=,9167.0,nM,IC50,5.04,Beta Lactamase,cell-based format
CHEMBL167542,Nc1ccc2c(c1)Cc1cc([N+](=O)[O-])ccc1-2,=,6367.0,nM,IC50,5.20,Beta Lactamase,cell-based format
CHEMBL1699845,O=C1C(Cl)=C(Oc2ccccc2)C(=O)c2ccccc21,=,10161.0,nM,IC50,4.99,Beta Lactamase,cell-based format
CHEMBL1477528,Cc1ccccc1CS(=O)(=O)c1ncc(Cl)c(C(=O)Nc2ccc(F)cc2)n1,=,6246.0,nM,IC50,5.20,Beta Lactamase,cell-based format
CHEMBL1409883,CCCNC(=O)c1nnsc1[S+]([O-])c1ccc(Cl)cc1,=,15601.0,nM,IC50,4.81,Beta Lactamase,cell-based format
CHEMBL1487952,CCOC(=O)c1ccc(NC(=O)c2nc(S(=O)(=O)Cc3ccccc3)ncc2Cl)cc1,=,8402.0,nM,IC50,5.08,Beta Lactamase,cell-based format
CHEMBL1319461,CCCN1C(=O)/C(=C/c2ccc(N3CCCC3)c(C)c2)NC1=S,=,6655.0,nM,IC50,5.18,Beta Lactamase,cell-based format
CHEMBL1458470,NNC(=O)c1oc2nc(-c3ccc(Cl)cc3)cc(-c3ccccc3)c2c1N,=,3785.0,nM,IC50,5.42,Beta Lactamase,cell-based format
CHEMBL505670,O=[N+]([O-])c1ccc(Sc2cccc[n+]2[O-])c2nonc12,=,7626.0,nM,IC50,5.12,Beta Lactamase,cell-based format
CHEMBL1458548,CCCNC(=O)c1nnsc1S(=O)(=O)c1ccc(Cl)cc1,=,16287.0,nM,IC50,4.79,Beta Lactamase,cell-based format
CHEMBL1543839,O=C(OCn1ncc(Cl)c(Cl)c1=O)c1ccccc1Cl,>,49768.0,nM,IC50,,Beta Lactamase,cell-based format
CHEMBL1331822,O=C(c1ccccc1)c1cc(Cl)ccc1N1C(=O)C=CC1=O,=,14720.0,nM,IC50,4.83,Beta Lactamase,cell-based format
CHEMBL1544093,CCOC(=O)c1nc(S(C)(=O)=O)ncc1Cl,=,22354.0,nM,IC50,4.65,Beta Lactamase,cell-based format
CHEMBL1419822,Cn1c(=O)[nH]c(=O)c2c1nc([N+](=O)[O-])n2Cc1ccccc1,>,49797.0,nM,IC50,,Beta Lactamase,cell-based format
CHEMBL1720248,CCN(CC)c1ccc(C=NNc2ccc([N+](=O)[O-])cn2)cc1,=,4504.0,nM,IC50,5.35,Beta Lactamase,cell-based format
CHEMBL1386978,COc1ccc(C(=O)c2sc3nc(-c4ccccc4)ccc3c2N)cc1OC,=,5800.0,nM,IC50,5.24,Beta Lactamase,cell-based format
CHEMBL1307050,CCc1ccc(NC(=O)c2nc(S(=O)(=O)Cc3ccccc3)ncc2Cl)cc1,=,12102.0,nM,IC50,4.92,Beta Lactamase,cell-based format
CHEMBL1319618,O=c1c(Cl)c(Cl)cnn1Cc1nnc(-c2ccccc2Br)o1,>,49760.0,nM,IC50,,Beta Lactamase,cell-based format
CHEMBL1573150,O=C(C1=NN(c2ccccc2)C2C(=O)N(c3ccc(Cl)cc3)C(=O)C12)c1ccccc1,=,11830.0,nM,IC50,4.93,Beta Lactamase,cell-based format
CHEMBL1543956,CCN(CC)c1ccc(/C=C/C(=O)C2C(=O)C=C(C)OC2=O)cc1,=,4877.0,nM,IC50,5.31,Beta Lactamase,cell-based format
CHEMBL1387110,Nc1c(C(=O)Nc2nc3ccccc3s2)sc2nc(-c3cccs3)ccc12,=,3934.0,nM,IC50,5.41,Beta Lactamase,cell-based format
CHEMBL1337235,CS(=O)(=O)c1ncc(Cl)c(C(=O)Nc2ccc(N3CCOCC3)cc2)n1,=,10235.0,nM,IC50,4.99,Beta Lactamase,cell-based format
CHEMBL1701517,O=S(=O)(/C=C/C=C/S(=O)(=O)c1ccccc1)c1ccccc1,>,49760.0,nM,IC50,,Beta Lactamase,cell-based format
CHEMBL1498308,CCN(CC)c1ccc(-c2nc3cnccn3c2NC2CCCC2)cc1,=,5289.0,nM,IC50,5.28,Beta Lactamase,cell-based format
CHEMBL1890919,COc1ccc(OC)c(C=Cc2ccc([N+](=O)[O-])cc2)c1,=,8192.0,nM,IC50,5.09,Beta Lactamase,cell-based format
CHEMBL1527994,CCN(CC)c1ccc(/C=C/C(=O)c2ccc(Br)cc2)cc1,=,3823.0,nM,IC50,5.42,Beta Lactamase,cell-based format
CHEMBL1319867,O=[N+]([O-])c1c(Nc2ccccc2O)cc(Cl)c2nonc12,=,18414.0,nM,IC50,4.74,Beta Lactamase,cell-based format
CHEMBL1436864,O=C(NCc1cccc(F)c1)c1cccc2c1C(=O)c1ccc(N3CCC(Cc4ccccc4)CC3)cc1S2(=O)=O,=,3211.0,nM,IC50,5.49,Beta Lactamase,cell-based format
CHEMBL1526126,O=[N+]([O-])c1ccc(C2=NN(c3ccccc3)C(c3ccco3)C2)cc1,=,2639.0,nM,IC50,5.58,Beta Lactamase,cell-based format
CHEMBL1315948,CCc1ccc(Nc2n[n+](-c3ccccc3)c(-c3c(Cl)cccc3Cl)s2)cc1.[Cl-],=,3124.0,nM,IC50,5.50,Beta Lactamase,cell-based format
CHEMBL1984584,O=[N+]([O-])c1ccc(N/N=C/c2c[nH]c3ccccc23)cc1,=,10230.0,nM,IC50,4.99,Beta Lactamase,cell-based format
CHEMBL1534390,O=[N+]([O-])c1ccc(N2N=C(c3ccccc3)CC2c2ccccc2O)cc1,=,4583.0,nM,IC50,5.34,Beta Lactamase,cell-based format
CHEMBL1404578,COc1ccc(OC)c(NC(=O)c2nc(S(=O)(=O)Cc3ccccc3)ncc2Cl)c1,=,6715.0,nM,IC50,5.17,Beta Lactamase,cell-based format
CHEMBL1359902,COc1ccc(C(=O)/C=C/C(=O)N(CC(=O)NC2CCCCC2)CC2CCCO2)c(O)c1,=,23288.0,nM,IC50,4.63,Beta Lactamase,cell-based format
CHEMBL1420325,CS(=O)(=O)c1sc(C#N)c2c1C(=O)CC(c1ccccc1)C2,=,7079.0,nM,IC50,5.15,Beta Lactamase,cell-based format
CHEMBL3197908,COc1ccc2nc(C)cc(N/N=C/c3ccc(F)cc3)c2c1,=,2129.0,nM,IC50,5.67,Beta Lactamase,cell-based format
CHEMBL1340895,COc1cc2c3nnc(-c4ccc(F)cc4)c-3cn(Cc3cccc(C)c3)c2cc1OC,=,3924.0,nM,IC50,5.41,Beta Lactamase,cell-based format
CHEMBL1517505,Nc1ccc2nc(-c3ccccc3)c(-c3ccccc3)nc2c1,=,6096.0,nM,IC50,5.21,Beta Lactamase,cell-based format
CHEMBL1459316,CC1C/C(=C/c2cccn2C)C(=O)/C(=C/c2cccn2C)C1,=,4385.0,nM,IC50,5.36,Beta Lactamase,cell-based format
CHEMBL1703189,O=c1c2cc([N+](=O)[O-])ccc2sn1-c1ccccc1,>,49700.0,nM,IC50,,Beta Lactamase,cell-based format
CHEMBL1399957,CCC(C)Sc1ccc(-c2nc3cnccn3c2NC2CCCCC2)cc1.O=C(O)C(F)(F)F,=,3685.0,nM,IC50,5.43,Beta Lactamase,cell-based format
CHEMBL1473205,CC1=NCCc2c1[nH]c1cc(O)ccc21.Cl.O,=,7958.0,nM,IC50,5.10,Beta Lactamase,cell-based format
CHEMBL1360031,Brc1cc(Br)c2nc(-c3ccc(N4CCOCC4)cc3)ccc2c1,=,2366.0,nM,IC50,5.63,Beta Lactamase,cell-based format
CHEMBL116438,COc1cc(/C=C/C(=O)/C=C(O)/C=C/c2ccc(O)c(OC)c2)ccc1O,=,10769.0,nM,IC50,4.97,Beta Lactamase,cell-based format
CHEMBL1427185,O=C1C=CC(=O)N1CCNc1ncc(C(F)(F)F)cc1Cl,=,7938.0,nM,IC50,5.10,Beta Lactamase,cell-based format
CHEMBL1573592,CC(=O)Oc1ccc(N2C(=O)c3cccc4c([N+](=O)[O-])ccc(c34)C2=O)cc1,=,4057.0,nM,IC50,5.39,Beta Lactamase,cell-based format
CHEMBL1332454,CN(c1ccccc1)S(=O)(=O)c1ccc(NC(=O)c2nc(S(C)(=O)=O)ncc2Cl)cc1,=,5743.0,nM,IC50,5.24,Beta Lactamase,cell-based format
CHEMBL1988416,O=Cc1s/c(=N\S(=O)(=O)c2ccccc2)n(CCCCl)c1Cl,=,19538.0,nM,IC50,4.71,Beta Lactamase,cell-based format
CHEMBL1417212,COc1ccccc1N1N=C(c2cccs2)CC1c1ccccc1,=,3616.0,nM,IC50,5.44,Beta Lactamase,cell-based format
CHEMBL1991303,C/C(=N\Nc1ccc([N+](=O)[O-])cc1)c1cc2ccccc2o1,=,2995.0,nM,IC50,5.52,Beta Lactamase,cell-based format
CHEMBL1301371,Cc1cccc(NC(=O)c2nc(S(=O)(=O)Cc3ccccc3)ncc2Cl)c1,=,5510.0,nM,IC50,5.26,Beta Lactamase,cell-based format
CHEMBL1704261,CCCC(=O)NC1=C(Cl)C(=O)c2ccccc2C1=O,=,6778.0,nM,IC50,5.17,Beta Lactamase,cell-based format
CHEMBL1993431,COc1cc(/C=C/c2ccc3c(Br)cc(Br)c(O)c3n2)ccc1O,=,7680.0,nM,IC50,5.12,Beta Lactamase,cell-based format
CHEMBL1308255,O=C(/C=C/c1cn(CC(O)CN2CCCCCC2)c2ccccc12)c1cccs1,=,8346.0,nM,IC50,5.08,Beta Lactamase,cell-based format
CHEMBL1476225,Fc1ccc(-[n+]2nc(Nc3ccccc3)sc2-c2c3ccccc3cc3ccccc23)cc1.[Cl-],=,5696.0,nM,IC50,5.24,Beta Lactamase,cell-based format
CHEMBL1723955,O=C1C(Cl)=C(NCCc2ccccc2)C(=O)c2ccccc21,=,17734.0,nM,IC50,4.75,Beta Lactamase,cell-based format
CHEMBL1704703,O=C1C=CC2(C=C1)O[C@H](Cc1ccccc1)[C@@H](Cc1ccccc1)O2,=,21753.0,nM,IC50,4.66,Beta Lactamase,cell-based format
CHEMBL3195010,COc1ccc(/C=N/Nc2ccc([N+](=O)[O-])cc2)cc1O,=,10743.0,nM,IC50,4.97,Beta Lactamase,cell-based format
CHEMBL1583998,O=C1N=C(NS(=O)(=O)Cc2ccccc2)S/C1=C/c1cc([N+](=O)[O-])ccc1O,=,4369.0,nM,IC50,5.36,Beta Lactamase,cell-based format
CHEMBL1534986,Cc1ccc(C(=O)O)cc1N1C(=O)c2cccc3c([N+](=O)[O-])ccc(c23)C1=O,=,7410.0,nM,IC50,5.13,Beta Lactamase,cell-based format
CHEMBL432044,O=C1Cc2ccccc2C(=O)N1c1ccccc1,=,3968.0,nM,IC50,5.40,Beta Lactamase,cell-based format
CHEMBL1538643,CCCCN(C)CC(O)Cn1cc(/C=C/C(=O)c2cccs2)c2ccccc21,=,7668.0,nM,IC50,5.12,Beta Lactamase,cell-based format
CHEMBL1460029,O=c1oc2ccccc2c(Cl)c1CN1CCCCC1,=,6024.0,nM,IC50,5.22,Beta Lactamase,cell-based format
CHEMBL1308404,O=[N+]([O-])c1c(Nc2ccc(O)cc2)cc(Cl)c2nonc12,=,6375.0,nM,IC50,5.20,Beta Lactamase,cell-based format
CHEMBL1518077,CC(=O)Nc1ccc(NC(=O)c2nc(S(=O)(=O)Cc3cccc(C)c3)ncc2Cl)cc1,=,9426.0,nM,IC50,5.03,Beta Lactamase,cell-based format
CHEMBL1526855,CC(=O)N(C1=C(Cl)C(=O)c2ccccc2C1=O)C1CCCCC1,=,5301.0,nM,IC50,5.28,Beta Lactamase,cell-based format
CHEMBL1301731,Nc1ccc2c(C(F)(F)F)cc(=O)oc2c1,=,4768.0,nM,IC50,5.32,Beta Lactamase,cell-based format
CHEMBL1301723,N#CC(C#N)=C1C=CC=CN1/C(=C\c1ccco1)C(=O)c1ccccc1,=,15868.0,nM,IC50,4.80,Beta Lactamase,cell-based format
CHEMBL1557820,Clc1ccc(-n2nnnc2Sc2ncnc3sccc23)cc1,>,49740.0,nM,IC50,,Beta Lactamase,cell-based format
CHEMBL1607132,CCC(=O)c1ccc(/C=C/c2nc3ccccc3n2C)o1,=,5112.0,nM,IC50,5.29,Beta Lactamase,cell-based format
CHEMBL1705527,COc1cc2oc3cc(C#Cc4ccc(N)cc4)ccc3c(=O)c2cc1OC,=,3598.0,nM,IC50,5.44,Beta Lactamase,cell-based format
CHEMBL1554784,O=C(NCc1cccc(C(F)(F)F)c1)c1cccc2c1C(=O)c1ccc(N3CCC(Cc4ccccc4)CC3)cc1S2(=O)=O,=,2919.0,nM,IC50,5.54,Beta Lactamase,cell-based format
CHEMBL1316002,Cn1c2ccccc2c(=O)c2ccc(C#Cc3ccc(N)cc3)cc21,=,5265.0,nM,IC50,5.28,Beta Lactamase,cell-based format
CHEMBL1523192,COc1ccc(OC)c(/C=C/c2nc3ccccc3nc2O)c1,=,8497.0,nM,IC50,5.07,Beta Lactamase,cell-based format
CHEMBL1407961,CCC1CCCCN1S(=O)(=O)c1ccc(NC(=O)c2nc(S(C)(=O)=O)ncc2Cl)cc1,=,11063.0,nM,IC50,4.96,Beta Lactamase,cell-based format
CHEMBL1999014,O=[N+]([O-])c1ccc(-c2ccc(/C=N/Nc3nc(NCc4ccccc4)nc(N4CCOCC4)n3)o2)cc1,=,4695.0,nM,IC50,5.33,Beta Lactamase,cell-based format
CHEMBL1428095,CC(=O)Nc1ccc(NC(=O)c2nc(S(=O)(=O)Cc3ccccc3)ncc2Cl)cc1,=,7611.0,nM,IC50,5.12,Beta Lactamase,cell-based format
CHEMBL1338304,CCS(=O)(=O)c1ncc(Cl)c(C(=O)Nc2ccc(S(=O)(=O)N3CCC(C)CC3)cc2)n1,=,8613.0,nM,IC50,5.07,Beta Lactamase,cell-based format
CHEMBL1460491,N#Cc1sc2nc(-c3ccccc3)cc(-c3ccco3)c2c1N,=,7298.0,nM,IC50,5.14,Beta Lactamase,cell-based format
CHEMBL1342053,CCn1c(=O)c([N+](=O)[O-])c(Cl)c2ccccc21,=,28626.0,nM,IC50,4.54,Beta Lactamase,cell-based format
CHEMBL1499951,Cn1c(=O)c([N+](=O)[O-])c(Cl)c2ccccc21,=,17802.0,nM,IC50,4.75,Beta Lactamase,cell-based format
CHEMBL1535546,CN1/C(=C/C(=O)c2nc(S(C)(=O)=O)ncc2Cl)C(C)(C)c2ccccc21,=,6170.0,nM,IC50,5.21,Beta Lactamase,cell-based format
CHEMBL1479144,N#Cc1sc2nc(-c3cccs3)cc(-c3ccc(Cl)cc3)c2c1N,=,4736.0,nM,IC50,5.33,Beta Lactamase,cell-based format
CHEMBL1417970,CCOC(=O)CS(=O)(=O)c1nc(-c2ccc(F)cc2)cc(C(F)(F)F)n1,=,14423.0,nM,IC50,4.84,Beta Lactamase,cell-based format
CHEMBL1725771,CC(C)CCN1C(=O)c2cccc3c(N)ccc(c23)C1=O,=,4771.0,nM,IC50,5.32,Beta Lactamase,cell-based format
CHEMBL1706548,CC(=O)Nc1ccc2c(=O)n(-c3ccccc3)sc2c1,=,14397.0,nM,IC50,4.84,Beta Lactamase,cell-based format
CHEMBL1726287,O=C(NCc1ccco1)c1cccc2c1C(=O)c1ccc(N3CCC(Cc4ccccc4)CC3)cc1S2(=O)=O,=,4400.0,nM,IC50,5.36,Beta Lactamase,cell-based format
CHEMBL2005437,Cc1cccc(C)c1-n1c(C)cc(/C=N\Nc2ccc([N+](=O)[O-])cn2)c1C,=,4044.0,nM,IC50,5.39,Beta Lactamase,cell-based format
CHEMBL601543,CCN1/C(=C/C=C/c2oc3ccc(-c4ccccc4)cc3[n+]2CC)Oc2ccc(-c3ccccc3)cc21.CCOS(=O)(=O)[O-],=,10706.0,nM,IC50,4.97,Beta Lactamase,cell-based format
CHEMBL1428415,CCN(c1ccccc1)S(=O)(=O)c1ccc(NC(=O)c2nc(S(C)(=O)=O)ncc2Cl)cc1,=,7959.0,nM,IC50,5.10,Beta Lactamase,cell-based format
CHEMBL1707429,Cc1ccc(S(=O)(=O)C=CS(=O)(=O)c2ccc(C)cc2)cc1,=,13616.0,nM,IC50,4.87,Beta Lactamase,cell-based format
CHEMBL1484327,COc1ccc(-c2cc3ccc(O)cc3oc2=O)cc1OC,=,5229.0,nM,IC50,5.28,Beta Lactamase,cell-based format
CHEMBL1520346,CCN(CC)c1ccc2cc(-c3nc4ccccc4n3C)c(=O)oc2c1,=,2560.0,nM,IC50,5.59,Beta Lactamase,cell-based format
CHEMBL1535665,CCOC(=O)C1CCN(S(=O)(=O)c2c(Cl)ccc3nonc23)CC1,=,21213.0,nM,IC50,4.67,Beta Lactamase,cell-based format
CHEMBL1418162,CC(=O)Oc1cccc(N2C(=O)c3cccc4c([N+](=O)[O-])ccc(c34)C2=O)c1,=,4497.0,nM,IC50,5.35,Beta Lactamase,cell-based format
CHEMBL1539522,Cc1ccc(NC(=O)c2nc(S(=O)(=O)Cc3ccccc3C)ncc2Cl)cc1C,=,11499.0,nM,IC50,4.94,Beta Lactamase,cell-based format
CHEMBL1418079,OCCNc1c2ccccc2nc2c(F)c(F)c(F)c(F)c12,=,2270.0,nM,IC50,5.64,Beta Lactamase,cell-based format
CHEMBL1513846,COC(=O)c1c(-c2ccc(N(C)C)cc2)sc2ccc(OC)cc12,=,3661.0,nM,IC50,5.44,Beta Lactamase,cell-based format
CHEMBL1405830,Nc1c(C(=O)N2CCCC2)sc2nc(-c3ccccc3)ccc12,=,12441.0,nM,IC50,4.91,Beta Lactamase,cell-based format
CHEMBL1727091,C=C1C(=O)C23C(O)C1CCC2C12CCCC(C)(COC(C)=O)C1C(O)C3(O)OC2,=,32470.0,nM,IC50,4.49,Beta Lactamase,cell-based format
CHEMBL1578341,CCOC(=O)COc1ccc2ccccc2c1/C=C/[N+](=O)[O-],=,30467.0,nM,IC50,4.52,Beta Lactamase,cell-based format
CHEMBL1500409,Cn1c(-c2c(N)n(-c3ccccc3)c3nc4ccccc4nc23)nc2ccccc21,=,3850.0,nM,IC50,5.42,Beta Lactamase,cell-based format
CHEMBL1440300,O=C(Nc1ccccc1Cl)/C(Cl)=C(\Cl)[S+]([O-])c1ccccc1,>,5526.0,nM,IC50,,Beta Lactamase,cell-based format
CHEMBL1610025,CCC(=O)OCCNc1cc(Sc2nc3ccccc3s2)c2nonc2c1[N+](=O)[O-],=,10472.0,nM,IC50,4.98,Beta Lactamase,cell-based format
CHEMBL1406130,O=c1c2cc(F)ccc2sn1-c1ccccc1,=,23047.0,nM,IC50,4.64,Beta Lactamase,cell-based format
CHEMBL1574879,COc1ccc(NC(=O)/C(Cl)=C(/Cl)[S+]([O-])Cc2ccccc2)cn1,=,16000.0,nM,IC50,4.80,Beta Lactamase,cell-based format
CHEMBL1440303,CNC(=O)c1nnsc1[S+]([O-])c1ccc(Cl)cc1,=,19604.0,nM,IC50,4.71,Beta Lactamase,cell-based format
CHEMBL1418428,Cc1cccc(N2C(=O)/C(=C\c3ccc(OC(F)F)cc3)c3ccccc3C2=O)c1,=,3901.0,nM,IC50,5.41,Beta Lactamase,cell-based format
CHEMBL1727997,CS(=O)(=O)c1ccc(C(=O)OCC(=O)NCc2cccs2)cc1[N+](=O)[O-],>,49760.0,nM,IC50,,Beta Lactamase,cell-based format
CHEMBL1608420,COc1ccccc1N1C(=O)C2C(C(=O)c3ccccc3)=NN(c3ccccc3)C2C1=O,=,9371.0,nM,IC50,5.03,Beta Lactamase,cell-based format
CHEMBL1728153,O=C1C=CC(=O)N1CCCCCCCCCCN1C(=O)C=CC1=O,=,16299.0,nM,IC50,4.79,Beta Lactamase,cell-based format
CHEMBL1608392,CN(c1ccccc1)c1ccc(/C=C/[N+](=O)[O-])cc1,=,18635.0,nM,IC50,4.73,Beta Lactamase,cell-based format
CHEMBL1585390,CNc1cc(Cl)c2nonc2c1[N+](=O)[O-],=,4730.0,nM,IC50,5.33,Beta Lactamase,cell-based format
CHEMBL1790039,CCN(CC)c1ccc(C(=C2C=CC(=[N+](CC)CC)C=C2)c2ccccc2)cc1.O=S(=O)([O-])O,=,4752.0,nM,IC50,5.32,Beta Lactamase,cell-based format
CHEMBL1480031,CS(=O)(=O)c1ncc(Cl)c(C(=O)Nc2ccc3ccccc3c2)n1,=,7128.0,nM,IC50,5.15,Beta Lactamase,cell-based format
CHEMBL1491686,CCCCNC(=O)COC(=O)c1c2c(nc3ccccc13)/C(=C/c1cccs1)CC2,=,3320.0,nM,IC50,5.48,Beta Lactamase,cell-based format
CHEMBL140,COc1cc(/C=C/C(=O)CC(=O)/C=C/c2ccc(O)c(OC)c2)ccc1O,=,7751.0,nM,IC50,5.11,Beta Lactamase,cell-based format
CHEMBL1418643,COc1cccc(NC(=O)c2nc(S(C)(=O)=O)ncc2Cl)c1,=,8896.0,nM,IC50,5.05,Beta Lactamase,cell-based format
CHEMBL1300370,O=C1Nc2ccc(Br)cc2C12NNc1ccccc1O2,=,11798.0,nM,IC50,4.93,Beta Lactamase,cell-based format
CHEMBL429095,O=C1C(SCCO)=C(SCCO)C(=O)c2ccccc21,=,12149.0,nM,IC50,4.92,Beta Lactamase,cell-based format
CHEMBL179512,COc1cc(/C=C/C(O)=C/C(=O)/C=C/c2ccc(O)cc2)ccc1O,=,8095.0,nM,IC50,5.09,Beta Lactamase,cell-based format
CHEMBL518575,Cn1cccc1/C=C1\CCC/C(=C\c2cccn2C)C1=O,=,10863.0,nM,IC50,4.96,Beta Lactamase,cell-based format
CHEMBL1361740,CCn1nc(C)cc1-c1nnc(Sc2ncc([N+](=O)[O-])s2)n1C,=,46049.0,nM,IC50,4.34,Beta Lactamase,cell-based format
CHEMBL1578982,Cc1ccc(S(=O)(=O)N[C@H](C(=O)Oc2ccc3c(C(F)(F)F)cc(=O)oc3c2)c2ccccc2)cc1,=,3732.0,nM,IC50,5.43,Beta Lactamase,cell-based format
CHEMBL1361913,O=C(c1ccccc1)c1ccccc1N1C(=O)C=CC1=O,=,15343.0,nM,IC50,4.81,Beta Lactamase,cell-based format
CHEMBL1361821,CCOC(=O)COc1ccccc1/C=C\[N+](=O)[O-],>,49748.0,nM,IC50,,Beta Lactamase,cell-based format
CHEMBL1558462,CS(=O)(=O)c1ncc(Cl)c(C(=O)Nc2ccc(OC(F)F)cc2)n1,=,6645.0,nM,IC50,5.18,Beta Lactamase,cell-based format
CHEMBL1343392,Cc1ccc(C(=O)OCn2ncc(Cl)c(Cl)c2=O)cc1,=,48731.0,nM,IC50,4.31,Beta Lactamase,cell-based format
CHEMBL1566610,C=C1C(=O)O[C@@H]2C[C@@H](C)[C@@H]3C=CC(=O)[C@@]3(C)[C@@H](OC(=O)CC(=O)O[C@H]3[C@@H]4C(=C)C(=O)O[C@@H]4C[C@@H](C)[C@@H]4C=CC(=O)[C@@]34C)[C@H]12,=,17855.0,nM,IC50,4.75,Beta Lactamase,cell-based format
CHEMBL508338,,=,16893.0,nM,IC50,4.77,Beta Lactamase,cell-based format
CHEMBL1303426,Cc1c(Nc2cc(Cl)c3nonc3c2[N+](=O)[O-])c(=O)n(-c2ccccc2)n1C,=,6002.0,nM,IC50,5.22,Beta Lactamase,cell-based format
CHEMBL1508208,CS(=O)(=O)c1sc2nc(-c3ccccc3)cc(-c3ccccc3)c2c1N,=,16200.0,nM,IC50,4.79,Beta Lactamase,cell-based format
CHEMBL1586067,O=C1c2cccc3c(N4CCCCC4)ccc(c23)C(=O)N1c1cccc(O)c1,=,5239.0,nM,IC50,5.28,Beta Lactamase,cell-based format
CHEMBL1579061,CN(C)C=O.CN(C)c1ccc(/C=C/c2nc3ccccc3c(=O)n2-c2ccc(C(=O)O)cc2)cc1,=,9002.0,nM,IC50,5.05,Beta Lactamase,cell-based format
CHEMBL1350432,S=c1sc2c(Cl)ncnc2n1-c1ccccc1,>,49712.0,nM,IC50,,Beta Lactamase,cell-based format
CHEMBL1531308,O=C(C#Cc1ccccc1)c1ccco1,>,49762.0,nM,IC50,,Beta Lactamase,cell-based format
CHEMBL1343705,O=S(=O)(Nc1cccc2ncccc12)c1cccs1,>,49744.0,nM,IC50,,Beta Lactamase,cell-based format
CHEMBL1570323,CC[C@H](C)/C=C(C)/C=C/C1=CC2=CC(=O)[C@]3(C)OC(=O)[C@@H](C(C)=O)[C@@H]3C2=CO1,=,8858.0,nM,IC50,5.05,Beta Lactamase,cell-based format
CHEMBL1429929,CCOC(=O)CCS(=O)(=O)c1nc(-c2ccccc2)cc(C(F)(F)F)n1,=,28223.0,nM,IC50,4.55,Beta Lactamase,cell-based format
CHEMBL1469035,Cc1ccccc1NC(=O)/C=C/c1ccc([N+](=O)[O-])s1,=,13698.0,nM,IC50,4.86,Beta Lactamase,cell-based format
CHEMBL1372650,N#Cc1ccc(-c2ccco2)nc1SCC(=O)c1ccc(Cl)cc1,=,10135.0,nM,IC50,4.99,Beta Lactamase,cell-based format
CHEMBL1540557,CCC1(C)OC(c2ccccc2)=C/C(=C/C=C2C(=O)NC(=O)NC2=O)O1,=,9166.0,nM,IC50,5.04,Beta Lactamase,cell-based format
CHEMBL1710816,COc1cc(N2C(=O)C=CC2=O)ccc1N1C(=O)C=CC1=O,=,10979.0,nM,IC50,4.96,Beta Lactamase,cell-based format
CHEMBL1303810,O=C(OCn1ncc(Br)c(Br)c1=O)c1ccccc1Cl,>,49761.0,nM,IC50,,Beta Lactamase,cell-based format
CHEMBL1390797,COc1ccc(C(=O)c2sc3nc(C)cc(-c4cccs4)c3c2N)cc1,=,3855.0,nM,IC50,5.41,Beta Lactamase,cell-based format
CHEMBL1406758,N#C/C(=C/c1ccc(-c2ccc(S(N)(=O)=O)cc2)o1)c1nc2ccccc2s1,=,5086.0,nM,IC50,5.29,Beta Lactamase,cell-based format
CHEMBL1980369,COc1ccc(-c2nc3cnccn3c2NC2CCCCC2)cc1-c1cccc(Cl)c1.O=C(O)C(F)(F)F,=,6780.0,nM,IC50,5.17,Beta Lactamase,cell-based format
CHEMBL1508593,COc1ccc(-c2c(Sc3cccc(C(F)(F)F)c3)c3ccc(OC)cc3[s+]2[O-])cc1,=,3667.0,nM,IC50,5.44,Beta Lactamase,cell-based format
CHEMBL1462078,Nc1c(C(=O)c2cccs2)sc2nsc(SCCN3CCCCC3)c12,=,9894.0,nM,IC50,5.00,Beta Lactamase,cell-based format
CHEMBL3189224,CCCCCCSc1cc(-c2nc3cnccn3c2NCCCC)ccc1OC.O=C(O)C(F)(F)F,=,7425.0,nM,IC50,5.13,Beta Lactamase,cell-based format
CHEMBL1351081,Cc1ccc(NC(=O)c2cc(N3C(=O)C=CC3=O)ccc2N2CCOCC2)cc1Cl,=,9482.0,nM,IC50,5.02,Beta Lactamase,cell-based format
CHEMBL1711797,C=C1C(=O)c2sccc2C(c2ccc(OC)c(OC)c2)C1COC(C)=O,=,21389.0,nM,IC50,4.67,Beta Lactamase,cell-based format
CHEMBL1711514,O=[N+]([O-])c1ccc([S+]([O-])Cc2ccccc2)c([N+](=O)[O-])c1,=,23159.0,nM,IC50,4.63,Beta Lactamase,cell-based format
CHEMBL1609419,CC(=O)OCCNc1cc(Sc2nc3ccccc3[nH]2)c2nonc2c1[N+](=O)[O-],=,10026.0,nM,IC50,5.00,Beta Lactamase,cell-based format
CHEMBL1508875,Nc1c(C(=O)Nc2ccccc2F)sc2nc(-c3cccnc3)ccc12,=,14029.0,nM,IC50,4.85,Beta Lactamase,cell-based format
CHEMBL1731330,CC(O)CN(CC(C)O)c1ccc2c(c1)Cc1cc([N+](=O)[O-])ccc1-2,=,5091.0,nM,IC50,5.29,Beta Lactamase,cell-based format
CHEMBL1712082,CC1=C(O)C(=O)C=C2C1=CC=C1C2(C)CCC2(C)C3CC(C)(C(=O)O)CCC3(C)CCC12C,=,21433.0,nM,IC50,4.67,Beta Lactamase,cell-based format
CHEMBL1423626,C=CCn1c(O)nnc1Sc1ncc([N+](=O)[O-])s1,>,49792.0,nM,IC50,,Beta Lactamase,cell-based format
CHEMBL1899958,COc1ccccc1NS(=O)(=O)c1cc([N+](=O)[O-])ccc1N/N=C/c1c[nH]c2ccccc12,=,2744.0,nM,IC50,5.56,Beta Lactamase,cell-based format
CHEMBL1462613,COc1ccc(C(=O)c2sc3nc(-c4ccc(OC)cc4)ccc3c2N)cc1,=,4440.0,nM,IC50,5.35,Beta Lactamase,cell-based format
CHEMBL1984244,CCCCNc1c(-c2ccc(SC3CCCCC3)cc2)nc2cnccn12.O=C(O)C(F)(F)F,=,3709.0,nM,IC50,5.43,Beta Lactamase,cell-based format
CHEMBL1446199,CC(C)CNC(=O)COC(=O)c1c2c(nc3ccccc13)/C(=C/c1cccs1)CC2,=,3518.0,nM,IC50,5.45,Beta Lactamase,cell-based format
CHEMBL1524932,COCCCn1c(N)c(-c2nc3ccccc3n2C)c2nc3ccccc3nc21,=,7369.0,nM,IC50,5.13,Beta Lactamase,cell-based format
CHEMBL1570958,CCC(=O)OCCNc1cc(Sc2nccn2C)c2nonc2c1[N+](=O)[O-],=,8305.0,nM,IC50,5.08,Beta Lactamase,cell-based format
CHEMBL1492819,CCn1nc(-c2ccccc2)c2nc3ccccc3nc21,=,5357.0,nM,IC50,5.27,Beta Lactamase,cell-based format
CHEMBL3199893,CNC(=S)N/N=C/c1ccc(OCc2ccccc2)c(Br)c1,=,7792.0,nM,IC50,5.11,Beta Lactamase,cell-based format
CHEMBL137913,CN(C)c1ccc(/C=C/C(=O)c2ccc(O)cc2)cc1,=,4770.0,nM,IC50,5.32,Beta Lactamase,cell-based format
CHEMBL1712229,Nc1ccc2nc(-c3ccccc3)cnc2c1,=,7228.0,nM,IC50,5.14,Beta Lactamase,cell-based format
CHEMBL1453652,O=C(O)c1ccccc1-c1ccc(/C=C/c2cc(C(F)(F)F)nc(O)n2)o1,=,7005.0,nM,IC50,5.16,Beta Lactamase,cell-based format
CHEMBL1732235,O=c1c(Br)ccc(Br)cc1Br,=,6137.0,nM,IC50,5.21,Beta Lactamase,cell-based format
CHEMBL1502104,C=CCN1C(=O)/C(=C2/C(=O)Nc3ccccc32)c2ccccc21,>,49759.0,nM,IC50,,Beta Lactamase,cell-based format
CHEMBL1452132,CN(C)c1ccc(/C=C/C(=O)c2cccc(Br)c2)cc1,=,5596.0,nM,IC50,5.25,Beta Lactamase,cell-based format
CHEMBL1571123,Cc1ccc(NC(=O)c2nc(S(=O)(=O)Cc3ccccc3)ncc2Cl)cc1,=,8301.0,nM,IC50,5.08,Beta Lactamase,cell-based format
CHEMBL1362660,COc1cc(OC)nc(-n2ncc(Br)c(Br)c2=O)n1,>,49746.0,nM,IC50,,Beta Lactamase,cell-based format
CHEMBL1430995,Cc1ccc(N2C(=O)Cc3ccccc3C2=O)cc1,=,4592.0,nM,IC50,5.34,Beta Lactamase,cell-based format
CHEMBL1370844,O=[N+]([O-])c1ccc(N(c2ccccc2)c2ccccc2)cc1,=,6941.0,nM,IC50,5.16,Beta Lactamase,cell-based format
CHEMBL1327783,O=C(c1nnsc1[S+]([O-])c1ccc(Cl)cc1)N1CCOCC1,=,30840.0,nM,IC50,4.51,Beta Lactamase,cell-based format
CHEMBL1564153,O=C1c2cccc3c(N4CCCCC4)ccc(c23)C(=O)N1c1ccccc1O,=,7631.0,nM,IC50,5.12,Beta Lactamase,cell-based format
CHEMBL1990694,CCCC/N=C1\C(=O)N(C)c2cccc3c(O)c4ccccc4c1c23,=,9056.0,nM,IC50,5.04,Beta Lactamase,cell-based format
CHEMBL1375338,CS(=O)(=O)c1nc(-c2ccc(F)cc2)cc(C(F)(F)F)n1,=,27351.0,nM,IC50,4.56,Beta Lactamase,cell-based format
CHEMBL1532571,Cc1nn(C)c(C)c1N1C(=O)c2cccc3c(Br)ccc(c23)C1=O,=,5716.0,nM,IC50,5.24,Beta Lactamase,cell-based format
CHEMBL1713905,CN1C(=O)/C(=N\CCc2ccccc2)c2c3ccccc3c(O)c3cccc1c23,=,5975.0,nM,IC50,5.22,Beta Lactamase,cell-based format
CHEMBL1413680,O=[N+]([O-])c1cnc(Sc2ccncn2)s1,>,49691.0,nM,IC50,,Beta Lactamase,cell-based format
CHEMBL1470904,CC(C)OC(=O)c1sc2nc(-c3ccccc3)ccc2c1N,=,3698.0,nM,IC50,5.43,Beta Lactamase,cell-based format
CHEMBL1541918,CC(=O)c1sc2nc(-c3ccc(C)cc3)c3c(c2c1N)CCCC3,=,3730.0,nM,IC50,5.43,Beta Lactamase,cell-based format
CHEMBL1688693,Cc1cc2nc(/C=C/c3nc4cc(C)c(C)cc4[nH]3)[nH]c2cc1C,=,20865.0,nM,IC50,4.68,Beta Lactamase,cell-based format
CHEMBL1345017,O=c1ccc2cc3c4c(c2o1)CCCN4CCC3,=,7117.0,nM,IC50,5.15,Beta Lactamase,cell-based format
CHEMBL131770,O=C(/C=C(O)/C=C/c1ccc(O)cc1)/C=C/c1ccc(O)cc1,=,5133.0,nM,IC50,5.29,Beta Lactamase,cell-based format
CHEMBL428064,O=S1(=O)Nc2c(ccc3cccnc23)-c2ccccc21,>,49745.0,nM,IC50,,Beta Lactamase,cell-based format
CHEMBL1734268,O=C1C=CC(=O)N1c1ccc2c(c1)C(NC(=O)C(F)(F)F)c1ccccc1-2,=,14485.0,nM,IC50,4.84,Beta Lactamase,cell-based format
CHEMBL1510339,COC(=O)c1ccc(NC(=O)c2nc(S(=O)(=O)Cc3cccc(C)c3)ncc2Cl)cc1,=,10667.0,nM,IC50,4.97,Beta Lactamase,cell-based format
CHEMBL1352586,CCCC(=O)OCCNc1cc(Sc2nc3ccccc3[nH]2)c2nonc2c1[N+](=O)[O-],=,10949.0,nM,IC50,4.96,Beta Lactamase,cell-based format
CHEMBL1567159,CN(CCO)c1cc(Sc2nc3ccccc3s2)c2nonc2c1[N+](=O)[O-],=,8893.0,nM,IC50,5.05,Beta Lactamase,cell-based format
CHEMBL1424562,O=C(Nc1ccccc1)c1nnsc1[S+]([O-])c1ccc(Cl)cc1,=,11892.0,nM,IC50,4.92,Beta Lactamase,cell-based format
CHEMBL1734763,O=C1C=CC(=O)N1c1ccccc1N1C(=O)C=CC1=O,=,13642.0,nM,IC50,4.87,Beta Lactamase,cell-based format
CHEMBL1532668,Nc1cc(Cl)c2nonc2c1[N+](=O)[O-],>,49747.0,nM,IC50,,Beta Lactamase,cell-based format
CHEMBL1588411,Cc1nnc(Sc2cc(NCCCO)c([N+](=O)[O-])c3nonc23)s1,=,10948.0,nM,IC50,4.96,Beta Lactamase,cell-based format
CHEMBL1449204,CCOC(=O)CS(=O)(=O)c1nc(-c2ccccc2)cc(C(F)(F)F)n1,=,19206.0,nM,IC50,4.72,Beta Lactamase,cell-based format
CHEMBL1726592,O=c1c2cc(C(F)(F)F)ccc2sn1-c1ccccc1,>,49758.0,nM,IC50,,Beta Lactamase,cell-based format
CHEMBL1471341,CCS(=O)(=O)c1ncc(Cl)c(C(=O)Nc2ccc(C)cc2)n1,=,7648.0,nM,IC50,5.12,Beta Lactamase,cell-based format
CHEMBL1432251,COc1ccc(CS(=O)(=O)/C(Cl)=C(/Cl)C(=O)Nc2ccc(OC)nc2)cc1,>,49739.0,nM,IC50,,Beta Lactamase,cell-based format
CHEMBL1734503,COc1ccc(C[C@@H]2OC3(C=CC(=O)C=C3)O[C@H]2Cc2ccc(OC)cc2)cc1,=,17470.0,nM,IC50,4.76,Beta Lactamase,cell-based format
CHEMBL1999049,CCn1c(Cl)c(C=O)s/c1=N\S(=O)(=O)c1ccccc1,=,12470.0,nM,IC50,4.90,Beta Lactamase,cell-based format
CHEMBL1904199,O=C(NCc1ccccc1C(F)(F)F)c1cccc2c1C(=O)c1ccc(N3CCC(N4CCCCC4)CC3)cc1S2(=O)=O,=,5890.0,nM,IC50,5.23,Beta Lactamase,cell-based format
CHEMBL1375884,Cc1cccc(CS(=O)(=O)c2ncc(Cl)c(C(=O)Nc3ccc(F)cc3)n2)c1,=,9482.0,nM,IC50,5.02,Beta Lactamase,cell-based format
CHEMBL3207597,C/C(=N\Nc1ccc([N+](=O)[O-])cc1)c1ccc2c(c1)OCO2,=,12521.0,nM,IC50,4.90,Beta Lactamase,cell-based format
CHEMBL1589062,COc1ccc(Cn2cc3c(-c4ccc(F)cc4)nnc-3c3cc(OC)c(OC)cc32)cc1,=,5584.0,nM,IC50,5.25,Beta Lactamase,cell-based format
CHEMBL1542492,CC(NC(=O)/C(C#N)=C/c1ccc([N+](=O)[O-])o1)c1ccccc1,=,8233.0,nM,IC50,5.08,Beta Lactamase,cell-based format
CHEMBL1385690,CCCC(=O)OCCNc1cc(Sc2nccn2C)c2nonc2c1[N+](=O)[O-],=,8309.0,nM,IC50,5.08,Beta Lactamase,cell-based format
CHEMBL1472131,CCCCNc1ccc2c3c(cccc13)C(=O)N(CCCC)C2=O,=,3071.0,nM,IC50,5.51,Beta Lactamase,cell-based format
CHEMBL1492648,CS(=O)(=O)c1nc(-c2ccccc2)cc(C(F)(F)F)n1,=,29065.0,nM,IC50,4.54,Beta Lactamase,cell-based format
CHEMBL1434843,O=C(NC1CCCCC1)c1cccc2c1C(=O)c1ccc(N3CCC(Cc4ccccc4)CC3)cc1S2(=O)=O,=,3875.0,nM,IC50,5.41,Beta Lactamase,cell-based format
CHEMBL1736537,CC(=O)Nc1ccc2c(c1)Cc1cc(N3C(=O)C=CC3=O)ccc1-2,=,7235.0,nM,IC50,5.14,Beta Lactamase,cell-based format
CHEMBL1565458,O=C1C2C(c3ccccc3)C=CC(c3ccccc3)C2C(=O)N1c1ccccn1,=,59571.0,nM,IC50,4.22,Beta Lactamase,single protein format
CHEMBL1372920,O=C1c2cccc3c(O)ccc(c23)C(=O)N1c1ccc(Cl)cc1,=,19116.0,nM,IC50,4.72,Beta Lactamase,single protein format
CHEMBL1611002,CCN(CC)c1ccc2cc(-c3nnc(-c4ccccc4)o3)c(=O)oc2c1,>,59640.0,nM,IC50,,Beta Lactamase,single protein format
CHEMBL1966746,C/C(=N\Nc1ccc(S(N)(=O)=O)cc1[N+](=O)[O-])c1cccs1,>,59640.0,nM,IC50,,Beta Lactamase,single protein format
CHEMBL1966700,COc1ccc(C(=O)Nc2ccc(/C(C)=N/NC(=O)c3ccncc3)cc2)cc1,>,59640.0,nM,IC50,,Beta Lactamase,single protein format
CHEMBL3207378,C/C(=N\O)c1ccc2c3c([nH]c2c1)CCCC3,>,59640.0,nM,IC50,,Beta Lactamase,single protein format
CHEMBL1518886,N#CC(C#N)=C1C=C2C=C(N3CCCCCC3)CCC2CC1,=,2506.0,nM,IC50,5.60,Beta Lactamase,single protein format
CHEMBL1398812,O=[N+]([O-])c1ccc(N2CCCCCC2)c2nonc12,=,57858.0,nM,IC50,4.24,Beta Lactamase,single protein format
CHEMBL598477,O=C(Nc1ccc2oc(-c3ccccc3F)nc2c1)c1ccc([N+](=O)[O-])o1,>,59640.0,nM,IC50,,Beta Lactamase,single protein format
CHEMBL1604962,N#CC(C#N)=C1C=C2C=C(N3CCOCC3)CCC2CC1,=,2741.0,nM,IC50,5.56,Beta Lactamase,single protein format
CHEMBL3198439,CC(C)n1cc(/C=N/Nc2ccc(Cl)c(C(=O)O)c2)c2ccccc21,>,59640.0,nM,IC50,,Beta Lactamase,single protein format
CHEMBL1491016,COc1cc(/C=C2/SC(=S)N(Cc3ccccc3)C2=O)cc(OC)c1O,>,59640.0,nM,IC50,,Beta Lactamase,single protein format
CHEMBL1379677,O=C1c2ccccc2-c2onc3ccc(NCCCn4ccnc4)c1c23,=,1717.0,nM,IC50,5.76,Beta Lactamase,single protein format
CHEMBL1604510,COc1ccc(/C=C2/SC(c3ccc(C)cc3)=NC2=O)cc1OC,>,59640.0,nM,IC50,,Beta Lactamase,single protein format
CHEMBL1582196,CC(C)C(CCN1C(=O)c2ccccc2C1=O)c1ccco1,=,13428.0,nM,IC50,4.87,Beta Lactamase,single protein format
CHEMBL1306565,CCN(CC)c1ccc2c(-c3ccc(S(=O)(=O)[O-])cc3S(=O)(=O)[O-])c3ccc(=[N+](CC)CC)cc-3oc2c1.[Na+],>,59640.0,nM,IC50,,Beta Lactamase,single protein format
CHEMBL1556007,O=C(Nc1ccc(C(F)(F)F)cc1)c1ccc(NC(=O)C2CCCO2)cc1,>,59640.0,nM,IC50,,Beta Lactamase,single protein format
CHEMBL1413533,COc1ccccc1N1N=C(c2ccc([N+](=O)[O-])cc2)CC1c1ccccc1,>,59640.0,nM,IC50,,Beta Lactamase,single protein format
CHEMBL1524257,Cc1cccc(N2C(=O)c3cccc4c(N)ccc(c34)C2=O)c1,=,20802.0,nM,IC50,4.68,Beta Lactamase,single protein format
CHEMBL1396129,COc1ccc(-c2cc(=O)oc3c(C)c(OCC(=O)NCCCn4ccnc4)ccc23)cc1,=,33921.0,nM,IC50,4.47,Beta Lactamase,single protein format
CHEMBL1409608,CCOc1ccc(/C=C2\CCCc3c2nc2ccccc2c3C(=O)O)cc1OC,=,36428.0,nM,IC50,4.44,Beta Lactamase,single protein format
CHEMBL1413510,Nc1ccc2c3c(cccc13)C(=O)N(c1ccccc1)C2=O,=,10854.0,nM,IC50,4.96,Beta Lactamase,single protein format
CHEMBL1310325,CCN(CC)CCOC(=O)c1ccc(N/C=C(/C#N)c2nc(-c3cc4ccccc4oc3=O)cs2)cc1,>,59640.0,nM,IC50,,Beta Lactamase,single protein format
CHEMBL1458472,O=P(O)(O)c1cc(-c2ccccc2)oc1-c1ccccc1,=,10723.0,nM,IC50,4.97,Beta Lactamase,single protein format
CHEMBL1416351,COc1ccc2c(Cl)c(C(=O)NCCCn3ccnc3)sc2c1Cl,>,59640.0,nM,IC50,,Beta Lactamase,single protein format
CHEMBL1419637,CCc1cc(=O)oc2cc(C)c(CN3CCCC3)c(O)c12,=,6955.0,nM,IC50,5.16,Beta Lactamase,single protein format
CHEMBL1333292,COc1ccc(-c2occ(C(=O)O)c2C(=O)O)cc1,=,35802.0,nM,IC50,4.45,Beta Lactamase,single protein format
CHEMBL1977499,CN(/N=C/c1ccc(-c2ccc([N+](=O)[O-])cc2)o1)c1ccccc1,>,59640.0,nM,IC50,,Beta Lactamase,single protein format
CHEMBL1399400,O=C1C2C(c3ccccc3)C=CC(c3ccccc3)C2C(=O)N1c1ccncc1,=,62430.0,nM,IC50,4.21,Beta Lactamase,single protein format
CHEMBL1303641,COCCCNc1c(O)nc2cccc3c2c1-c1ccccc1C3=O,=,1840.0,nM,IC50,5.74,Beta Lactamase,single protein format
CHEMBL587994,CCC(/C=C1\Sc2ccc3ccccc3c2N1C)=C\c1sc2ccc3ccccc3c2[n+]1C.[Cl-],>,59640.0,nM,IC50,,Beta Lactamase,single protein format
CHEMBL1498210,CCN1CCN(C2=CC3=CC(=C(C#N)C#N)CCC3CC2)CC1,=,3699.0,nM,IC50,5.43,Beta Lactamase,single protein format
CHEMBL1430184,CCCN1C(=O)c2cccc3c(N4CCCCC4)ccc(c23)C1=O,>,59640.0,nM,IC50,,Beta Lactamase,single protein format
CHEMBL1527994,CCN(CC)c1ccc(/C=C/C(=O)c2ccc(Br)cc2)cc1,=,8450.0,nM,IC50,5.07,Beta Lactamase,single protein format
CHEMBL1387366,CNc1ccc2c3c(cccc13)C(=O)N(C)C2=O,=,3060.0,nM,IC50,5.51,Beta Lactamase,single protein format
CHEMBL1390971,Cc1nn(C)c(C)c1N1C(=O)c2cccc3c(N)ccc(c23)C1=O,=,8990.0,nM,IC50,5.05,Beta Lactamase,single protein format
CHEMBL1420142,CN1/C(=C\C=C2/C(=O)Oc3ccccc3C2=O)C(C)(C)c2ccccc21,=,31469.0,nM,IC50,4.50,Beta Lactamase,single protein format
CHEMBL1547938,O=C1c2cccc3c(O)ccc(c23)C(=O)N1Cc1ccco1,=,13113.0,nM,IC50,4.88,Beta Lactamase,single protein format
CHEMBL1502002,CCOC(=O)C1CCCN(c2ccc([N+](=O)[O-])c3nonc23)C1,=,26262.0,nM,IC50,4.58,Beta Lactamase,single protein format
CHEMBL1304024,O=Cc1ccc2cccc3c2c1N=C(C(F)(F)F)N3,=,8759.0,nM,IC50,5.06,Beta Lactamase,single protein format
CHEMBL1495079,Cn1cc(/C=C(\C(=O)O)C(C(=O)O)=C2CCCCC2)c2ccccc21,=,54075.0,nM,IC50,4.27,Beta Lactamase,single protein format
CHEMBL1605743,O=c1ccc2c(-c3ccccc3)c3ccc(O)cc3oc-2c1,=,374.22,nM,IC50,6.43,Beta Lactamase,single protein format
CHEMBL1501987,CCCCn1c(=O)[nH]c2nc3cc(N)ccc3nc2c1=O,=,16777.0,nM,IC50,4.78,Beta Lactamase,single protein format
CHEMBL1398345,CCN1C(=O)c2cccc3c(N)ccc(c23)C1=O,=,8243.0,nM,IC50,5.08,Beta Lactamase,single protein format
CHEMBL1985696,COc1ccc(/C(C)=N/NC(=O)c2nnn(-c3nonc3N)c2-c2ccccc2)cc1,>,59640.0,nM,IC50,,Beta Lactamase,single protein format
CHEMBL1597682,O=C(CCN1C(=O)/C(=C/c2ccc(Cl)cc2)SC1=S)NCCCn1ccnc1,>,59640.0,nM,IC50,,Beta Lactamase,single protein format
CHEMBL1724937,CN1C(=O)/C(=N\CCO)c2c3ccccc3c(O)c3cccc1c23,=,1392.0,nM,IC50,5.86,Beta Lactamase,single protein format
CHEMBL1410659,CC(=O)Nc1ccc(N2C(=O)c3cccc4c(O)ccc(c34)C2=O)cc1,=,12602.0,nM,IC50,4.90,Beta Lactamase,single protein format
CHEMBL1985601,CN(C)c1ccc(/C=N/N(CCO)C2=NS(=O)(=O)c3ccccc32)cc1,=,9400.0,nM,IC50,5.03,Beta Lactamase,single protein format
CHEMBL1571034,COc1cc(OC)c(-c2c3cc(O)c(=O)cc-3oc3cc(O)c(O)cc23)cc1OC,=,5114.0,nM,IC50,5.29,Beta Lactamase,single protein format
CHEMBL1453652,O=C(O)c1ccccc1-c1ccc(/C=C/c2cc(C(F)(F)F)nc(O)n2)o1,=,25022.0,nM,IC50,4.60,Beta Lactamase,single protein format
CHEMBL3190111,COCCCn1/c(=N/C(=O)c2ccccc2)c(C#N)cc2c(=O)n3cccc(C)c3nc21,>,59640.0,nM,IC50,,Beta Lactamase,single protein format
CHEMBL1576762,Cc1n[nH]c(C)c1N1C(=O)c2cccc3c(N4CCCCCC4)ccc(c23)C1=O,=,15509.0,nM,IC50,4.81,Beta Lactamase,single protein format
CHEMBL1362746,CCN(CC)C1=CC2=CC(=C(C#N)C#N)CCC2CC1,=,2396.0,nM,IC50,5.62,Beta Lactamase,single protein format
CHEMBL1522563,Nc1ccc2ccc3cccc[n+]3c2c1.[O-][Cl+3]([O-])([O-])[O-],=,9333.0,nM,IC50,5.03,Beta Lactamase,single protein format
CHEMBL1412067,CN1C(=O)c2cccc3c(N)ccc(c23)C1=O,=,7167.0,nM,IC50,5.14,Beta Lactamase,single protein format
CHEMBL1373849,O=C1/C(=C\c2cc(Cl)c(O)c(Cl)c2)SC(=S)N1Cc1ccccc1,=,49421.0,nM,IC50,4.31,Beta Lactamase,single protein format
CHEMBL1713905,CN1C(=O)/C(=N\CCc2ccccc2)c2c3ccccc3c(O)c3cccc1c23,=,9238.0,nM,IC50,5.03,Beta Lactamase,single protein format
CHEMBL1990694,CCCC/N=C1\C(=O)N(C)c2cccc3c(O)c4ccccc4c1c23,=,11857.0,nM,IC50,4.93,Beta Lactamase,single protein format
CHEMBL1322893,COc1ccccc1-c1csc(-n2ncc(C#N)c2N)n1,>,59640.0,nM,IC50,,Beta Lactamase,single protein format
CHEMBL1492044,CC(=O)Oc1ccc2c(c1)Oc1cc(OC(C)=O)ccc1C21OC(=O)c2ccccc21,=,39757.0,nM,IC50,4.40,Beta Lactamase,single protein format
CHEMBL1502551,CCN(CC)c1ccc2cc(C(=O)NCc3ccc(F)cc3)c(=N)oc2c1,>,59640.0,nM,IC50,,Beta Lactamase,single protein format
CHEMBL1991136,CN(/N=C/c1ccc(N(C)C)cc1)C1=NS(=O)(=O)c2ccccc21,=,14965.0,nM,IC50,4.83,Beta Lactamase,single protein format
CHEMBL1431610,O=c1cc(C(F)(F)F)c2cc3c4c(c2o1)CCCN4CCC3,=,22065.0,nM,IC50,4.66,Beta Lactamase,single protein format
CHEMBL1583960,CCN(CC)c1ccc2cc(C=O)c(=O)oc2c1,=,38774.0,nM,IC50,4.41,Beta Lactamase,single protein format
CHEMBL1583872,N#CC(C#N)=C1C=C2C=C(N3CCCCC3)CCC2CC1,=,2331.0,nM,IC50,5.63,Beta Lactamase,single protein format
CHEMBL1510317,O=C1CCN2C=Nc3cccc4ccc1c2c34,=,9219.0,nM,IC50,5.04,Beta Lactamase,single protein format
CHEMBL1557243,CC(C)n1cc(/C=C/c2cc[n+](C)cc2)c2ccccc21.[I-],=,29038.0,nM,IC50,4.54,Beta Lactamase,single protein format
CHEMBL1446754,CCn1c(=S)sc2c(=O)n(CC(=O)Nc3ccccc3C(F)(F)F)c(C)nc21,>,59640.0,nM,IC50,,Beta Lactamase,single protein format
CHEMBL1606773,CCOc1cc2c(cc1/C=C/c1noc(C)c1[N+](=O)[O-])OC(C)C2,>,59640.0,nM,IC50,,Beta Lactamase,single protein format
CHEMBL1490312,CN1C(=O)/C(=C\c2ccc(N(C)C)cc2)OC1=S,>,59640.0,nM,IC50,,Beta Lactamase,single protein format
CHEMBL1331195,CN(C)/C=C1\C=C2C(=O)c3ccccc3N2C1=O,=,894.28,nM,IC50,6.05,Beta Lactamase,single protein format
CHEMBL1557268,CCOC(=O)c1c2c3c(cccc3n(C)c1=O)C(=O)c1ccccc1-2,=,53721.0,nM,IC50,4.27,Beta Lactamase,single protein format
CHEMBL1432003,CCCCC(Sc1nc(N)c(NC(=O)c2ccco2)c(O)n1)C(=O)O,>,59640.0,nM,IC50,,Beta Lactamase,single protein format
CHEMBL1320566,Cc1ccc2[nH]cc(/C=C/c3cc[n+](C)cc3)c2c1.[I-],=,25802.0,nM,IC50,4.59,Beta Lactamase,single protein format
CHEMBL1513792,Cc1ccc(Cn2c(C(C)Nc3nc(-c4ccc(C)cc4)cs3)nc3cc(Cl)c(Cl)cc32)cc1,=,25174.0,nM,IC50,4.60,Beta Lactamase,single protein format
CHEMBL1510658,CC(=O)N(c1cccc(C)c1)C1SC(=O)N(c2ccccc2)C1=O,=,54293.0,nM,IC50,4.26,Beta Lactamase,single protein format
CHEMBL1392848,Nc1ccc(-c2c3ccc(=O)cc-3oc3cc(O)ccc23)cc1C(=O)O,=,4473.0,nM,IC50,5.35,Beta Lactamase,single protein format
CHEMBL1332522,CCCCN(C)C1=CC2=CC(=C(C#N)C#N)CCC2CC1,=,4065.0,nM,IC50,5.39,Beta Lactamase,single protein format
CHEMBL1538987,CC(C)(C)c1ccc(-c2c(C(=O)O)c(C(=O)O)c3n2CSC3)cc1,=,30576.0,nM,IC50,4.51,Beta Lactamase,single protein format
CHEMBL1439847,Cc1nn(-c2ccccc2)c(Cl)c1/C=C(\CC(=O)O)c1nc2ccccc2s1,=,9264.0,nM,IC50,5.03,Beta Lactamase,single protein format
CHEMBL1415476,CCCCCCn1c(=O)[nH]c2nc3cc(N)ccc3nc2c1=O,=,52496.0,nM,IC50,4.28,Beta Lactamase,single protein format
CHEMBL1463795,CN1CCN(C2=CC3=CC(=C(C#N)C#N)CCC3CC2)CC1,=,2998.0,nM,IC50,5.52,Beta Lactamase,single protein format
CHEMBL533293,CCN1/C(=C/C=C/c2oc3ccc4ccccc4c3[n+]2CC)Oc2ccc3ccccc3c21.Cc1ccc(S(=O)(=O)[O-])cc1,>,59640.0,nM,IC50,,Beta Lactamase,single protein format
CHEMBL1607380,COc1ccc(/C=C2\CCCc3c2nc2ccccc2c3C(=O)O)cc1OC,=,56050.0,nM,IC50,4.25,Beta Lactamase,single protein format
CHEMBL2003304,CC/N=C1\C(=O)N(C)c2cccc3c(O)c4ccccc4c1c23,=,4927.0,nM,IC50,5.31,Beta Lactamase,single protein format
CHEMBL1500251,Nc1cccc(N2C(=O)c3cccc4c(N)ccc(c34)C2=O)c1,=,26152.0,nM,IC50,4.58,Beta Lactamase,single protein format
CHEMBL1472131,CCCCNc1ccc2c3c(cccc13)C(=O)N(CCCC)C2=O,=,25944.0,nM,IC50,4.59,Beta Lactamase,single protein format
CHEMBL1372738,CCOc1ccc(-c2cc(C(=O)NCCCn3ccnc3)c3cc(Br)ccc3n2)cc1,>,59640.0,nM,IC50,,Beta Lactamase,single protein format
CHEMBL374632,CCN(CC)c1ccc2cc(-c3nc4ccccc4[nH]3)c(=O)oc2c1,=,2728.0,nM,IC50,5.56,Beta Lactamase,single protein format
CHEMBL1523652,Oc1ccc2ccccc2c1-c1sc(Nc2ccccc2)n[n+]1-c1ccc(F)cc1.[Cl-],=,31979.0,nM,IC50,4.50,Beta Lactamase,single protein format
CHEMBL1315955,COC(=O)c1sccc1NC(=O)c1ccc(C#N)cc1,>,59640.0,nM,IC50,,Beta Lactamase,single protein format
CHEMBL1542877,N=C1/C(=C\c2coc3ccccc3c2=O)C(=O)N=C2SC=CN12,=,25498.0,nM,IC50,4.59,Beta Lactamase,single protein format
CHEMBL1425421,Cc1cc(OCc2cc(C(=O)O)oc2C)c2c3c(c(=O)oc2c1)CCCC3,=,582.0,nM,IC50,6.24,Beta Lactamase,single protein format
CHEMBL1591156,Cc1cc(=O)oc2c3c(cc(OCC(=O)N4CCC[C@H]4C(=O)O)c12)OC(C)(C)CC3,=,4931.0,nM,IC50,5.31,Beta Lactamase,single protein format
CHEMBL1448093,O=C1Nc2cc(C(=O)N3CCC(N4CCCCC4)CC3)ccc2S/C1=C\c1ccccc1,=,4514.0,nM,IC50,5.34,Beta Lactamase,single protein format
CHEMBL1578600,Oc1nc2c(s1)C(c1cccnc1)C1C3CCC(C3)C1S2,=,33.94,nM,IC50,7.47,Beta Lactamase,single protein format
CHEMBL1447888,COc1ccc2[nH]c(C(=O)O)c(CCN3C(=O)c4ccc(C(=O)O)cc4C3=O)c2c1,=,433.08,nM,IC50,6.36,Beta Lactamase,single protein format
CHEMBL1574794,Cc1c(C)c2ccc(OCC(=O)N3CCC[C@@H]3C(=O)O)c(C)c2oc1=O,=,2089.0,nM,IC50,5.68,Beta Lactamase,single protein format
CHEMBL1346167,O=C(CSc1nnc(NC(=O)c2cccc(F)c2)s1)NCc1ccco1,=,4552.0,nM,IC50,5.34,Beta Lactamase,single protein format
CHEMBL1415903,Sc1nnc(-c2ccccc2)n1C1C=CCCC1,=,4989.0,nM,IC50,5.30,Beta Lactamase,single protein format
CHEMBL3194647,O=[N+]([O-])c1ccccc1/C=C/C=N/n1c(S)nnc1-c1ccccc1F,>,6627.0,nM,IC50,,Beta Lactamase,single protein format
CHEMBL1358969,O=C(CSc1nnc(NC(=O)C2CC2)s1)NCc1ccccc1Cl,=,4623.0,nM,IC50,5.33,Beta Lactamase,single protein format
CHEMBL1422515,CC1CCCC(C)N1C(=O)CSc1nnc(NC(=O)c2cccs2)s1,=,3920.0,nM,IC50,5.41,Beta Lactamase,single protein format
CHEMBL1596878,CC1=C(C(=O)O)N2C(=O)C(NC(=O)c3nn(C)cc3[N+](=O)[O-])C2SC1,=,8541.0,nM,IC50,5.07,Beta Lactamase,single protein format
CHEMBL1378904,O=C(CSc1nnc(NC(=O)c2ccccc2[N+](=O)[O-])s1)NCc1ccco1,=,2621.0,nM,IC50,5.58,Beta Lactamase,single protein format
CHEMBL1464897,CCCn1c(S)nnc1C(C)C,=,3476.0,nM,IC50,5.46,Beta Lactamase,single protein format
CHEMBL1373572,COc1ccc(-c2cc(C(F)(F)F)nc(N3CCN(C)CC3)n2)cc1,>,59640.0,nM,IC50,,Beta Lactamase,single protein format
CHEMBL1445447,Sc1nnc(C2CC2)n1Cc1ccco1,=,3761.0,nM,IC50,5.42,Beta Lactamase,single protein format
CHEMBL1299716,Cc1n[nH]c(C)c1CCCCOc1ccc([N+](=O)[O-])cc1,=,5256.0,nM,IC50,5.28,Beta Lactamase,single protein format
CHEMBL1555759,CCCc1cc(=O)oc2c3c(cc(OCC(=O)N[C@@H](C)C(=O)O)c12)OC(C)(C)CC3,=,6969.0,nM,IC50,5.16,Beta Lactamase,single protein format
CHEMBL1540042,CCCCn1c(S)nnc1-c1ccoc1C,=,4246.0,nM,IC50,5.37,Beta Lactamase,single protein format
CHEMBL1438203,Cc1ccc(-c2c(C(=O)O)c(C(=O)O)c3n2CSC3)cc1,=,2953.0,nM,IC50,5.53,Beta Lactamase,single protein format
CHEMBL1558250,CCCCn1c(S)nnc1-c1nn(C)c(C)c1Cl,=,1993.0,nM,IC50,5.70,Beta Lactamase,single protein format
CHEMBL1554968,Cc1cc(OCC(=O)N2CCC[C@@H]2C(=O)O)c2c(C)c(C)c(=O)oc2c1,=,5308.0,nM,IC50,5.28,Beta Lactamase,single protein format
CHEMBL1324305,Cc1c(Cl)c(-c2nnc(S)n2-c2ccc(F)cc2)nn1C,=,6248.0,nM,IC50,5.20,Beta Lactamase,single protein format
CHEMBL1379746,O=C(c1ccco1)N1N=C(c2ccc(Cl)cc2)CC1c1ccco1,=,1606.0,nM,IC50,5.79,Beta Lactamase,single protein format
CHEMBL1401466,O=C(C1=C(O)C(=O)N(Cc2cccnc2)C1c1ccccn1)c1ccccc1,=,2170.0,nM,IC50,5.66,Beta Lactamase,single protein format
CHEMBL1376656,O=C(CSc1nnc(NC(=O)c2ccccc2)s1)NCc1ccco1,=,4627.0,nM,IC50,5.33,Beta Lactamase,single protein format
CHEMBL1389969,Sc1nnc(-c2ccco2)n1Cc1ccccc1,=,3514.0,nM,IC50,5.45,Beta Lactamase,single protein format
CHEMBL1452412,Sc1nnc(-c2ccccc2)n1Cc1ccccc1,=,8303.0,nM,IC50,5.08,Beta Lactamase,single protein format
CHEMBL1419367,C=CCn1c(S)nnc1C1CC1,=,8364.0,nM,IC50,5.08,Beta Lactamase,single protein format
CHEMBL1445684,Sc1nnc(-c2ccc3ccccc3n2)n1-c1ccc2c(c1)OCCO2,=,7921.0,nM,IC50,5.10,Beta Lactamase,single protein format
CHEMBL1340014,O=c1c2ccccc2cnn1Cc1nnc(S)n1C1CC2CCC1C2,=,9662.0,nM,IC50,5.01,Beta Lactamase,single protein format
CHEMBL1390220,CC(C)Cn1c(S)nnc1-c1ccco1,=,4368.0,nM,IC50,5.36,Beta Lactamase,single protein format
CHEMBL1455265,O=C(O)c1c(C(=O)O)c(-c2ccc(Br)cc2)n2c1CSC2,=,1508.0,nM,IC50,5.82,Beta Lactamase,single protein format
CHEMBL1516970,Sc1nnc(-c2cccs2)n1C1CCCCC1,=,1310.0,nM,IC50,5.88,Beta Lactamase,single protein format
CHEMBL3190779,CN(C)S(=O)(=O)c1cccc(NC(=S)N/N=C/C2CC=CCC2)c1,=,334.63,nM,IC50,6.47,Beta Lactamase,single protein format
CHEMBL1498006,CC(C)(C)C(=O)Nc1nnc(CSCc2ccccc2F)s1,=,1964.0,nM,IC50,5.71,Beta Lactamase,single protein format
CHEMBL1573007,O=[N+]([O-])c1ccc(-c2ccccc2)c([As](=O)(O)O)c1,=,244.79,nM,IC50,6.61,Beta Lactamase,single protein format
CHEMBL1458632,NC(=O)SCC(=O)Nc1ccccc1C(=O)O,=,5267.0,nM,IC50,5.28,Beta Lactamase,single protein format
CHEMBL1603777,CCOC(=O)c1[nH]c(C(=O)O)c(CCC(=O)OC)c1C,=,4995.0,nM,IC50,5.30,Beta Lactamase,single protein format
CHEMBL3194162,O=C(O)c1cccc(NC(=S)N/N=C/c2ccccc2OCc2cccc(Br)c2)c1,=,1161.0,nM,IC50,5.93,Beta Lactamase,single protein format
CHEMBL1435494,Cc1cc(=O)oc2c3c(cc(OCC(=O)N[C@@H](Cc4ccccc4)C(=O)O)c12)OC(C)(C)CC3,=,7509.0,nM,IC50,5.12,Beta Lactamase,single protein format
CHEMBL1527705,Oc1nc(SCc2nnc(S)n2-c2ccccc2)nc2sc3c(c12)CCC3,=,4204.0,nM,IC50,5.38,Beta Lactamase,single protein format
CHEMBL3196601,O=C(O)COc1ccccc1/C=N/n1c(S)nnc1C1CCCCC1,=,8619.0,nM,IC50,5.07,Beta Lactamase,single protein format
CHEMBL1579462,O=C(O)/C=C/c1nnc2c3ccccc3cnn12,=,4442.0,nM,IC50,5.35,Beta Lactamase,single protein format
CHEMBL3213100,COc1cc(OC)c(OC)cc1/C=N/NC(=O)CC1C(=O)NN=C1C,=,1460.0,nM,IC50,5.84,Beta Lactamase,single protein format
CHEMBL1368761,COc1cc2c(cc1OC)C(C)N(C(=O)c1nccnc1C(=O)O)CC2,=,5735.0,nM,IC50,5.24,Beta Lactamase,single protein format
CHEMBL1455686,CCn1c(S)nnc1-c1nn(-c2ccccc2)ccc1=O,=,8569.0,nM,IC50,5.07,Beta Lactamase,single protein format
CHEMBL1469441,O=C(O)c1[nH]c2ccc(Br)cc2c1CCN1C(=O)c2cccc([N+](=O)[O-])c2C1=O,=,716.0,nM,IC50,6.14,Beta Lactamase,single protein format
CHEMBL1492629,Cc1ccc(S(=O)(=O)n2[nH]c(=O)cc2NC(=O)c2cccs2)cc1,=,120.18,nM,IC50,6.92,Beta Lactamase,single protein format
CHEMBL1410338,Cc1ccc(-c2nnc(S)n2-c2ccccc2)cc1,=,10063.0,nM,IC50,5.00,Beta Lactamase,single protein format
CHEMBL1534296,O=C(O)c1ccccc1Sc1ncnc2sc3c(c12)CCC3,=,3910.0,nM,IC50,5.41,Beta Lactamase,single protein format
CHEMBL3191768,COc1ccc(OC)c(/C=N/NC(=O)CC2C(=O)NN=C2C)c1,=,2131.0,nM,IC50,5.67,Beta Lactamase,single protein format
CHEMBL1391244,CC(C)(C)c1ccc(-c2nnc(S)n2CCCN2CCOCC2)cc1,=,6728.0,nM,IC50,5.17,Beta Lactamase,single protein format
CHEMBL1597507,O=C(CCN1C(=O)/C(=C/c2ccccc2F)SC1=S)NCCCn1ccnc1,=,4494.0,nM,IC50,5.35,Beta Lactamase,single protein format
CHEMBL1414554,O=P(O)(O)c1ccccc1OCCCCCOc1ccccc1P(=O)(O)O,=,862.0,nM,IC50,6.06,Beta Lactamase,single protein format
CHEMBL1423602,CSC[C@H](NC(=O)COc1cc2c(c3oc(=O)c(C)c(C)c13)CCC(C)(C)O2)C(=O)O,=,4210.0,nM,IC50,5.38,Beta Lactamase,single protein format
CHEMBL3197536,CCc1nnc(S)n1/N=C/c1ccc(NC(C)=O)cc1,=,2078.0,nM,IC50,5.68,Beta Lactamase,single protein format
CHEMBL1556501,CCOC(=O)N=S(N)(=O)c1ccccc1,=,4848.0,nM,IC50,5.31,Beta Lactamase,single protein format
CHEMBL1548211,COc1ccccc1C(=O)Nc1nnc(SCC(=O)NCc2ccco2)s1,=,2608.0,nM,IC50,5.58,Beta Lactamase,single protein format
CHEMBL1541211,COc1ccc(C(=O)C2=C(O)C(=O)N(Cc3ccco3)C2c2cc(OC)ccc2OC)cc1,=,5610.0,nM,IC50,5.25,Beta Lactamase,single protein format
CHEMBL1315870,CCCCc1cc(=O)oc2c3c(cc(OCC(=O)N4CCC[C@H]4C(=O)O)c12)OC(C)(C)CC3,=,8931.0,nM,IC50,5.05,Beta Lactamase,single protein format
CHEMBL3199800,O=[N+]([O-])c1ccccc1/C=N/n1c(S)nnc1C(F)(F)F,=,3120.0,nM,IC50,5.51,Beta Lactamase,single protein format
CHEMBL1537904,O=C(O)CC/C(=C\c1cc([N+](=O)[O-])ccc1Cl)c1nc2ccccc2s1,=,4166.0,nM,IC50,5.38,Beta Lactamase,single protein format
CHEMBL1576713,Cn1c(S)nnc1-c1sccc1OCc1ccc(Cl)cc1Cl,=,774.0,nM,IC50,6.11,Beta Lactamase,single protein format
CHEMBL1532258,COc1cccc(-n2c(S)nnc2CNC(=O)OC(C)(C)C)c1,=,7834.0,nM,IC50,5.11,Beta Lactamase,single protein format
CHEMBL1537972,O=C(CSc1nnc(NC(=O)c2cc(Br)ccc2Cl)s1)NCC1CCCO1,=,5872.0,nM,IC50,5.23,Beta Lactamase,single protein format
CHEMBL1587451,O=C(CSc1nnc(NC(=O)c2c(F)cccc2F)s1)NCc1ccccc1,=,3622.0,nM,IC50,5.44,Beta Lactamase,single protein format
CHEMBL1400031,Fc1ccccc1-c1nnc(S)n1Cc1ccccc1,=,4136.0,nM,IC50,5.38,Beta Lactamase,single protein format
CHEMBL1456096,Sc1nnc(-c2cccs2)n1Cc1ccccc1,=,889.0,nM,IC50,6.05,Beta Lactamase,single protein format
CHEMBL1414683,CC(C)(C)C(=O)Nc1nnc(SCC(=O)NCc2cccs2)s1,=,874.0,nM,IC50,6.06,Beta Lactamase,single protein format
CHEMBL1538097,Cc1ccc(-n2c(S)nnc2-c2nn(C)c(C)c2Cl)cc1,=,3718.0,nM,IC50,5.43,Beta Lactamase,single protein format
CHEMBL1517808,Cc1cccc(C(=O)Nc2nnc(SCC(=O)NCc3ccco3)s2)c1,=,21604.0,nM,IC50,4.67,Beta Lactamase,single protein format
CHEMBL1556931,Sc1nnc(-c2ccccc2)n1CC1CCCO1,=,4154.0,nM,IC50,5.38,Beta Lactamase,single protein format
CHEMBL1509766,Sc1nnc(C2CC2)n1Cc1ccccc1,=,940.0,nM,IC50,6.03,Beta Lactamase,single protein format
CHEMBL1431288,Cc1cccc(C2c3[nH]c4ccccc4c3CCN2C(=O)c2cc(CC(C)C)nc(O)n2)n1,=,2742.0,nM,IC50,5.56,Beta Lactamase,single protein format
CHEMBL3196939,CCc1nnc(S)n1/N=C/C(C)=C\c1ccccc1,=,332.29,nM,IC50,6.48,Beta Lactamase,single protein format
CHEMBL1463059,Cc1cccc(-n2c(C)nnc2S)c1C,=,8269.0,nM,IC50,5.08,Beta Lactamase,single protein format
CHEMBL1381292,Sc1nnc(Cn2c(-c3ccccn3)nc3ccccc32)n1-c1ccc2c(c1)OCCO2,=,4031.0,nM,IC50,5.39,Beta Lactamase,single protein format
CHEMBL1314447,Cc1c(C)c2c(OCC(=O)N3CCC[C@H]3C(=O)O)cc3c(c2oc1=O)CCC(C)(C)O3,=,525.0,nM,IC50,6.28,Beta Lactamase,single protein format
CHEMBL335619,O=C(O)Cn1cccc1C(=O)c1ccccc1,=,4035.0,nM,IC50,5.39,Beta Lactamase,single protein format
CHEMBL1371432,COCC(C)NC(=O)c1cc2cccc([N+](=O)[O-])c2[nH]1,=,6150.0,nM,IC50,5.21,Beta Lactamase,single protein format
CHEMBL1549144,CC(C)(C)CC(=O)Nc1nnc(SCC(=O)NCc2cccs2)s1,=,6641.0,nM,IC50,5.18,Beta Lactamase,single protein format
CHEMBL1431535,O=C1Nc2cc(C(=O)NCCCN3CCOCC3)ccc2S/C1=C/c1ccccc1F,=,17583.0,nM,IC50,4.75,Beta Lactamase,single protein format
CHEMBL1605748,O=C(O)c1ccccc1C(=O)c1cccc2ccccc12,=,3823.0,nM,IC50,5.42,Beta Lactamase,single protein format
CHEMBL1522756,COc1ccccc1-n1c(S)nnc1-c1ccco1,=,5215.0,nM,IC50,5.28,Beta Lactamase,single protein format
CHEMBL1577281,O=P(O)(O)c1ccccc1OCc1ccccc1,=,689.0,nM,IC50,6.16,Beta Lactamase,single protein format
CHEMBL1606520,Cc1ccccc1C(=O)Nc1nnc(SCC(=O)NCc2ccco2)s1,=,1116.0,nM,IC50,5.95,Beta Lactamase,single protein format
CHEMBL1483727,CSc1nc(SCC(=O)O)c2c3c(sc2n1)COC(C)(C)C3,=,5353.0,nM,IC50,5.27,Beta Lactamase,single protein format
CHEMBL1402778,O=C(CSc1nnc(NC(=O)C2CCCCC2)s1)NCc1ccco1,=,2232.0,nM,IC50,5.65,Beta Lactamase,single protein format
CHEMBL1493353,CC(C)(C)c1ccc(COc2ccsc2C(=O)O)cc1,=,5711.0,nM,IC50,5.24,Beta Lactamase,single protein format
CHEMBL1573854,O=C(C1=C(O)C(=O)N(Cc2cccnc2)C1c1ccccn1)c1ccc(F)cc1,=,941.0,nM,IC50,6.03,Beta Lactamase,single protein format
CHEMBL1328086,O=C(O)C1Sc2nc(O)sc2C2c3cc(Cl)ccc3OC(=O)C12,>,59640.0,nM,IC50,,Beta Lactamase,single protein format
CHEMBL1424340,CCN(CC)C(=O)CSc1nc2ccc(NC(=O)CSc3nccn3C)cc2s1,=,3610.0,nM,IC50,5.44,Beta Lactamase,single protein format
CHEMBL1610243,Cc1cc(C(=O)OCC(=O)NC(=O)c2cccn2C)c2ccccc2n1,=,2296.0,nM,IC50,5.64,Beta Lactamase,single protein format
CHEMBL1559733,O=C(C1=C(O)C(=O)N(Cc2cccnc2)C1c1ccccn1)c1cccs1,=,4829.0,nM,IC50,5.32,Beta Lactamase,single protein format
CHEMBL1345175,CC1CCCCC1n1c(S)nnc1-c1cccnc1,=,4046.0,nM,IC50,5.39,Beta Lactamase,single protein format
CHEMBL1557347,CCCCn1c(S)nnc1-c1nn(C)cc1Cl,=,1624.0,nM,IC50,5.79,Beta Lactamase,single protein format
CHEMBL1606872,CCCCn1c(S)nnc1-c1sccc1C,=,961.0,nM,IC50,6.02,Beta Lactamase,single protein format
CHEMBL1538815,C=C(c1cccc2ccccc12)P(=O)(O)O,=,2165.0,nM,IC50,5.67,Beta Lactamase,single protein format
CHEMBL3191623,CC(=C/c1ccccc1)/C=N/n1c(S)nnc1-c1ccncc1,=,3255.0,nM,IC50,5.49,Beta Lactamase,single protein format
CHEMBL1348676,Cc1nn(CCc2nnc(S)n2-c2cccc(Cl)c2)c(C)c1[N+](=O)[O-],=,4310.0,nM,IC50,5.37,Beta Lactamase,single protein format
CHEMBL1584189,Sc1nnc(-c2ccco2)n1-c1cccc2ccccc12,=,3966.0,nM,IC50,5.40,Beta Lactamase,single protein format
CHEMBL1594123,CCCc1cc(=O)oc2c3c(cc(OCC(=O)N4CCC[C@H]4C(=O)O)c12)OC(C)(C)CC3,=,1725.0,nM,IC50,5.76,Beta Lactamase,single protein format
CHEMBL3194164,Oc1c(Br)cc(/C=N/n2c(S)nnc2-c2ccccc2)cc1Br,=,6096.0,nM,IC50,5.21,Beta Lactamase,single protein format
CHEMBL3194460,O=C(O)c1cccc(NC(=S)N/N=C/c2ccccc2OCc2ccc(Br)cc2)c1,=,885.0,nM,IC50,6.05,Beta Lactamase,single protein format
CHEMBL1326008,Cc1c(C)c2c(OCC(=O)N[C@@H](C)C(=O)O)cc3c(c2oc1=O)CCC(C)(C)O3,=,1538.0,nM,IC50,5.81,Beta Lactamase,single protein format
CHEMBL1415221,Cn1c(S)nnc1-c1sccc1OCc1ccccc1,=,1202.0,nM,IC50,5.92,Beta Lactamase,single protein format
CHEMBL1411914,O=Cc1c(O)nc2ccccc2c1NCc1ccc(Cl)cc1,=,9800.0,nM,IC50,5.01,Beta Lactamase,single protein format
CHEMBL1577867,O=C(O)C(NC(=O)c1ccccc1)=C(Cl)Cl,=,7851.0,nM,IC50,5.11,Beta Lactamase,single protein format
CHEMBL1397449,CCc1cc(=O)oc2c(C)c(OCC(=O)N3CCC[C@@H]3C(=O)O)ccc12,=,8963.0,nM,IC50,5.05,Beta Lactamase,single protein format
CHEMBL1550381,CC(=O)c1ccc(-c2ccc(Cn3c(C)nc4cc(N)c(C)nc43)cc2)cc1,=,6285.0,nM,IC50,5.20,Beta Lactamase,single protein format
CHEMBL1442450,Cn1ccnc1SCC(=O)Nc1ccc2nc(SCC(=O)NC3CC3)sc2c1,=,8995.0,nM,IC50,5.05,Beta Lactamase,single protein format
CHEMBL1571964,Cc1c(OCC(=O)N2CCC[C@@H]2C(=O)O)ccc2c3c(c(=O)oc12)CCC3,=,5429.0,nM,IC50,5.26,Beta Lactamase,single protein format
CHEMBL1388851,C=C(C)Cn1c(S)nnc1-c1cccs1,=,1385.0,nM,IC50,5.86,Beta Lactamase,single protein format
CHEMBL1371319,COc1ccc(OC)c(C2C(C(=O)c3ccco3)=C(O)C(=O)N2Cc2cccnc2)c1,=,700.0,nM,IC50,6.16,Beta Lactamase,single protein format
CHEMBL1481755,COCC(=O)Nc1nnc(SCC(=O)NCc2cccs2)s1,=,3623.0,nM,IC50,5.44,Beta Lactamase,single protein format
CHEMBL3193161,CC(=C/c1ccccc1)/C=N/n1c(C)nnc1S,=,2503.0,nM,IC50,5.60,Beta Lactamase,single protein format
CHEMBL1328892,O=C(O)c1[nH]c2ccc(Cl)cc2c1CCN1C(=O)c2ccccc2C1=O,=,373.61,nM,IC50,6.43,Beta Lactamase,single protein format
CHEMBL1345758,COc1ccccc1-c1nnc(S)n1Cc1ccco1,=,6527.0,nM,IC50,5.18,Beta Lactamase,single protein format
CHEMBL1464372,COc1ccc(-c2nnc(S)n2-c2ccc3c(c2)OCCO3)cc1OC,=,2617.0,nM,IC50,5.58,Beta Lactamase,single protein format
CHEMBL1565378,CCCC(=O)Nc1nnc(SCC(=O)NCc2cccs2)s1,=,4684.0,nM,IC50,5.33,Beta Lactamase,single protein format
CHEMBL1551022,Cc1cc(C)n(-c2nc(SCC(=O)O)c3c4c(sc3n2)COC(C)(C)C4)n1,=,9073.0,nM,IC50,5.04,Beta Lactamase,single protein format
CHEMBL1511843,O=C(CSc1nnc(NC(=O)c2ccccc2F)s1)NCc1ccc(F)cc1,=,3653.0,nM,IC50,5.44,Beta Lactamase,single protein format
CHEMBL1342574,Cc1ccc(NN2C(=O)C=C(c3ccccc3)C2=O)cc1,,28689.0,nM,IC50,,Beta Lactamase,cell-based format
CHEMBL1539486,CCOC(=O)c1ccc(NC(=O)Nc2ccon2)cc1,,49716.0,nM,IC50,,Beta Lactamase,cell-based format
CHEMBL1587764,Cc1ccccc1N1C(=O)CC(Sc2nnc(-c3ccccc3)o2)C1=O,,12702.0,nM,IC50,,Beta Lactamase,cell-based format
CHEMBL1418341,Cc1cccc2sc(N(CCCN(C)C)C(=O)CCS(=O)(=O)c3ccccc3)nc12,,49751.0,nM,IC50,,Beta Lactamase,cell-based format
CHEMBL1539520,COc1ccc(C(=O)/C=C/C(=O)N(CC(=O)NC2CCCCC2)Cc2cccs2)c(O)c1,,24738.0,nM,IC50,,Beta Lactamase,cell-based format
CHEMBL2130584,CCOC(=O)[C@]12Cc3ccc(C)cc3[C@H]1N(C1CCCCC1)C(=O)c1ccccc12,,19985.0,nM,IC50,,Beta Lactamase,cell-based format
CHEMBL2130621,CCOC(=O)[C@]12Cc3ccccc3[C@H]1N(C1CCCCC1)C(=O)c1cc(OC)ccc12,,47982.0,nM,IC50,,Beta Lactamase,cell-based format
CHEMBL1497139,N#CC(C#N)=C1C=CC=CN1/C(=C\c1ccco1)C(=O)c1ccc(Br)cc1,,44714.0,nM,IC50,,Beta Lactamase,cell-based format
CHEMBL1485865,COC(=O)c1ccc2c(c1)C(C)(C)C(/C=C/c1ccc(OC)c(OC)c1OC)=[N+]2C.[I-],,39105.0,nM,IC50,,Beta Lactamase,cell-based format
CHEMBL1717890,O=C(NC1=CC(=O)c2ccccc2C1=O)c1ccccc1,,49836.0,nM,IC50,,Beta Lactamase,cell-based format
CHEMBL1610025,CCC(=O)OCCNc1cc(Sc2nc3ccccc3s2)c2nonc2c1[N+](=O)[O-],,12151.0,nM,IC50,,Beta Lactamase,cell-based format
CHEMBL1521425,N#Cc1ccccc1Cn1cc(/C=C/[N+](=O)[O-])c2ccccc21,,24403.0,nM,IC50,,Beta Lactamase,cell-based format
CHEMBL1518934,N#Cc1cccc(NC(=O)COC(=O)c2ccccc2C(=O)c2ccc(Cl)c([N+](=O)[O-])c2)c1,,49761.0,nM,IC50,,Beta Lactamase,cell-based format
CHEMBL1406130,O=c1c2cc(F)ccc2sn1-c1ccccc1,,23716.0,nM,IC50,,Beta Lactamase,cell-based format
CHEMBL1708074,COC(=O)C1=C(C(=O)OC)SC2(S1)C(C(=O)OC)=C(C(=O)OC)Sc1c2ssc1=O,,14114.0,nM,IC50,,Beta Lactamase,cell-based format
CHEMBL1428935,N#CC(C#N)=C1C=CC=CN1/C(=C\c1ccco1)C(=O)c1ccc(Cl)cc1,,45884.0,nM,IC50,,Beta Lactamase,cell-based format
CHEMBL1319018,CN1CCN(c2ccc(S(=O)(=O)N3CCCCC3)cc2NC(=O)/C=C/c2ccc(Cl)c([N+](=O)[O-])c2)CC1,,49756.0,nM,IC50,,Beta Lactamase,cell-based format
CHEMBL1477197,COCCN(CC(=O)NC1CCCCC1)C(=O)/C=C/C(=O)c1ccc(OC)cc1O,,17821.0,nM,IC50,,Beta Lactamase,cell-based format
CHEMBL1967436,CCCCCOc1ccc(Br)cc1/C(C)=N/NC1=NCCN1,,49756.0,nM,IC50,,Beta Lactamase,cell-based format
CHEMBL1967952,CCN(CC)CCN1C(=O)/C(=C\c2ccc(Cl)c([N+](=O)[O-])c2)S/C1=N\c1ccc(OC)cc1,,49741.0,nM,IC50,,Beta Lactamase,cell-based format
CHEMBL2373614,CC1=C(CO)C(=O)OC([C@@H](C)C2CC[C@H]3C4C[C@H]5O[C@]56[C@@H](O)C=CC(=O)[C@]6(C)C4CC[C@]23C)C1,,49766.0,nM,IC50,,Beta Lactamase,cell-based format
CHEMBL1967856,CS(=O)(=O)c1ccc(C(=O)OCC(=O)N2CCN(CCC3CCCCC3)CC2)cc1[N+](=O)[O-].O=C(O)C(F)(F)F,,11645.0,nM,IC50,,Beta Lactamase,cell-based format
CHEMBL1411388,CC(=O)Nc1ccc(S(=O)(=O)N2c3ccccc3C(C)=CC2(C)C)cc1,,49744.0,nM,IC50,,Beta Lactamase,cell-based format
CHEMBL1613445,CCc1ccc2nc(N(CCCN(C)C)C(=O)c3ccc(S(=O)(=O)N4CCc5ccccc5C4)cc3)sc2c1.Cl,,49746.0,nM,IC50,,Beta Lactamase,cell-based format
CHEMBL1474947,O=C(Cn1ncc(Cl)c(Cl)c1=O)Nc1ccc2c(c1)OCO2,,49741.0,nM,IC50,,Beta Lactamase,cell-based format
CHEMBL1535938,COc1ccc(CC2=CC(=O)c3ccccc3C2=O)cc1,,49748.0,nM,IC50,,Beta Lactamase,cell-based format
CHEMBL2130991,CCOC(=O)[C@]12Cc3ccc(C)cc3[C@H]1N(C1CCCCC1)C(=O)c1cc(OC)ccc12,,19115.0,nM,IC50,,Beta Lactamase,cell-based format
CHEMBL1698845,CCN(CC)c1ccc(C(=C2C=CC(=[N+](CC)CC)C=C2)c2ccc(N(CC)CC)cc2)cc1.[Cl-],,10805.0,nM,IC50,,Beta Lactamase,cell-based format
CHEMBL1723607,O=C(Cn1sc2ccccc2c1=O)Nc1ccc(Br)cc1,,49766.0,nM,IC50,,Beta Lactamase,cell-based format
CHEMBL1864580,O=c1ccc2ccccc2c2ccccc12,,49806.0,nM,IC50,,Beta Lactamase,cell-based format
CHEMBL2134789,CCOC(=O)[C@]12Cc3cc(Cl)ccc3[C@H]1N(C1CCCCC1)C(=O)c1cc(OC)ccc12,,16809.0,nM,IC50,,Beta Lactamase,cell-based format
CHEMBL1504283,O=C(Nc1ccc(F)cc1)c1nn(-c2ccccc2)c(=O)cc1Cl,,49751.0,nM,IC50,,Beta Lactamase,cell-based format
CHEMBL1864760,C#CCN(C[C@@H]1[C@@H](OC(=O)NCc2ccccc2F)[C@@H](OC(=O)NCc2ccccc2F)Cn2c(=O)ccc(=O)n21)S(=O)(=O)c1ccc(C)cc1,,49741.0,nM,IC50,,Beta Lactamase,cell-based format
CHEMBL1709419,O=C(Cn1sc2ccccc2c1=O)Nc1ccc(F)cc1,,19343.0,nM,IC50,,Beta Lactamase,cell-based format
CHEMBL1464798,Cc1cccc(CS(=O)(=O)c2ncc(Cl)c(C(=O)NCc3ccc4c(c3)OCO4)n2)c1,,21147.0,nM,IC50,,Beta Lactamase,cell-based format
CHEMBL607553,Cc1cccc(-n2ncc(Cl)c(Cl)c2=O)c1,,49801.0,nM,IC50,,Beta Lactamase,cell-based format
CHEMBL1531245,CCCCn1c(=O)[nH]c(=O)c2c1nc(Cn1ncc(Cl)c(Cl)c1=O)n2CCC,,49751.0,nM,IC50,,Beta Lactamase,cell-based format
CHEMBL1346587,COc1ccc(-c2cc(N)n(S(=O)(=O)c3c(F)c(F)c(F)c(F)c3F)n2)cc1OC,,34276.0,nM,IC50,,Beta Lactamase,cell-based format
CHEMBL1361740,CCn1nc(C)cc1-c1nnc(Sc2ncc([N+](=O)[O-])s2)n1C,,49796.0,nM,IC50,,Beta Lactamase,cell-based format
CHEMBL1973156,O=C(/C=C1\C(=O)Nc2ccccc21)/C=C1\C(=O)Nc2ccccc21,,28601.0,nM,IC50,,Beta Lactamase,cell-based format
CHEMBL1443188,CN(CC(=O)Nc1ccccc1Cl)C(=O)COC(=O)c1nc(Cl)c(Cl)c(Cl)c1Cl,,49751.0,nM,IC50,,Beta Lactamase,cell-based format
CHEMBL1361913,O=C(c1ccccc1)c1ccccc1N1C(=O)C=CC1=O,,15543.0,nM,IC50,,Beta Lactamase,cell-based format
CHEMBL1585742,O=C(NCc1ccc2c(c1)OCO2)c1nc(S(=O)(=O)Cc2ccccc2)ncc1Cl,,32535.0,nM,IC50,,Beta Lactamase,cell-based format
CHEMBL1343392,Cc1ccc(C(=O)OCn2ncc(Cl)c(Cl)c2=O)cc1,,49748.0,nM,IC50,,Beta Lactamase,cell-based format
CHEMBL327502,COc1ccc(-n2sc3ccccc3c2=O)cc1,,27039.0,nM,IC50,,Beta Lactamase,cell-based format
CHEMBL1700000,Cn1cnc([N+](=O)[O-])c1S(=O)(=O)Oc1cccc2ccccc12,,49740.0,nM,IC50,,Beta Lactamase,cell-based format
CHEMBL508338,,,18297.0,nM,IC50,,Beta Lactamase,cell-based format
CHEMBL1974389,CC1=C(C)/C(=N\OS(=O)(=O)c2ccc(C)cc2)C=CC1=O,,31009.0,nM,IC50,,Beta Lactamase,cell-based format
CHEMBL1397665,Clc1nssc1=Nc1nncs1,,49761.0,nM,IC50,,Beta Lactamase,cell-based format
CHEMBL1710136,Cc1cc2[nH]c3c4ccccc4nc(C)c3c2cc1C,,23631.0,nM,IC50,,Beta Lactamase,cell-based format
CHEMBL1333510,O=C(Nc1ccccc1)c1nnsc1S(=O)(=O)c1ccc(Cl)cc1,,18824.0,nM,IC50,,Beta Lactamase,cell-based format
CHEMBL509617,CC1CC(C)(O)CC(C(O)CC2CC(=O)NC(=O)C2)C1=O,,49685.0,nM,IC50,,Beta Lactamase,cell-based format
CHEMBL1508121,O=C1C=C(c2ccccc2)C(=O)N1Nc1ccccc1,,18676.0,nM,IC50,,Beta Lactamase,cell-based format
CHEMBL1579152,N#CC(C#N)=C1C=CC=CN1/C(=C\c1ccco1)C(=O)c1ccc(-c2ccccc2)cc1,,49771.0,nM,IC50,,Beta Lactamase,cell-based format
CHEMBL1700347,CC1=CC2OC3CC4OC(=O)C=CC=CC(=O)OCCC(C)C(O)C(=O)OCC2(CC1O)C4(C)C31CO1,,49729.0,nM,IC50,,Beta Lactamase,cell-based format
CHEMBL1897634,C=C1C(=O)[C@]23C[C@H]1CCC2[C@@]1(C)C(C[C@@H]3O)[C@](C)(C(=O)OC)CC[C@@H]1O,,24182.0,nM,IC50,,Beta Lactamase,cell-based format
CHEMBL213580,COc1ccc([N+](=O)[O-])c(S(=O)(=O)c2ccccc2)n1,,49742.0,nM,IC50,,Beta Lactamase,cell-based format
CHEMBL1720128,Cc1ccc(NC(=O)Cn2sc3ccccc3c2=O)cc1,,17668.0,nM,IC50,,Beta Lactamase,cell-based format
CHEMBL1465409,CCC(=O)Nc1ccc(C(=O)Cn2ncc(Cl)c(Cl)c2=O)cc1,,49742.0,nM,IC50,,Beta Lactamase,cell-based format
CHEMBL1317758,COc1ccc(OC)c2sc(N(CCCN(C)C)C(=O)CCS(=O)(=O)c3ccccc3)nc12.Cl,,32077.0,nM,IC50,,Beta Lactamase,cell-based format
CHEMBL1450616,O=C1CC(Sc2nnnn2-c2ccccc2)C(=O)N1c1cccc(Cl)c1,,12637.0,nM,IC50,,Beta Lactamase,cell-based format
CHEMBL1710429,Cc1[nH]c2ccccc2c1C1=CC(=O)C=CC1=O,,19927.0,nM,IC50,,Beta Lactamase,cell-based format
CHEMBL1306900,COc1cccc2sc(N(CCCN(C)C)C(=O)CCS(=O)(=O)c3ccccc3)nc12,,17165.0,nM,IC50,,Beta Lactamase,cell-based format
CHEMBL1710471,Cl.O=C1/C(=C/c2ccccc2)CN(C(=O)CCN2CCOCC2)C/C1=C\c1ccccc1,,49687.0,nM,IC50,,Beta Lactamase,cell-based format
CHEMBL1468847,O=C(Cn1ncc(Cl)c(Cl)c1=O)c1ccc(Cl)cc1,,49756.0,nM,IC50,,Beta Lactamase,cell-based format
CHEMBL1531308,O=C(C#Cc1ccccc1)c1ccco1,,49761.0,nM,IC50,,Beta Lactamase,cell-based format
CHEMBL1310644,Cc1cc(N2CCOCC2)ccc1/C=C\[N+](=O)[O-],,49708.0,nM,IC50,,Beta Lactamase,cell-based format
CHEMBL1719994,Cl.O=C1/C(=C\c2ccc(Cl)c(Cl)c2)CN(C(=O)CCN2CCOCC2)C/C1=C/c1ccc(Cl)c(Cl)c1,,31412.0,nM,IC50,,Beta Lactamase,cell-based format
CHEMBL1572920,CC(=O)N1CCN(c2ccc(NC(=O)c3ccc([N+](=O)[O-])o3)cc2Cl)CC1,,49756.0,nM,IC50,,Beta Lactamase,cell-based format
CHEMBL1566706,O=[N+]([O-])/C=C/c1cn(Cc2ccc(Cl)cc2)c2ccccc12,,49743.0,nM,IC50,,Beta Lactamase,cell-based format
CHEMBL1465592,CC(C)(C)C(=O)/C(=C\c1cccc([N+](=O)[O-])c1)n1cncn1,,49750.0,nM,IC50,,Beta Lactamase,cell-based format
CHEMBL1710798,CC(=O)Nc1ccc2sn(-c3ccccc3)c(=O)c2c1,,23425.0,nM,IC50,,Beta Lactamase,cell-based format
CHEMBL1453089,O=[N+]([O-])/C=C/c1ccc2c(ccn2Cc2ccccc2)c1,,30013.0,nM,IC50,,Beta Lactamase,cell-based format
CHEMBL1458726,Cc1cc(SC#N)cc(C)c1NC(=O)CCl,,49743.0,nM,IC50,,Beta Lactamase,cell-based format
CHEMBL1606613,COc1ccccc1-c1cc(C(F)(F)F)nc(S(C)(=O)=O)n1,,49751.0,nM,IC50,,Beta Lactamase,cell-based format
CHEMBL1878035,O=C1C(=C(c2ccccc2)N2CCOCC2)Cc2ccccc21,,49791.0,nM,IC50,,Beta Lactamase,cell-based format
CHEMBL1720897,CN(C)CCC(=O)N1C/C(=C/c2ccccc2)C(=O)/C(=C\c2ccccc2)C1.Cl,,49681.0,nM,IC50,,Beta Lactamase,cell-based format
CHEMBL1586425,CNC(=O)c1nnsc1S(=O)(=O)c1ccc(Cl)cc1,,11345.0,nM,IC50,,Beta Lactamase,cell-based format
CHEMBL1319618,O=c1c(Cl)c(Cl)cnn1Cc1nnc(-c2ccccc2Br)o1,,49756.0,nM,IC50,,Beta Lactamase,cell-based format
CHEMBL1573201,O=[N+]([O-])/C=C\c1ccc(N2CCOCC2)cc1,,49771.0,nM,IC50,,Beta Lactamase,cell-based format
CHEMBL2139295,CCOC(=O)[C@]12Cc3cc(C)ccc3[C@H]1N(C1CCCCC1)C(=O)c1ccccc12,,38995.0,nM,IC50,,Beta Lactamase,cell-based format
CHEMBL1867341,O=[N+]([O-])c1ccc(Sc2ccncn2)c([N+](=O)[O-])c1,,49722.0,nM,IC50,,Beta Lactamase,cell-based format
CHEMBL1441181,CNC(=O)COC(=O)c1ccccc1C(=O)c1ccc(Cl)c([N+](=O)[O-])c1,,49735.0,nM,IC50,,Beta Lactamase,cell-based format
CHEMBL1720734,C=CC(=O)N1C/C(=C/c2ccc(Cl)cc2)C(=O)/C(=C\c2ccc(Cl)cc2)C1,,49756.0,nM,IC50,,Beta Lactamase,cell-based format
CHEMBL1517381,O=C(NCCN1C(=O)S/C(=C\c2ccc(Cl)c([N+](=O)[O-])c2)C1=O)C1=COCCO1,,49756.0,nM,IC50,,Beta Lactamase,cell-based format
CHEMBL1303914,COc1ccc(C2=CC(=O)N(Nc3ccccc3)C2=O)cc1,,49781.0,nM,IC50,,Beta Lactamase,cell-based format
CHEMBL1566835,COc1cc2c(cc1/C=C/[N+](=O)[O-])OCO2,,49710.0,nM,IC50,,Beta Lactamase,cell-based format
CHEMBL1981797,CC1=CC(=O)C(C(C)C)=C/C1=N/OS(=O)(=O)c1ccccc1,,49756.0,nM,IC50,,Beta Lactamase,cell-based format
CHEMBL1364723,CC1=C(C)C[S+]([O-])N(S(=O)(=O)c2ccc(Cl)cc2)C1,,25756.0,nM,IC50,,Beta Lactamase,cell-based format
CHEMBL1544131,Cc1ccc(-n2ncc(Br)c(Br)c2=O)cc1,,49746.0,nM,IC50,,Beta Lactamase,cell-based format
CHEMBL1731017,CCN(CC)CCC(=O)N1C/C(=C/c2ccccc2)C(=O)/C(=C\c2ccccc2)C1.Cl,,49781.0,nM,IC50,,Beta Lactamase,cell-based format
CHEMBL1702031,CC(C)(C)NCC(=Cc1ccccc1)C(=O)c1ccccc1,,49851.0,nM,IC50,,Beta Lactamase,cell-based format
CHEMBL610198,O=c1c(Cl)c(Cl)cnn1-c1ccccc1,,49747.0,nM,IC50,,Beta Lactamase,cell-based format
CHEMBL1878940,N#CC1c2ccccc2-n2nncc2CN1Cc1cc(Cl)cc(Cl)c1,,49751.0,nM,IC50,,Beta Lactamase,cell-based format
CHEMBL1730870,CC(=O)Oc1ccccc1C(=O)C=Cc1cccc([N+](=O)[O-])c1,,49730.0,nM,IC50,,Beta Lactamase,cell-based format
CHEMBL126602,O=C1Nc2ccccc2/C1=C\C(=O)c1ccccc1,,49743.0,nM,IC50,,Beta Lactamase,cell-based format
CHEMBL1311185,O=C(Nc1ccccc1)C1=C(c2ccccc2)S(=O)(=O)CCS1(=O)=O,,49744.0,nM,IC50,,Beta Lactamase,cell-based format
CHEMBL3392492,CC(OC(=O)c1ccc(S(C)(=O)=O)c([N+](=O)[O-])c1)C(=O)NC1C2CC3CC(C2)CC1C3,,49751.0,nM,IC50,,Beta Lactamase,cell-based format
CHEMBL1414311,COc1nn(-c2ccccc2)c(=O)c(Cl)c1Cl,,49730.0,nM,IC50,,Beta Lactamase,cell-based format
CHEMBL2139498,CCOC(=O)[C@]12Cc3cc(OC)ccc3[C@H]1N(C1CCCCC1)C(=O)c1cc(OC)ccc12,,49745.0,nM,IC50,,Beta Lactamase,cell-based format
CHEMBL1544423,CCc1ccc2c(c1)/C(=C/C(=O)c1cccs1)C(=O)N2,,49746.0,nM,IC50,,Beta Lactamase,cell-based format
CHEMBL1370704,Cc1cc(C)c2c(=O)n(CC(=O)Nc3ccc(Cl)cc3)sc2n1,,23611.0,nM,IC50,,Beta Lactamase,cell-based format
CHEMBL1556661,CC(C)(C=O)C1=CC(=O)c2ccccc2C1=O,,11486.0,nM,IC50,,Beta Lactamase,cell-based format
CHEMBL1731349,C=CC(=O)N1C/C(=C/c2ccc(F)cc2)C(=O)/C(=C\c2ccc(F)cc2)C1,,49690.0,nM,IC50,,Beta Lactamase,cell-based format
CHEMBL1712082,CC1=C(O)C(=O)C=C2C1=CC=C1C2(C)CCC2(C)C3CC(C)(C(=O)O)CCC3(C)CCC12C,,38137.0,nM,IC50,,Beta Lactamase,cell-based format
CHEMBL1423626,C=CCn1c(O)nnc1Sc1ncc([N+](=O)[O-])s1,,41976.0,nM,IC50,,Beta Lactamase,cell-based format
CHEMBL1423567,COc1cc(/C=C/[N+](=O)[O-])ccc1OC(=O)c1cccnc1,,49761.0,nM,IC50,,Beta Lactamase,cell-based format
CHEMBL1509181,COc1ccc(OC)c2sc(N(CCN(C)C)C(=O)/C=C/c3cccs3)nc12.Cl,,49706.0,nM,IC50,,Beta Lactamase,cell-based format
CHEMBL3195455,COc1ccc(/N=C2\S/C(=C\c3ccc(Cl)c([N+](=O)[O-])c3)C(=O)N2CCN(C)C)cc1.Cl,,49745.0,nM,IC50,,Beta Lactamase,cell-based format
CHEMBL1459140,CC(C)(C)C(=O)/C(=C/c1cccc([N+](=O)[O-])c1)n1cncn1,,49751.0,nM,IC50,,Beta Lactamase,cell-based format
CHEMBL1889898,C=C1C(=O)[C@]23C[C@H]1CCC2[C@@]1(C)C(C[C@@H]3O)[C@](C)(C(=O)OC)CC[C@@H]1OC(C)=O,,18042.0,nM,IC50,,Beta Lactamase,cell-based format
CHEMBL1703200,O=c1c2ccc(F)cc2sn1-c1ccccc1,,23408.0,nM,IC50,,Beta Lactamase,cell-based format
CHEMBL2143481,CCOC(=O)[C@]12Cc3c(cc(OC)c(OC)c3OC)[C@H]1N(C1CCCCC1)C(=O)c1ccccc12,,25486.0,nM,IC50,,Beta Lactamase,cell-based format
CHEMBL1889303,C=C1C(=O)[C@]23C[C@H]1CC[C@H]2[C@]1(C)[C@@H](OC(C)=O)CC[C@@](C)(C(=O)OC)[C@H]1C[C@@H]3OC(C)=O,,49801.0,nM,IC50,,Beta Lactamase,cell-based format
CHEMBL1359902,COc1ccc(C(=O)/C=C/C(=O)N(CC(=O)NC2CCCCC2)CC2CCCO2)c(O)c1,,19929.0,nM,IC50,,Beta Lactamase,cell-based format
CHEMBL1561395,O=C1N/C(=C/c2ccc(N3CCOCC3)o2)C(=O)N1c1cccc(Cl)c1,,21302.0,nM,IC50,,Beta Lactamase,cell-based format
CHEMBL1374957,C=CCOc1cccc(C(=O)/C=C2/C(=O)Nc3ccccc32)c1,,49750.0,nM,IC50,,Beta Lactamase,cell-based format
CHEMBL1307636,O=S(=O)(c1cnc(Cl)c(Br)c1)N1CCc2ccccc21,,49751.0,nM,IC50,,Beta Lactamase,cell-based format
CHEMBL1702693,CN(C)CCC(=O)C(Cc1ccccc1)c1ccccc1.Cl,,49781.0,nM,IC50,,Beta Lactamase,cell-based format
CHEMBL1370977,Cc1cc(N2CCN(C)CC2)ccc1NC(=O)c1c2c(nc3ccccc13)CCN(Cc1ccccc1)C2,,12330.0,nM,IC50,,Beta Lactamase,cell-based format
CHEMBL1384167,Cc1ccccc1Oc1cc(-n2ncc(Cl)c(Cl)c2=O)ncn1,,49750.0,nM,IC50,,Beta Lactamase,cell-based format
CHEMBL1445650,COc1cc(NS(=O)(=O)c2ccc(C)cc2)c2ncccc2c1,,49766.0,nM,IC50,,Beta Lactamase,cell-based format
CHEMBL1502104,C=CCN1C(=O)/C(=C2/C(=O)Nc3ccccc32)c2ccccc21,,49728.0,nM,IC50,,Beta Lactamase,cell-based format
CHEMBL1548439,Cc1cccc(C)c1NC(=O)c1nc(S(=O)(=O)Cc2ccccc2)ncc1Cl,,49743.0,nM,IC50,,Beta Lactamase,cell-based format
CHEMBL2132689,CCCCCN1C(=O)c2cc(OC)ccc2[C@@]2(C(=O)OCC)Cc3cc(Cl)ccc3[C@@H]12,,18758.0,nM,IC50,,Beta Lactamase,cell-based format
CHEMBL1605956,CCOC(=O)c1ccc(NC(=O)Cn2ncc(Cl)c(Cl)c2=O)cc1,,49745.0,nM,IC50,,Beta Lactamase,cell-based format
CHEMBL1712850,O=C(Cn1ncc(Cl)c(Cl)c1=O)NC(=O)NC1CCCCC1,,49746.0,nM,IC50,,Beta Lactamase,cell-based format
CHEMBL1520247,Cc1noc2ncnc(Sc3ccccc3Cl)c12,,49750.0,nM,IC50,,Beta Lactamase,cell-based format
CHEMBL1447796,O=c1oc(-c2ccccc2)cc(Cl)c1Cl,,49747.0,nM,IC50,,Beta Lactamase,cell-based format
CHEMBL1362660,COc1cc(OC)nc(-n2ncc(Br)c(Br)c2=O)n1,,49746.0,nM,IC50,,Beta Lactamase,cell-based format
CHEMBL1988648,CC1OC2CC(=O)OC2C2=C1C(=O)c1c(O)cccc1C2=O,,38184.0,nM,IC50,,Beta Lactamase,cell-based format
CHEMBL599098,O=[N+]([O-])c1cc(Br)c(Nc2ccccc2)c([N+](=O)[O-])c1,,49756.0,nM,IC50,,Beta Lactamase,cell-based format
CHEMBL1580134,COc1ccc(C(=O)/C=C2/C(=O)Nc3ccccc32)c(OC)c1,,49743.0,nM,IC50,,Beta Lactamase,cell-based format
CHEMBL1722641,CC(=O)OC1C(O)C(C)OC(OC2C(OC(=O)C3CCC4C(C3)OC3(CC(OC(=O)/C=C/c5ccccc5)C(C)CO3)C43CO3)OC(C)C(O)C2OC(C)=O)C1O,,49751.0,nM,IC50,,Beta Lactamase,cell-based format
CHEMBL1544797,COc1ccc(/C=C2\CN(Cc3ccccc3)C/C(=C\c3ccc(OC)c(O)c3)C2=O)cc1O,,49744.0,nM,IC50,,Beta Lactamase,cell-based format
CHEMBL1990598,CN1C2CCC1/C(=C/c1ccccn1)C(=O)/C2=C\c1ccccn1,,49742.0,nM,IC50,,Beta Lactamase,cell-based format
CHEMBL1520143,O=c1c2ccccc2sn1-c1ccc(F)cc1,,29523.0,nM,IC50,,Beta Lactamase,cell-based format
CHEMBL367376,O=C1NC2C(=CC(O)C(O)C2O)c2cc3c(c(O)c21)OCO3,,49732.0,nM,IC50,,Beta Lactamase,cell-based format
CHEMBL1881880,CC(=O)ON=C1C=CC(=C(C#N)c2ccccc2)C=C1,,49786.0,nM,IC50,,Beta Lactamase,cell-based format
CHEMBL1541441,COC(=O)[C@@H]1[C@@H](C(=O)OC)C2(c3ccccc3-c3ccccc32)N(c2ccc(Cl)cc2)N1C#N,,49756.0,nM,IC50,,Beta Lactamase,cell-based format
CHEMBL1334550,Cc1cccc(CS(=O)(=O)c2ncc(Cl)c(C(=O)NCc3ccccc3)n2)c1,,12265.0,nM,IC50,,Beta Lactamase,cell-based format
CHEMBL1375338,CS(=O)(=O)c1nc(-c2ccc(F)cc2)cc(C(F)(F)F)n1,,17738.0,nM,IC50,,Beta Lactamase,cell-based format
CHEMBL1703892,O=C1/C(=C\c2ccc([N+](=O)[O-])cc2)CS(=O)(=O)C/C1=C/c1ccc([N+](=O)[O-])cc1,,36398.0,nM,IC50,,Beta Lactamase,cell-based format
CHEMBL1571290,O=C(NCc1cccnc1)/C(=C\c1ccc(-c2cccc(Cl)c2)o1)S(=O)(=O)c1ccccc1,,49751.0,nM,IC50,,Beta Lactamase,cell-based format
CHEMBL1456324,CC(C)(C)[C@H](N)C(=O)N[C@H]1CCC2C3CC=C4C[C@@H](O)CC[C@]4(C)C3CC[C@@]21C,,19498.0,nM,IC50,,Beta Lactamase,cell-based format
CHEMBL1881622,Cn1cnc([N+](=O)[O-])c1S(=O)(=O)Oc1ccc(Cl)cc1,,49727.0,nM,IC50,,Beta Lactamase,cell-based format
CHEMBL1352171,Cc1ccc(-n2nc3c(N4CCC(C(=O)NCc5ccccc5C)CC4)nnc(C)c3c2C)cc1,,16168.0,nM,IC50,,Beta Lactamase,cell-based format
CHEMBL1365425,Cc1noc2ncnc(Sc3c(Cl)cccc3Cl)c12,,49756.0,nM,IC50,,Beta Lactamase,cell-based format
CHEMBL1703795,CC(=O)OCC12CC(OC(=O)CC(C)C)C(C)=CC1OC1C(O)C(OC(C)=O)C2(C)C12CO2,,49791.0,nM,IC50,,Beta Lactamase,cell-based format
CHEMBL1583665,CCOc1ccc(/C=C/[N+](=O)[O-])c2ccccc12,,43127.0,nM,IC50,,Beta Lactamase,cell-based format
CHEMBL598263,COc1ccc(CC2NCC(O)C2OC(C)=O)cc1,,49743.0,nM,IC50,,Beta Lactamase,cell-based format
CHEMBL1901984,C=C1C(=O)[C@]23C[C@H]1CCC2[C@]1(C)CCC[C@@](C)(C(=O)O)C1C[C@@H]3O,,49796.0,nM,IC50,,Beta Lactamase,cell-based format
CHEMBL1431608,Cc1ccc(S(=O)(=O)c2ccc([N+](=O)[O-])cn2)cc1,,49806.0,nM,IC50,,Beta Lactamase,cell-based format
CHEMBL1505902,Cc1nc2c(=O)n(C)c(=O)n(C)c2nc1Cl,,49791.0,nM,IC50,,Beta Lactamase,cell-based format
CHEMBL1713955,CC(=O)OC1C2(CC3N4C(=O)C5(CO)SSC4(CC31O)C(=O)N5C)OC(C)C(C)(C)C2=O,,49761.0,nM,IC50,,Beta Lactamase,cell-based format
CHEMBL582983,CC(=O)OC1(C)CC(C)C(=O)C(C(O)CC2CC(=O)NC(=O)C2)C1,,49771.0,nM,IC50,,Beta Lactamase,cell-based format
CHEMBL1228,CCCCC1C(=O)N(c2ccccc2)N(c2ccc(O)cc2)C1=O,,43545.0,nM,IC50,,Beta Lactamase,cell-based format
CHEMBL423192,COc1ccc(C[C@H]2NC[C@H](O)[C@H]2OC(C)=O)cc1,,49751.0,nM,IC50,,Beta Lactamase,cell-based format
CHEMBL523200,O=[N+]([O-])c1ccc(Sc2nc3ccccc3o2)c([N+](=O)[O-])c1,,49751.0,nM,IC50,,Beta Lactamase,cell-based format
CHEMBL1705207,O=C(Cn1sc2ccccc2c1=O)Nc1ccc(Cl)cc1,,49746.0,nM,IC50,,Beta Lactamase,cell-based format
CHEMBL1490225,O=[N+]([O-])c1cc(S(=O)(=O)N2CCCCCC2)ccc1F,,49750.0,nM,IC50,,Beta Lactamase,cell-based format
CHEMBL1402332,COc1ccc(CNC(=O)c2nc(S(=O)(=O)Cc3ccccc3)ncc2Cl)cc1,,20995.0,nM,IC50,,Beta Lactamase,cell-based format
CHEMBL1724428,CC1=CC2OC3CC4OC(=O)/C=C\C=CC(C(C)O)OCC(O)C(C)CC(=O)OCC2(CC1O)C4(C)C31CO1,,49751.0,nM,IC50,,Beta Lactamase,cell-based format
CHEMBL2144242,CCOC(=O)[C@]12Cc3cc(C)ccc3[C@H]1N(C1CCCCC1)C(=O)c1cc(OC)ccc12,,19347.0,nM,IC50,,Beta Lactamase,cell-based format
CHEMBL260148,CC(C)[C@H](NC(=O)OC(C)(C)C)c1nnc(S(=O)(=O)Cc2c(F)cccc2Cl)o1,,10482.0,nM,IC50,,Beta Lactamase,cell-based format
CHEMBL1520753,O=[N+]([O-])c1ccc(S(=O)(=O)c2ccccc2)nc1,,49741.0,nM,IC50,,Beta Lactamase,cell-based format
CHEMBL1714827,CC(=O)O[C@H]1C[C@@H]2OC3C=C(C)CCC3(C)[C@@]1(C)[C@@]21CO1,,49761.0,nM,IC50,,Beta Lactamase,cell-based format
CHEMBL1604546,CC1(C)CC(=O)C2=C(C1)OC1=C(C(=O)CC(C)(C)C1)C2c1ccc(O)cc1O,,49732.0,nM,IC50,,Beta Lactamase,cell-based format
CHEMBL1705093,CCOC(=O)c1cc([N+](=O)[O-])cc([N+](=O)[O-])c1Sc1[nH]cnc2ncnc1-2,,49687.0,nM,IC50,,Beta Lactamase,cell-based format
CHEMBL1308404,O=[N+]([O-])c1c(Nc2ccc(O)cc2)cc(Cl)c2nonc12,,5979.0,nM,IC50,,Beta Lactamase,cell-based format
CHEMBL1871738,Cl.O=C1/C(=C\c2ccccc2)CN(C(=O)CCN2CCCCC2)C/C1=C/c1ccccc1,,49771.0,nM,IC50,,Beta Lactamase,cell-based format
CHEMBL2140569,CCOC(=O)[C@]12Cc3cc(Cl)ccc3[C@H]1N(C(C)C)C(=O)c1ccccc12,,45228.0,nM,IC50,,Beta Lactamase,cell-based format
CHEMBL1724806,,,49786.0,nM,IC50,,Beta Lactamase,cell-based format
CHEMBL1308497,O=C(Nc1ccc2nc3n(c(=O)c2c1)CCCCC3)c1c(F)ccc([N+](=O)[O-])c1F,,49745.0,nM,IC50,,Beta Lactamase,cell-based format
CHEMBL1301723,N#CC(C#N)=C1C=CC=CN1/C(=C\c1ccco1)C(=O)c1ccccc1,,49751.0,nM,IC50,,Beta Lactamase,cell-based format
CHEMBL1612634,COc1ccc(C(C[N+](=O)[O-])n2nc(C)cc2C)cc1,,49751.0,nM,IC50,,Beta Lactamase,cell-based format
CHEMBL1338958,CC[C@@H](C)[C@H](NC(=O)OC(C)(C)C)c1nnc(S(=O)(=O)Cc2cc(C)ccc2C)o1,,15204.0,nM,IC50,,Beta Lactamase,cell-based format
CHEMBL1460167,C=CCOc1ccccc1C(=O)/C=C1/C(=O)Nc2ccccc21,,49710.0,nM,IC50,,Beta Lactamase,cell-based format
CHEMBL1372112,Cl.O=C(c1ccc(Br)cc1)C(CN1CCOCC1)c1ccccc1,,49751.0,nM,IC50,,Beta Lactamase,cell-based format
CHEMBL1724645,C=C1C(=O)C23CCC4C(C)(C(=O)OC)CCCC4(C)C2CCC1(O)C3,,46785.0,nM,IC50,,Beta Lactamase,cell-based format
CHEMBL1705256,COc1ccc(CC2C(=O)NC(C)C(=O)N(C)C3Cc4ccc(cc4)Oc4cc(ccc4O)CC(C(=O)NC(C)C(=O)NC(C)C(=O)N2C)N(C)C3=O)cc1,,49751.0,nM,IC50,,Beta Lactamase,cell-based format
CHEMBL1353015,O=C(Cn1ncc(Cl)c(Cl)c1=O)NCC1CCCCC1,,49756.0,nM,IC50,,Beta Lactamase,cell-based format
CHEMBL2144540,CCOC(=O)[C@]12Cc3cc(Cl)ccc3[C@H]1N(C1CCCCC1)C(=O)c1ccccc12,,19946.0,nM,IC50,,Beta Lactamase,cell-based format
CHEMBL1510664,ClC(Cl)(c1nnnn1-c1ccccc1)c1nnnn1-c1ccccc1,,16587.0,nM,IC50,,Beta Lactamase,cell-based format
CHEMBL2137334,CCOC(=O)[C@]12Cc3c(cc(OC)c(OC)c3OC)[C@H]1N(C1CCCCC1)C(=O)c1cc(OC)ccc12,,49756.0,nM,IC50,,Beta Lactamase,cell-based format
CHEMBL1529115,Cc1ccc(NC(=O)C2=C(c3ccccc3)S(=O)(=O)CCS2(=O)=O)cc1,,49751.0,nM,IC50,,Beta Lactamase,cell-based format
CHEMBL1370681,COC(=O)CCS(=O)(=O)c1nc(-c2ccccc2)cc(C(F)(F)F)n1,,16389.0,nM,IC50,,Beta Lactamase,cell-based format
CHEMBL1895152,Cc1c(C(=O)Nc2ccccc2)c2ccc(C(F)(F)F)cc2n1O,,19442.0,nM,IC50,,Beta Lactamase,cell-based format
CHEMBL1353194,COc1ccc(-c2cc(C(F)(F)F)nc(S(C)(=O)=O)n2)cc1,,49761.0,nM,IC50,,Beta Lactamase,cell-based format
CHEMBL2144534,CCOC(=O)[C@]12Cc3cc(OC)ccc3[C@H]1N(C1CCCCC1)C(=O)c1ccccc12,,49745.0,nM,IC50,,Beta Lactamase,cell-based format
CHEMBL1735539,CCOC(=O)c1c(SCCN2CCCC2)n(-c2ccccc2)c(=S)n(-c2ccccc2)c1=O,,49746.0,nM,IC50,,Beta Lactamase,cell-based format
CHEMBL1520801,Cc1nc([N+](=O)[O-])c(Br)n1Cc1ccc(Cl)c(Cl)c1,,49751.0,nM,IC50,,Beta Lactamase,cell-based format
CHEMBL1904111,CCSc1ccc(-c2cc(NC=O)c3ncc(-c4cccc(C(=O)NCCN(C)C)c4)n3c2)cc1,,20003.0,nM,IC50,,Beta Lactamase,cell-based format
CHEMBL45152,O=c1c2ccccc2sn1-c1ccccc1,,16634.0,nM,IC50,,Beta Lactamase,cell-based format
CHEMBL1342053,CCn1c(=O)c([N+](=O)[O-])c(Cl)c2ccccc21,,49735.0,nM,IC50,,Beta Lactamase,cell-based format
CHEMBL1405717,N#C/C(C(=O)Nc1ccc(Cl)cc1)=C(/S)Nc1ccccc1,,49751.0,nM,IC50,,Beta Lactamase,cell-based format
CHEMBL1323536,O=C(NCc1cccnc1)/C(=C\c1ccc(-c2ccc(Br)cc2)o1)S(=O)(=O)c1ccccc1,,49751.0,nM,IC50,,Beta Lactamase,cell-based format
CHEMBL2001648,CC(=O)OC1CC2OC3C=C(C)CCC3(C)C1(C)C21CO1,,49756.0,nM,IC50,,Beta Lactamase,cell-based format
CHEMBL309016,COc1cc(/C=C/[N+](=O)[O-])ccc1O,,49796.0,nM,IC50,,Beta Lactamase,cell-based format
CHEMBL535307,CCC1CN2CCc3cc(OC)c(OC)cc3C2CC1CC1NCCc2c1[nH]c1ccc(O)cc21,,49796.0,nM,IC50,,Beta Lactamase,cell-based format
CHEMBL3190145,O=C(CN1CCN(S(=O)(=O)c2ccc(Br)cc2)CC1)N/N=C/c1ccc(Cl)c([N+](=O)[O-])c1,,48731.0,nM,IC50,,Beta Lactamase,cell-based format
CHEMBL1314602,COc1ccc(-n2sc3ccc(F)cc3c2=O)cc1,,19902.0,nM,IC50,,Beta Lactamase,cell-based format
CHEMBL1447306,CC1=NNC(=O)/C1=C\c1cn(-c2ccccc2)nc1-c1ccccc1,,49756.0,nM,IC50,,Beta Lactamase,cell-based format
CHEMBL309474,C=C1CC(Cn2cc(Br)c(=O)[nH]c2=O)(c2ccc(-c3ccccc3)cc2)OC1=O,,12196.0,nM,IC50,,Beta Lactamase,cell-based format
CHEMBL578929,CC1CC(C)CC(C)C(O)C(C#N)=CC=CCC(C2CCCC2C(=O)O)OC(=O)CC(O)C(C)C1,,49786.0,nM,IC50,,Beta Lactamase,cell-based format
CHEMBL1550406,CCOc1cc(/C=C2\COc3ccccc3C2=O)cc(Br)c1OCC(=O)N(C)C,,49751.0,nM,IC50,,Beta Lactamase,cell-based format
CHEMBL1424951,CC(NC(=O)CN(c1cccc(C(F)(F)F)c1)S(=O)(=O)c1ccc(Cl)c([N+](=O)[O-])c1)c1ccccc1,,49751.0,nM,IC50,,Beta Lactamase,cell-based format
CHEMBL1382215,Cc1cc(Br)ccc1NC(=O)CNC(=O)Cn1ncc(Cl)c(Cl)c1=O,,49747.0,nM,IC50,,Beta Lactamase,cell-based format
CHEMBL1712120,O=S(=O)(Nc1ccc(C(O)(C(F)(F)F)C(F)(F)F)cc1)c1ccc(Cl)c2nonc12,,41635.0,nM,IC50,,Beta Lactamase,cell-based format
CHEMBL1726134,O=C1C(=C(I)I)c2ccccc2-c2ccccc21,,49720.0,nM,IC50,,Beta Lactamase,cell-based format
CHEMBL1533279,O=C1C=C(c2ccc(Cl)cc2)C(=O)N1Nc1ccccc1,,12984.0,nM,IC50,,Beta Lactamase,cell-based format
CHEMBL1451470,O=C(NCc1cccnc1)/C(=C\c1ccc(-c2ccc(Cl)c(Cl)c2)o1)S(=O)(=O)c1ccccc1,,26682.0,nM,IC50,,Beta Lactamase,cell-based format
CHEMBL1883309,CC(=O)OC1CCC2(C)C(CCC3C4CC=C(C(C)=O)C4(C)OC(=O)CC32)C1,,49756.0,nM,IC50,,Beta Lactamase,cell-based format
CHEMBL1540377,O=C(Cn1ncc(Cl)c(Cl)c1=O)N1CCN(S(=O)(=O)c2ccc3ccccc3c2)CC1,,49751.0,nM,IC50,,Beta Lactamase,cell-based format
CHEMBL1530173,Cc1cccc(C(=O)Nc2ccc(C(=O)/C=C/c3ccncc3)cc2)c1,,49751.0,nM,IC50,,Beta Lactamase,cell-based format
CHEMBL1403329,Cn1ccnc1Sc1cc(NCCCO)c([N+](=O)[O-])c2nonc12,,18219.0,nM,IC50,,Beta Lactamase,cell-based format
CHEMBL1500335,Cc1ccc(NC(=O)CN(C)C(=O)Cn2ncc(Cl)c(Cl)c2=O)cc1,,49756.0,nM,IC50,,Beta Lactamase,cell-based format
CHEMBL1385771,CCc1ccc(C(=O)Cn2ncc(Cl)c(Cl)c2=O)cc1,,49745.0,nM,IC50,,Beta Lactamase,cell-based format
CHEMBL1305960,O=C(CN(c1cccc(C(F)(F)F)c1)S(=O)(=O)c1ccc(Cl)c([N+](=O)[O-])c1)NCc1ccc(F)cc1,,49766.0,nM,IC50,,Beta Lactamase,cell-based format
CHEMBL1736490,COC(=O)C1=C(C(=O)OC)C2OC1c1cc3ccccc3cc12,,10150.0,nM,IC50,,Beta Lactamase,cell-based format
CHEMBL1726534,C=CC(=O)N1C/C(=C/c2ccccc2)C(=O)/C(=C\c2ccccc2)C1,,49811.0,nM,IC50,,Beta Lactamase,cell-based format
CHEMBL1521259,O=C(/C=C/c1ccc(Cl)c([N+](=O)[O-])c1)c1ccc(O)cc1,,49766.0,nM,IC50,,Beta Lactamase,cell-based format
CHEMBL1348057,O=C(NCc1cccnc1)/C(=C/c1ccc(-c2ccc(Cl)cc2)o1)S(=O)(=O)c1ccccc1,,49744.0,nM,IC50,,Beta Lactamase,cell-based format
CHEMBL1535665,CCOC(=O)C1CCN(S(=O)(=O)c2c(Cl)ccc3nonc23)CC1,,26784.0,nM,IC50,,Beta Lactamase,cell-based format
CHEMBL1542862,Cc1ccc(C(=O)c2c(C)oc3c2C(=O)C(=O)c2ccccc2-3)cc1,,49690.0,nM,IC50,,Beta Lactamase,cell-based format
CHEMBL1447783,O=C(Nc1cccc(N2C(=O)C=CC2=O)c1)c1cccs1,,14096.0,nM,IC50,,Beta Lactamase,cell-based format
CHEMBL1374860,CC1=CC(=O)C=C(C)C1=NOS(=O)(=O)c1ccccc1,,49751.0,nM,IC50,,Beta Lactamase,cell-based format
CHEMBL1546134,CC1=NNC(=O)/C1=C\c1cn(-c2ccccc2)nc1-c1cccs1,,49751.0,nM,IC50,,Beta Lactamase,cell-based format
CHEMBL1727091,C=C1C(=O)C23C(O)C1CCC2C12CCCC(C)(COC(C)=O)C1C(O)C3(O)OC2,,22146.0,nM,IC50,,Beta Lactamase,cell-based format
CHEMBL1309228,CS(=O)(=O)c1ccc(C(=O)OCc2nnc(-c3ccccc3)o2)cc1[N+](=O)[O-],,49751.0,nM,IC50,,Beta Lactamase,cell-based format
CHEMBL1401040,Cc1ccc(NC(=O)Cn2ncc(Cl)c(Cl)c2=O)cc1S(=O)(=O)N1CCCCC1,,49756.0,nM,IC50,,Beta Lactamase,cell-based format
CHEMBL1736766,O=C1NC2C(O)C(O)C(O)C(O)C2c2cc3c(c(O)c21)OCO3,,49806.0,nM,IC50,,Beta Lactamase,cell-based format
CHEMBL1578600,Oc1nc2c(s1)C(c1cccnc1)C1C3CCC(C3)C1S2,=,148.0,nM,Ki,6.83,Beta Lactamase,assay format
CHEMBL1578600,Oc1nc2c(s1)C(c1cccnc1)C1C3CCC(C3)C1S2,>,60000.0,nM,IC50,,Beta Lactamase,assay format
CHEMBL1578600,Oc1nc2c(s1)C(c1cccnc1)C1C3CCC(C3)C1S2,=,223.0,nM,IC50,6.65,Beta Lactamase,assay format
CHEMBL1711457,O=C(O)C(F)(F)F.O=c1[nH]c2c(s1)[C@H](c1cccnc1)[C@H]1C3CC[C@@H](C3)[C@H]1S2,>,100000.0,nM,MIC,,Beta Lactamase,assay format
CHEMBL2141867,,,59640.0,nM,IC50,,Beta Lactamase,assay format
CHEMBL2135662,,,59640.0,nM,IC50,,Beta Lactamase,assay format
CHEMBL2136020,,,59640.0,nM,IC50,,Beta Lactamase,assay format
CHEMBL2136282,,,59640.0,nM,IC50,,Beta Lactamase,assay format
CHEMBL2133169,,,59640.0,nM,IC50,,Beta Lactamase,assay format
CHEMBL575867,,,59640.0,nM,IC50,,Beta Lactamase,assay format
CHEMBL58,O=C1c2c(O)ccc(O)c2C(=O)c2c(NCCNCCO)ccc(NCCNCCO)c21,=,630.0,nM,IC50,6.20,Beta Lactamase,assay format
CHEMBL58,O=C1c2c(O)ccc(O)c2C(=O)c2c(NCCNCCO)ccc(NCCNCCO)c21,=,1500.0,nM,Ki,5.82,Beta Lactamase,assay format
CHEMBL58,O=C1c2c(O)ccc(O)c2C(=O)c2c(NCCNCCO)ccc(NCCNCCO)c21,>,56000.0,nM,IC50,,Beta Lactamase,assay format
CHEMBL1425421,Cc1cc(OCc2cc(C(=O)O)oc2C)c2c3c(c(=O)oc2c1)CCCC3,=,1485.0,nM,IC50,5.83,Beta Lactamase,single protein format
CHEMBL1591156,Cc1cc(=O)oc2c3c(cc(OCC(=O)N4CCC[C@H]4C(=O)O)c12)OC(C)(C)CC3,=,15240.0,nM,IC50,4.82,Beta Lactamase,single protein format
CHEMBL1448093,O=C1Nc2cc(C(=O)N3CCC(N4CCCCC4)CC3)ccc2S/C1=C\c1ccccc1,=,13867.0,nM,IC50,4.86,Beta Lactamase,single protein format
CHEMBL1578600,Oc1nc2c(s1)C(c1cccnc1)C1C3CCC(C3)C1S2,=,54.35,nM,IC50,7.26,Beta Lactamase,single protein format
CHEMBL1447888,COc1ccc2[nH]c(C(=O)O)c(CCN3C(=O)c4ccc(C(=O)O)cc4C3=O)c2c1,=,1429.0,nM,IC50,5.84,Beta Lactamase,single protein format
CHEMBL1574794,Cc1c(C)c2ccc(OCC(=O)N3CCC[C@@H]3C(=O)O)c(C)c2oc1=O,=,6073.0,nM,IC50,5.22,Beta Lactamase,single protein format
CHEMBL1346167,O=C(CSc1nnc(NC(=O)c2cccc(F)c2)s1)NCc1ccco1,>,59640.0,nM,IC50,,Beta Lactamase,single protein format
CHEMBL1415903,Sc1nnc(-c2ccccc2)n1C1C=CCCC1,=,29768.0,nM,IC50,4.53,Beta Lactamase,single protein format
CHEMBL3194647,O=[N+]([O-])c1ccccc1/C=C/C=N/n1c(S)nnc1-c1ccccc1F,>,59640.0,nM,IC50,,Beta Lactamase,single protein format
CHEMBL1358969,O=C(CSc1nnc(NC(=O)C2CC2)s1)NCc1ccccc1Cl,=,16724.0,nM,IC50,4.78,Beta Lactamase,single protein format
CHEMBL1422515,CC1CCCC(C)N1C(=O)CSc1nnc(NC(=O)c2cccs2)s1,=,11750.0,nM,IC50,4.93,Beta Lactamase,single protein format
CHEMBL1596878,CC1=C(C(=O)O)N2C(=O)C(NC(=O)c3nn(C)cc3[N+](=O)[O-])C2SC1,=,20085.0,nM,IC50,4.70,Beta Lactamase,single protein format
CHEMBL1378904,O=C(CSc1nnc(NC(=O)c2ccccc2[N+](=O)[O-])s1)NCc1ccco1,=,6928.0,nM,IC50,5.16,Beta Lactamase,single protein format
CHEMBL1464897,CCCn1c(S)nnc1C(C)C,=,10161.0,nM,IC50,4.99,Beta Lactamase,single protein format
CHEMBL1373572,COc1ccc(-c2cc(C(F)(F)F)nc(N3CCN(C)CC3)n2)cc1,>,59640.0,nM,IC50,,Beta Lactamase,single protein format
CHEMBL1445447,Sc1nnc(C2CC2)n1Cc1ccco1,=,9322.0,nM,IC50,5.03,Beta Lactamase,single protein format
CHEMBL1299716,Cc1n[nH]c(C)c1CCCCOc1ccc([N+](=O)[O-])cc1,=,15869.0,nM,IC50,4.80,Beta Lactamase,single protein format
CHEMBL1555759,CCCc1cc(=O)oc2c3c(cc(OCC(=O)N[C@@H](C)C(=O)O)c12)OC(C)(C)CC3,=,21303.0,nM,IC50,4.67,Beta Lactamase,single protein format
CHEMBL1540042,CCCCn1c(S)nnc1-c1ccoc1C,=,15457.0,nM,IC50,4.81,Beta Lactamase,single protein format
CHEMBL1438203,Cc1ccc(-c2c(C(=O)O)c(C(=O)O)c3n2CSC3)cc1,=,9914.0,nM,IC50,5.00,Beta Lactamase,single protein format
CHEMBL1558250,CCCCn1c(S)nnc1-c1nn(C)c(C)c1Cl,=,5368.0,nM,IC50,5.27,Beta Lactamase,single protein format
CHEMBL1554968,Cc1cc(OCC(=O)N2CCC[C@@H]2C(=O)O)c2c(C)c(C)c(=O)oc2c1,=,14837.0,nM,IC50,4.83,Beta Lactamase,single protein format
CHEMBL1324305,Cc1c(Cl)c(-c2nnc(S)n2-c2ccc(F)cc2)nn1C,=,14808.0,nM,IC50,4.83,Beta Lactamase,single protein format
CHEMBL1379746,O=C(c1ccco1)N1N=C(c2ccc(Cl)cc2)CC1c1ccco1,=,7307.0,nM,IC50,5.14,Beta Lactamase,single protein format
CHEMBL1401466,O=C(C1=C(O)C(=O)N(Cc2cccnc2)C1c1ccccn1)c1ccccc1,=,4998.0,nM,IC50,5.30,Beta Lactamase,single protein format
CHEMBL1376656,O=C(CSc1nnc(NC(=O)c2ccccc2)s1)NCc1ccco1,>,59640.0,nM,IC50,,Beta Lactamase,single protein format
CHEMBL1389969,Sc1nnc(-c2ccco2)n1Cc1ccccc1,=,6478.0,nM,IC50,5.19,Beta Lactamase,single protein format
CHEMBL1452412,Sc1nnc(-c2ccccc2)n1Cc1ccccc1,=,49599.0,nM,IC50,4.30,Beta Lactamase,single protein format
CHEMBL1419367,C=CCn1c(S)nnc1C1CC1,=,23148.0,nM,IC50,4.63,Beta Lactamase,single protein format
CHEMBL1445684,Sc1nnc(-c2ccc3ccccc3n2)n1-c1ccc2c(c1)OCCO2,=,55490.0,nM,IC50,4.26,Beta Lactamase,single protein format
CHEMBL1340014,O=c1c2ccccc2cnn1Cc1nnc(S)n1C1CC2CCC1C2,=,41434.0,nM,IC50,4.38,Beta Lactamase,single protein format
CHEMBL1390220,CC(C)Cn1c(S)nnc1-c1ccco1,=,14379.0,nM,IC50,4.84,Beta Lactamase,single protein format
CHEMBL1455265,O=C(O)c1c(C(=O)O)c(-c2ccc(Br)cc2)n2c1CSC2,=,4777.0,nM,IC50,5.32,Beta Lactamase,single protein format
CHEMBL1516970,Sc1nnc(-c2cccs2)n1C1CCCCC1,=,6691.0,nM,IC50,5.17,Beta Lactamase,single protein format
CHEMBL3190779,CN(C)S(=O)(=O)c1cccc(NC(=S)N/N=C/C2CC=CCC2)c1,=,1004.0,nM,IC50,6.00,Beta Lactamase,single protein format
CHEMBL1498006,CC(C)(C)C(=O)Nc1nnc(CSCc2ccccc2F)s1,=,4991.0,nM,IC50,5.30,Beta Lactamase,single protein format
CHEMBL1573007,O=[N+]([O-])c1ccc(-c2ccccc2)c([As](=O)(O)O)c1,=,748.0,nM,IC50,6.13,Beta Lactamase,single protein format
CHEMBL1458632,NC(=O)SCC(=O)Nc1ccccc1C(=O)O,=,12347.0,nM,IC50,4.91,Beta Lactamase,single protein format
CHEMBL1603777,CCOC(=O)c1[nH]c(C(=O)O)c(CCC(=O)OC)c1C,=,17946.0,nM,IC50,4.75,Beta Lactamase,single protein format
CHEMBL3194162,O=C(O)c1cccc(NC(=S)N/N=C/c2ccccc2OCc2cccc(Br)c2)c1,=,9147.0,nM,IC50,5.04,Beta Lactamase,single protein format
CHEMBL1435494,Cc1cc(=O)oc2c3c(cc(OCC(=O)N[C@@H](Cc4ccccc4)C(=O)O)c12)OC(C)(C)CC3,=,23154.0,nM,IC50,4.63,Beta Lactamase,single protein format
CHEMBL1527705,Oc1nc(SCc2nnc(S)n2-c2ccccc2)nc2sc3c(c12)CCC3,>,59640.0,nM,IC50,,Beta Lactamase,single protein format
CHEMBL3196601,O=C(O)COc1ccccc1/C=N/n1c(S)nnc1C1CCCCC1,=,23137.0,nM,IC50,4.64,Beta Lactamase,single protein format
CHEMBL1579462,O=C(O)/C=C/c1nnc2c3ccccc3cnn12,=,13837.0,nM,IC50,4.86,Beta Lactamase,single protein format
CHEMBL3213100,COc1cc(OC)c(OC)cc1/C=N/NC(=O)CC1C(=O)NN=C1C,=,4219.0,nM,IC50,5.38,Beta Lactamase,single protein format
CHEMBL1368761,COc1cc2c(cc1OC)C(C)N(C(=O)c1nccnc1C(=O)O)CC2,=,14590.0,nM,IC50,4.84,Beta Lactamase,single protein format
CHEMBL1455686,CCn1c(S)nnc1-c1nn(-c2ccccc2)ccc1=O,=,29743.0,nM,IC50,4.53,Beta Lactamase,single protein format
CHEMBL1469441,O=C(O)c1[nH]c2ccc(Br)cc2c1CCN1C(=O)c2cccc([N+](=O)[O-])c2C1=O,=,1977.0,nM,IC50,5.70,Beta Lactamase,single protein format
CHEMBL1492629,Cc1ccc(S(=O)(=O)n2[nH]c(=O)cc2NC(=O)c2cccs2)cc1,=,453.01,nM,IC50,6.34,Beta Lactamase,single protein format
CHEMBL1410338,Cc1ccc(-c2nnc(S)n2-c2ccccc2)cc1,>,59640.0,nM,IC50,,Beta Lactamase,single protein format
CHEMBL1534296,O=C(O)c1ccccc1Sc1ncnc2sc3c(c12)CCC3,=,10470.0,nM,IC50,4.98,Beta Lactamase,single protein format
CHEMBL3191768,COc1ccc(OC)c(/C=N/NC(=O)CC2C(=O)NN=C2C)c1,=,6104.0,nM,IC50,5.21,Beta Lactamase,single protein format
CHEMBL1391244,CC(C)(C)c1ccc(-c2nnc(S)n2CCCN2CCOCC2)cc1,=,34102.0,nM,IC50,4.47,Beta Lactamase,single protein format
CHEMBL1597507,O=C(CCN1C(=O)/C(=C/c2ccccc2F)SC1=S)NCCCn1ccnc1,=,6454.0,nM,IC50,5.19,Beta Lactamase,single protein format
CHEMBL1414554,O=P(O)(O)c1ccccc1OCCCCCOc1ccccc1P(=O)(O)O,=,2396.0,nM,IC50,5.62,Beta Lactamase,single protein format
CHEMBL1423602,CSC[C@H](NC(=O)COc1cc2c(c3oc(=O)c(C)c(C)c13)CCC(C)(C)O2)C(=O)O,=,15370.0,nM,IC50,4.81,Beta Lactamase,single protein format
CHEMBL3197536,CCc1nnc(S)n1/N=C/c1ccc(NC(C)=O)cc1,=,6321.0,nM,IC50,5.20,Beta Lactamase,single protein format
CHEMBL1556501,CCOC(=O)N=S(N)(=O)c1ccccc1,=,12326.0,nM,IC50,4.91,Beta Lactamase,single protein format
CHEMBL1548211,COc1ccccc1C(=O)Nc1nnc(SCC(=O)NCc2ccco2)s1,=,6478.0,nM,IC50,5.19,Beta Lactamase,single protein format
CHEMBL1541211,COc1ccc(C(=O)C2=C(O)C(=O)N(Cc3ccco3)C2c2cc(OC)ccc2OC)cc1,=,12801.0,nM,IC50,4.89,Beta Lactamase,single protein format
CHEMBL1315870,CCCCc1cc(=O)oc2c3c(cc(OCC(=O)N4CCC[C@H]4C(=O)O)c12)OC(C)(C)CC3,=,25913.0,nM,IC50,4.59,Beta Lactamase,single protein format
CHEMBL3199800,O=[N+]([O-])c1ccccc1/C=N/n1c(S)nnc1C(F)(F)F,=,9333.0,nM,IC50,5.03,Beta Lactamase,single protein format
CHEMBL1537904,O=C(O)CC/C(=C\c1cc([N+](=O)[O-])ccc1Cl)c1nc2ccccc2s1,=,13281.0,nM,IC50,4.88,Beta Lactamase,single protein format
CHEMBL1576713,Cn1c(S)nnc1-c1sccc1OCc1ccc(Cl)cc1Cl,>,6627.0,nM,IC50,,Beta Lactamase,single protein format
CHEMBL1532258,COc1cccc(-n2c(S)nnc2CNC(=O)OC(C)(C)C)c1,=,15721.0,nM,IC50,4.80,Beta Lactamase,single protein format
CHEMBL1537972,O=C(CSc1nnc(NC(=O)c2cc(Br)ccc2Cl)s1)NCC1CCCO1,=,13512.0,nM,IC50,4.87,Beta Lactamase,single protein format
CHEMBL1587451,O=C(CSc1nnc(NC(=O)c2c(F)cccc2F)s1)NCc1ccccc1,=,9258.0,nM,IC50,5.03,Beta Lactamase,single protein format
CHEMBL1400031,Fc1ccccc1-c1nnc(S)n1Cc1ccccc1,=,15415.0,nM,IC50,4.81,Beta Lactamase,single protein format
CHEMBL1456096,Sc1nnc(-c2cccs2)n1Cc1ccccc1,=,4089.0,nM,IC50,5.39,Beta Lactamase,single protein format
CHEMBL1414683,CC(C)(C)C(=O)Nc1nnc(SCC(=O)NCc2cccs2)s1,=,2622.0,nM,IC50,5.58,Beta Lactamase,single protein format
CHEMBL1538097,Cc1ccc(-n2c(S)nnc2-c2nn(C)c(C)c2Cl)cc1,=,10738.0,nM,IC50,4.97,Beta Lactamase,single protein format
CHEMBL1517808,Cc1cccc(C(=O)Nc2nnc(SCC(=O)NCc3ccco3)s2)c1,>,59640.0,nM,IC50,,Beta Lactamase,single protein format
CHEMBL1556931,Sc1nnc(-c2ccccc2)n1CC1CCCO1,=,15963.0,nM,IC50,4.80,Beta Lactamase,single protein format
CHEMBL1509766,Sc1nnc(C2CC2)n1Cc1ccccc1,=,3350.0,nM,IC50,5.47,Beta Lactamase,single protein format
CHEMBL1431288,Cc1cccc(C2c3[nH]c4ccccc4c3CCN2C(=O)c2cc(CC(C)C)nc(O)n2)n1,=,7928.0,nM,IC50,5.10,Beta Lactamase,single protein format
CHEMBL3196939,CCc1nnc(S)n1/N=C/C(C)=C\c1ccccc1,=,1229.0,nM,IC50,5.91,Beta Lactamase,single protein format
CHEMBL1463059,Cc1cccc(-n2c(C)nnc2S)c1C,>,59640.0,nM,IC50,,Beta Lactamase,single protein format
CHEMBL1381292,Sc1nnc(Cn2c(-c3ccccn3)nc3ccccc32)n1-c1ccc2c(c1)OCCO2,=,14906.0,nM,IC50,4.83,Beta Lactamase,single protein format
CHEMBL1314447,Cc1c(C)c2c(OCC(=O)N3CCC[C@H]3C(=O)O)cc3c(c2oc1=O)CCC(C)(C)O3,=,1730.0,nM,IC50,5.76,Beta Lactamase,single protein format
CHEMBL335619,O=C(O)Cn1cccc1C(=O)c1ccccc1,=,12922.0,nM,IC50,4.89,Beta Lactamase,single protein format
CHEMBL1371432,COCC(C)NC(=O)c1cc2cccc([N+](=O)[O-])c2[nH]1,=,14073.0,nM,IC50,4.85,Beta Lactamase,single protein format
CHEMBL1549144,CC(C)(C)CC(=O)Nc1nnc(SCC(=O)NCc2cccs2)s1,=,17952.0,nM,IC50,4.75,Beta Lactamase,single protein format
CHEMBL1431535,O=C1Nc2cc(C(=O)NCCCN3CCOCC3)ccc2S/C1=C/c1ccccc1F,=,35704.0,nM,IC50,4.45,Beta Lactamase,single protein format
CHEMBL1605748,O=C(O)c1ccccc1C(=O)c1cccc2ccccc12,=,13100.0,nM,IC50,4.88,Beta Lactamase,single protein format
CHEMBL1522756,COc1ccccc1-n1c(S)nnc1-c1ccco1,=,20003.0,nM,IC50,4.70,Beta Lactamase,single protein format
CHEMBL1577281,O=P(O)(O)c1ccccc1OCc1ccccc1,=,2440.0,nM,IC50,5.61,Beta Lactamase,single protein format
CHEMBL1606520,Cc1ccccc1C(=O)Nc1nnc(SCC(=O)NCc2ccco2)s1,=,3006.0,nM,IC50,5.52,Beta Lactamase,single protein format
CHEMBL1483727,CSc1nc(SCC(=O)O)c2c3c(sc2n1)COC(C)(C)C3,=,29719.0,nM,IC50,4.53,Beta Lactamase,single protein format
CHEMBL1402778,O=C(CSc1nnc(NC(=O)C2CCCCC2)s1)NCc1ccco1,=,6640.0,nM,IC50,5.18,Beta Lactamase,single protein format
CHEMBL1493353,CC(C)(C)c1ccc(COc2ccsc2C(=O)O)cc1,=,17009.0,nM,IC50,4.77,Beta Lactamase,single protein format
CHEMBL1573854,O=C(C1=C(O)C(=O)N(Cc2cccnc2)C1c1ccccn1)c1ccc(F)cc1,=,2419.0,nM,IC50,5.62,Beta Lactamase,single protein format
CHEMBL1328086,O=C(O)C1Sc2nc(O)sc2C2c3cc(Cl)ccc3OC(=O)C12,>,59640.0,nM,IC50,,Beta Lactamase,single protein format
CHEMBL1424340,CCN(CC)C(=O)CSc1nc2ccc(NC(=O)CSc3nccn3C)cc2s1,=,10956.0,nM,IC50,4.96,Beta Lactamase,single protein format
CHEMBL1610243,Cc1cc(C(=O)OCC(=O)NC(=O)c2cccn2C)c2ccccc2n1,>,59640.0,nM,IC50,,Beta Lactamase,single protein format
CHEMBL1559733,O=C(C1=C(O)C(=O)N(Cc2cccnc2)C1c1ccccn1)c1cccs1,=,13228.0,nM,IC50,4.88,Beta Lactamase,single protein format
CHEMBL1345175,CC1CCCCC1n1c(S)nnc1-c1cccnc1,=,13814.0,nM,IC50,4.86,Beta Lactamase,single protein format
CHEMBL1557347,CCCCn1c(S)nnc1-c1nn(C)cc1Cl,=,4201.0,nM,IC50,5.38,Beta Lactamase,single protein format
CHEMBL1606872,CCCCn1c(S)nnc1-c1sccc1C,=,4731.0,nM,IC50,5.33,Beta Lactamase,single protein format
CHEMBL1538815,C=C(c1cccc2ccccc12)P(=O)(O)O,=,6811.0,nM,IC50,5.17,Beta Lactamase,single protein format
CHEMBL3191623,CC(=C/c1ccccc1)/C=N/n1c(S)nnc1-c1ccncc1,>,59640.0,nM,IC50,,Beta Lactamase,single protein format
CHEMBL1348676,Cc1nn(CCc2nnc(S)n2-c2cccc(Cl)c2)c(C)c1[N+](=O)[O-],=,16860.0,nM,IC50,4.77,Beta Lactamase,single protein format
CHEMBL1584189,Sc1nnc(-c2ccco2)n1-c1cccc2ccccc12,=,22509.0,nM,IC50,4.65,Beta Lactamase,single protein format
CHEMBL1594123,CCCc1cc(=O)oc2c3c(cc(OCC(=O)N4CCC[C@H]4C(=O)O)c12)OC(C)(C)CC3,=,6621.0,nM,IC50,5.18,Beta Lactamase,single protein format
CHEMBL3194164,Oc1c(Br)cc(/C=N/n2c(S)nnc2-c2ccccc2)cc1Br,=,19325.0,nM,IC50,4.71,Beta Lactamase,single protein format
CHEMBL3194460,O=C(O)c1cccc(NC(=S)N/N=C/c2ccccc2OCc2ccc(Br)cc2)c1,=,10019.0,nM,IC50,5.00,Beta Lactamase,single protein format
CHEMBL1326008,Cc1c(C)c2c(OCC(=O)N[C@@H](C)C(=O)O)cc3c(c2oc1=O)CCC(C)(C)O3,=,4440.0,nM,IC50,5.35,Beta Lactamase,single protein format
CHEMBL1415221,Cn1c(S)nnc1-c1sccc1OCc1ccccc1,=,5455.0,nM,IC50,5.26,Beta Lactamase,single protein format
CHEMBL1411914,O=Cc1c(O)nc2ccccc2c1NCc1ccc(Cl)cc1,=,29047.0,nM,IC50,4.54,Beta Lactamase,single protein format
CHEMBL1577867,O=C(O)C(NC(=O)c1ccccc1)=C(Cl)Cl,=,19472.0,nM,IC50,4.71,Beta Lactamase,single protein format
CHEMBL1397449,CCc1cc(=O)oc2c(C)c(OCC(=O)N3CCC[C@@H]3C(=O)O)ccc12,=,20909.0,nM,IC50,4.68,Beta Lactamase,single protein format
CHEMBL1550381,CC(=O)c1ccc(-c2ccc(Cn3c(C)nc4cc(N)c(C)nc43)cc2)cc1,>,59640.0,nM,IC50,,Beta Lactamase,single protein format
CHEMBL1442450,Cn1ccnc1SCC(=O)Nc1ccc2nc(SCC(=O)NC3CC3)sc2c1,=,29918.0,nM,IC50,4.52,Beta Lactamase,single protein format
CHEMBL1571964,Cc1c(OCC(=O)N2CCC[C@@H]2C(=O)O)ccc2c3c(c(=O)oc12)CCC3,=,12031.0,nM,IC50,4.92,Beta Lactamase,single protein format
CHEMBL1388851,C=C(C)Cn1c(S)nnc1-c1cccs1,=,5065.0,nM,IC50,5.29,Beta Lactamase,single protein format
CHEMBL1371319,COc1ccc(OC)c(C2C(C(=O)c3ccco3)=C(O)C(=O)N2Cc2cccnc2)c1,=,1936.0,nM,IC50,5.71,Beta Lactamase,single protein format
CHEMBL1481755,COCC(=O)Nc1nnc(SCC(=O)NCc2cccs2)s1,=,9668.0,nM,IC50,5.01,Beta Lactamase,single protein format
CHEMBL3193161,CC(=C/c1ccccc1)/C=N/n1c(C)nnc1S,=,9975.0,nM,IC50,5.00,Beta Lactamase,single protein format
CHEMBL1328892,O=C(O)c1[nH]c2ccc(Cl)cc2c1CCN1C(=O)c2ccccc2C1=O,=,1293.0,nM,IC50,5.89,Beta Lactamase,single protein format
CHEMBL1345758,COc1ccccc1-c1nnc(S)n1Cc1ccco1,=,20448.0,nM,IC50,4.69,Beta Lactamase,single protein format
CHEMBL1464372,COc1ccc(-c2nnc(S)n2-c2ccc3c(c2)OCCO3)cc1OC,=,18033.0,nM,IC50,4.74,Beta Lactamase,single protein format
CHEMBL1565378,CCCC(=O)Nc1nnc(SCC(=O)NCc2cccs2)s1,=,16334.0,nM,IC50,4.79,Beta Lactamase,single protein format
CHEMBL1551022,Cc1cc(C)n(-c2nc(SCC(=O)O)c3c4c(sc3n2)COC(C)(C)C4)n1,=,24828.0,nM,IC50,4.61,Beta Lactamase,single protein format
CHEMBL1511843,O=C(CSc1nnc(NC(=O)c2ccccc2F)s1)NCc1ccc(F)cc1,=,18143.0,nM,IC50,4.74,Beta Lactamase,single protein format
