molecule_chembl_id,canonical_smiles,standard_relation,standard_value,standard_units,standard_type,pchembl_value,target_pref_name,bao_label
CHEMBL3317857,O=C(O)C[C@@H]1CC[C@H](NC(=O)Cc2cccs2)B(O)O1,=,0.25,ug.mL-1,MIC,,Class A carbapenemase,single protein format
CHEMBL3317857,O=C(O)C[C@@H]1CC[C@H](NC(=O)Cc2cccs2)B(O)O1,<=,0.06,ug.mL-1,MIC,,Class A carbapenemase,single protein format
CHEMBL3317857,O=C(O)C[C@@H]1CC[C@H](NC(=O)Cc2cccs2)B(O)O1,<=,0.06,ug.mL-1,MIC,,Class A carbapenemase,single protein format
CHEMBL3317857,O=C(O)C[C@@H]1CC[C@H](NC(=O)Cc2cccs2)B(O)O1,=,2.0,ug.mL-1,MIC,,Class A carbapenemase,single protein format
CHEMBL3317857,O=C(O)C[C@@H]1CC[C@H](NC(=O)Cc2cccs2)B(O)O1,=,0.25,ug.mL-1,MIC,,Class A carbapenemase,single protein format
