molecule_chembl_id,canonical_smiles,standard_relation,standard_value,standard_units,standard_type,pchembl_value,target_pref_name,bao_label
CHEMBL53624,Nc1nc(/C(=N/O)C(=O)N[C@@H]2C(=O)N3C(C(=O)O)=C(/C=C4\CCN(CC(F)(F)F)C4=O)CS[C@H]23)cs1,=,1578.0,M min-1 (M of enzyme)-1,Activity,,Beta-lactamase SHV-1,single protein format
CHEMBL53624,Nc1nc(/C(=N/O)C(=O)N[C@@H]2C(=O)N3C(C(=O)O)=C(/C=C4\CCN(CC(F)(F)F)C4=O)CS[C@H]23)cs1,=,1388.0,M min-1 (M of enzyme)-1,Activity,,Beta-lactamase SHV-1,single protein format
CHEMBL161,CO/N=C(\C(=O)N[C@@H]1C(=O)N2C(C(=O)O)=C(CSc3nc(=O)c(O)nn3C)CS[C@H]12)c1csc(N)n1,=,2314.0,M min-1 (M of enzyme)-1,Activity,,Beta-lactamase SHV-1,single protein format
CHEMBL161,CO/N=C(\C(=O)N[C@@H]1C(=O)N2C(C(=O)O)=C(CSc3nc(=O)c(O)nn3C)CS[C@H]12)c1csc(N)n1,=,3339.0,M min-1 (M of enzyme)-1,Activity,,Beta-lactamase SHV-1,single protein format
CHEMBL302241,Cn1ccnc1SC[C@@]1(C)[C@H](C(=O)O)N2C(=O)C[C@H]2S1(=O)=O,=,0.32,ug.mL-1,IC50,,Beta-lactamase SHV-1,single protein format
CHEMBL308516,C[C@@]1(CSc2nc3ccccc3s2)S[C@@H]2[C@H](Br)C(=O)N2[C@H]1C(=O)O,=,0.063,ug.mL-1,IC50,,Beta-lactamase SHV-1,single protein format
CHEMBL403,CC1(C)[C@H](C(=O)O)N2C(=O)C[C@H]2S1(=O)=O,=,0.4,ug.mL-1,IC50,,Beta-lactamase SHV-1,single protein format
CHEMBL72046,C[C@]1(CSC2=NCCS2)[C@H](C(=O)O)N2C(=O)C[C@H]2S1(=O)=O,=,0.13,ug.mL-1,IC50,,Beta-lactamase SHV-1,single protein format
CHEMBL423309,Cn1cnnc1SC[C@@]1(C)[C@H](C(=O)O)N2C(=O)C[C@H]2S1(=O)=O,=,0.2,ug.mL-1,IC50,,Beta-lactamase SHV-1,single protein format
CHEMBL310221,C[C@@]1(CSC2=NCCS2)S[C@@H]2[C@H](Br)C(=O)N2[C@H]1C(=O)O,=,0.2,ug.mL-1,IC50,,Beta-lactamase SHV-1,single protein format
CHEMBL73622,CC1(C)S[C@@H]2[C@H](Br)C(=O)N2[C@H]1C(=O)O,=,0.005,ug.mL-1,IC50,,Beta-lactamase SHV-1,single protein format
CHEMBL302512,Cn1nnnc1SC[C@@]1(C)[C@H](C(=O)O)N2C(=O)C[C@H]2S1(=O)=O,=,0.025,ug.mL-1,IC50,,Beta-lactamase SHV-1,single protein format
CHEMBL309009,C[C@]1(CSc2nc3ccccc3o2)[C@H](C(=O)O)N2C(=O)C[C@H]2S1(=O)=O,=,0.04,ug.mL-1,IC50,,Beta-lactamase SHV-1,single protein format
CHEMBL415266,Cn1nnnc1SC[C@]1(C)S[C@@H]2[C@H](Br)C(=O)N2[C@H]1C(=O)O,=,0.4,ug.mL-1,IC50,,Beta-lactamase SHV-1,single protein format
CHEMBL305908,C[C@@]1(CSc2nc[nH]n2)S[C@@H]2[C@H](Br)C(=O)N2[C@H]1C(=O)O,=,0.01,ug.mL-1,IC50,,Beta-lactamase SHV-1,single protein format
CHEMBL777,O=C(O)[C@H]1/C(=C/CO)O[C@@H]2CC(=O)N21,=,0.004,ug.mL-1,IC50,,Beta-lactamase SHV-1,single protein format
CHEMBL72972,C[C@]1(CSc2nc3ccccc3[nH]2)[C@H](C(=O)O)N2C(=O)C[C@H]2S1(=O)=O,=,0.25,ug.mL-1,IC50,,Beta-lactamase SHV-1,single protein format
CHEMBL70269,C[C@@]1(CSc2nc3ccccc3o2)S[C@@H]2[C@H](Br)C(=O)N2[C@H]1C(=O)O,=,0.063,ug.mL-1,IC50,,Beta-lactamase SHV-1,single protein format
CHEMBL404,C[C@]1(Cn2ccnn2)[C@H](C(=O)O)N2C(=O)C[C@H]2S1(=O)=O,=,0.04,ug.mL-1,IC50,,Beta-lactamase SHV-1,single protein format
CHEMBL73450,Cn1ccnc1SC[C@]1(C)S[C@@H]2[C@H](Br)C(=O)N2[C@H]1C(=O)O,=,0.02,ug.mL-1,IC50,,Beta-lactamase SHV-1,single protein format
CHEMBL6461,C[C@]1(/C=C/C#N)[C@H](C(=O)[O-])N2C(=O)C[C@H]2S1(=O)=O.[Na+],=,540.0,nM,IC50,6.27,Beta-lactamase SHV-1,single protein format
CHEMBL122450,O=C([O-])C1=CS[C@@H]2/C(=C\c3cn4c5c(sc4n3)CCC5)C(=O)N12.[Na+],=,12.0,nM,IC50,7.92,Beta-lactamase SHV-1,single protein format
CHEMBL227452,CO/N=C(\C(=O)NCB(O)O)c1csc(N)n1,=,8900.0,nM,Ki,5.05,Beta-lactamase SHV-1,cell-based format
CHEMBL1231661,CC(C)(O/N=C(\C(=O)NCB(O)O)c1csc(N)n1)C(=O)O,=,2200.0,nM,Ki,5.66,Beta-lactamase SHV-1,cell-based format
CHEMBL227673,CC(=O)NCB(O)O,=,300000.0,nM,Ki,,Beta-lactamase SHV-1,cell-based format
CHEMBL396509,C/C=C1/C(=O)N2C(C(=O)[O-])=C3[C@@H](OC)CCC[C@@H]3[C@H]12.[Na+],=,151.0,nM,IC50,6.82,Beta-lactamase SHV-1,single protein format
CHEMBL404,C[C@]1(Cn2ccnn2)[C@H](C(=O)O)N2C(=O)C[C@H]2S1(=O)=O,=,222.0,nM,IC50,6.65,Beta-lactamase SHV-1,single protein format
CHEMBL777,O=C(O)[C@H]1/C(=C/CO)O[C@@H]2CC(=O)N21,=,28.0,nM,IC50,7.55,Beta-lactamase SHV-1,single protein format
CHEMBL397438,C/C=C1/C(=O)N2C(C(=O)[O-])=C3[C@@H](OCCC#N)CCC[C@@H]3[C@H]12.[Na+],=,152.0,nM,IC50,6.82,Beta-lactamase SHV-1,single protein format
CHEMBL395017,C/C=C1/C(=O)N2C(C(=O)[O-])=C3[C@@H](OCCF)CCC[C@@H]3[C@H]12.[Na+],=,148.0,nM,IC50,6.83,Beta-lactamase SHV-1,single protein format
CHEMBL230332,C/C=C1/C(=O)N2C(C(=O)[O-])=C3[C@@H](OCCCC)CCC[C@@H]3[C@H]12.[Na+],=,206.0,nM,IC50,6.69,Beta-lactamase SHV-1,single protein format
CHEMBL396998,C/C=C1/C(=O)N2C(C(=O)[O-])=C3[C@H](OCCCC)CCC[C@H]3[C@H]12.[Na+],=,219.0,nM,IC50,6.66,Beta-lactamase SHV-1,single protein format
CHEMBL396753,C/C=C1/C(=O)N2C(C(=O)[O-])=C3[C@@H](OC(C)C)CCC[C@@H]3[C@H]12.[Na+],=,340.0,nM,IC50,6.47,Beta-lactamase SHV-1,single protein format
CHEMBL230226,C/C=C1/C(=O)N2C(C(=O)[O-])=C3[C@@H](OCC)CCC[C@@H]3[C@H]12.[Na+],=,385.0,nM,IC50,6.42,Beta-lactamase SHV-1,single protein format
CHEMBL230859,C/C=C1/C(=O)N2C(C(=O)[O-])=C3[C@H](OCC)CCC[C@H]3[C@H]12.[Na+],=,284.0,nM,IC50,6.55,Beta-lactamase SHV-1,single protein format
CHEMBL29,CC1(C)S[C@@H]2[C@H](NC(=O)Cc3ccccc3)C(=O)N2[C@H]1C(=O)O,=,23000.0,nM,Km,,Beta-lactamase SHV-1,single protein format
CHEMBL1082,CC1(C)S[C@@H]2[C@H](NC(=O)[C@H](N)c3ccc(O)cc3)C(=O)N2[C@H]1C(=O)O,=,31000.0,nM,Km,,Beta-lactamase SHV-1,single protein format
CHEMBL1449,CC1(C)S[C@@H]2[C@H](NC(=O)[C@H](C(=O)O)c3ccsc3)C(=O)N2[C@H]1C(=O)O,=,11000.0,nM,Km,,Beta-lactamase SHV-1,single protein format
CHEMBL702,CCN1CCN(C(=O)N[C@@H](C(=O)N[C@@H]2C(=O)N3[C@@H](C(=O)O)C(C)(C)S[C@H]23)c2ccccc2)C(=O)C1=O,=,24000.0,nM,Km,,Beta-lactamase SHV-1,single protein format
CHEMBL617,CC(=O)OCC1=C(C(=O)O)N2C(=O)[C@@H](NC(=O)Cc3cccs3)[C@H]2SC1,=,40000.0,nM,Km,,Beta-lactamase SHV-1,single protein format
CHEMBL44354,CC(C)(O/N=C(\C(=O)N[C@@H]1C(=O)N2C(C(=O)[O-])=C(C[n+]3ccccc3)CS[C@H]12)c1csc(N)n1)C(=O)O,=,142000.0,nM,Km,,Beta-lactamase SHV-1,single protein format
CHEMBL1730,CO/N=C(\C(=O)N[C@@H]1C(=O)N2C(C(=O)O)=C(COC(C)=O)CS[C@H]12)c1csc(N)n1,=,257000.0,nM,Km,,Beta-lactamase SHV-1,single protein format
CHEMBL158,C[C@H]1[C@H](NC(=O)/C(=N\OC(C)(C)C(=O)O)c2csc(N)n2)C(=O)N1S(=O)(=O)O,,,,Km,,Beta-lactamase SHV-1,single protein format
CHEMBL29,CC1(C)S[C@@H]2[C@H](NC(=O)Cc3ccccc3)C(=O)N2[C@H]1C(=O)O,=,1937.0,/s,Kcat,,Beta-lactamase SHV-1,single protein format
CHEMBL1082,CC1(C)S[C@@H]2[C@H](NC(=O)[C@H](N)c3ccc(O)cc3)C(=O)N2[C@H]1C(=O)O,=,1044.0,/s,Kcat,,Beta-lactamase SHV-1,single protein format
CHEMBL1449,CC1(C)S[C@@H]2[C@H](NC(=O)[C@H](C(=O)O)c3ccsc3)C(=O)N2[C@H]1C(=O)O,=,220.0,/s,Kcat,,Beta-lactamase SHV-1,single protein format
CHEMBL702,CCN1CCN(C(=O)N[C@@H](C(=O)N[C@@H]2C(=O)N3[C@@H](C(=O)O)C(C)(C)S[C@H]23)c2ccccc2)C(=O)C1=O,=,1490.0,/s,Kcat,,Beta-lactamase SHV-1,single protein format
CHEMBL617,CC(=O)OCC1=C(C(=O)O)N2C(=O)[C@@H](NC(=O)Cc3cccs3)[C@H]2SC1,=,128.0,/s,Kcat,,Beta-lactamase SHV-1,single protein format
CHEMBL44354,CC(C)(O/N=C(\C(=O)N[C@@H]1C(=O)N2C(C(=O)[O-])=C(C[n+]3ccccc3)CS[C@H]12)c1csc(N)n1)C(=O)O,<,0.1,/s,Kcat,,Beta-lactamase SHV-1,single protein format
CHEMBL1730,CO/N=C(\C(=O)N[C@@H]1C(=O)N2C(C(=O)O)=C(COC(C)=O)CS[C@H]12)c1csc(N)n1,<,0.1,/s,Kcat,,Beta-lactamase SHV-1,single protein format
CHEMBL158,C[C@H]1[C@H](NC(=O)/C(=N\OC(C)(C)C(=O)O)c2csc(N)n2)C(=O)N1S(=O)(=O)O,,,,Kcat,,Beta-lactamase SHV-1,single protein format
CHEMBL29,CC1(C)S[C@@H]2[C@H](NC(=O)Cc3ccccc3)C(=O)N2[C@H]1C(=O)O,=,84.2,/uM/s,Kcat/Km,,Beta-lactamase SHV-1,single protein format
CHEMBL1082,CC1(C)S[C@@H]2[C@H](NC(=O)[C@H](N)c3ccc(O)cc3)C(=O)N2[C@H]1C(=O)O,=,33.7,/uM/s,Kcat/Km,,Beta-lactamase SHV-1,single protein format
CHEMBL1449,CC1(C)S[C@@H]2[C@H](NC(=O)[C@H](C(=O)O)c3ccsc3)C(=O)N2[C@H]1C(=O)O,=,20.0,/uM/s,Kcat/Km,,Beta-lactamase SHV-1,single protein format
CHEMBL702,CCN1CCN(C(=O)N[C@@H](C(=O)N[C@@H]2C(=O)N3[C@@H](C(=O)O)C(C)(C)S[C@H]23)c2ccccc2)C(=O)C1=O,=,62.1,/uM/s,Kcat/Km,,Beta-lactamase SHV-1,single protein format
CHEMBL617,CC(=O)OCC1=C(C(=O)O)N2C(=O)[C@@H](NC(=O)Cc3cccs3)[C@H]2SC1,=,3.2,/uM/s,Kcat/Km,,Beta-lactamase SHV-1,single protein format
CHEMBL44354,CC(C)(O/N=C(\C(=O)N[C@@H]1C(=O)N2C(C(=O)[O-])=C(C[n+]3ccccc3)CS[C@H]12)c1csc(N)n1)C(=O)O,,,,Kcat/Km,,Beta-lactamase SHV-1,single protein format
CHEMBL1730,CO/N=C(\C(=O)N[C@@H]1C(=O)N2C(C(=O)O)=C(COC(C)=O)CS[C@H]12)c1csc(N)n1,,,,Kcat/Km,,Beta-lactamase SHV-1,single protein format
CHEMBL158,C[C@H]1[C@H](NC(=O)/C(=N\OC(C)(C)C(=O)O)c2csc(N)n2)C(=O)N1S(=O)(=O)O,,,,Kcat/Km,,Beta-lactamase SHV-1,single protein format
CHEMBL3949733,COC(=O)C1/C(=C(\C=O)C/C=C/c2ccccc2)O[C@@H]2CC(=O)N12,=,47.7,nM,IC50,7.32,Beta-lactamase SHV-1,assay format
CHEMBL777,O=C(O)[C@H]1/C(=C/CO)O[C@@H]2CC(=O)N21,=,30.3,nM,IC50,7.52,Beta-lactamase SHV-1,assay format
CHEMBL403,CC1(C)[C@H](C(=O)O)N2C(=O)C[C@H]2S1(=O)=O,=,3915.0,nM,IC50,5.41,Beta-lactamase SHV-1,assay format
CHEMBL404,C[C@]1(Cn2ccnn2)[C@H](C(=O)O)N2C(=O)C[C@H]2S1(=O)=O,=,222.0,nM,IC50,6.65,Beta-lactamase SHV-1,assay format
CHEMBL3917939,O=C/C=C1\O[C@@H]2CC(=O)N2C1(C/C=C/c1ccccc1)C(=O)OCc1ccccc1,=,7143.5,nM,IC50,5.15,Beta-lactamase SHV-1,assay format
CHEMBL3917939,O=C/C=C1\O[C@@H]2CC(=O)N2C1(C/C=C/c1ccccc1)C(=O)OCc1ccccc1,=,3950.3,nM,IC50,5.40,Beta-lactamase SHV-1,assay format
CHEMBL4114757,O=C/C(C/C=C/CO)=C1/O[C@@H]2CC(=O)N2C1C(=O)OCc1ccccc1,=,216.9,nM,IC50,6.66,Beta-lactamase SHV-1,assay format
CHEMBL4114673,O=C/C=C1\O[C@@H]2CC(=O)N2C1(C/C=C/CO)C(=O)OCc1ccccc1,=,1043.0,nM,IC50,5.98,Beta-lactamase SHV-1,assay format
CHEMBL4114662,COC(=O)C1(C/C=C/c2ccccc2)/C(=C/C=O)O[C@@H]2CC(=O)N21,=,85115.0,nM,IC50,4.07,Beta-lactamase SHV-1,assay format
CHEMBL4114662,COC(=O)C1(C/C=C/c2ccccc2)/C(=C/C=O)O[C@@H]2CC(=O)N21,=,4427.2,nM,IC50,5.35,Beta-lactamase SHV-1,assay format
CHEMBL4114788,C=CC/C(C=O)=C1\O[C@@H]2CC(=O)N2C1C(=O)OC,=,80.5,nM,IC50,7.09,Beta-lactamase SHV-1,assay format
CHEMBL4114791,C=CCC1(C(=O)OC)/C(=C/C=O)O[C@@H]2CC(=O)N21,=,21303.5,nM,IC50,4.67,Beta-lactamase SHV-1,assay format
CHEMBL4115687,CC(C)(C)C(=O)OCOC(=O)C1/C(=C(\C=O)C/C=C/c2ccccc2)O[C@@H]2CC(=O)N12,=,13.9,nM,IC50,7.86,Beta-lactamase SHV-1,assay format
CHEMBL3964842,CC(C)(C)C(=O)OCOC(=O)C1(C/C=C/c2ccccc2)/C(=C/C=O)O[C@@H]2CC(=O)N21,=,616.6,nM,IC50,6.21,Beta-lactamase SHV-1,assay format
CHEMBL4114754,C=CC/C(C(=O)O)=C1\O[C@@H]2CC(=O)N2C1C(=O)OCc1ccccc1,=,62.2,nM,IC50,7.21,Beta-lactamase SHV-1,assay format
CHEMBL4114818,O=C(O)/C(C/C=C/c1ccccc1)=C1/O[C@@H]2CC(=O)N2C1C(=O)OCc1ccccc1,=,36.3,nM,IC50,7.44,Beta-lactamase SHV-1,assay format
CHEMBL4114763,O=C(O)/C=C1\O[C@@H]2CC(=O)N2C1(C/C=C/c1ccccc1)C(=O)OCc1ccccc1,=,624.3,nM,IC50,6.21,Beta-lactamase SHV-1,assay format
CHEMBL4114763,O=C(O)/C=C1\O[C@@H]2CC(=O)N2C1(C/C=C/c1ccccc1)C(=O)OCc1ccccc1,=,9317.9,nM,IC50,5.03,Beta-lactamase SHV-1,assay format
CHEMBL4114759,C=CC/C(C(=O)O)=C1\O[C@@H]2CC(=O)N2C1C(=O)OC,=,339.0,nM,IC50,6.47,Beta-lactamase SHV-1,assay format
CHEMBL4114697,COC(=O)C1/C(=C(/C/C=C/c2ccccc2)C(=O)O)O[C@@H]2CC(=O)N12,=,50.3,nM,IC50,7.30,Beta-lactamase SHV-1,assay format
CHEMBL4114792,COC(=O)C1(C/C=C/c2ccccc2)/C(=C/C(=O)O)O[C@@H]2CC(=O)N21,=,2307.2,nM,IC50,5.64,Beta-lactamase SHV-1,assay format
CHEMBL4114792,COC(=O)C1(C/C=C/c2ccccc2)/C(=C/C(=O)O)O[C@@H]2CC(=O)N21,=,642.3,nM,IC50,6.19,Beta-lactamase SHV-1,assay format
CHEMBL4114694,CC(C)(C)C(=O)OCOC(=O)C1/C(=C(/C/C=C/c2ccccc2)C(=O)O)O[C@@H]2CC(=O)N12,=,141.3,nM,IC50,6.85,Beta-lactamase SHV-1,assay format
CHEMBL4115678,C=CC/C(CO)=C1\O[C@@H]2CC(=O)N2C1C(=O)OCc1ccccc1,=,6810.3,nM,IC50,5.17,Beta-lactamase SHV-1,assay format
CHEMBL4115678,C=CC/C(CO)=C1\O[C@@H]2CC(=O)N2C1C(=O)OCc1ccccc1,=,1713.1,nM,IC50,5.77,Beta-lactamase SHV-1,assay format
CHEMBL4115684,O=C(OCc1ccccc1)C1/C(=C(\CO)C/C=C/c2ccccc2)O[C@@H]2CC(=O)N12,=,5609.9,nM,IC50,5.25,Beta-lactamase SHV-1,assay format
CHEMBL4114803,O=C1OC(CI)C/C1=C1/O[C@@H]2CC(=O)N2C1C(=O)OCc1ccccc1,=,0.4,nM,IC50,9.40,Beta-lactamase SHV-1,assay format
CHEMBL4114803,O=C1OC(CI)C/C1=C1/O[C@@H]2CC(=O)N2C1C(=O)OCc1ccccc1,=,0.8,nM,IC50,9.10,Beta-lactamase SHV-1,assay format
CHEMBL4109897,COC(=O)C1/C(=C2/CC(CI)OC2=O)O[C@@H]2CC(=O)N12,=,4.3,nM,IC50,8.37,Beta-lactamase SHV-1,assay format
CHEMBL4111477,CC1C/C(=C2\O[C@@H]3CC(=O)N3C2C(=O)OCc2ccccc2)C(=O)O1,=,3.4,nM,IC50,8.47,Beta-lactamase SHV-1,assay format
CHEMBL4111477,CC1C/C(=C2\O[C@@H]3CC(=O)N3C2C(=O)OCc2ccccc2)C(=O)O1,=,0.5,nM,IC50,9.30,Beta-lactamase SHV-1,assay format
CHEMBL4106976,[N-]=[N+]=NCC1C/C(=C2\O[C@@H]3CC(=O)N3C2C(=O)OCc2ccccc2)C(=O)O1,=,4.2,nM,IC50,8.38,Beta-lactamase SHV-1,assay format
CHEMBL4106598,CC1C/C(=C2\O[C@@H]3CC(=O)N3C2C(=O)O)C(=O)O1,=,2.6,nM,IC50,8.59,Beta-lactamase SHV-1,assay format
CHEMBL4114669,CC1C/C(=C2/O[C@@H]3CC(=O)N3C2C(=O)O)C(=O)O1,=,3.2,nM,IC50,8.49,Beta-lactamase SHV-1,assay format
CHEMBL4114761,CCC/C(C(=O)O)=C1\O[C@@H]2CC(=O)N2C1C(=O)O,=,435.7,nM,IC50,6.36,Beta-lactamase SHV-1,assay format
CHEMBL4114696,COC(=O)C1/C(=C(/CCCc2ccccc2)C(=O)O)O[C@@H]2CC(=O)N12,=,219.0,nM,IC50,6.66,Beta-lactamase SHV-1,assay format
CHEMBL4114769,CCC/C(C(=O)O)=C1\O[C@@H]2CC(=O)N2C1C(=O)OC,=,294.6,nM,IC50,6.53,Beta-lactamase SHV-1,assay format
CHEMBL4114672,COC(=O)/C(CCCc1ccccc1)=C1/O[C@@H]2CC(=O)N2C1C(=O)OC,=,22.6,nM,IC50,7.65,Beta-lactamase SHV-1,assay format
CHEMBL4114749,O=C(O)/C(C/C=C/CN(Cc1ccccc1)C(=O)OCc1ccccc1)=C1/O[C@@H]2CC(=O)N2C1C(=O)OCc1ccccc1,=,0.6,nM,IC50,9.22,Beta-lactamase SHV-1,assay format
CHEMBL4114687,O=C(OCc1ccccc1)C1/C(=C2\COC(CI)C2)O[C@@H]2CC(=O)N12,=,3604.4,nM,IC50,5.44,Beta-lactamase SHV-1,assay format
