molecule_chembl_id,canonical_smiles,standard_relation,standard_value,standard_units,standard_type,pchembl_value,target_pref_name,bao_label
CHEMBL29,CC1(C)S[C@@H]2[C@H](NC(=O)Cc3ccccc3)C(=O)N2[C@H]1C(=O)O,=,60.0,/s,Kcat,,Class A carbapenemase KPC-2,single protein format
CHEMBL520642,Nc1nc(/C(=N/O)C(=O)N[C@@H]2C(=O)N3C(C(=O)O)=C(/C=C4\CCN([C@@H]5CCNC5)C4=O)CS[C@H]23)ns1,=,42.0,%,Activity,,Class A carbapenemase KPC-2,single protein format
CHEMBL29,CC1(C)S[C@@H]2[C@H](NC(=O)Cc3ccccc3)C(=O)N2[C@H]1C(=O)O,=,30000.0,nM,Km,,Class A carbapenemase KPC-2,single protein format
CHEMBL520642,Nc1nc(/C(=N/O)C(=O)N[C@@H]2C(=O)N3C(C(=O)O)=C(/C=C4\CCN([C@@H]5CCNC5)C4=O)CS[C@H]23)ns1,=,28.0,%,Activity,,Class A carbapenemase KPC-2,single protein format
CHEMBL29,CC1(C)S[C@@H]2[C@H](NC(=O)Cc3ccccc3)C(=O)N2[C@H]1C(=O)O,=,15.0,%,Activity,,Class A carbapenemase KPC-2,single protein format
CHEMBL186,CO/N=C(\C(=O)N[C@@H]1C(=O)N2C(C(=O)[O-])=C(C[N+]3(C)CCCC3)CS[C@H]12)c1csc(N)n1,=,12.0,/s,Kcat,,Class A carbapenemase KPC-2,single protein format
CHEMBL186,CO/N=C(\C(=O)N[C@@H]1C(=O)N2C(C(=O)[O-])=C(C[N+]3(C)CCCC3)CS[C@H]12)c1csc(N)n1,=,3.1,%,Activity,,Class A carbapenemase KPC-2,single protein format
CHEMBL186,CO/N=C(\C(=O)N[C@@H]1C(=O)N2C(C(=O)[O-])=C(C[N+]3(C)CCCC3)CS[C@H]12)c1csc(N)n1,=,2.9,%,Activity,,Class A carbapenemase KPC-2,single protein format
CHEMBL29,CC1(C)S[C@@H]2[C@H](NC(=O)Cc3ccccc3)C(=O)N2[C@H]1C(=O)O,=,2.0,/s/microM,Kcat/Km,,Class A carbapenemase KPC-2,single protein format
CHEMBL316157,O=C(Cc1cccs1)N[C@@H]1C(=O)N2C(C(=O)[O-])=C(C[n+]3ccccc3)CS[C@H]12,=,0.77,/s/microM,Kcat/Km,,Class A carbapenemase KPC-2,single protein format
CHEMBL44354,CC(C)(O/N=C(\C(=O)N[C@@H]1C(=O)N2C(C(=O)[O-])=C(C[n+]3ccccc3)CS[C@H]12)c1csc(N)n1)C(=O)O,=,0.38,/s,Kcat,,Class A carbapenemase KPC-2,single protein format
CHEMBL520642,Nc1nc(/C(=N/O)C(=O)N[C@@H]2C(=O)N3C(C(=O)O)=C(/C=C4\CCN([C@@H]5CCNC5)C4=O)CS[C@H]23)ns1,=,0.32,/s/microM,Kcat/Km,,Class A carbapenemase KPC-2,single protein format
CHEMBL44354,CC(C)(O/N=C(\C(=O)N[C@@H]1C(=O)N2C(C(=O)[O-])=C(C[n+]3ccccc3)CS[C@H]12)c1csc(N)n1)C(=O)O,=,0.22,%,Activity,,Class A carbapenemase KPC-2,single protein format
CHEMBL44354,CC(C)(O/N=C(\C(=O)N[C@@H]1C(=O)N2C(C(=O)[O-])=C(C[n+]3ccccc3)CS[C@H]12)c1csc(N)n1)C(=O)O,=,0.097,%,Activity,,Class A carbapenemase KPC-2,single protein format
CHEMBL186,CO/N=C(\C(=O)N[C@@H]1C(=O)N2C(C(=O)[O-])=C(C[N+]3(C)CCCC3)CS[C@H]12)c1csc(N)n1,=,0.022,/s/microM,Kcat/Km,,Class A carbapenemase KPC-2,single protein format
CHEMBL44354,CC(C)(O/N=C(\C(=O)N[C@@H]1C(=O)N2C(C(=O)[O-])=C(C[n+]3ccccc3)CS[C@H]12)c1csc(N)n1)C(=O)O,=,0.0017,/s/microM,Kcat/Km,,Class A carbapenemase KPC-2,single protein format
CHEMBL44354,CC(C)(O/N=C(\C(=O)N[C@@H]1C(=O)N2C(C(=O)[O-])=C(C[n+]3ccccc3)CS[C@H]12)c1csc(N)n1)C(=O)O,=,230000.0,nM,Km,,Class A carbapenemase KPC-2,single protein format
CHEMBL29,CC1(C)S[C@@H]2[C@H](NC(=O)Cc3ccccc3)C(=O)N2[C@H]1C(=O)O,=,260.0,%,Activity,,Class A carbapenemase KPC-2,single protein format
CHEMBL520642,Nc1nc(/C(=N/O)C(=O)N[C@@H]2C(=O)N3C(C(=O)O)=C(/C=C4\CCN([C@@H]5CCNC5)C4=O)CS[C@H]23)ns1,=,340000.0,nM,Km,,Class A carbapenemase KPC-2,single protein format
CHEMBL316157,O=C(Cc1cccs1)N[C@@H]1C(=O)N2C(C(=O)[O-])=C(C[n+]3ccccc3)CS[C@H]12,=,390.0,/s,Kcat,,Class A carbapenemase KPC-2,single protein format
CHEMBL316157,O=C(Cc1cccs1)N[C@@H]1C(=O)N2C(C(=O)[O-])=C(C[n+]3ccccc3)CS[C@H]12,=,510000.0,nM,Km,,Class A carbapenemase KPC-2,single protein format
CHEMBL186,CO/N=C(\C(=O)N[C@@H]1C(=O)N2C(C(=O)[O-])=C(C[N+]3(C)CCCC3)CS[C@H]12)c1csc(N)n1,=,540000.0,nM,Km,,Class A carbapenemase KPC-2,single protein format
CHEMBL520642,Nc1nc(/C(=N/O)C(=O)N[C@@H]2C(=O)N3C(C(=O)O)=C(/C=C4\CCN([C@@H]5CCNC5)C4=O)CS[C@H]23)ns1,=,110.0,/s,Kcat,,Class A carbapenemase KPC-2,single protein format
CHEMBL3317857,O=C(O)C[C@@H]1CC[C@H](NC(=O)Cc2cccs2)B(O)O1,<=,0.06,ug.mL-1,MIC,,Class A carbapenemase KPC-2,single protein format
CHEMBL3317857,O=C(O)C[C@@H]1CC[C@H](NC(=O)Cc2cccs2)B(O)O1,<=,0.06,ug.mL-1,MIC,,Class A carbapenemase KPC-2,single protein format
CHEMBL3317857,O=C(O)C[C@@H]1CC[C@H](NC(=O)Cc2cccs2)B(O)O1,<=,0.06,ug.mL-1,MIC,,Class A carbapenemase KPC-2,single protein format
CHEMBL3317857,O=C(O)C[C@@H]1CC[C@H](NC(=O)Cc2cccs2)B(O)O1,=,0.13,ug.mL-1,MIC,,Class A carbapenemase KPC-2,single protein format
CHEMBL4467962,C[Si]1(C)OB(O)c2c(F)c(F)c(F)c(F)c21,>,64.0,ug.mL-1,MIC,,Class A carbapenemase KPC-2,single protein format
CHEMBL4535159,C[Si]1(C)OB(O)c2ccc(F)c(F)c21,>,64.0,ug.mL-1,MIC,,Class A carbapenemase KPC-2,single protein format
CHEMBL4472786,C[Si]1(C)OB(O)c2ccc(B(O)O)cc21,>,64.0,ug.mL-1,MIC,,Class A carbapenemase KPC-2,single protein format
CHEMBL4575756,C[Si]1(C)OB(O)c2cc3c(c(F)c21)COB3O,>,64.0,ug.mL-1,MIC,,Class A carbapenemase KPC-2,single protein format
CHEMBL4436872,C[Si]1(C)OB(O)c2c(F)c3c(c(F)c21)B(O)OC3,>,64.0,ug.mL-1,MIC,,Class A carbapenemase KPC-2,single protein format
CHEMBL21485,OB(O)c1ccccc1,>,64.0,ug.mL-1,MIC,,Class A carbapenemase KPC-2,single protein format
CHEMBL4467962,C[Si]1(C)OB(O)c2c(F)c(F)c(F)c(F)c21,>,64.0,ug.mL-1,MIC,,Class A carbapenemase KPC-2,single protein format
CHEMBL4535159,C[Si]1(C)OB(O)c2ccc(F)c(F)c21,>,64.0,ug.mL-1,MIC,,Class A carbapenemase KPC-2,single protein format
CHEMBL4472786,C[Si]1(C)OB(O)c2ccc(B(O)O)cc21,>,64.0,ug.mL-1,MIC,,Class A carbapenemase KPC-2,single protein format
CHEMBL4575756,C[Si]1(C)OB(O)c2cc3c(c(F)c21)COB3O,>,64.0,ug.mL-1,MIC,,Class A carbapenemase KPC-2,single protein format
CHEMBL4436872,C[Si]1(C)OB(O)c2c(F)c3c(c(F)c21)B(O)OC3,>,64.0,ug.mL-1,MIC,,Class A carbapenemase KPC-2,single protein format
CHEMBL21485,OB(O)c1ccccc1,=,32.0,ug.mL-1,MIC,,Class A carbapenemase KPC-2,single protein format
CHEMBL4450628,C[C@H](CS)C(=O)NCB(O)O,=,0.5,ug.mL-1,MIC,,Class A carbapenemase KPC-2,single protein format
CHEMBL1560,C[C@H](CS)C(=O)N1CCC[C@H]1C(=O)O,=,4.0,ug.mL-1,MIC,,Class A carbapenemase KPC-2,single protein format
CHEMBL404,C[C@]1(Cn2ccnn2)[C@H](C(=O)O)N2C(=O)C[C@H]2S1(=O)=O,=,2.0,ug.mL-1,MIC,,Class A carbapenemase KPC-2,single protein format
CHEMBL4454286,C[C@H](CS)C(=O)N[C@@H](Cc1ccccc1)B(O)O,=,2.0,ug.mL-1,MIC,,Class A carbapenemase KPC-2,single protein format
CHEMBL4464521,C[C@H](CS)C(=O)N[C@H](Cc1ccccc1)B(O)O,=,2.0,ug.mL-1,MIC,,Class A carbapenemase KPC-2,single protein format
CHEMBL4439726,C[C@H](CS)C(=O)N[C@@H](Cc1coc2ccccc12)B(O)O,=,1.0,ug.mL-1,MIC,,Class A carbapenemase KPC-2,single protein format
CHEMBL4460127,C[C@H](CS)C(=O)N[C@H](Cc1coc2ccccc12)B(O)O,=,2.0,ug.mL-1,MIC,,Class A carbapenemase KPC-2,single protein format
CHEMBL4450628,C[C@H](CS)C(=O)NCB(O)O,=,4.0,ug.mL-1,MIC,,Class A carbapenemase KPC-2,single protein format
CHEMBL1560,C[C@H](CS)C(=O)N1CCC[C@H]1C(=O)O,=,16.0,ug.mL-1,MIC,,Class A carbapenemase KPC-2,single protein format
CHEMBL404,C[C@]1(Cn2ccnn2)[C@H](C(=O)O)N2C(=O)C[C@H]2S1(=O)=O,=,8.0,ug.mL-1,MIC,,Class A carbapenemase KPC-2,single protein format
CHEMBL4454286,C[C@H](CS)C(=O)N[C@@H](Cc1ccccc1)B(O)O,=,16.0,ug.mL-1,MIC,,Class A carbapenemase KPC-2,single protein format
CHEMBL4464521,C[C@H](CS)C(=O)N[C@H](Cc1ccccc1)B(O)O,=,16.0,ug.mL-1,MIC,,Class A carbapenemase KPC-2,single protein format
CHEMBL4439726,C[C@H](CS)C(=O)N[C@@H](Cc1coc2ccccc12)B(O)O,=,8.0,ug.mL-1,MIC,,Class A carbapenemase KPC-2,single protein format
CHEMBL4460127,C[C@H](CS)C(=O)N[C@H](Cc1coc2ccccc12)B(O)O,=,8.0,ug.mL-1,MIC,,Class A carbapenemase KPC-2,single protein format
CHEMBL4636953,Nc1nnc(SCC(=O)N[C@H]2Cc3cccc(C(=O)O)c3OB2O)s1,=,21.0,nM,Ki,7.68,Class A carbapenemase KPC-2,single protein format
CHEMBL4640702,O=C(O)c1cccc2c1OB(O)[C@@H](Sc1nncs1)C2,=,150.0,nM,Ki,6.82,Class A carbapenemase KPC-2,single protein format
CHEMBL1689063,NC(=O)[C@@H]1CC[C@@H]2CN1C(=O)N2OS(=O)(=O)O,=,11.0,nM,Ki,7.96,Class A carbapenemase KPC-2,single protein format
CHEMBL4633785,O=C(O)c1c(F)ccc2c1OB(O)[C@@H]1C[C@H]21,=,1.9,nM,Ki,8.72,Class A carbapenemase KPC-2,single protein format
CHEMBL3317857,O=C(O)C[C@@H]1CC[C@H](NC(=O)Cc2cccs2)B(O)O1,=,56.0,nM,Ki,7.25,Class A carbapenemase KPC-2,single protein format
