molecule_chembl_id,canonical_smiles,standard_relation,standard_value,standard_units,standard_type,pchembl_value,target_pref_name,bao_label
CHEMBL1206880,C[C@@H](O)[C@H]1C(=O)N2C(C(=O)O)=C(S[C@@H]3CCO[C@@H]3CN)[C@H](C)[C@H]12,=,8.5,,Relative hydrolysis,,Renal dipeptidase,tissue-based format
CHEMBL2368987,COC(=O)[C@H]1O[C@H](COS(=O)(=O)c2ccc(C)cc2)[C@H]1SC1=C(C(=O)[O-])N2C(=O)[C@H]([C@@H](C)O)[C@H]2[C@H]1C.[Na+],<,1.0,,Relative hydrolysis,,Renal dipeptidase,single protein format
CHEMBL2368991,COC(=O)[C@H]1O[C@H](CN)[C@H]1SC1=C(C(=O)O)N2C(=O)[C@H]([C@@H](C)O)[C@H]2[C@H]1C,<,1.0,,Relative hydrolysis,,Renal dipeptidase,single protein format
CHEMBL50631,C[C@H]1C(S[C@H]2[C@@H](CN)O[C@@H]2CO)=C(C(=O)O)N2C(=O)[C@H]([C@@H](C)O)C12,,,,Relative hydrolysis,,Renal dipeptidase,single protein format
CHEMBL422765,C[C@H]1C(S[C@@H]2[C@@H](C)O[C@@H]2CN)=C(C(=O)[O-])N2C(=O)[C@H]([C@@H](C)O)C12.[Na+],,,,Relative hydrolysis,,Renal dipeptidase,single protein format
CHEMBL148,C[C@@H](O)[C@H]1C(=O)N2C(C(=O)O)=C(SCCNC=N)C[C@H]12,=,100.0,,Relative hydrolysis,,Renal dipeptidase,single protein format
CHEMBL2368993,COC(=O)[C@H]1O[C@H](CO)[C@H]1SC1=C(C(=O)[O-])N2C(=O)[C@H]([C@@H](C)O)[C@H]2[C@H]1C.[Na+],<,1.0,,Relative hydrolysis,,Renal dipeptidase,single protein format
CHEMBL2368992,C[C@@H](O)[C@H]1C(=O)N2C(C(=O)[O-])=C(S[C@@H]3[C@@H](CO)O[C@@H]3C(=O)N(C)C)[C@H](C)[C@H]12.[Na+],,,,Relative hydrolysis,,Renal dipeptidase,single protein format
CHEMBL102131,C[C@H](N)C(=O)NCC1CC(SC2=C(C(=O)[O-])N3C(=O)[C@H]([C@@H](C)O)[C@H]3[C@H]2C)CO1.[Na+],=,10.0,,Relative hydrolysis,,Renal dipeptidase,assay format
CHEMBL101476,C[C@H](N)C(=O)NC[C@H]1OCC[C@H]1SC1=C(C(=O)[O-])N2C(=O)[C@H]([C@@H](C)O)[C@H]2[C@H]1C.[Na+],=,12.0,,Relative hydrolysis,,Renal dipeptidase,single protein format
CHEMBL320391,C[C@@H](O)[C@H]1C(=O)N2C(C(=O)[O-])=C(SC3COC(CN)C3)[C@H](C)[C@H]12.[Na+],=,19.0,,Relative hydrolysis,,Renal dipeptidase,single protein format
CHEMBL104965,CCN1CCN(C(=O)NCC2CC(SC3=C(C(=O)[O-])N4C(=O)[C@H]([C@@H](C)O)[C@H]4[C@H]3C)CO2)C(=O)C1=O.[Na+],=,13.0,,Relative hydrolysis,,Renal dipeptidase,single protein format
CHEMBL102079,CC(=O)NCC1CC(SC2=C(C(=O)[O-])N3C(=O)[C@H]([C@@H](C)O)[C@H]3[C@H]2C)CO1.[Na+],=,4.0,,Relative hydrolysis,,Renal dipeptidase,single protein format
CHEMBL319402,C[C@H](N)C(=O)N[C@@H](C)C(=O)NC[C@H]1OCC[C@H]1SC1=C(C(=O)[O-])N2C(=O)[C@H]([C@@H](C)O)[C@H]2[C@H]1C.[Na+],=,13.0,,Relative hydrolysis,,Renal dipeptidase,single protein format
CHEMBL106382,C[C@@H](O)[C@H]1C(=O)N2C(C(=O)[O-])=C(S[C@@H]3CCO[C@@H]3C/N=C\N)[C@H](C)[C@H]12.[Na+],=,18.0,,Relative hydrolysis,,Renal dipeptidase,single protein format
CHEMBL321043,C[C@@H](O)[C@H]1C(=O)N2C(C(=O)[O-])=C(S[C@@H]3CCO[C@@H]3CN)[C@H](C)[C@H]12.[Na+],=,8.5,,Relative hydrolysis,,Renal dipeptidase,single protein format
CHEMBL106223,C[C@@H](N)C(=O)NC[C@H]1OCC[C@H]1SC1=C(C(=O)[O-])N2C(=O)[C@H]([C@@H](C)O)[C@H]2[C@H]1C.[Na+],=,3.0,,Relative hydrolysis,,Renal dipeptidase,single protein format
CHEMBL105737,C[C@@H](O)[C@H]1C(=O)N2C(C(=O)[O-])=C(SC3COC(C/N=C/N(C)C)C3)[C@H](C)[C@H]12.[Na+],,,,Activity,,Renal dipeptidase,single protein format
CHEMBL107945,CNC[C@H]1OCC[C@H]1SC1=C(C(=O)[O-])N2C(=O)[C@H]([C@@H](C)O)[C@H]2[C@H]1C.[Na+],=,10.0,,Relative hydrolysis,,Renal dipeptidase,single protein format
CHEMBL318577,C[C@@H](O)[C@H]1C(=O)N2C(C(=O)[O-])=C(SC3COC(C/N=C/N)C3)[C@H](C)[C@H]12.[Na+],,,,Activity,,Renal dipeptidase,single protein format
CHEMBL148,C[C@@H](O)[C@H]1C(=O)N2C(C(=O)O)=C(SCCNC=N)C[C@H]12,=,100.0,,Relative hydrolysis,,Renal dipeptidase,single protein format
CHEMBL322402,CC(=O)NC[C@H]1OCC[C@H]1SC1=C(C(=O)[O-])N2C(=O)[C@H]([C@@H](C)O)[C@H]2[C@H]1C.[Na+],=,4.0,,Relative hydrolysis,,Renal dipeptidase,single protein format
CHEMBL1206903,C[C@@H](O)[C@H]1C(=O)N2C(C(=O)[O-])=C(SC3COC(C[N+](C)(C)C)C3)[C@H](C)[C@H]12,,,,Activity,,Renal dipeptidase,single protein format
CHEMBL265307,CNCC(=O)NCC1CC(SC2=C(C(=O)[O-])N3C(=O)[C@H]([C@@H](C)O)[C@H]3[C@H]2C)CO1.[Na+],,,,Activity,,Renal dipeptidase,single protein format
CHEMBL319703,C[C@@H](O)[C@H]1C(=O)N2C(C(=O)[O-])=C(S[C@@H]3CCO[C@@H]3CN(C)C)[C@H](C)[C@H]12.[Na+],=,7.5,,Relative hydrolysis,,Renal dipeptidase,single protein format
CHEMBL105505,CCN1CCN(C(=O)NC[C@H]2OCC[C@H]2SC2=C(C(=O)[O-])N3C(=O)[C@H]([C@@H](C)O)[C@H]3[C@H]2C)C(=O)C1=O.[Na+],=,9.0,,Relative hydrolysis,,Renal dipeptidase,single protein format
CHEMBL90121,C/C(=C\[C@@H]1CCCN1)C1=C(C(=O)O)N2C(=O)[C@H]([C@@H](C)O)[C@H]2C1,=,0.036,,Susceptibility,,Renal dipeptidase,single protein format
CHEMBL90121,C/C(=C\[C@@H]1CCCN1)C1=C(C(=O)O)N2C(=O)[C@H]([C@@H](C)O)[C@H]2C1,=,0.11,,Susceptibility,,Renal dipeptidase,single protein format
CHEMBL90121,C/C(=C\[C@@H]1CCCN1)C1=C(C(=O)O)N2C(=O)[C@H]([C@@H](C)O)[C@H]2C1,=,0.249,,Susceptibility,,Renal dipeptidase,single protein format
CHEMBL90121,C/C(=C\[C@@H]1CCCN1)C1=C(C(=O)O)N2C(=O)[C@H]([C@@H](C)O)[C@H]2C1,=,0.45,,Susceptibility,,Renal dipeptidase,single protein format
CHEMBL327648,COC/C(=C\[C@@H]1CCCN1)C1=C(C(=O)O)N2C(=O)[C@H]([C@@H](C)O)[C@H]2C1,<,0.008,,Susceptibility,,Renal dipeptidase,single protein format
CHEMBL88735,CSC/C(=C\[C@@H]1CCCN1)C1=C(C(=O)O)N2C(=O)[C@H]([C@@H](C)O)[C@H]2C1,<,0.006,,Susceptibility,,Renal dipeptidase,single protein format
CHEMBL90708,C[C@@H](O)[C@H]1C(=O)N2C(C(=O)O)=C(/C=C/[C@@H]3CCCN3)C[C@H]12,=,0.22,,Susceptibility,,Renal dipeptidase,single protein format
CHEMBL43708,C[C@@H](O)[C@H]1C(=O)N2C(C(=O)O)=C(SCCNC=N)C[C@H]12.O,=,1.0,,Susceptibility,,Renal dipeptidase,single protein format
CHEMBL148,C[C@@H](O)[C@H]1C(=O)N2C(C(=O)O)=C(SCCNC=N)C[C@H]12,=,1.0,,Rate of hydrolysis,,Renal dipeptidase,single protein format
CHEMBL432966,C[C@@H](O)[C@H]1C(=O)N2C(C(=O)[O-])=C(c3ccc4c(c3)-c3ccc(C[N+]56CC[N+](CC(N)=O)(CC5)CC6)cc3C4=O)C[C@H]12.[Cl-],=,0.055,,Rate of hydrolysis,,Renal dipeptidase,single protein format
CHEMBL329358,C[C@@H](O)[C@H]1C(=O)N2C(C(=O)O)=C(/C(=C/[C@@H]3CCCN3)CN)C[C@H]12,=,0.004,,Susceptibility,,Renal dipeptidase,single protein format
CHEMBL322522,C[C@H]1C(c2ccc3c(c2)-c2ccc(C[N+]45CC[N+](CC(N)=O)(CC4)CC5)cc2C3=O)=C(C(=O)[O-])N2C(=O)[C@H]([C@@H](C)O)[C@@H]12.[Cl-],=,0.021,,Rate of hydrolysis,,Renal dipeptidase,single protein format
CHEMBL422426,C[C@@H](O)[C@H]1C(=O)N2C(C(=O)[O-])=C(c3ccc4c(c3)-c3ccc(C[n+]5ccn(C)c5)cc3C4=O)C[C@H]12,=,0.078,,Rate of hydrolysis,,Renal dipeptidase,single protein format
CHEMBL316060,C[C@H]1C(/C=C/[C@@H]2CCCN2)=C(C(=O)O)N2C(=O)[C@H]([C@@H](C)O)[C@@H]12,=,0.043,,Susceptibility,,Renal dipeptidase,single protein format
CHEMBL60980,C=C(CC(=O)CC#N)C(=O)O,=,0.151,min-1,K inact,,Renal dipeptidase,single protein format
CHEMBL60980,C=C(CC(=O)CC#N)C(=O)O,=,10300000.0,nM,Km,,Renal dipeptidase,single protein format
CHEMBL60980,C=C(CC(=O)CC#N)C(=O)O,=,33.0,min-1,k cat,,Renal dipeptidase,single protein format
CHEMBL57490,C=C(NC(=O)CBr)C(=O)O,=,740000.0,nM,Km,,Renal dipeptidase,single protein format
CHEMBL57490,C=C(NC(=O)CBr)C(=O)O,=,32.3,min-1,k cat,,Renal dipeptidase,single protein format
CHEMBL298600,C=C(NC(=O)CC#N)C(=O)O,=,0.277,min-1,K inact,,Renal dipeptidase,single protein format
CHEMBL298600,C=C(NC(=O)CC#N)C(=O)O,=,416000.0,nM,Km,,Renal dipeptidase,single protein format
CHEMBL298600,C=C(NC(=O)CC#N)C(=O)O,=,15.0,min-1,k cat,,Renal dipeptidase,single protein format
CHEMBL1626892,C[C@H]1C(CN2c3ccc(CC[N+]45CC[N+](CC(N)=O)(CC4)CC5)c4cccc(c34)S2(=O)=O)=C(C(=O)O)N2C(=O)[C@H]([C@@H](C)O)[C@@H]12.[Cl-].[Cl-],=,0.74,,Activity,,Renal dipeptidase,tissue-based format
CHEMBL1626895,C[C@H]1C(CN2c3cccc4cc(CC[N+]56CC[N+](CC(N)=O)(CC5)CC6)cc(c34)S2(=O)=O)=C(C(=O)O)N2C(=O)[C@H]([C@@H](C)O)[C@@H]12.[Cl-].[Cl-],=,0.75,,Activity,,Renal dipeptidase,tissue-based format
CHEMBL1626959,CCC[N+]12CC[N+](CCc3ccc4c5c(cccc35)N(CC3=C(C(=O)O)N5C(=O)[C@H]([C@@H](C)O)[C@H]5[C@H]3C)S4(=O)=O)(CC1)CC2.[Cl-].[Cl-],=,1.93,,Activity,,Renal dipeptidase,tissue-based format
CHEMBL1626964,C[C@H]1C(CN2c3cccc4c(CC[N+]56CC[N+](Cc7ccccc7)(CC5)CC6)ccc(c34)S2(=O)=O)=C(C(=O)O)N2C(=O)[C@H]([C@@H](C)O)[C@@H]12.[Cl-].[Cl-],=,1.85,,Activity,,Renal dipeptidase,tissue-based format
CHEMBL1626957,C[C@H]1C(CN2c3cccc4cc(CC[N+]56CC[N+](CC(=O)Nc7ccccc7)(CC5)CC6)cc(c34)S2(=O)=O)=C(C(=O)O)N2C(=O)[C@H]([C@@H](C)O)[C@@H]12.[Cl-].[Cl-],=,0.64,,Activity,,Renal dipeptidase,tissue-based format
CHEMBL1626897,C[C@H]1C(CN2c3c(CC[N+]45CC[N+](CC(N)=O)(CC4)CC5)ccc4cccc(c34)S2(=O)=O)=C(C(=O)O)N2C(=O)[C@H]([C@@H](C)O)[C@@H]12.[Cl-].[Cl-],,,,Activity,,Renal dipeptidase,tissue-based format
CHEMBL1626884,C[C@H]1C(CN2c3cccc4c(CC[N+]56CC[N+](CC(=O)Nc7ccccc7)(CC5)CC6)ccc(c34)S2(=O)=O)=C(C(=O)O)N2C(=O)[C@H]([C@@H](C)O)[C@@H]12.[Cl-].[Cl-],=,1.4,,Activity,,Renal dipeptidase,tissue-based format
CHEMBL1626894,C[C@H]1C(CN2c3cccc4c(CC[N+]56CC[N+](CC(N)=O)(CC5)CC6)ccc(c34)S2(=O)=O)=C(C(=O)O)N2C(=O)[C@H]([C@@H](C)O)[C@@H]12.[Cl-].[Cl-],=,1.77,,Activity,,Renal dipeptidase,tissue-based format
CHEMBL1626930,C[C@H]1C(CN2c3cccc4ccc(CC[N+]56CC[N+](CC(N)=O)(CC5)CC6)c(c34)S2(=O)=O)=C(C(=O)O)N2C(=O)[C@H]([C@@H](C)O)[C@@H]12.[Cl-].[Cl-],=,0.0,,Activity,,Renal dipeptidase,tissue-based format
CHEMBL1626916,C[C@H]1C(CN2c3cccc4ccc(C[N+]56CC[N+](CC(N)=O)(CC5)CC6)c(c34)S2(=O)=O)=C(C(=O)O)N2C(=O)[C@H]([C@@H](C)O)[C@@H]12.[Cl-].[Cl-],=,0.01,,Activity,,Renal dipeptidase,tissue-based format
CHEMBL148,C[C@@H](O)[C@H]1C(=O)N2C(C(=O)O)=C(SCCNC=N)C[C@H]12,=,1.0,,Activity,,Renal dipeptidase,tissue-based format
CHEMBL1626954,C[C@H]1C(CN2c3cccc4c(CCC[N+]56CC[N+](CC(N)=O)(CC5)CC6)ccc(c34)S2(=O)=O)=C(C(=O)O)N2C(=O)[C@H]([C@@H](C)O)[C@@H]12.[Cl-].[Cl-],=,2.64,,Activity,,Renal dipeptidase,tissue-based format
CHEMBL1626958,CCC[N+]12CC[N+](CCc3cc4c5c(cccc5c3)N(CC3=C(C(=O)O)N5C(=O)[C@H]([C@@H](C)O)[C@H]5[C@H]3C)S4(=O)=O)(CC1)CC2.[Cl-].[Cl-],,,,Activity,,Renal dipeptidase,tissue-based format
CHEMBL1626966,C[C@H]1C(CN2c3cccc4cc(CC[N+]56CC[N+](CCCO)(CC5)CC6)cc(c34)S2(=O)=O)=C(C(=O)O)N2C(=O)[C@H]([C@@H](C)O)[C@@H]12.[Cl-].[Cl-],=,0.85,,Activity,,Renal dipeptidase,tissue-based format
CHEMBL1626968,C[C@H]1C(CN2c3ccc(C[N+]45CC[N+](CC(N)=O)(CC4)CC5)c4cccc(c34)S2(=O)=O)=C(C(=O)O)N2C(=O)[C@H]([C@@H](C)O)[C@@H]12.[Cl-].[Cl-],=,0.81,,Activity,,Renal dipeptidase,tissue-based format
CHEMBL1626924,C[C@H]1C(CN2c3cccc4c(C[N+]56CC[N+](CC(N)=O)(CC5)CC6)ccc(c34)S2(=O)=O)=C(C(=O)O)N2C(=O)[C@H]([C@@H](C)O)[C@@H]12.[Cl-].[Cl-],=,0.74,,Activity,,Renal dipeptidase,tissue-based format
CHEMBL1626944,C[C@H]1C(CN2c3cccc4cc(CCC[N+]56CC[N+](CC(N)=O)(CC5)CC6)cc(c34)S2(=O)=O)=C(C(=O)O)N2C(=O)[C@H]([C@@H](C)O)[C@@H]12.[Cl-].[Cl-],=,1.25,,Activity,,Renal dipeptidase,tissue-based format
CHEMBL348956,C[C@H]1C(CN2c3cccc4cccc(c34)S2(=O)=O)=C(C(=O)[O-])N2C(=O)[C@H]([C@@H](C)O)[C@@H]12.[Na+],=,0.99,,Activity,,Renal dipeptidase,tissue-based format
CHEMBL262777,CN[C@H](CC(C)C)C(=O)N[C@H]1C(=O)N[C@@H](CC(N)=O)C(=O)N[C@H]2C(=O)N[C@H]3C(=O)N[C@H](C(=O)N[C@H](C(=O)O)c4cc(O)cc(O)c4-c4cc3ccc4O)[C@H](O)c3ccc(c(Cl)c3)Oc3cc2cc(c3O[C@@H]2O[C@H](CO)[C@@H](O)[C@H](O)[C@H]2O[C@H]2C[C@](C)(N)[C@H](O)[C@H](C)O2)Oc2ccc(cc2Cl)[C@H]1O,,,,Activity,,Renal dipeptidase,tissue-based format
CHEMBL1626915,C[C@H]1C(CN2c3cccc4cc(C[N+]56CC[N+](CC(N)=O)(CC5)CC6)cc(c34)S2(=O)=O)=C(C(=O)O)N2C(=O)[C@H]([C@@H](C)O)[C@@H]12.[Cl-].[Cl-],=,0.21,,Activity,,Renal dipeptidase,tissue-based format
CHEMBL1626921,C[C@H]1C(CN2c3cccc4c(CC[N+]56CC[N+](CCCO)(CC5)CC6)ccc(c34)S2(=O)=O)=C(C(=O)O)N2C(=O)[C@H]([C@@H](C)O)[C@@H]12.[Cl-].[Cl-],=,1.9,,Activity,,Renal dipeptidase,tissue-based format
CHEMBL175210,C[C@@H](O)[C@H]1C(=O)N2C(C(=O)O)=C(S[C@@H]3CN[C@H](C4CC(CO)=NO4)C3)[C@H](C)[C@H]12,=,1.09,,Relative t1/2,,Renal dipeptidase,assay format
CHEMBL175210,C[C@@H](O)[C@H]1C(=O)N2C(C(=O)O)=C(S[C@@H]3CN[C@H](C4CC(CO)=NO4)C3)[C@H](C)[C@H]12,=,0.78,,Relative t1/2,,Renal dipeptidase,assay format
CHEMBL175169,C[C@@H](O)[C@H]1C(=O)N2C(C(=O)O)=C(S[C@@H]3CN[C@H](C4CC[N+](C)(C)O4)C3)[C@H](C)[C@H]12.[Cl-],=,1.5,,Relative t1/2,,Renal dipeptidase,assay format
CHEMBL175051,C[C@@H](O)[C@H]1C(=O)N2C(C(=O)O)=C(S[C@@H]3CN[C@H](c4cc(CO)on4)C3)[C@H](C)[C@H]12,=,0.8,,Relative t1/2,,Renal dipeptidase,assay format
CHEMBL362845,C[C@@H](O)[C@H]1C(=O)N2C(C(=O)O)=C(S[C@@H]3CN[C@H](C4CCN(C)O4)C3)[C@H](C)[C@H]12,=,1.27,,Relative t1/2,,Renal dipeptidase,assay format
CHEMBL174849,C[C@@H](O)[C@H]1C(=O)N2C(C(=O)O)=C(S[C@@H]3CN[C@H](C4CC[N+](C)(CC(N)=O)O4)C3)[C@H](C)[C@H]12.[Cl-],=,1.66,,Relative t1/2,,Renal dipeptidase,assay format
CHEMBL177700,CCOC(=O)C1=NOC([C@@H]2C[C@H](SC3=C(C(=O)O)N4C(=O)[C@H]([C@@H](C)O)[C@H]4[C@H]3C)CN2)C1,=,0.94,,Relative t1/2,,Renal dipeptidase,assay format
CHEMBL127,C[C@@H](O)[C@H]1C(=O)N2C(C(=O)O)=C(S[C@@H]3CN[C@H](C(=O)N(C)C)C3)[C@H](C)[C@H]12,=,1.0,,Relative t1/2,,Renal dipeptidase,assay format
CHEMBL94221,CCCCc1nn(-c2ccc(Cl)cc2)c(C(=O)O)c1Cc1ccc(-c2ccccc2-c2nn[nH]n2)cc1,=,430000.0,nM,Ki,,Renal dipeptidase,single protein format
CHEMBL91287,CCCCc1nn(-c2ccc(Cl)cc2)c(C(=O)OCC)c1Cc1ccc(-c2ccccc2-c2nn[nH]n2)cc1,=,380000.0,nM,Ki,,Renal dipeptidase,single protein format
CHEMBL93289,CCCCc1nn(-c2cccc(Cl)c2)c(C(=O)OCC)c1Cc1ccc(-c2ccccc2-c2nn[nH]n2)cc1,=,450000.0,nM,Ki,,Renal dipeptidase,single protein format
CHEMBL2304071,C[C@@H](O)[C@H]1C(=O)N2C(C(=O)[O-])=C(c3ccc4cc(C[n+]5ccc(N)cc5)ccc4c3)C[C@H]12,=,0.26,,Activity,,Renal dipeptidase,single protein format
CHEMBL93886,CCCCc1nn(-c2ccccc2-c2ccccc2)c(C(=O)O)c1Cc1ccc(-c2ccccc2-c2nn[nH]n2)cc1,=,420000.0,nM,Ki,,Renal dipeptidase,single protein format
CHEMBL126428,CC(=N)N1CC[C@@H](C2=C(C(=O)O)N3C(=O)[C@H]([C@@H](C)O)[C@H]3C2)C1,=,8.4,%,Stability,,Renal dipeptidase,assay format
CHEMBL328598,CCCCc1nn(-c2c(Cl)cc(Cl)cc2Cl)c(C(=O)OCC)c1Cc1ccc(-c2ccccc2-c2nn[nH]n2)cc1,=,450000.0,nM,Ki,,Renal dipeptidase,single protein format
CHEMBL92654,CCCCc1nn(-c2ccccc2C(F)(F)F)c(C(=O)O)c1Cc1ccc(-c2ccccc2-c2nn[nH]n2)cc1,=,380000.0,nM,Ki,,Renal dipeptidase,single protein format
CHEMBL339738,C/C(=C\[C@@]1(C)CCCN1)C1=C(C(=O)O)N2C(=O)[C@H]([C@@H](C)O)[C@H]2C1,=,4.3,%,Stability,,Renal dipeptidase,assay format
CHEMBL319366,C[C@H](O)[C@H]1C(=O)N2C(C(=O)[O-])=C(c3cc(C[n+]4ccc(N)cc4)c4ccccc4c3)C[C@H]12,=,0.01,,Activity,,Renal dipeptidase,single protein format
CHEMBL315878,CCCCc1nn(-c2cc(Cl)ccc2Cl)c(C(=O)O)c1Cc1ccc(-c2ccccc2-c2nn[nH]n2)cc1,=,380000.0,nM,Ki,,Renal dipeptidase,single protein format
CHEMBL329541,CCCCc1nn(-c2cc(Cl)ccc2Cl)c(C(=O)OCC)c1Cc1ccc(-c2ccccc2-c2nn[nH]n2)cc1,=,80000.0,nM,Ki,4.10,Renal dipeptidase,single protein format
CHEMBL124701,C[C@@H](O)[C@H]1C(=O)N2C(C(=O)O)=C([C@@H]3CCN(C(=N)COC(N)=O)C3)C[C@H]12,,,,Stability,,Renal dipeptidase,assay format
CHEMBL93547,CCCCc1nn(-c2ccccc2[N+](=O)[O-])c(C(=O)O)c1Cc1ccc(-c2ccccc2-c2nn[nH]n2)cc1,=,640000.0,nM,Ki,,Renal dipeptidase,single protein format
CHEMBL127145,C[C@@H](O)[C@H]1C(=O)N2C(C(=O)O)=C(C3CCNCC3)C[C@H]12,=,18.0,%,Stability,,Renal dipeptidase,assay format
CHEMBL339323,CC(=N)N1CC[C@H](SC2=C(C(=O)O)N3C(=O)[C@H]([C@@H](C)O)[C@H]3C2)C1,,,,Stability,,Renal dipeptidase,assay format
CHEMBL339616,C[C@@H](O)[C@H]1C(=O)N2C(C(=O)O)=C([C@@H]3CCN(C(=N)CC(N)=O)C3)C[C@H]12,=,13.0,%,Stability,,Renal dipeptidase,assay format
CHEMBL319532,C[C@@H](O)[C@H]1C(=O)N2C(C(=O)[O-])=C(c3ccc4c(C[n+]5ccc(N)cc5)cccc4c3)C[C@H]12,=,0.03,,Activity,,Renal dipeptidase,single protein format
CHEMBL338188,C[C@@H](O)[C@H]1C(=O)N2C(C(=O)O)=C([C@@H]3CCNC3)C[C@H]12,=,8.8,%,Stability,,Renal dipeptidase,assay format
CHEMBL2304069,C[C@@H](O)[C@H]1C(=O)N2C(C(=O)[O-])=C(c3ccc4cc(C[n+]5ccccc5N)ccc4c3)C[C@H]12,=,0.2,,Activity,,Renal dipeptidase,single protein format
CHEMBL94002,CCCCc1nn(-c2cccc(Cl)c2Cl)c(C(=O)O)c1Cc1ccc(-c2ccccc2-c2nn[nH]n2)cc1,=,310000.0,nM,Ki,,Renal dipeptidase,single protein format
CHEMBL93226,CCCCc1nn(-c2ccccc2Cl)c(C(=O)O)c1Cc1ccc(-c2ccccc2-c2nn[nH]n2)cc1,=,350000.0,nM,Ki,,Renal dipeptidase,single protein format
CHEMBL92821,CCCCc1nn(-c2ccccc2Cl)c(C(=O)OCC)c1Cc1ccc(-c2ccccc2-c2nn[nH]n2)cc1,=,250000.0,nM,Ki,,Renal dipeptidase,single protein format
CHEMBL2304066,C[C@@H](O)[C@H]1C(=O)N2C(C(=O)[O-])=C(c3ccc4cccc(C[n+]5ccccc5N)c4c3)C[C@H]12,=,0.0,,Activity,,Renal dipeptidase,single protein format
CHEMBL90774,CCCCc1nn(-c2c(Cl)cc(Cl)cc2Cl)c(C(=O)O)c1Cc1ccc(-c2ccccc2-c2nn[nH]n2)cc1,=,800000.0,nM,Ki,,Renal dipeptidase,single protein format
CHEMBL329466,CCCCc1nn(-c2ccccc2)c(C(=O)OCC)c1Cc1ccc(-c2ccccc2-c2nn[nH]n2)cc1,=,250000.0,nM,Ki,,Renal dipeptidase,single protein format
CHEMBL419321,CCCCc1nn(-c2cccc(Cl)c2Cl)c(C(=O)OCC)c1Cc1ccc(-c2ccccc2-c2nn[nH]n2)cc1,=,170000.0,nM,Ki,,Renal dipeptidase,single protein format
CHEMBL148,C[C@@H](O)[C@H]1C(=O)N2C(C(=O)O)=C(SCCNC=N)C[C@H]12,=,100.0,%,Stability,,Renal dipeptidase,assay format
CHEMBL126186,C[C@@H](O)[C@H]1C(=O)N2C(C(=O)O)=C([C@@H]3CCN(C(=N)CNC(N)=O)C3)C[C@H]12,,,,Stability,,Renal dipeptidase,assay format
CHEMBL92472,CCCCc1nn(-c2ccc(Cl)cc2Cl)c(C(=O)O)c1Cc1ccc(-c2ccccc2-c2nn[nH]n2)cc1,=,400000.0,nM,Ki,,Renal dipeptidase,single protein format
CHEMBL96983,C[C@H](O)[C@H]1C(=O)N2C(C(=O)[O-])=C(c3cccc(-c4ccc(C[n+]5ccccc5N)cc4)c3)C[C@H]12,=,0.04,,Activity,,Renal dipeptidase,single protein format
CHEMBL125355,C[C@@H](O)[C@H]1C(=O)N2C(C(=O)O)=C([C@H]3CCNC3)C[C@H]12,=,16.0,%,Stability,,Renal dipeptidase,assay format
CHEMBL329616,CCCCc1nn(-c2c(Cl)cccc2Cl)c(C(=O)O)c1Cc1ccc(-c2ccccc2-c2nn[nH]n2)cc1,=,500000.0,nM,Ki,,Renal dipeptidase,single protein format
CHEMBL1160743,CC(O)C1C(=O)N2C(C(=O)O)=C(c3ccc4ccccc4c3)CC12,=,0.09,,Activity,,Renal dipeptidase,single protein format
CHEMBL327837,CCCCc1nn(-c2ccc(Cl)cc2Cl)c(C(=O)OCC)c1Cc1ccc(-c2ccccc2-c2nn[nH]n2)cc1,=,480000.0,nM,Ki,,Renal dipeptidase,single protein format
CHEMBL126532,C[C@@H](O)[C@H]1C(=O)N2C(C(=O)O)=C(C3CNC3)C[C@H]12,=,2.0,%,Stability,,Renal dipeptidase,assay format
CHEMBL95452,C[C@@H](O)[C@H]1C(=O)N2C(C(=O)[O-])=C(c3cc(C[n+]4cccc(N)c4)c4ccccc4c3)C[C@H]12,=,0.01,,Activity,,Renal dipeptidase,single protein format
CHEMBL90011,CCCCc1nn(-c2ccccc2C)c(C(=O)O)c1Cc1ccc(-c2ccccc2-c2nn[nH]n2)cc1,=,470000.0,nM,Ki,,Renal dipeptidase,single protein format
CHEMBL2304068,C[C@@H](O)[C@H]1C(=O)N2C(C(=O)[O-])=C(c3ccc4ccc(C[n+]5ccc(N)cc5)cc4c3)C[C@H]12,=,0.07,,Activity,,Renal dipeptidase,single protein format
CHEMBL330571,CCCCc1nn(-c2cccc(Cl)c2)c(C(=O)O)c1Cc1ccc(-c2ccccc2-c2nn[nH]n2)cc1,=,425000.0,nM,Ki,,Renal dipeptidase,single protein format
CHEMBL2304067,C[C@@H](O)[C@H]1C(=O)N2C(C(=O)[O-])=C(c3ccc4cccc(C[n+]5ccc(N)cc5)c4c3)C[C@H]12,=,0.01,,Activity,,Renal dipeptidase,single protein format
CHEMBL71341,C[C@@H](O)[C@H]1C(=O)N2C(C(=O)[O-])=C(c3ccc(C[n+]4ccccc4N)cc3)C[C@H]12,=,0.11,,Activity,,Renal dipeptidase,single protein format
CHEMBL338251,C/N=C/N1CC[C@@H](C2=C(C(=O)O)N3C(=O)[C@H]([C@@H](C)O)[C@H]3C2)C1,=,7.8,%,Stability,,Renal dipeptidase,assay format
CHEMBL127297,C[C@@H](O)[C@H]1C(=O)N2C(C(=O)O)=C([C@@H]3CCN(C4=NCCC4)C3)C[C@H]12,=,8.4,%,Stability,,Renal dipeptidase,assay format
CHEMBL95551,C[C@H](O)[C@H]1C(=O)N2C(C(=O)[O-])=C(c3cc(C[n+]4ccccc4N)c4ccccc4c3)C[C@H]12,=,0.01,,Activity,,Renal dipeptidase,single protein format
CHEMBL128025,C[C@@H](O)[C@H]1C(=O)N2C(C(=O)O)=C([C@@H]3CCN(C(=N)CO)C3)C[C@H]12,=,13.0,%,Stability,,Renal dipeptidase,assay format
CHEMBL327982,CCCCc1nn(-c2ccccc2)c(C(=O)O)c1Cc1ccc(-c2ccccc2-c2nn[nH]n2)cc1,=,590000.0,nM,Ki,,Renal dipeptidase,single protein format
CHEMBL2304070,C[C@@H](O)[C@H]1C(=O)N2C(C(=O)[O-])=C(c3ccc4cc(C[n+]5cccc(N)c5)ccc4c3)C[C@H]12,=,0.15,,Activity,,Renal dipeptidase,single protein format
CHEMBL127889,C[C@@H](O)[C@H]1C(=O)N2C(C(=O)O)=C([C@@H]3CCN(C=N)C3)C[C@H]12,=,15.0,%,Stability,,Renal dipeptidase,assay format
CHEMBL148,C[C@@H](O)[C@H]1C(=O)N2C(C(=O)O)=C(SCCNC=N)C[C@H]12,=,1.0,,Activity,,Renal dipeptidase,single protein format
CHEMBL126612,C[C@@H](O)[C@H]1C(=O)N2C(C(=O)O)=C(C3CCNC3)C[C@H]12,=,13.0,%,Stability,,Renal dipeptidase,assay format
CHEMBL284786,C[C@@H](O)[C@H]1C(=O)N2C(C(=O)O)=C(S[C@@H]3CN[C@H](Cc4cc[n+](CC(=O)O)n4C)C3)[C@H](C)[C@H]12.[Cl-],=,0.61,,DHP-I stability,,Renal dipeptidase,assay format
CHEMBL285347,C[C@@H](O)[C@H]1C(=O)N2C(C(=O)[O-])=C(SC3Cn4cnc[n+]4C3)[C@H](C)[C@H]12,=,0.15,,DHP-I stability,,Renal dipeptidase,assay format
CHEMBL283927,C[C@@H](O)[C@H]1C(=O)N2C(C(=O)O)=C(S[C@@H]3CN[C@H](Cc4cc(CO)[n+](C)n4C)C3)[C@H](C)[C@H]12.[Cl-],,,,DHP-I stability,,Renal dipeptidase,assay format
CHEMBL281882,C[C@@H](O)[C@H]1C(=O)N2C(C(=O)O)=C(S[C@@H]3CN[C@H](Cc4cn(C)[n+](CC(=O)O)c4)C3)[C@H](C)[C@H]12.[Cl-],=,0.14,,DHP-I stability,,Renal dipeptidase,assay format
CHEMBL280641,C[C@@H](O)[C@H]1C(=O)N2C(C(=O)O)=C(S[C@@H]3CN[C@H](Cc4c[n+](C)c(C(N)=O)n4C)C3)[C@H](C)[C@H]12.[Cl-],=,0.3,,DHP-I stability,,Renal dipeptidase,assay format
CHEMBL264847,C[C@@H](O)[C@H]1C(=O)N2C(C(=O)O)=C(S[C@@H]3CN[C@H](Cc4cn(C)[n+](CCO)c4)C3)[C@H](C)[C@H]12.[Cl-],=,0.2,,DHP-I stability,,Renal dipeptidase,assay format
CHEMBL282536,C[C@@H](O)[C@H]1C(=O)N2C(C(=O)O)=C(S[C@@H]3CN[C@H](Cc4c(CO)c[n+](C)n4C)C3)[C@H](C)[C@H]12.[Cl-],=,0.28,,DHP-I stability,,Renal dipeptidase,assay format
CHEMBL283048,C[C@@H](O)[C@H]1C(=O)N2C(C(=O)O)=C(S[C@@H]3CN[C@H](Cc4n(C)nc[n+]4C)C3)[C@H](C)[C@H]12.[Cl-],=,0.22,,DHP-I stability,,Renal dipeptidase,assay format
CHEMBL31022,C[C@@H](O)[C@H]1C(=O)N2C(C(=O)O)=C(S[C@@H]3CN[C@H](Cc4cn5[n+](c4)CCC5)C3)[C@H](C)[C@H]12.[Cl-],=,0.21,,DHP-I stability,,Renal dipeptidase,assay format
CHEMBL30469,C[C@@H](O)[C@H]1C(=O)N2C(C(=O)O)=C(S[C@@H]3CN[C@H](Cc4cc[n+](C)n4C)C3)[C@H](C)[C@H]12.[Cl-],=,0.42,,DHP-I stability,,Renal dipeptidase,assay format
CHEMBL30841,C[C@@H](O)[C@H]1C(=O)N2C(C(=O)O)=C(S[C@@H]3CN[C@H](Cc4cc[n+](CCO)n4C)C3)[C@H](C)[C@H]12.[Cl-],=,0.26,,DHP-I stability,,Renal dipeptidase,assay format
CHEMBL282362,C[C@@H](O)[C@H]1C(=O)N2C(C(=O)O)=C(S[C@@H]3CN[C@H](Cc4c[n+](CCO)nn4C)C3)[C@H](C)[C@H]12.[Cl-],=,0.17,,DHP-I stability,,Renal dipeptidase,assay format
CHEMBL30579,C[C@@H](O)[C@H]1C(=O)N2C(C(=O)O)=C(S[C@@H]3CN[C@H](Cc4c[n+](CCO)cn4C)C3)[C@H](C)[C@H]12.[Cl-],=,0.25,,DHP-I stability,,Renal dipeptidase,assay format
CHEMBL281517,C[C@@H](O)[C@H]1C(=O)N2C(C(=O)O)=C(S[C@@H]3CN[C@H](Cc4n(C)cc[n+]4C)C3)[C@H](C)[C@H]12.[Cl-],=,0.3,,DHP-I stability,,Renal dipeptidase,assay format
CHEMBL283220,C[C@@H](O)[C@H]1C(=O)N2C(C(=O)O)=C(S[C@@H]3CN[C@H](Cc4c[n+](C)cn4C)C3)[C@H](C)[C@H]12.[Cl-],=,0.41,,DHP-I stability,,Renal dipeptidase,assay format
CHEMBL30647,C[C@@H](O)[C@H]1C(=O)N2C(C(=O)O)=C(S[C@@H]3CN[C@H](Cc4c[n+](CC(N)=O)cn4C)C3)[C@H](C)[C@H]12.[Cl-],=,0.31,,DHP-I stability,,Renal dipeptidase,assay format
CHEMBL30554,C[C@@H](O)[C@H]1C(=O)N2C(C(=O)O)=C(S[C@@H]3CN[C@H](Cc4cn(C)[n+](CC(N)=O)c4)C3)[C@H](C)[C@H]12.[Cl-],=,0.29,,DHP-I stability,,Renal dipeptidase,assay format
CHEMBL127,C[C@@H](O)[C@H]1C(=O)N2C(C(=O)O)=C(S[C@@H]3CN[C@H](C(=O)N(C)C)C3)[C@H](C)[C@H]12,=,1.0,,DHP-I stability,,Renal dipeptidase,assay format
CHEMBL281295,C[C@@H](O)[C@H]1C(=O)N2C(C(=O)O)=C(S[C@@H]3CN[C@H](Cc4cn(C)[n+](C)c4CO)C3)[C@H](C)[C@H]12.[Cl-],=,0.21,,DHP-I stability,,Renal dipeptidase,assay format
CHEMBL280620,C[C@@H](O)[C@H]1C(=O)N2C(C(=O)O)=C(S[C@@H]3CN[C@H](Cc4c[n+](C)c(CO)n4C)C3)[C@H](C)[C@H]12.[Cl-],=,0.27,,DHP-I stability,,Renal dipeptidase,assay format
CHEMBL287192,C[C@@H](O)[C@H]1C(=O)N2C(C(=O)O)=C(S[C@@H]3CN[C@H](Cc4c[n+](C)nn4C)C3)[C@H](C)[C@H]12.[Cl-],=,0.32,,DHP-I stability,,Renal dipeptidase,assay format
CHEMBL284882,C[C@@H](O)[C@H]1C(=O)N2C(C(=O)O)=C(S[C@@H]3CN[C@H](Cc4cc[n+](CC(N)=O)n4C)C3)[C@H](C)[C@H]12.[Cl-],=,0.35,,DHP-I stability,,Renal dipeptidase,assay format
CHEMBL30547,C[C@@H](O)[C@H]1C(=O)N2C(C(=O)O)=C(S[C@@H]3CN[C@H](Cc4cn(C)[n+](C)c4)C3)[C@H](C)[C@H]12.[Cl-],=,0.28,,DHP-I stability,,Renal dipeptidase,assay format
CHEMBL419468,C[C@@H](O)[C@H]1C(=O)N2C(C(=O)O)=C(S[C@H]3CN[C@H](C(=O)N4C[C@@H](O)[C@H](O)C4)C3)[C@H](C)[C@H]12,,,,Stability,,Renal dipeptidase,single protein format
CHEMBL148,C[C@@H](O)[C@H]1C(=O)N2C(C(=O)O)=C(SCCNC=N)C[C@H]12,=,19.0,%,Stability,,Renal dipeptidase,single protein format
CHEMBL80299,CC(=O)O[C@H]1CN(C(=O)[C@@H]2C[C@H](SC3=C(C(=O)O)N4C(=O)[C@H]([C@@H](C)O)[C@H]4[C@H]3C)CN2)C[C@@H]1OC(C)=O,=,63.0,%,Stability,,Renal dipeptidase,single protein format
CHEMBL80299,CC(=O)O[C@H]1CN(C(=O)[C@@H]2C[C@H](SC3=C(C(=O)O)N4C(=O)[C@H]([C@@H](C)O)[C@H]4[C@H]3C)CN2)C[C@@H]1OC(C)=O,=,66.0,%,Stability,,Renal dipeptidase,single protein format
CHEMBL127,C[C@@H](O)[C@H]1C(=O)N2C(C(=O)O)=C(S[C@@H]3CN[C@H](C(=O)N(C)C)C3)[C@H](C)[C@H]12,=,100.0,%,Stability,,Renal dipeptidase,single protein format
CHEMBL79209,CC(=O)O[C@@H]1CN(C(=O)[C@@H]2C[C@H](SC3=C(C(=O)O)N4C(=O)[C@H]([C@@H](C)O)[C@H]4[C@H]3C)CN2)C[C@H]1OC(C)=O,=,50.0,%,Stability,,Renal dipeptidase,single protein format
CHEMBL431967,C[C@@H](O)[C@H]1C(=O)N2C(C(=O)O)=C(S[C@@H]3CN[C@H](C(=O)N4C[C@H](OC(N)=O)[C@@H](OC(N)=O)C4)C3)[C@H](C)[C@H]12,=,53.0,%,Stability,,Renal dipeptidase,single protein format
CHEMBL80835,C[C@@H](O)[C@H]1C(=O)N2C(C(=O)O)=C(S[C@H]3CN[C@H](C(=O)N4C[C@H](O)[C@@H](O)C4)C3)[C@H](C)[C@H]12,,,,Stability,,Renal dipeptidase,single protein format
CHEMBL42858,C[C@@H](O)[C@H]1C(=O)N2C(C(=O)O)=C(S[C@@H]3CN[C@H](C(=O)NCCS(N)(=O)=O)C3)[C@H](C)[C@H]12,=,2400.0,%,Stability,,Renal dipeptidase,single protein format
CHEMBL417702,CNC(=O)CCNC(=O)[C@@H]1C[C@H](SC2=C(C(=O)O)N3C(=O)[C@H]([C@@H](C)O)[C@H]3[C@H]2C)CN1,,,,Stability,,Renal dipeptidase,single protein format
CHEMBL41185,C[C@@H](O)[C@H]1C(=O)N2C(C(=O)O)=C(S[C@@H]3CN[C@H](C(=O)NCCS(=O)(=O)NCCO)C3)[C@H](C)[C@H]12,,,,Stability,,Renal dipeptidase,single protein format
CHEMBL289511,C[C@@H](O)[C@H]1C(=O)N2C(C(=O)O)=C(S[C@@H]3CN[C@H](C(=O)NCCS(=O)(=O)N(C)CCO)C3)[C@H](C)[C@H]12,,,,Stability,,Renal dipeptidase,single protein format
CHEMBL40665,C=CCNS(=O)(=O)CCNC(=O)[C@@H]1C[C@H](SC2=C(C(=O)O)N3C(=O)[C@H]([C@@H](C)O)[C@H]3[C@H]2C)CN1,,,,Stability,,Renal dipeptidase,single protein format
CHEMBL40979,C[C@@H](O)[C@H]1C(=O)N2C(C(=O)O)=C(S[C@@H]3CN[C@H](C(=O)NCCC(=O)N4CCCC4)C3)[C@H](C)[C@H]12,,,,Stability,,Renal dipeptidase,single protein format
CHEMBL288052,CNS(=O)(=O)CCNC(=O)[C@@H]1C[C@H](SC2=C(C(=O)O)N3C(=O)[C@H]([C@@H](C)O)[C@H]3[C@H]2C)CN1,,,,Stability,,Renal dipeptidase,single protein format
CHEMBL41058,C[C@@H](O)[C@H]1C(=O)N2C(C(=O)O)=C(S[C@@H]3CN[C@H](C(=O)NCCS(=O)(=O)N4CCOCC4)C3)[C@H](C)[C@H]12,,,,Stability,,Renal dipeptidase,single protein format
CHEMBL43056,C[C@@H](O)[C@H]1C(=O)N2C(C(=O)O)=C(S[C@@H]3CN[C@H](C(=O)NCCC(=O)O)C3)[C@H](C)[C@H]12,,,,Stability,,Renal dipeptidase,single protein format
CHEMBL127,C[C@@H](O)[C@H]1C(=O)N2C(C(=O)O)=C(S[C@@H]3CN[C@H](C(=O)N(C)C)C3)[C@H](C)[C@H]12,=,3200.0,%,Stability,,Renal dipeptidase,single protein format
CHEMBL43620,COC(=O)CCNC(=O)[C@@H]1C[C@H](SC2=C(C(=O)O)N3C(=O)[C@H]([C@@H](C)O)[C@H]3[C@H]2C)CN1,,,,Stability,,Renal dipeptidase,single protein format
CHEMBL42054,C[C@@H](O)[C@H]1C(=O)N2C(C(=O)O)=C(S[C@@H]3CN[C@H](C(=O)NCCC(N)=O)C3)[C@H](C)[C@H]12,=,2600.0,%,Stability,,Renal dipeptidase,single protein format
CHEMBL42333,C[C@@H](O)[C@H]1C(=O)N2C(C(=O)O)=C(S[C@@H]3CN[C@H](C(=O)NCCC(=O)N(C)C)C3)[C@H](C)[C@H]12,,,,Stability,,Renal dipeptidase,single protein format
CHEMBL148,C[C@@H](O)[C@H]1C(=O)N2C(C(=O)O)=C(SCCNC=N)C[C@H]12,=,10000.0,%,Stability,,Renal dipeptidase,single protein format
CHEMBL296117,C[C@@H](O)[C@H]1C(=O)N2C(C(=O)O)=C(S[C@@H]3CN[C@H](C(=O)NCCS(=O)(=O)N4CCCC4)C3)[C@H](C)[C@H]12,,,,Stability,,Renal dipeptidase,single protein format
CHEMBL416804,C[C@@H](O)[C@H]1C(=O)N2C(C(=O)O)=C(S[C@@H]3CN[C@H](C(=O)NCCS(=O)(=O)N(C)C)C3)[C@H](C)[C@H]12,,,,Stability,,Renal dipeptidase,single protein format
CHEMBL44069,C[C@@H](O)[C@H]1C(=O)N2C(C(=O)O)=C(S[C@@H]3CN[C@H](C(=O)NCCC(=O)NCCO)C3)[C@H](C)[C@H]12,,,,Stability,,Renal dipeptidase,single protein format
CHEMBL174264,C[C@@H](O)[C@H]1C(=O)N2C(C(=O)[O-])=C(c3cccc(-c4ccc(C[n+]5ccccc5N)cc4)c3)C[C@H]12,=,0.04,,Susceptibility,,Renal dipeptidase,assay format
CHEMBL172421,C[C@@H](O)[C@H]1C(=O)N2C(C(=O)[O-])=C(c3ccc(-c4ccc(C[n+]5ccc(N(C)C)cc5)cc4)cc3)C[C@H]12,=,0.46,,Susceptibility,,Renal dipeptidase,assay format
CHEMBL148,C[C@@H](O)[C@H]1C(=O)N2C(C(=O)O)=C(SCCNC=N)C[C@H]12,=,1.0,,Susceptibility,,Renal dipeptidase,assay format
CHEMBL369801,C[C@@H](O)[C@H]1C(=O)N2C(C(=O)[O-])=C(c3cccc(C[n+]4ccccc4N)c3)C[C@H]12,=,0.11,,Susceptibility,,Renal dipeptidase,assay format
CHEMBL11551,C/C=C(\NC(=O)CCC)C(=O)O,=,30000.0,nM,Ki,4.52,Renal dipeptidase,single protein format
CHEMBL11957,C/C=C(\NC(=O)CCl)C(=O)O,=,52.0,%,Inhibition,,Renal dipeptidase,single protein format
CHEMBL274526,C/C=C(\NC(=O)CCCCCBr)C(=O)O,=,19000.0,nM,Ki,4.72,Renal dipeptidase,single protein format
CHEMBL275319,CC1(C)CC1C(=O)N/C(=C\CC1CCCCC1)C(=O)O,=,150.0,nM,Ki,6.82,Renal dipeptidase,single protein format
CHEMBL1907818,CC1(C)C[C@@H]1C(=O)N/C(=C\CCCCCNC(C)(C)P(=O)(O)O)C(=O)O,=,180.0,nM,Ki,6.75,Renal dipeptidase,single protein format
CHEMBL275318,CC1(C)CC1C(=O)N/C(=C\CCCCCSCC(N)C(=O)O)C(=O)O,=,230.0,nM,Ki,6.64,Renal dipeptidase,single protein format
CHEMBL11546,C/C=C(\NC(=O)CNC(=O)CC(C)C)C(=O)O,=,5.0,%,Inhibition,,Renal dipeptidase,single protein format
CHEMBL12406,C/C=C(\NC(=O)CCCCC#N)C(=O)O,=,25000.0,nM,Ki,4.60,Renal dipeptidase,single protein format
CHEMBL274846,CC1(C)CC1C(=O)N/C(=C\CCCC(=O)O)C(=O)O,=,48.0,nM,Ki,7.32,Renal dipeptidase,single protein format
CHEMBL766,CC1(C)C[C@@H]1C(=O)N/C(=C\CCCCSC[C@H](N)C(=O)O)C(=O)O,=,190.0,nM,Ki,6.72,Renal dipeptidase,single protein format
CHEMBL12326,C/C=C(\NC(=O)CNC(=O)CCC)C(=O)O,=,5.0,%,Inhibition,,Renal dipeptidase,single protein format
CHEMBL11942,C/C=C(\NC(=O)CCCCCNC(=O)CC)C(=O)O,=,41000.0,nM,Ki,4.39,Renal dipeptidase,single protein format
CHEMBL11484,C/C=C(\NC(=O)C1CCCCC1)C(=O)O,=,15000.0,nM,Ki,4.82,Renal dipeptidase,single protein format
CHEMBL11449,C/C=C(\NC(=O)C1CC1(F)F)C(=O)O,=,2100.0,nM,Ki,5.68,Renal dipeptidase,single protein format
CHEMBL11961,CC1(C)CC1C(=O)N/C(=C\CCCCCC/C=C(\NC(=O)C1CC1(C)C)C(=O)O)C(=O)O,=,92.0,nM,Ki,7.04,Renal dipeptidase,single protein format
CHEMBL11321,CC1(C)CC1C(=O)N/C(=C\CCCBr)C(=O)O,=,380.0,nM,Ki,6.42,Renal dipeptidase,single protein format
CHEMBL3559633,CC1(C)CC1C(=O)N/C(=C\CCCCC[n+]1ccccc1)C(=O)[O-],=,1090.0,nM,Ki,5.96,Renal dipeptidase,single protein format
CHEMBL273925,CC1(C)CC1C(=O)N/C(=C\CCCCCS)C(=O)O,=,170.0,nM,Ki,6.77,Renal dipeptidase,single protein format
CHEMBL2092843,CCCCC/C=C(\NC(=O)[C@@H]1CC1(C)C)C(=O)O,=,8800.0,nM,Ki,5.06,Renal dipeptidase,single protein format
CHEMBL430134,C/C=C(\NC(=O)CCCCCCCCCCCCCCCCC)C(=O)O,=,12.0,%,Inhibition,,Renal dipeptidase,single protein format
CHEMBL269415,C/C=C(\NC(=O)C(CCC)CCC)C(=O)O,=,13.0,%,Inhibition,,Renal dipeptidase,single protein format
CHEMBL274527,C/C=C(\NC(=O)CSCC)C(=O)O,=,31000.0,nM,Ki,4.51,Renal dipeptidase,single protein format
CHEMBL274086,C/C=C(\NC(=O)C1C(C)(C)C1(C)C)C(=O)O,=,10.0,%,Inhibition,,Renal dipeptidase,single protein format
CHEMBL274139,CC(C)C/C=C(\NC(=O)C1CC1(C)C)C(=O)O,=,230.0,nM,Ki,6.64,Renal dipeptidase,single protein format
CHEMBL1907817,CC(=O)NC(CSCCCC/C=C(\NC(=O)[C@H]1CC1(C)C)C(=O)O)C(=O)[O-].[Na+],=,60.0,nM,Ki,7.22,Renal dipeptidase,single protein format
CHEMBL11932,CC1(C)CC1C(=O)N/C(=C\CCCCCNC=N)C(=O)O,=,780.0,nM,Ki,6.11,Renal dipeptidase,single protein format
CHEMBL11853,CC(C)CC(=O)N/C(=C\CCC(=O)O)C(=O)O,=,2700.0,nM,Ki,5.57,Renal dipeptidase,single protein format
CHEMBL276876,O=C(O)CC/C=C(\NC(=O)C1CC1)C(=O)O,=,5000.0,nM,Ki,5.30,Renal dipeptidase,single protein format
CHEMBL268275,C/C=C(\NC(=O)c1c(Cl)cccc1Cl)C(=O)O,=,0.0,%,Inhibition,,Renal dipeptidase,single protein format
CHEMBL273245,C/C=C(\NC(=O)C1CCCC1)C(=O)O,=,30000.0,nM,Ki,4.52,Renal dipeptidase,single protein format
CHEMBL12002,C/C=C(\NC(=O)[C@@H]1[C@H]2CCCC[C@H]21)C(=O)O,=,4200.0,nM,Ki,5.38,Renal dipeptidase,single protein format
CHEMBL12195,CC/C=C(\NC(=O)C1CC1(C)C)C(=O)O,=,180.0,nM,Ki,6.75,Renal dipeptidase,single protein format
CHEMBL11242,CC(NCCCCC/C=C(\NC(=O)C1CC1(C)C)C(=O)O)P(=O)(O)O,=,280.0,nM,Ki,6.55,Renal dipeptidase,single protein format
CHEMBL273414,O=C(O)/C(=C/Cl)NC(=O)c1ccccc1,=,36.0,%,Inhibition,,Renal dipeptidase,single protein format
CHEMBL11888,CO/C=C(\NC(=O)c1ccccc1)C(=O)O,=,23.0,%,Inhibition,,Renal dipeptidase,single protein format
CHEMBL12086,C/C=C(\NC(=O)C1CC1(Cl)Cl)C(=O)O,=,80.0,nM,Ki,7.10,Renal dipeptidase,single protein format
CHEMBL268704,C/C=C(\NC(=O)C1CC(C)(C)C1)C(=O)O,=,11200.0,nM,Ki,4.95,Renal dipeptidase,single protein format
CHEMBL428006,CCCCC/C=C(\NC(=O)C1CC1(C)C)C(=O)O,=,170.0,nM,Ki,6.77,Renal dipeptidase,single protein format
CHEMBL276186,CN(C)CCCCC/C=C(\NC(=O)C1CC1(C)C)C(=O)O,=,1280.0,nM,Ki,5.89,Renal dipeptidase,single protein format
CHEMBL3559630,CC1(C)CC1C(=O)N/C(=C\CCCCCCC[N+](C)(C)Cc1ccccc1)C(=O)[O-],=,450.0,nM,Ki,6.35,Renal dipeptidase,single protein format
CHEMBL273278,O=C(CO)N/C(=C\c1ccccc1)C(=O)O,=,4.0,%,Inhibition,,Renal dipeptidase,single protein format
CHEMBL12081,C/C=C(\NC(=O)Cc1ccccc1)C(=O)O,=,21.0,%,Inhibition,,Renal dipeptidase,single protein format
CHEMBL429369,C/C=C(\NC(=O)C1CC1(C)C)C(=O)O,=,190.0,nM,Ki,6.72,Renal dipeptidase,single protein format
CHEMBL429369,C/C=C(\NC(=O)C1CC1(C)C)C(=O)O,=,19800.0,nM,Ki,4.70,Renal dipeptidase,single protein format
CHEMBL274631,C/C=C(\NC(=O)C1CC1)C(=O)O,=,3000.0,nM,Ki,5.52,Renal dipeptidase,single protein format
CHEMBL11588,C/C=C(\NC(=O)/C=C/C=C/C)C(=O)O,=,0.0,%,Inhibition,,Renal dipeptidase,single protein format
CHEMBL268486,CN(C)CCCC/C=C(\NC(=O)C1CC1(C)C)C(=O)O,=,3450.0,nM,Ki,5.46,Renal dipeptidase,single protein format
CHEMBL276215,CC1(C)CC1C(=O)N/C(=C\CCCCS(=O)(=O)[O-])C(=O)O.[Na+],=,87.0,nM,Ki,7.06,Renal dipeptidase,single protein format
CHEMBL1237318,CC1(C)CC1C(=O)N/C(=C\CCCCCSC1=NCCS1)C(=O)O.CO[N+](=O)[O-],=,150.0,nM,Ki,6.82,Renal dipeptidase,single protein format
CHEMBL11810,C/C=C(\NC(=O)C(C)(C)C)C(=O)O,=,0.0,%,Inhibition,,Renal dipeptidase,single protein format
CHEMBL11797,C=CCCCCCCCCC(=O)N/C(=C\C)C(=O)O,=,34000.0,nM,Ki,4.47,Renal dipeptidase,single protein format
CHEMBL11910,C/C=C(\NC(=O)C1CCC1C)C(=O)O,=,4700.0,nM,Ki,5.33,Renal dipeptidase,single protein format
CHEMBL1907816,CNC(CSCCCC/C=C(\NC(=O)[C@H]1CC1(C)C)C(=O)O)C(=O)O,=,150.0,nM,Ki,6.82,Renal dipeptidase,single protein format
CHEMBL11601,C/C=C(\NC(=O)CC(C)CC)C(=O)O,=,10000.0,nM,Ki,5.00,Renal dipeptidase,single protein format
CHEMBL269224,C/C=C(\NC(=O)CC(C)CCCC(C)(C)O)C(=O)O,=,6700.0,nM,Ki,5.17,Renal dipeptidase,single protein format
CHEMBL273511,CCCCCCCCC/C=C(\NC(=O)C1CC1(C)C)C(=O)O,=,110.0,nM,Ki,6.96,Renal dipeptidase,single protein format
CHEMBL12080,CN(CCCC/C=C(\NC(=O)C1CC1(C)C)C(=O)O)CC(=O)O,=,560.0,nM,Ki,6.25,Renal dipeptidase,single protein format
CHEMBL12104,C/C=C(\NC(=O)CCCCCCCCC(=O)O)C(=O)O,=,28000.0,nM,Ki,4.55,Renal dipeptidase,single protein format
CHEMBL11869,C/C=C(\NC(=O)CCCC(=O)N(C)C)C(=O)O,=,46.0,%,Inhibition,,Renal dipeptidase,single protein format
CHEMBL274418,C/C=C(\NC(=O)C1CC1(C)C(C)C)C(=O)O,=,3000.0,nM,Ki,5.52,Renal dipeptidase,single protein format
CHEMBL11556,CSCC/C=C(\NC(=O)C1CC1(C)C)C(=O)O,=,120.0,nM,Ki,6.92,Renal dipeptidase,single protein format
CHEMBL267768,CC1(C)CC1C(=O)N/C(=C\c1ccccc1)C(=O)O,=,620.0,nM,Ki,6.21,Renal dipeptidase,single protein format
CHEMBL276188,C/C=C(\NC(=O)CC1CCCCC1)C(=O)O,=,25000.0,nM,Ki,4.60,Renal dipeptidase,single protein format
CHEMBL269647,C/C=C(\NC(=O)CC1=CCCCC1)C(=O)O,=,50.0,%,Inhibition,,Renal dipeptidase,single protein format
CHEMBL12000,C/C=C(\NC(=O)CCC(C)C)C(=O)O,=,14000.0,nM,Ki,4.85,Renal dipeptidase,single protein format
CHEMBL11994,C/C=C(\NC(=O)CC(C)(C)C)C(=O)O,=,20000.0,nM,Ki,4.70,Renal dipeptidase,single protein format
CHEMBL11953,C/C=C(\NC(=O)CCCc1cccs1)C(=O)O,=,10000.0,nM,Ki,5.00,Renal dipeptidase,single protein format
CHEMBL11831,C/C=C(\NC(=O)C1(C)CCCCC1)C(=O)O,=,11.0,%,Inhibition,,Renal dipeptidase,single protein format
CHEMBL11969,CC(C)/C=C(\NC(=O)C1CC1(C)C)C(=O)O,=,540.0,nM,Ki,6.27,Renal dipeptidase,single protein format
CHEMBL11543,CCCCCCCCCC/C=C(\NC(=O)C1CC1(C)C)C(=O)O,=,140.0,nM,Ki,6.85,Renal dipeptidase,single protein format
CHEMBL11700,CCN(CC)CCCCC/C=C(\NC(=O)C1CC1(C)C)C(=O)O,=,860.0,nM,Ki,6.07,Renal dipeptidase,single protein format
CHEMBL11924,CC1(C)CC1C(=O)N/C(=C\CCCCCNCP(=O)(O)O)C(=O)O,=,400.0,nM,Ki,6.40,Renal dipeptidase,single protein format
CHEMBL12147,C=CCNCCCCC/C=C(\NC(=O)C1CC1(C)C)C(=O)O,=,870.0,nM,Ki,6.06,Renal dipeptidase,single protein format
CHEMBL275349,C#CCNCCCCC/C=C(\NC(=O)C1CC1(C)C)C(=O)O,=,740.0,nM,Ki,6.13,Renal dipeptidase,single protein format
CHEMBL267561,C/C=C(\NC(=O)c1ccccc1Cl)C(=O)O,=,25000.0,nM,Ki,4.60,Renal dipeptidase,single protein format
CHEMBL12226,C/C=C(\NC(=O)CC(C)CCCC(C)C)C(=O)O,=,4000.0,nM,Ki,5.40,Renal dipeptidase,single protein format
CHEMBL11876,CC1(C)CC1C(=O)N/C(=C\C1CC1)C(=O)O,=,440.0,nM,Ki,6.36,Renal dipeptidase,single protein format
CHEMBL12095,CC1(C)CC1C(=O)N/C(=C\CCCCC(=O)O)C(=O)O,=,58.0,nM,Ki,7.24,Renal dipeptidase,single protein format
CHEMBL11704,COC(=O)CCCCC/C=C(\NC(=O)C1CC1(C)C)C(=O)O,=,220.0,nM,Ki,6.66,Renal dipeptidase,single protein format
CHEMBL11925,CC(=O)NCCCCC/C=C(\NC(=O)C1CC1(C)C)C(=O)O.CC(C)=O,=,230.0,nM,Ki,6.64,Renal dipeptidase,single protein format
CHEMBL417797,CN(CCCCCC/C=C(\NC(=O)C1CC1(C)C)C(=O)O)CC(=O)O,=,400.0,nM,Ki,6.40,Renal dipeptidase,single protein format
CHEMBL12307,CC/C=C(\NC(=O)CC(C)C)C(=O)O,=,3200.0,nM,Ki,5.50,Renal dipeptidase,single protein format
CHEMBL12001,CCCCC/C=C(\NC(=O)C1CC1(Cl)Cl)C(=O)O,=,60.0,nM,Ki,7.22,Renal dipeptidase,single protein format
CHEMBL11728,C/C=C(\NC(=O)CC1CC2CCC1C2)C(=O)O,=,54.0,%,Inhibition,,Renal dipeptidase,single protein format
CHEMBL417430,C/C=C(\NC(=O)CC)C(=O)O,=,43.0,%,Inhibition,,Renal dipeptidase,single protein format
CHEMBL11443,C/C=C(\NC(=O)C=C(C)C)C(=O)O,=,28000.0,nM,Ki,4.55,Renal dipeptidase,single protein format
CHEMBL12166,C/C=C(\NC(=O)C1C(C=C(C)C)C1(C)C)C(=O)O,=,15.0,%,Inhibition,,Renal dipeptidase,single protein format
CHEMBL267772,C=C(NC(=O)C1CC1(C)C)C(=O)O,=,52000.0,nM,Ki,4.28,Renal dipeptidase,single protein format
CHEMBL11904,CC1(C)CC1C(=O)N/C(=C\CCCCCBr)C(=O)O,=,27000.0,nM,Ki,4.57,Renal dipeptidase,single protein format
CHEMBL11661,CCC/C=C(\NC(=O)C1CC1(Br)Br)C(=O)O,=,15.0,nM,Ki,7.82,Renal dipeptidase,single protein format
CHEMBL429200,C=C(NC(=O)c1ccccc1)C(=O)O,=,9.0,%,Inhibition,,Renal dipeptidase,single protein format
CHEMBL11814,C/C=C(\NC(=O)c1cccc(Cl)c1)C(=O)O,=,22000.0,nM,Ki,4.66,Renal dipeptidase,single protein format
CHEMBL11809,C/C=C(\NC(=O)CC1CCC1)C(=O)O,=,6600.0,nM,Ki,5.18,Renal dipeptidase,single protein format
CHEMBL273854,C/C=C(\NC(=O)CCC1CCCCC1)C(=O)O,=,54.0,%,Inhibition,,Renal dipeptidase,single protein format
CHEMBL1907822,CC(NCCCCC/C=C(\NC(=O)[C@H]1CC1(C)C)C(=O)O)P(=O)(O)O,=,160.0,nM,Ki,6.80,Renal dipeptidase,single protein format
CHEMBL274902,C/C=C(\NC(C)=O)C(=O)O,=,12.0,%,Inhibition,,Renal dipeptidase,single protein format
CHEMBL12027,C/C=C(\NC(=O)CCCCCCCCC)C(=O)O,=,58.0,%,Inhibition,,Renal dipeptidase,single protein format
CHEMBL12079,C/C=C(\NC(=O)CCC1CCCO1)C(=O)O,=,51.0,%,Inhibition,,Renal dipeptidase,single protein format
CHEMBL11481,C/C=C(\NC(=O)C1CC1(C)CC)C(=O)O,=,450.0,nM,Ki,6.35,Renal dipeptidase,single protein format
CHEMBL11930,CC(C)CC/C=C(\NC(=O)C1CC1(C)C)C(=O)O,=,150.0,nM,Ki,6.82,Renal dipeptidase,single protein format
CHEMBL11830,CC1(C)CC1C(=O)N/C(=C\CCC(=O)O)C(=O)O,=,140.0,nM,Ki,6.85,Renal dipeptidase,single protein format
CHEMBL12181,C=CCCC(=O)N/C(=C\C)C(=O)O,=,57.0,%,Inhibition,,Renal dipeptidase,single protein format
CHEMBL11539,C/C=C(\NC(=O)CCCC(=O)OCC)C(=O)O,=,39000.0,nM,Ki,4.41,Renal dipeptidase,single protein format
CHEMBL12149,C/C=C(\NC(=O)[C@@H]1C[C@H]1C(C)(C)C)C(=O)O,=,6500.0,nM,Ki,5.19,Renal dipeptidase,single protein format
CHEMBL276189,C/C=C(\NC(=O)C1(C)CC1(Cl)Cl)C(=O)O,=,164000.0,nM,Ki,,Renal dipeptidase,single protein format
CHEMBL274903,CC1(C)CC1C(=O)N/C(=C\CCCSCP(=O)([O-])O)C(=O)O.[Na+],=,220.0,nM,Ki,6.66,Renal dipeptidase,single protein format
CHEMBL53814,CCCC(=O)OCOC(=O)NC[C@H]1OCC[C@H]1SC1=C(C(=O)[O-])N2C(=O)[C@H]([C@@H](C)O)C2[C@H]1C.[Na+],=,5.9,,Relative hydrolysis,,Renal dipeptidase,assay format
CHEMBL12003,C/C=C(\NC(=O)C(C)C(C)C)C(=O)O,=,3300.0,nM,Ki,5.48,Renal dipeptidase,single protein format
CHEMBL276162,COC(=O)CSCCCCC/C=C(\NC(=O)C1CC1(C)C)C(=O)O,=,200.0,nM,Ki,6.70,Renal dipeptidase,single protein format
CHEMBL298781,CC(C)C(=O)OCOC(=O)NC[C@H]1OCC[C@H]1SC1=C(C(=O)[O-])N2C(=O)[C@H]([C@@H](C)O)C2[C@H]1C.[Na+],=,2.9,,Relative hydrolysis,,Renal dipeptidase,assay format
CHEMBL12045,C/C=C(\NC(=O)CCCC)C(=O)O,=,32000.0,nM,Ki,4.50,Renal dipeptidase,single protein format
CHEMBL11734,C/C=C(\NC(=O)C1C(C)C1(C)C)C(=O)O,=,7200.0,nM,Ki,5.14,Renal dipeptidase,single protein format
CHEMBL275227,CCCCCCC/C=C(\NC(=O)C1CC1(C)C)C(=O)O,=,96.0,nM,Ki,7.02,Renal dipeptidase,single protein format
CHEMBL3559622,CC1(C)CC1C(=O)N/C(=C\CCCCC[N+](C)(C)CCO)C(=O)[O-],=,910.0,nM,Ki,6.04,Renal dipeptidase,single protein format
CHEMBL11918,CC1(C)CC1C(=O)N/C(=C\CCCCCSCC(N)=O)C(=O)O,=,250.0,nM,Ki,6.60,Renal dipeptidase,single protein format
CHEMBL11674,C[N+](C)(C)CCCCC/C=C(\NC(=O)C1CC1(Cl)Cl)C(=O)O,=,180.0,nM,Ki,6.75,Renal dipeptidase,single protein format
CHEMBL11917,C/C=C(\NC(=O)C12CC3CC(CC(C3)C1)C2)C(=O)O,=,3.0,%,Inhibition,,Renal dipeptidase,single protein format
CHEMBL274526,C/C=C(\NC(=O)CCCCCBr)C(=O)O,=,19000.0,nM,Ki,4.72,Renal dipeptidase,single protein format
CHEMBL1206880,C[C@@H](O)[C@H]1C(=O)N2C(C(=O)O)=C(S[C@@H]3CCO[C@@H]3CN)[C@H](C)[C@H]12,=,8.5,,Relative hydrolysis,,Renal dipeptidase,assay format
CHEMBL53959,CCOC(=O)OCOC(=O)C1=C(S[C@@H]2CCO[C@@H]2CNC(=O)OCOC(=O)C(C)C)[C@H](C)C2[C@@H]([C@@H](C)O)C(=O)N12,=,11.0,,Relative hydrolysis,,Renal dipeptidase,assay format
CHEMBL268228,C/C=C(\NC(=O)C1CC1(Br)Br)C(=O)O,=,30.0,nM,Ki,7.52,Renal dipeptidase,single protein format
CHEMBL11602,CC1(C)CC1C(=O)N/C(=C\CCCSc1ncccc1O)C(=O)O,=,130.0,nM,Ki,6.89,Renal dipeptidase,single protein format
CHEMBL273954,CC1(C)CC1C(=O)N/C(=C\CCCCCNC(N)=O)C(=O)O,=,300.0,nM,Ki,6.52,Renal dipeptidase,single protein format
CHEMBL276187,C/C=C(\NC(=O)C1CCC1)C(=O)O,=,6200.0,nM,Ki,5.21,Renal dipeptidase,single protein format
CHEMBL12060,C/C=C(\NC(=O)CCCCC(=O)N/C(=C\C)C(=O)O)C(=O)O,=,10000.0,nM,Ki,5.00,Renal dipeptidase,single protein format
CHEMBL11576,C/C=C(\NC(=O)CCCCCCCCCCC)C(=O)O,=,35000.0,nM,Ki,4.46,Renal dipeptidase,single protein format
CHEMBL12165,C/C=C(\NC(=O)C1C(C(C)(C)C)C1(C)C)C(=O)O,=,44.0,%,Inhibition,,Renal dipeptidase,single protein format
CHEMBL11941,COCCCC/C=C(\NC(=O)C1CC1(C)C)C(=O)O,=,160.0,nM,Ki,6.80,Renal dipeptidase,single protein format
CHEMBL11462,C/C=C(\NC(=O)CC1CC1)C(=O)O,=,22000.0,nM,Ki,4.66,Renal dipeptidase,single protein format
CHEMBL11642,C/C=C(\NC(=O)CCCC1CCCCC1)C(=O)O,=,30000.0,nM,Ki,4.52,Renal dipeptidase,single protein format
CHEMBL766,CC1(C)C[C@@H]1C(=O)N/C(=C\CCCCSC[C@H](N)C(=O)O)C(=O)O,=,110.0,nM,Ki,6.96,Renal dipeptidase,single protein format
CHEMBL429189,C/C=C(\NC(=O)CCCCCCCC)C(=O)O,=,32000.0,nM,Ki,4.50,Renal dipeptidase,single protein format
CHEMBL12096,C/C=C(\NC(=O)C(C)C)C(=O)O,=,31.0,%,Inhibition,,Renal dipeptidase,single protein format
CHEMBL276241,C/C=C(\NC(=O)[C@@H]1C[C@H]1CC)C(=O)O,=,1600.0,nM,Ki,5.80,Renal dipeptidase,single protein format
CHEMBL429369,C/C=C(\NC(=O)C1CC1(C)C)C(=O)O,=,400.0,nM,Ki,6.40,Renal dipeptidase,single protein format
CHEMBL11878,C/C=C(\NC(=O)[C@@H]1[C@@H](C)[C@H]1C)C(=O)O,=,4600.0,nM,Ki,5.34,Renal dipeptidase,single protein format
CHEMBL267101,CC(C)(C)C/C=C(\NC(=O)C1CC1(C)C)C(=O)O,=,340.0,nM,Ki,6.47,Renal dipeptidase,single protein format
CHEMBL11747,CC1(C)CC1C(=O)N/C(=C\CCCCSc1ncccc1C(=O)O)C(=O)O,=,40.0,nM,Ki,7.40,Renal dipeptidase,single protein format
CHEMBL12126,COCCCCC/C=C(\NC(=O)C1CC1(C)C)C(=O)O,=,180.0,nM,Ki,6.75,Renal dipeptidase,single protein format
CHEMBL12008,CCOC(=S)SCCCCC/C=C(\NC(=O)C1CC1(C)C)C(=O)O,=,44.0,nM,Ki,7.36,Renal dipeptidase,single protein format
CHEMBL11837,CC1(C)CC1C(=O)N/C(=C\CCCCCCCN)C(=O)O,=,810.0,nM,Ki,6.09,Renal dipeptidase,single protein format
CHEMBL11884,C/C=C(\NC(=O)CCc1ccccc1)C(=O)O,=,30.0,%,Inhibition,,Renal dipeptidase,single protein format
CHEMBL12035,C/C=C(\NC(=O)CCCCC)C(=O)O,=,54.0,%,Inhibition,,Renal dipeptidase,single protein format
CHEMBL12142,C/C=C(\NC(=O)CCCCCC)C(=O)O,=,49.0,%,Inhibition,,Renal dipeptidase,single protein format
CHEMBL11883,C/C=C(\NC(=O)CCCCCCCCCC)C(=O)O,=,19000.0,nM,Ki,4.72,Renal dipeptidase,single protein format
CHEMBL274108,C/C=C(\NC(=O)CC(C)C)C(=O)O,=,6000.0,nM,Ki,5.22,Renal dipeptidase,single protein format
CHEMBL12387,C/C=C(\NC(=O)CC(C)CC(C)(C)C)C(=O)O,=,4400.0,nM,Ki,5.36,Renal dipeptidase,single protein format
CHEMBL276692,C/C=C(\NC(=O)C1CC1(CC)CC)C(=O)O,=,860.0,nM,Ki,6.07,Renal dipeptidase,single protein format
CHEMBL273926,CC1(C)CC1C(=O)N/C(=C\CCCCBr)C(=O)O,=,150.0,nM,Ki,6.82,Renal dipeptidase,single protein format
CHEMBL417431,CC1(C)CC1C(=O)N/C(=C\CCCCSCC(=O)C(=O)O)C(=O)O,=,160.0,nM,Ki,6.80,Renal dipeptidase,single protein format
CHEMBL11951,CC1(C)CC1C(=O)N/C(=C\CCCCCC#N)C(=O)O,=,82.0,nM,Ki,7.09,Renal dipeptidase,single protein format
CHEMBL274321,CC(C)=C(NC(=O)C1CC1(C)C)C(=O)O,=,57.0,%,Inhibition,,Renal dipeptidase,single protein format
CHEMBL2373076,C[C@H](N)C(=O)N/C(=C\Cl)C(=O)O,=,6.0,%,Inhibition,,Renal dipeptidase,single protein format
CHEMBL9209,C/C=C(\NC(=O)c1ccc(C)cc1)C(=O)O,=,2.5,%,Inhibition,,Renal dipeptidase,single protein format
CHEMBL11755,C/C=C(\NC(=O)CCC1CCCC1)C(=O)O,=,56.0,%,Inhibition,,Renal dipeptidase,single protein format
CHEMBL276493,C/C=C(\NC(=O)c1ccccc1)C(=O)O,=,70000.0,nM,Ki,4.16,Renal dipeptidase,single protein format
CHEMBL11997,COC(=O)CSCCC/C=C(\NC(=O)C1CC1(C)C)C(=O)O,=,280.0,nM,Ki,6.55,Renal dipeptidase,single protein format
CHEMBL11763,CC1(C)CC1C(=O)N/C(=C\CCCCC#N)C(=O)O,=,210.0,nM,Ki,6.68,Renal dipeptidase,single protein format
CHEMBL12078,C/C=C(\NC(=O)c1ccc(OC)cc1)C(=O)O,=,0.0,%,Inhibition,,Renal dipeptidase,single protein format
CHEMBL427640,CCCCC/C=C(/NC(=O)C1CC1(C)C)C(=O)O,=,11200.0,nM,Ki,4.95,Renal dipeptidase,single protein format
CHEMBL540700,C/C=C(\NC(=O)C(CC)CCCC)C(=O)O,=,33.0,%,Inhibition,,Renal dipeptidase,single protein format
CHEMBL276266,C/C=C(\NC(=O)C1(C)CC1)C(=O)O,=,16.0,%,Inhibition,,Renal dipeptidase,single protein format
CHEMBL11483,C/C=C(\NC(=O)[C@@H]1C[C@H]1C)C(=O)O,=,1700.0,nM,Ki,5.77,Renal dipeptidase,single protein format
CHEMBL273413,CCC/C=C(\NC(=O)C1CC1(C)C)C(=O)O,=,110.0,nM,Ki,6.96,Renal dipeptidase,single protein format
CHEMBL268273,CC1(C)CC1C(=O)N/C(=C\C1CCCCC1)C(=O)O,=,400.0,nM,Ki,6.40,Renal dipeptidase,single protein format
CHEMBL11996,CC1(C)CC1C(=O)N/C(=C\CCCSCC(N)C(=O)O)C(=O)O,=,270.0,nM,Ki,6.57,Renal dipeptidase,single protein format
CHEMBL3559635,CC1(C)CC1C(=O)N/C(=C\CCCCCCC[N+](C)(C)C)C(=O)[O-],=,570.0,nM,Ki,6.24,Renal dipeptidase,single protein format
CHEMBL276465,CC(C)=C(NC(=O)c1ccccc1)C(=O)O,=,4.0,%,Inhibition,,Renal dipeptidase,single protein format
CHEMBL11574,C/C=C(\NC(=O)CCCCCCCCCCCCC)C(=O)O,=,45.0,%,Inhibition,,Renal dipeptidase,single protein format
CHEMBL447179,C/C=C(\NC(=O)CCCCC(=O)OCC)C(=O)O,=,18000.0,nM,Ki,4.75,Renal dipeptidase,single protein format
CHEMBL12141,CCCCCCCC/C=C(\NC(=O)C1CC1(C)C)C(=O)O,=,110.0,nM,Ki,6.96,Renal dipeptidase,single protein format
CHEMBL274188,CC1(C)CC1C(=O)N/C(=C\CCCCSc1ncccc1O)C(=O)O,=,20.0,nM,Ki,7.70,Renal dipeptidase,single protein format
CHEMBL12030,CC1(C)CC1C(=O)N/C(=C\CCCCCNC1=NCCN1)C(=O)O,=,840.0,nM,Ki,6.08,Renal dipeptidase,single protein format
CHEMBL11744,CC1(C)CC1C(=O)N/C(=C\CCCCCNCCP(=O)(O)O)C(=O)O,=,580.0,nM,Ki,6.24,Renal dipeptidase,single protein format
CHEMBL3559476,CC1(C)C[C@@H]1C(=O)N/C(=C\CCCCC[N+](C)(C)C)C(=O)[O-],=,650.0,nM,Ki,6.19,Renal dipeptidase,single protein format
CHEMBL430968,CCOC(=O)OCOC(=O)C1=C(S[C@@H]2CCO[C@@H]2CNC(=O)OCOC(=O)C(C)(C)C)[C@H](C)C2[C@@H]([C@@H](C)O)C(=O)N12,=,20.0,,Relative hydrolysis,,Renal dipeptidase,assay format
CHEMBL417981,CCCCCC/C=C(\NC(=O)C1CC1(C)C)C(=O)O,=,160.0,nM,Ki,6.80,Renal dipeptidase,single protein format
CHEMBL11569,COCC/C=C(\NC(=O)C1CC1(C)C)C(=O)O,=,320.0,nM,Ki,6.50,Renal dipeptidase,single protein format
CHEMBL11649,CC1(C)CC1C(=O)N/C(=C\CCS(C)(=O)=O)C(=O)O,=,500.0,nM,Ki,6.30,Renal dipeptidase,single protein format
CHEMBL12009,CC(=N)NCCCCC/C=C(\NC(=O)C1CC1(C)C)C(=O)O,=,720.0,nM,Ki,6.14,Renal dipeptidase,single protein format
CHEMBL11992,CC1(C)CC1C(=O)N/C(=C\CCCCCCCBr)C(=O)O,=,110.0,nM,Ki,6.96,Renal dipeptidase,single protein format
CHEMBL12341,CCCCC/C=C(\NC(=O)CC(C)C)C(=O)O,=,2600.0,nM,Ki,5.58,Renal dipeptidase,single protein format
CHEMBL53365,CC(=O)OC(C)OC(=O)NC[C@H]1OCC[C@H]1SC1=C(C(=O)[O-])N2C(=O)[C@H]([C@@H](C)O)C2[C@H]1C.[Na+],=,6.0,,Relative hydrolysis,,Renal dipeptidase,assay format
CHEMBL50817,CCOC(=O)OCOC(=O)C1=C(S[C@@H]2CCO[C@@H]2CNC(=O)OC(C)OC(C)=O)[C@H](C)C2[C@@H]([C@@H](C)O)C(=O)N12,=,4.9,,Relative hydrolysis,,Renal dipeptidase,assay format
CHEMBL12148,C/C=C(\NC(=O)C1CC12CC2)C(=O)O,=,1600.0,nM,Ki,5.80,Renal dipeptidase,single protein format
CHEMBL11792,CC1(C)CC1C(=O)N/C(=C\CCCCCO)C(=O)O,=,230.0,nM,Ki,6.64,Renal dipeptidase,single protein format
CHEMBL274394,C/C=C(\NC(=O)CC12CC3CC(CC(C3)C1)C2)C(=O)O,=,33.0,%,Inhibition,,Renal dipeptidase,single protein format
CHEMBL269648,C/C=C(\NC(=O)/C=C/c1ccccc1)C(=O)O,=,0.0,%,Inhibition,,Renal dipeptidase,single protein format
CHEMBL12031,C/C=C(\NC(=O)COc1ccccc1)C(=O)O,=,3.0,%,Inhibition,,Renal dipeptidase,single protein format
CHEMBL417795,C/C=C(\NC(=O)CCCNC(C)=O)C(=O)O,=,102000.0,nM,Ki,,Renal dipeptidase,single protein format
CHEMBL267566,C/C=C(\NC(=O)[C@@H]1C[C@H]1c1ccccc1)C(=O)O,=,5000.0,nM,Ki,5.30,Renal dipeptidase,single protein format
CHEMBL12037,CC1(C)CC1C(=O)N/C(=C\CCCCSc1ccccc1)C(=O)O,=,100.0,nM,Ki,7.00,Renal dipeptidase,single protein format
CHEMBL12075,CN(C)CCCCCCC/C=C(\NC(=O)C1CC1(C)C)C(=O)O,=,520.0,nM,Ki,6.28,Renal dipeptidase,single protein format
CHEMBL276467,C/C=C(\NC(=O)c1ccco1)C(=O)O,=,57.0,%,Inhibition,,Renal dipeptidase,single protein format
CHEMBL11999,C/C=C(\NC(=O)CCCCCCC)C(=O)O,=,26000.0,nM,Ki,4.58,Renal dipeptidase,single protein format
CHEMBL275100,C/C=C(\NC(=O)CCCCC(C)C)C(=O)O,=,57.0,%,Inhibition,,Renal dipeptidase,single protein format
CHEMBL12049,C/C=C(\NC(=O)CCCc1ccccc1)C(=O)O,=,11000.0,nM,Ki,4.96,Renal dipeptidase,single protein format
CHEMBL12017,C/C=C(\NC(=O)CC(C)CCOC)C(=O)O,=,9000.0,nM,Ki,5.05,Renal dipeptidase,single protein format
CHEMBL12353,CC1(C)CC1C(=O)N/C(=C\CC(F)(F)F)C(=O)O,=,240.0,nM,Ki,6.62,Renal dipeptidase,single protein format
CHEMBL11887,COCCC/C=C(\NC(=O)C1CC1(C)C)C(=O)O,=,280.0,nM,Ki,6.55,Renal dipeptidase,single protein format
CHEMBL3559631,CC1(C)CC1C(=O)N/C(=C\CCCCC[N+](C)(C)C)C(=O)[O-],=,1100.0,nM,Ki,5.96,Renal dipeptidase,single protein format
CHEMBL12159,C/C=C(\NC(=O)CCCNC(=O)CC(C)C)C(=O)O,=,52000.0,nM,Ki,4.28,Renal dipeptidase,single protein format
CHEMBL11482,CCCC/C=C(\NC(=O)C1CC1(C)C)C(=O)O,=,110.0,nM,Ki,6.96,Renal dipeptidase,single protein format
CHEMBL11324,C=CCC/C=C(\NC(=O)C1CC1(C)C)C(=O)O,=,230.0,nM,Ki,6.64,Renal dipeptidase,single protein format
CHEMBL11554,CC1(C)CC1C(=O)N/C(=C\CCCCSc1ccccc1C(=O)O)C(=O)O,=,90.0,nM,Ki,7.05,Renal dipeptidase,single protein format
CHEMBL11971,CN(CCCCC/C=C(\NC(=O)C1CC1(C)C)C(=O)O)CC(=O)O,=,290.0,nM,Ki,6.54,Renal dipeptidase,single protein format
CHEMBL275571,CC1(C)CC1C(=O)N/C(=C\CCCCCCBr)C(=O)O,=,160.0,nM,Ki,6.80,Renal dipeptidase,single protein format
CHEMBL11781,C/C=C(\NC(=O)c1ccc2ccccc2c1)C(=O)O,=,3.0,%,Inhibition,,Renal dipeptidase,single protein format
CHEMBL12140,C/C=C(\NC(=O)CN)C(=O)O,=,6.0,%,Inhibition,,Renal dipeptidase,single protein format
CHEMBL11777,CC1(C)CC1C(=O)N/C(=C\CCCCSCC(=O)O)C(=O)O,=,130.0,nM,Ki,6.89,Renal dipeptidase,single protein format
CHEMBL11648,CC1(C)CC1C(=O)N/C(=C\CCCCCN)C(=O)O,=,1000.0,nM,Ki,6.00,Renal dipeptidase,single protein format
CHEMBL11788,C/C=C(\NC(=O)CC1CCCC1)C(=O)O,=,9800.0,nM,Ki,5.01,Renal dipeptidase,single protein format
CHEMBL1907823,CCCCC/C=C(\NC(=O)[C@H]1CC1(C)C)C(=O)O,=,80.0,nM,Ki,7.10,Renal dipeptidase,single protein format
CHEMBL301139,CCOC(=O)OCOC(=O)C1=C(S[C@@H]2CCO[C@@H]2CNC(=O)OC(C)OC(=O)C(C)(C)C)[C@H](C)C2[C@@H]([C@@H](C)O)C(=O)N12,=,19.0,,Relative hydrolysis,,Renal dipeptidase,assay format
CHEMBL11711,C/C=C(\NC(=O)[C@@H]1C[C@@H]1C)C(=O)O,=,12000.0,nM,Ki,4.92,Renal dipeptidase,single protein format
CHEMBL766,CC1(C)C[C@@H]1C(=O)N/C(=C\CCCCSC[C@H](N)C(=O)O)C(=O)O,=,210.0,nM,Ki,6.68,Renal dipeptidase,single protein format
CHEMBL11967,CSCCCCC/C=C(\NC(=O)C1CC1(C)C)C(=O)O,=,150.0,nM,Ki,6.82,Renal dipeptidase,single protein format
CHEMBL11764,CC1(C)CC1C(=O)N/C(=C\CCc1ccccc1)C(=O)O,=,330.0,nM,Ki,6.48,Renal dipeptidase,single protein format
CHEMBL11800,C/C=C(\NC(=O)c1ccc(Cl)cc1)C(=O)O,=,7.0,%,Inhibition,,Renal dipeptidase,single protein format
CHEMBL274322,C/C=C(\NC(=O)C1CCCCCC1)C(=O)O,=,12000.0,nM,Ki,4.92,Renal dipeptidase,single protein format
CHEMBL554626,CCOC(=O)OCOC(=O)C1=C(S[C@@H]2CCO[C@@H]2CN)[C@H](C)C2[C@@H]([C@@H](C)O)C(=O)N12.Cl,=,11.0,,Relative hydrolysis,,Renal dipeptidase,assay format
CHEMBL67754,C[C@@H](O)[C@H]1C(=O)N2C(C(=O)O)=C(c3ccc(CN4CCCCC4)cc3)C[C@H]12,=,0.03,,Susceptibility,,Renal dipeptidase,single protein format
CHEMBL287558,C[C@@H](O)[C@H]1C(=O)N2C(C(=O)[O-])=C(Sc3nc4cc(Cl)ccc4s3)C[C@H]12.[Na+],=,1.2,,Susceptibility,,Renal dipeptidase,tissue-based format
CHEMBL430547,C[C@@H](O)[C@H]1C(=O)N2C(C(=O)[O-])=C(Sc3nc4ccc([N+](=O)[O-])cc4s3)[C@H](C)[C@H]12.[Na+],=,0.2,,Susceptibility,,Renal dipeptidase,tissue-based format
CHEMBL1160673,Cc1csc(SC2=C(C(=O)O)N3C(=O)[C@H]([C@@H](C)O)[C@H]3[C@H]2C)n1,=,0.2167,hr,TIME,,Renal dipeptidase,single protein format
CHEMBL431777,C[C@@H](O)[C@H]1C(=O)N2C(C(=O)O)=C(c3ccc(CN4CCSCC4)cc3)C[C@H]12,=,0.13,,Susceptibility,,Renal dipeptidase,single protein format
CHEMBL33323,C[C@@H](O)[C@H]1C(=O)N2C(C(=O)[O-])=C(Sc3nc4ccc(N)cc4s3)[C@H](C)[C@H]12.[Na+],,,,Susceptibility,,Renal dipeptidase,single protein format
CHEMBL94095,C[C@@H](O)[C@H]1C(=O)N2C(C(=O)[O-])=C(Sc3nc(-c4cc[n+](C)cc4)cs3)[C@H](C)[C@H]12,=,0.3833,hr,TIME,,Renal dipeptidase,single protein format
CHEMBL1160680,CCCc1csc(SC2=C(C(=O)O)N3C(=O)[C@H]([C@@H](C)O)[C@H]3[C@H]2C)n1,=,0.2,hr,TIME,,Renal dipeptidase,single protein format
CHEMBL68707,C[C@@H](O)[C@H]1C(=O)N2C(C(=O)[O-])=C(c3ccc(C[n+]4cccc(C(F)(F)F)c4)cc3)C[C@H]12,=,0.04,,Susceptibility,,Renal dipeptidase,single protein format
CHEMBL93766,C[C@@H](O)[C@H]1C(=O)N2C(C(=O)[O-])=C(Sc3nc(-c4ccc[n+](C)c4)cs3)[C@H](C)[C@H]12,=,0.4667,hr,TIME,,Renal dipeptidase,single protein format
CHEMBL70913,C[C@@H](O)[C@H]1C(=O)N2C(C(=O)[O-])=C(c3ccc(C[N+]4(C)CCCC4)cc3)C[C@H]12,=,0.03,,Susceptibility,,Renal dipeptidase,single protein format
CHEMBL410910,C[C@@H](O)[C@H]1C(=O)N2C(C(=O)[O-])=C(Sc3nc4ccc(C#N)cc4s3)[C@H](C)[C@H]12.[Na+],=,0.1,,Susceptibility,,Renal dipeptidase,tissue-based format
CHEMBL68957,C[C@@H](O)[C@H]1C(=O)N2C(C(=O)[O-])=C(c3ccc(C[n+]4ccc(CCS(=O)(=O)[O-])cc4)cc3)C[C@H]12.[K+],=,0.06,,Susceptibility,,Renal dipeptidase,single protein format
CHEMBL33583,C[C@@H](O)[C@H]1C(=O)N2C(C(=O)[O-])=C(Sc3nc4ccccc4s3)C[C@H]12.[Na+],=,1.7,,Susceptibility,,Renal dipeptidase,tissue-based format
CHEMBL33296,C[C@@H](O)[C@H]1C(=O)N2C(C(=O)[O-])=C(Sc3nc(-c4ccccc4)cs3)C[C@H]12.[Na+],=,3.6,,Susceptibility,,Renal dipeptidase,tissue-based format
CHEMBL33672,C[C@@H](O)[C@H]1C(=O)N2C(C(=O)[O-])=C(Sc3ccc4ccccc4n3)[C@H](C)[C@H]12.[Na+],,,,Susceptibility,,Renal dipeptidase,single protein format
CHEMBL1160671,C[C@@H](O)[C@H]1C(=O)N2C(C(=O)O)=C(Sc3nc(-c4ccc(Cl)cc4)cs3)[C@H](C)[C@H]12,=,0.165,hr,TIME,,Renal dipeptidase,single protein format
CHEMBL71809,C[C@@H](O)[C@H]1C(=O)N2C(C(=O)[O-])=C(c3ccc(C[n+]4ccc(N)cc4)cc3)C[C@H]12,=,0.14,,Susceptibility,,Renal dipeptidase,single protein format
CHEMBL43708,C[C@@H](O)[C@H]1C(=O)N2C(C(=O)O)=C(SCCNC=N)C[C@H]12.O,=,0.85,,Susceptibility,,Renal dipeptidase,single protein format
CHEMBL1160684,Cc1ccc(-c2csc(SC3=C(C(=O)O)N4C(=O)[C@H]([C@@H](C)O)[C@H]4[C@H]3C)n2)cc1,=,0.1533,hr,TIME,,Renal dipeptidase,single protein format
CHEMBL306664,Cc1cc[n+](Cc2ccc(C3=C(C(=O)[O-])N4C(=O)[C@H]([C@@H](C)O)[C@H]4C3)cc2)cc1,=,0.06,,Susceptibility,,Renal dipeptidase,single protein format
CHEMBL282600,C[C@@H](O)[C@H]1C(=O)N2C(C(=O)[O-])=C(Sc3nc4cc(Cl)ccc4s3)[C@H](C)[C@H]12.[Na+],=,0.2,,Susceptibility,,Renal dipeptidase,tissue-based format
CHEMBL1160682,C[C@@H](O)[C@H]1C(=O)N2C(C(=O)O)=C(Sc3nc(-c4ccc(N)cc4)cs3)[C@H](C)[C@H]12,=,0.3,hr,TIME,,Renal dipeptidase,single protein format
CHEMBL278773,C[C@@H](O)[C@H]1C(=O)N2C(C(=O)O)=C(SCCN)C[C@H]12,=,1.0,,Susceptibility,,Renal dipeptidase,single protein format
CHEMBL69249,C[C@@H](O)[C@H]1C(=O)N2C(C(=O)[O-])=C(c3ccc(C[n+]4ccccc4)cc3)C[C@H]12,=,0.07,,Susceptibility,,Renal dipeptidase,single protein format
CHEMBL305506,C[C@@H](O)[C@H]1C(=O)N2C(C(=O)[O-])=C(c3ccc(C[n+]4ccc5ccccc5c4N)cc3)C[C@H]12,=,0.14,,Susceptibility,,Renal dipeptidase,single protein format
CHEMBL283624,C[C@@H](O)[C@H]1C(=O)N2C(C(=O)[O-])=C(Sc3nc(-c4ccccc4)cs3)[C@H](C)[C@H]12.[Na+],=,0.4,,Susceptibility,,Renal dipeptidase,tissue-based format
CHEMBL30322,C[C@@H](O)[C@H]1C(=O)N2C(C(=O)[O-])=C(Sc3nc4cc(CO)ccc4s3)[C@H](C)[C@H]12.[Na+],=,0.3,,Susceptibility,,Renal dipeptidase,tissue-based format
CHEMBL30267,C[C@@H](O)[C@H]1C(=O)N2C(C(=O)[O-])=C(Sc3ncc(-c4ccccc4)s3)[C@H](C)[C@H]12.[Na+],=,0.5,,Susceptibility,,Renal dipeptidase,tissue-based format
CHEMBL1160676,C[C@@H](O)[C@H]1C(=O)N2C(C(=O)O)=C(Sc3nc(-c4ccc5ccncc5c4)cs3)[C@H](C)[C@H]12,=,0.1617,hr,TIME,,Renal dipeptidase,single protein format
CHEMBL71442,C[C@@H](O)[C@H]1C(=O)N2C(C(=O)[O-])=C(c3ccc(C[n+]4cccc5ccccc54)cc3)C[C@H]12,=,0.07,,Susceptibility,,Renal dipeptidase,single protein format
CHEMBL302247,CSc1ccc[n+](Cc2ccc(C3=C(C(=O)[O-])N4C(=O)[C@H]([C@@H](C)O)[C@H]4C3)cc2)c1,=,0.06,,Susceptibility,,Renal dipeptidase,single protein format
CHEMBL68640,C[C@@H](O)[C@H]1C(=O)N2C(C(=O)[O-])=C(c3ccc(C[n+]4ccc(CS(=O)(=O)[O-])cc4)cc3)C[C@H]12.[K+],=,0.06,,Susceptibility,,Renal dipeptidase,single protein format
CHEMBL1160672,C[C@@H](O)[C@H]1C(=O)N2C(C(=O)O)=C(Sc3nccs3)[C@H](C)[C@H]12,=,0.25,hr,TIME,,Renal dipeptidase,single protein format
CHEMBL1160681,Cc1nc(SC2=C(C(=O)O)N3C(=O)[C@H]([C@@H](C)O)[C@H]3[C@H]2C)sc1C,=,0.3833,hr,TIME,,Renal dipeptidase,single protein format
CHEMBL1160683,C[C@@H](O)[C@H]1C(=O)N2C(C(=O)O)=C(Sc3nc(-c4ccc(C(N)=O)cc4)cs3)[C@H](C)[C@H]12,=,0.2,hr,TIME,,Renal dipeptidase,single protein format
CHEMBL1160677,C[C@@H](O)[C@H]1C(=O)N2C(C(=O)O)=C(Sc3nc(-c4cccnc4)cs3)[C@H](C)[C@H]12,=,0.05333,hr,TIME,,Renal dipeptidase,single protein format
CHEMBL148,C[C@@H](O)[C@H]1C(=O)N2C(C(=O)O)=C(SCCNC=N)C[C@H]12,=,0.2,hr,TIME,,Renal dipeptidase,single protein format
CHEMBL430791,C[C@@H](O)[C@H]1C(=O)N2C(C(=O)[O-])=C(c3ccc(C[n+]4cc(N)cc5ccccc54)cc3)C[C@H]12,=,0.09,,Susceptibility,,Renal dipeptidase,single protein format
CHEMBL304365,C[C@@H](O)[C@H]1C(=O)N2C(C(=O)[O-])=C(c3ccc(C[n+]4ccc(N5CCCC5)cc4)cc3)C[C@H]12,=,0.33,,Susceptibility,,Renal dipeptidase,single protein format
CHEMBL69453,C[C@@H](O)[C@H]1C(=O)N2C(C(=O)[O-])=C(c3ccc(C[n+]4cccc(C(=O)[O-])c4)cc3)C[C@H]12.[K+],=,0.08,,Susceptibility,,Renal dipeptidase,single protein format
CHEMBL307671,CSCc1ccc[n+](Cc2ccc(C3=C(C(=O)[O-])N4C(=O)[C@H]([C@@H](C)O)[C@H]4C3)cc2)c1,=,0.05,,Susceptibility,,Renal dipeptidase,single protein format
CHEMBL430721,C[C@@H](O)[C@H]1C(=O)N2C(C(=O)[O-])=C(Sc3nc4c(CO)csc4s3)[C@H](C)[C@H]12.[Na+],=,0.5,,Susceptibility,,Renal dipeptidase,tissue-based format
CHEMBL1160679,C[C@@H](O)[C@H]1C(=O)N2C(C(=O)O)=C(Sc3ncc(-c4ccccc4)s3)[C@H](C)[C@H]12,=,0.25,hr,TIME,,Renal dipeptidase,single protein format
CHEMBL307987,C[C@@H](O)[C@H]1C(=O)N2C(C(=O)O)=C(c3ccc(CN4CCOCC4)cc3)C[C@H]12,=,0.13,,Susceptibility,,Renal dipeptidase,single protein format
CHEMBL68150,C[C@@H](O)[C@H]1C(=O)N2C(C(=O)O)=C(c3ccc(CN4CCN(C)CC4)cc3)C[C@H]12,=,0.12,,Susceptibility,,Renal dipeptidase,single protein format
CHEMBL287296,C[C@@H](O)[C@H]1C(=O)N2C(C(=O)[O-])=C(Sc3nc4cc(C(F)(F)F)ccc4s3)[C@H](C)[C@H]12.[Na+],,,,Susceptibility,,Renal dipeptidase,single protein format
CHEMBL73058,C[C@@H](O)[C@H]1C(=O)N2C(C(=O)[O-])=C(c3ccc(C[n+]4ccc(CN)cc4)cc3)C[C@H]12,=,0.04,,Susceptibility,,Renal dipeptidase,single protein format
CHEMBL287661,C[C@@H](O)[C@H]1C(=O)N2C(C(=O)[O-])=C(Sc3nc4ccccc4s3)[C@H](C)[C@H]12.[Na+],=,0.2,,Susceptibility,,Renal dipeptidase,tissue-based format
CHEMBL1160678,C[C@@H](O)[C@H]1C(=O)N2C(C(=O)O)=C(Sc3nc(-c4ccncc4)cs3)[C@H](C)[C@H]12,=,0.2667,hr,TIME,,Renal dipeptidase,single protein format
CHEMBL308236,C[C@@H](O)[C@H]1C(=O)N2C(C(=O)[O-])=C(c3ccc(C[N+]4(C)CCOCC4)cc3)C[C@H]12,=,0.02,,Susceptibility,,Renal dipeptidase,single protein format
CHEMBL94522,C[C@@H](O)[C@H]1C(=O)N2C(C(=O)[O-])=C(Sc3nc(-c4cc[n+](CC(N)=O)cc4)cs3)[C@H](C)[C@H]12,=,0.35,hr,TIME,,Renal dipeptidase,single protein format
CHEMBL68863,C[C@@H](O)[C@H]1C(=O)N2C(C(=O)O)=C(c3ccc(CN4CCCC4)cc3)C[C@H]12,=,0.04,,Susceptibility,,Renal dipeptidase,single protein format
CHEMBL306437,C[C@@H](O)[C@H]1C(=O)N2C(C(=O)[O-])=C(c3ccc(C[n+]4ccc5ccccc5c4)cc3)C[C@H]12,=,0.08,,Susceptibility,,Renal dipeptidase,single protein format
CHEMBL303401,C[C@@H](O)[C@H]1C(=O)N2C(C(=O)[O-])=C(c3ccc(C[n+]4ccc(N5CCOCC5)cc4)cc3)C[C@H]12,=,0.06,,Susceptibility,,Renal dipeptidase,single protein format
CHEMBL33794,C[C@@H](O)[C@H]1C(=O)N2C(C(=O)[O-])=C(Sc3nc4ccc(Cl)cc4s3)[C@H](C)[C@H]12.[Na+],,,,Susceptibility,,Renal dipeptidase,single protein format
CHEMBL1160675,C[C@@H](O)[C@H]1C(=O)N2C(C(=O)O)=C(Sc3nc(-c4ccccc4)cs3)[C@H](C)[C@H]12,=,0.1633,hr,TIME,,Renal dipeptidase,single protein format
CHEMBL97532,C[C@@H](O)[C@H]1C(=O)N2C(C(=O)[O-])=C(Sc3nc(-c4ccc[n+](CC(N)=O)c4)cs3)[C@H](C)[C@H]12,=,0.2833,hr,TIME,,Renal dipeptidase,single protein format
CHEMBL305744,C[C@@H](O)[C@H]1C(=O)N2C(C(=O)[O-])=C(c3ccc(C[n+]4ccc(N5CCSCC5)cc4)cc3)C[C@H]12,=,0.09,,Susceptibility,,Renal dipeptidase,single protein format
CHEMBL71940,C[C@@H](O)[C@H]1C(=O)N2C(C(=O)[O-])=C(c3ccc(C[n+]4cccc(C#N)c4)cc3)C[C@H]12,=,0.06,,Susceptibility,,Renal dipeptidase,single protein format
CHEMBL67597,C[C@@H](O)[C@H]1C(=O)N2C(C(=O)[O-])=C(c3ccc(C[n+]4cccc(CSCCC#N)c4)cc3)C[C@H]12,=,0.05,,Susceptibility,,Renal dipeptidase,single protein format
CHEMBL302018,C[C@@H](O)[C@H]1C(=O)N2C(C(=O)[O-])=C(c3ccc(C[N+]4(C)CCCCC4)cc3)C[C@H]12,=,0.03,,Susceptibility,,Renal dipeptidase,single protein format
CHEMBL284058,CCOc1ccc2nc(SC3=C(C(=O)[O-])N4C(=O)[C@H]([C@@H](C)O)[C@H]4[C@H]3C)sc2c1.[Na+],=,0.3,,Susceptibility,,Renal dipeptidase,tissue-based format
CHEMBL285914,C[C@@H](O)[C@H]1C(=O)N2C(C(=O)[O-])=C(Sc3nccs3)[C@H](C)[C@H]12.[Na+],=,0.4,,Susceptibility,,Renal dipeptidase,tissue-based format
CHEMBL284293,C[C@@H](O)[C@H]1C(=O)N2C(C(=O)[O-])=C(Sc3cc4ccccc4s3)[C@H](C)[C@H]12.[Na+],=,0.4,,Susceptibility,,Renal dipeptidase,tissue-based format
CHEMBL34220,C[C@@H](O)[C@H]1C(=O)N2C(C(=O)[O-])=C(Sc3nc4ccccc4o3)[C@H](C)[C@H]12.[Na+],,,,Susceptibility,,Renal dipeptidase,single protein format
CHEMBL30991,COC(=O)c1cc2sc(SC3=C(C(=O)[O-])N4C(=O)[C@H]([C@@H](C)O)[C@H]4[C@H]3C)nc2o1.[Na+],,,,Susceptibility,,Renal dipeptidase,single protein format
CHEMBL71289,C[C@@H](O)[C@H]1C(=O)N2C(C(=O)[O-])=C(c3ccc(C[n+]4cccc(N)c4)cc3)C[C@H]12,=,0.09,,Susceptibility,,Renal dipeptidase,single protein format
CHEMBL305203,C[C@@H](O)[C@H]1C(=O)N2C(C(=O)[O-])=C(c3ccc(C[n+]4ccc(N5CCCCC5)cc4)cc3)C[C@H]12,=,0.11,,Susceptibility,,Renal dipeptidase,single protein format
CHEMBL68626,C[C@@H](O)[C@H]1C(=O)N2C(C(=O)[O-])=C(c3ccc(C[n+]4cccc(C(=O)N(C)C)c4)cc3)C[C@H]12,=,0.05,,Susceptibility,,Renal dipeptidase,single protein format
CHEMBL69181,C[C@H](O)[C@H]1C(=O)N2C(C(=O)O)=C(c3ccc(CN)cc3)C[C@H]12,=,0.02,,Susceptibility,,Renal dipeptidase,single protein format
CHEMBL286644,COC(=O)c1csc2sc(SC3=C(C(=O)[O-])N4C(=O)[C@H]([C@@H](C)O)[C@H]4[C@H]3C)nc12.[Na+],=,0.3,,Susceptibility,,Renal dipeptidase,tissue-based format
CHEMBL282641,C[C@@H](O)[C@H]1C(=O)N2C(C(=O)[O-])=C(Sc3ncc4ccccc4n3)[C@H](C)[C@H]12.[Na+],=,0.3,,Susceptibility,,Renal dipeptidase,tissue-based format
CHEMBL314329,C[C@@H](O)[C@H]1C(=O)N2C(C(=O)[O-])=C(Sc3nc(-c4ccc5cc[n+](C)cc5c4)cs3)[C@H](C)[C@H]12,=,0.2,hr,TIME,,Renal dipeptidase,single protein format
CHEMBL71341,C[C@@H](O)[C@H]1C(=O)N2C(C(=O)[O-])=C(c3ccc(C[n+]4ccccc4N)cc3)C[C@H]12,=,0.11,,Susceptibility,,Renal dipeptidase,single protein format
CHEMBL44413,CCN(CC)C(=S)SC1=C(C(=O)O)N2C(=O)[C@H]([C@@H](C)O)[C@H]2[C@H]1C,=,2.51,,DHP-I susceptibility,,Renal dipeptidase,assay format
CHEMBL289481,C=CCN(CCCO)C(=S)SC1=C(C(=O)O)N2C(=O)[C@H]([C@@H](C)O)[C@H]2[C@H]1C,=,1.39,,DHP-I susceptibility,,Renal dipeptidase,assay format
CHEMBL3559617,C[C@@H](O)[C@H]1C(=O)N2C(C(=O)[O-])=C(SC(=S)N3CC[N+](C)(Cc4ccccc4)CC3)[C@H](C)[C@H]12,=,0.15,,DHP-I susceptibility,,Renal dipeptidase,assay format
CHEMBL3559617,C[C@@H](O)[C@H]1C(=O)N2C(C(=O)[O-])=C(SC(=S)N3CC[N+](C)(Cc4ccccc4)CC3)[C@H](C)[C@H]12,=,0.15,,DHP-I susceptibility,,Renal dipeptidase,assay format
CHEMBL3559618,C[C@@H](O)[C@H]1C(=O)N2C(C(=O)[O-])=C(SC(=S)N3CC[N+](C)(C)CC3)[C@H](C)[C@H]12,=,0.11,,DHP-I susceptibility,,Renal dipeptidase,assay format
CHEMBL43845,C[C@@H](O)[C@H]1C(=O)N2C(C(=O)O)=C(SC(=S)N3CCCCC3)[C@H](C)[C@H]12,=,3.1,,DHP-I susceptibility,,Renal dipeptidase,assay format
CHEMBL42484,C[C@@H](O)[C@H]1C(=O)N2C(C(=O)O)=C(SC(=S)N3CCCCCC3)[C@H](C)[C@H]12,=,3.09,,DHP-I susceptibility,,Renal dipeptidase,assay format
CHEMBL296191,C[C@@H](O)[C@H]1C(=O)N2C(C(=O)O)=C(SC(=S)N3CCCC(O)CC3)[C@H](C)[C@H]12,=,2.88,,DHP-I susceptibility,,Renal dipeptidase,assay format
CHEMBL296191,C[C@@H](O)[C@H]1C(=O)N2C(C(=O)O)=C(SC(=S)N3CCCC(O)CC3)[C@H](C)[C@H]12,=,2.88,,DHP-I susceptibility,,Renal dipeptidase,assay format
CHEMBL43211,C[C@@H](O)[C@H]1C(=O)N2C(C(=O)O)=C(SC(=O)N3CCCC3)[C@H](C)[C@H]12,=,0.65,,DHP-I susceptibility,,Renal dipeptidase,assay format
CHEMBL40369,C[C@@H](O)[C@H]1C(=O)N2C(C(=O)O)=C(SC(=S)N(C)C)[C@H](C)[C@H]12,=,2.12,,DHP-I susceptibility,,Renal dipeptidase,assay format
CHEMBL40369,C[C@@H](O)[C@H]1C(=O)N2C(C(=O)O)=C(SC(=S)N(C)C)[C@H](C)[C@H]12,=,2.12,,DHP-I susceptibility,,Renal dipeptidase,assay format
CHEMBL42746,C[C@@H](O)[C@H]1C(=O)N2C(C(=O)O)=C(SC(=S)N3CC(O)C3)[C@H](C)[C@H]12,=,2.32,,DHP-I susceptibility,,Renal dipeptidase,assay format
CHEMBL44251,CCCN(C)C(=S)SC1=C(C(=O)O)N2C(=O)[C@H]([C@@H](C)O)[C@H]2[C@H]1C,=,2.71,,DHP-I susceptibility,,Renal dipeptidase,assay format
CHEMBL295753,C[C@@H](O)[C@H]1C(=O)N2C(C(=O)O)=C(SC(=S)N(C)c3ccccc3)[C@H](C)[C@H]12,=,2.29,,DHP-I susceptibility,,Renal dipeptidase,assay format
CHEMBL43551,C[C@@H](O)[C@H]1C(=O)N2C(C(=O)O)=C(SC(=S)N(C)Cc3ccccc3)[C@H](C)[C@H]12,=,1.94,,DHP-I susceptibility,,Renal dipeptidase,assay format
CHEMBL43914,CCN(CCO)C(=S)SC1=C(C(=O)O)N2C(=O)[C@H]([C@@H](C)O)[C@H]2[C@H]1C,=,2.38,,DHP-I susceptibility,,Renal dipeptidase,assay format
CHEMBL42834,C[C@@H](O)[C@H]1C(=O)N2C(C(=O)O)=C(SC(=S)N3CCCC3)C[C@H]12,=,11.7,,DHP-I susceptibility,,Renal dipeptidase,assay format
CHEMBL433826,C[C@@H](O)[C@H]1C(=O)N2C(C(=O)O)=C(SC(=S)N3CCCC3)[C@H](C)[C@H]12,=,3.18,,DHP-I susceptibility,,Renal dipeptidase,assay format
CHEMBL433826,C[C@@H](O)[C@H]1C(=O)N2C(C(=O)O)=C(SC(=S)N3CCCC3)[C@H](C)[C@H]12,=,3.18,,DHP-I susceptibility,,Renal dipeptidase,assay format
CHEMBL297144,C[C@@H](O)[C@H]1C(=O)N2C(C(=O)O)=C(SC(=S)N3CCC(O)C3)[C@H](C)[C@H]12,=,2.21,,DHP-I susceptibility,,Renal dipeptidase,assay format
CHEMBL291151,C[C@@H](O)[C@H]1C(=O)N2C(C(=O)O)=C(SC(=S)N(C)Cc3cccc4ccccc34)[C@H](C)[C@H]12,=,4.41,,DHP-I susceptibility,,Renal dipeptidase,assay format
CHEMBL291151,C[C@@H](O)[C@H]1C(=O)N2C(C(=O)O)=C(SC(=S)N(C)Cc3cccc4ccccc34)[C@H](C)[C@H]12,=,4.41,,DHP-I susceptibility,,Renal dipeptidase,assay format
CHEMBL41734,C[C@@H](O)[C@H]1C(=O)N2C(C(=O)O)=C(SC(=S)N3CCN(C)CC3)[C@H](C)[C@H]12,=,1.53,,DHP-I susceptibility,,Renal dipeptidase,assay format
CHEMBL416248,C[C@@H](O)[C@H]1C(=O)N2C(C(=O)O)=C(SC(=S)N(C)CCO)[C@H](C)[C@H]12,=,1.36,,DHP-I susceptibility,,Renal dipeptidase,assay format
CHEMBL416248,C[C@@H](O)[C@H]1C(=O)N2C(C(=O)O)=C(SC(=S)N(C)CCO)[C@H](C)[C@H]12,=,1.33,,DHP-I susceptibility,,Renal dipeptidase,assay format
CHEMBL289874,C[C@@H](O)[C@H]1C(=O)N2C(C(=O)O)=C(SC(=S)N3CCC3)[C@H](C)[C@H]12,=,3.03,,DHP-I susceptibility,,Renal dipeptidase,assay format
CHEMBL298455,C[C@@H](O)[C@H]1C(=O)N2C(C(=O)O)=C(SC(=S)N3CCC(O)CC3)[C@H](C)[C@H]12,=,2.23,,DHP-I susceptibility,,Renal dipeptidase,assay format
CHEMBL148,C[C@@H](O)[C@H]1C(=O)N2C(C(=O)O)=C(SCCNC=N)C[C@H]12,=,1.0,,DHP-I susceptibility,,Renal dipeptidase,assay format
CHEMBL295201,CCN(C)C(=S)SC1=C(C(=O)O)N2C(=O)[C@H]([C@@H](C)O)[C@H]2[C@H]1C,=,2.26,,DHP-I susceptibility,,Renal dipeptidase,assay format
CHEMBL42083,C[C@@H](O)[C@H]1C(=O)N2C(C(=O)O)=C(SC(=S)N(C)c3cccs3)[C@H](C)[C@H]12,=,2.05,,DHP-I susceptibility,,Renal dipeptidase,assay format
CHEMBL323715,C[C@H]1C([C@H](O)C(C)(C)C)=C(C(=O)[O-])N2C(=O)[C@H]([C@@H](C)O)C12.[Na+],,,,Activity,,Renal dipeptidase,assay format
CHEMBL423878,C[C@H]1C([C@H](O)C2CC2)=C(C(=O)[O-])N2C(=O)[C@H]([C@@H](C)O)C12.[Na+],=,38.0,,Activity,,Renal dipeptidase,assay format
CHEMBL323848,C[C@H]1C([C@@H](O)C2CC2)=C(C(=O)[O-])N2C(=O)[C@H]([C@@H](C)O)C12.[Na+],,,,Activity,,Renal dipeptidase,assay format
CHEMBL295691,CO[C@H]1CCC[C@H]2C1=C(C(=O)[O-])N1C(=O)[C@H]([C@@H](C)O)[C@@H]21.[Na+],=,20.0,,Activity,,Renal dipeptidase,assay format
CHEMBL326634,CC[C@@H](O)C1=C(C(=O)[O-])N2C(=O)[C@H]([C@@H](C)O)C2[C@H]1C.[Na+],,,,Activity,,Renal dipeptidase,assay format
CHEMBL331352,CC(C)[C@@H](O)C1=C(C(=O)[O-])N2C(=O)[C@H]([C@@H](C)O)C2[C@H]1C.[Na+],=,21.0,,Activity,,Renal dipeptidase,assay format
CHEMBL112326,C[C@H]1C([C@H](O)C2CCCC2)=C(C(=O)[O-])N2C(=O)[C@H]([C@@H](C)O)C12.[Na+],,,,Activity,,Renal dipeptidase,assay format
CHEMBL127,C[C@@H](O)[C@H]1C(=O)N2C(C(=O)O)=C(S[C@@H]3CN[C@H](C(=O)N(C)C)C3)[C@H](C)[C@H]12,=,32.0,,Activity,,Renal dipeptidase,assay format
CHEMBL415710,CC(C)[C@H](O)C1=C(C(=O)[O-])N2C(=O)[C@H]([C@@H](C)O)C2[C@H]1C.[Na+],,,,Activity,,Renal dipeptidase,assay format
CHEMBL327052,CCC(C)[C@@H](O)C1=C(C(=O)[O-])N2C(=O)[C@H]([C@@H](C)O)C2[C@H]1C.[Na+],,,,Activity,,Renal dipeptidase,assay format
CHEMBL115202,CC[C@H](O)C1=C(C(=O)[O-])N2C(=O)[C@H]([C@@H](C)O)C2[C@H]1C.[Na+],,,,Activity,,Renal dipeptidase,assay format
