molecule_chembl_id,canonical_smiles,standard_relation,standard_value,standard_units,standard_type,pchembl_value,target_pref_name,bao_label
CHEMBL212163,O=C([O-])C1=CS[C@@H]2/C(=C/c3cn4c(n3)COCC4)C(=O)N12.[Na+],=,8.0,nM,IC50,8.10,Imipenem-hydrolyzing beta-lactamase,single protein format
CHEMBL379440,O=C([O-])C1=CS[C@@H]2/C(=C/c3cn4c(n3)CNCC4)C(=O)N12.[Na+],=,28.0,nM,IC50,7.55,Imipenem-hydrolyzing beta-lactamase,single protein format
CHEMBL404,C[C@]1(Cn2ccnn2)[C@H](C(=O)O)N2C(=O)C[C@H]2S1(=O)=O,,,,IC50,,Imipenem-hydrolyzing beta-lactamase,single protein format
CHEMBL211889,O=C([O-])C1=CS[C@@H]2/C(=C/c3cn4c(n3)CSCC4)C(=O)N12.[Na+],>,10000.0,nM,IC50,,Imipenem-hydrolyzing beta-lactamase,single protein format
CHEMBL377001,O=C([O-])C1=CS[C@@H]2/C(=C\c3cc4n(n3)CCCO4)C(=O)N12.[Na+],=,413.0,nM,IC50,6.38,Imipenem-hydrolyzing beta-lactamase,single protein format
CHEMBL379856,O=C([O-])C1=CS[C@@H]2/C(=C\c3cc4n(n3)CCNC4)C(=O)N12.[Na+],=,123.0,nM,IC50,6.91,Imipenem-hydrolyzing beta-lactamase,single protein format
CHEMBL377382,O=C([O-])C1=CS[C@@H]2/C(=C\c3cc4n(n3)CCOC4)C(=O)N12.[Na+],=,20.0,nM,IC50,7.70,Imipenem-hydrolyzing beta-lactamase,single protein format
CHEMBL378119,O=C([O-])C1=CS[C@@H]2/C(=C\c3cc4n(n3)CCS(=O)(=O)C4)C(=O)N12.[Na+],=,56.0,nM,IC50,7.25,Imipenem-hydrolyzing beta-lactamase,single protein format
CHEMBL212760,O=C([O-])C1=CS[C@@H]2/C(=C\c3cc4n(n3)CCSC4)C(=O)N12.[Na+],=,18.0,nM,IC50,7.75,Imipenem-hydrolyzing beta-lactamase,single protein format
CHEMBL385593,O=C([O-])C1=CS[C@@H]2/C(=C\c3cc4n(n3)CCCC4)C(=O)N12.[Na+],=,90.0,nM,IC50,7.05,Imipenem-hydrolyzing beta-lactamase,single protein format
CHEMBL212478,CN1CCn2cc(/C=C3/C(=O)N4C(C(=O)[O-])=CS[C@H]34)nc2C1.[Na+],=,22.0,nM,IC50,7.66,Imipenem-hydrolyzing beta-lactamase,single protein format
CHEMBL380061,O=C([O-])C1=CS[C@@H]2/C(=C\c3cc4c(s3)CCN(c3cc5c(s3)CCOC5)C4)C(=O)N12.[Na+],=,9.0,nM,IC50,8.05,Imipenem-hydrolyzing beta-lactamase,single protein format
CHEMBL425963,O=C([O-])C1=CS[C@@H]2/C(=C\c3cn4c(n3)CSCC4)C(=O)N12.[Na+],=,2300.0,nM,IC50,5.64,Imipenem-hydrolyzing beta-lactamase,single protein format
CHEMBL211143,O=C([O-])C1=CS[C@@H]2/C(=C\c3cc4c(s3)CCN(Cc3cccnc3)C4)C(=O)N12.[Na+],=,40.0,nM,IC50,7.40,Imipenem-hydrolyzing beta-lactamase,single protein format
CHEMBL378041,COc1ccc(CN2CCc3sc(/C=C4/C(=O)N5C(C(=O)[O-])=CS[C@H]45)cc3C2)cc1.[Na+],=,27.0,nM,IC50,7.57,Imipenem-hydrolyzing beta-lactamase,single protein format
CHEMBL214385,C[C@H](NC(=O)Cc1ccccc1)C(=O)N1O[C@H](C(=O)O)C[C@@H]1C(=O)O,,,,Inhibition,,Imipenem-hydrolyzing beta-lactamase,single protein format
CHEMBL509901,CCOC(=O)CC(N)(CC(=O)OCC)C(=O)OCC,=,60.0,%,Inhibition,,Imipenem-hydrolyzing beta-lactamase,single protein format
CHEMBL511057,Cl.NC(CC(=O)O)(CC(=O)O)C(=O)O,=,94.0,%,Inhibition,,Imipenem-hydrolyzing beta-lactamase,single protein format
CHEMBL509901,CCOC(=O)CC(N)(CC(=O)OCC)C(=O)OCC,=,60.0,%,Inhibition,,Imipenem-hydrolyzing beta-lactamase,single protein format
CHEMBL551694,COC(=O)C(N)(CC(=O)OCc1ccccc1)CC(=O)OCc1ccccc1,=,63.0,%,Inhibition,,Imipenem-hydrolyzing beta-lactamase,single protein format
CHEMBL562155,COC(=O)C(CC(=O)O)(CC(=O)O)NC(=O)COc1ccccc1,=,66.0,%,Inhibition,,Imipenem-hydrolyzing beta-lactamase,single protein format
CHEMBL562216,O=C(O)CC(CC(=O)O)(NC(=O)COc1ccccc1)C(=O)O,=,96.0,%,Inhibition,,Imipenem-hydrolyzing beta-lactamase,single protein format
CHEMBL511057,Cl.NC(CC(=O)O)(CC(=O)O)C(=O)O,=,94.0,%,Inhibition,,Imipenem-hydrolyzing beta-lactamase,single protein format
CHEMBL541497,COC(=O)C(N)(CC(=O)O)CC(=O)O.Cl,=,94.0,%,Inhibition,,Imipenem-hydrolyzing beta-lactamase,single protein format
CHEMBL562158,COC(=O)CC(N)(CC(=O)OC)C(=O)O.Cl,=,95.0,%,Inhibition,,Imipenem-hydrolyzing beta-lactamase,single protein format
CHEMBL559429,CCOC(=O)CCC1(C(=O)OCC)CCC(=O)N1,=,100.0,%,Inhibition,,Imipenem-hydrolyzing beta-lactamase,single protein format
CHEMBL558874,CCOC(=O)C1CC(=O)NC1C(=O)OCC,=,100.0,%,Inhibition,,Imipenem-hydrolyzing beta-lactamase,single protein format
CHEMBL541429,Cl.NC(C(=O)O)C(CC(=O)O)C(=O)O,=,100.0,%,Inhibition,,Imipenem-hydrolyzing beta-lactamase,single protein format
CHEMBL562216,O=C(O)CC(CC(=O)O)(NC(=O)COc1ccccc1)C(=O)O,=,85.0,%,Inhibition,,Imipenem-hydrolyzing beta-lactamase,single protein format
CHEMBL541497,COC(=O)C(N)(CC(=O)O)CC(=O)O.Cl,=,96.0,%,Inhibition,,Imipenem-hydrolyzing beta-lactamase,single protein format
CHEMBL562158,COC(=O)CC(N)(CC(=O)OC)C(=O)O.Cl,=,99.0,%,Inhibition,,Imipenem-hydrolyzing beta-lactamase,single protein format
CHEMBL559429,CCOC(=O)CCC1(C(=O)OCC)CCC(=O)N1,=,100.0,%,Inhibition,,Imipenem-hydrolyzing beta-lactamase,single protein format
CHEMBL558874,CCOC(=O)C1CC(=O)NC1C(=O)OCC,=,93.0,%,Inhibition,,Imipenem-hydrolyzing beta-lactamase,single protein format
CHEMBL541429,Cl.NC(C(=O)O)C(CC(=O)O)C(=O)O,=,86.0,%,Inhibition,,Imipenem-hydrolyzing beta-lactamase,single protein format
CHEMBL480517,O=C(Cc1cccs1)N[C@@H]1C(=O)N2C(C(=O)O)=C(/C=C/c3ccc([N+](=O)[O-])cc3[N+](=O)[O-])CS[C@H]12,=,130.0,/s,Kcat,,Imipenem-hydrolyzing beta-lactamase,single protein format
CHEMBL480517,O=C(Cc1cccs1)N[C@@H]1C(=O)N2C(C(=O)O)=C(/C=C/c3ccc([N+](=O)[O-])cc3[N+](=O)[O-])CS[C@H]12,=,40000.0,nM,Km,,Imipenem-hydrolyzing beta-lactamase,single protein format
CHEMBL480517,O=C(Cc1cccs1)N[C@@H]1C(=O)N2C(C(=O)O)=C(/C=C/c3ccc([N+](=O)[O-])cc3[N+](=O)[O-])CS[C@H]12,=,3.5,10'6/M/s,Ratio,,Imipenem-hydrolyzing beta-lactamase,single protein format
CHEMBL561555,COC(=O)CC(N)(CC(=O)OC)C(=O)OCc1ccccc1,,,,Inhibition,,Imipenem-hydrolyzing beta-lactamase,single protein format
CHEMBL561821,NC(CC(=O)OCc1ccccc1)(CC(=O)OCc1ccccc1)C(=O)OCc1ccccc1,,,,Inhibition,,Imipenem-hydrolyzing beta-lactamase,single protein format
CHEMBL561896,COC(=O)CC(CC(=O)OC)(NC(=O)Cc1ccccc1)C(=O)OC,,,,Inhibition,,Imipenem-hydrolyzing beta-lactamase,single protein format
CHEMBL563044,COC(=O)C(CC(=O)OCc1ccccc1)(CC(=O)OCc1ccccc1)NC(=O)COc1ccccc1,,,,Inhibition,,Imipenem-hydrolyzing beta-lactamase,single protein format
CHEMBL553476,O=C(COc1ccccc1)NC(CC(=O)OCc1ccccc1)(CC(=O)OCc1ccccc1)C(=O)OCc1ccccc1,,,,Inhibition,,Imipenem-hydrolyzing beta-lactamase,single protein format
CHEMBL509901,CCOC(=O)CC(N)(CC(=O)OCC)C(=O)OCC,,,,Inhibition,,Imipenem-hydrolyzing beta-lactamase,single protein format
CHEMBL551694,COC(=O)C(N)(CC(=O)OCc1ccccc1)CC(=O)OCc1ccccc1,,,,Inhibition,,Imipenem-hydrolyzing beta-lactamase,single protein format
CHEMBL562155,COC(=O)C(CC(=O)O)(CC(=O)O)NC(=O)COc1ccccc1,,,,Inhibition,,Imipenem-hydrolyzing beta-lactamase,single protein format
CHEMBL511057,Cl.NC(CC(=O)O)(CC(=O)O)C(=O)O,,,,Inhibition,,Imipenem-hydrolyzing beta-lactamase,single protein format
