molecule_chembl_id,canonical_smiles,standard_relation,standard_value,standard_units,standard_type,pchembl_value,target_pref_name,bao_label
CHEMBL562155,COC(=O)C(CC(=O)O)(CC(=O)O)NC(=O)COc1ccccc1,=,100.0,%,Inhibition,,Beta-lactamase VIM-4,single protein format
CHEMBL562216,O=C(O)CC(CC(=O)O)(NC(=O)COc1ccccc1)C(=O)O,=,100.0,%,Inhibition,,Beta-lactamase VIM-4,single protein format
CHEMBL511057,Cl.NC(CC(=O)O)(CC(=O)O)C(=O)O,=,100.0,%,Inhibition,,Beta-lactamase VIM-4,single protein format
CHEMBL541497,COC(=O)C(N)(CC(=O)O)CC(=O)O.Cl,=,100.0,%,Inhibition,,Beta-lactamase VIM-4,single protein format
CHEMBL562158,COC(=O)CC(N)(CC(=O)OC)C(=O)O.Cl,=,100.0,%,Inhibition,,Beta-lactamase VIM-4,single protein format
CHEMBL559429,CCOC(=O)CCC1(C(=O)OCC)CCC(=O)N1,=,96.0,%,Inhibition,,Beta-lactamase VIM-4,single protein format
CHEMBL558874,CCOC(=O)C1CC(=O)NC1C(=O)OCC,=,94.0,%,Inhibition,,Beta-lactamase VIM-4,single protein format
CHEMBL541429,Cl.NC(C(=O)O)C(CC(=O)O)C(=O)O,=,94.0,%,Inhibition,,Beta-lactamase VIM-4,single protein format
CHEMBL480517,O=C(Cc1cccs1)N[C@@H]1C(=O)N2C(C(=O)O)=C(/C=C/c3ccc([N+](=O)[O-])cc3[N+](=O)[O-])CS[C@H]12,=,40.0,/s,Kcat,,Beta-lactamase VIM-4,single protein format
CHEMBL480517,O=C(Cc1cccs1)N[C@@H]1C(=O)N2C(C(=O)O)=C(/C=C/c3ccc([N+](=O)[O-])cc3[N+](=O)[O-])CS[C@H]12,=,10000.0,nM,Km,,Beta-lactamase VIM-4,single protein format
CHEMBL480517,O=C(Cc1cccs1)N[C@@H]1C(=O)N2C(C(=O)O)=C(/C=C/c3ccc([N+](=O)[O-])cc3[N+](=O)[O-])CS[C@H]12,=,4.0,10'6/M/s,Ratio,,Beta-lactamase VIM-4,single protein format
CHEMBL509901,CCOC(=O)CC(N)(CC(=O)OCC)C(=O)OCC,,,,Inhibition,,Beta-lactamase VIM-4,single protein format
CHEMBL551694,COC(=O)C(N)(CC(=O)OCc1ccccc1)CC(=O)OCc1ccccc1,,,,Inhibition,,Beta-lactamase VIM-4,single protein format
CHEMBL561555,COC(=O)CC(N)(CC(=O)OC)C(=O)OCc1ccccc1,,,,Inhibition,,Beta-lactamase VIM-4,single protein format
CHEMBL561821,NC(CC(=O)OCc1ccccc1)(CC(=O)OCc1ccccc1)C(=O)OCc1ccccc1,,,,Inhibition,,Beta-lactamase VIM-4,single protein format
CHEMBL561896,COC(=O)CC(CC(=O)OC)(NC(=O)Cc1ccccc1)C(=O)OC,,,,Inhibition,,Beta-lactamase VIM-4,single protein format
CHEMBL563044,COC(=O)C(CC(=O)OCc1ccccc1)(CC(=O)OCc1ccccc1)NC(=O)COc1ccccc1,,,,Inhibition,,Beta-lactamase VIM-4,single protein format
CHEMBL553476,O=C(COc1ccccc1)NC(CC(=O)OCc1ccccc1)(CC(=O)OCc1ccccc1)C(=O)OCc1ccccc1,,,,Inhibition,,Beta-lactamase VIM-4,single protein format
