molecule_chembl_id,canonical_smiles,standard_relation,standard_value,standard_units,standard_type,pchembl_value,target_pref_name,bao_label
CHEMBL263746,O=C([O-])C1=CS[C@@H]2/C(=C\c3cnc4n3CCOC4)C(=O)N12.[Na+],=,0.4,nM,IC50,9.40,Beta-lactamase TEM,single protein format
CHEMBL331090,O=C([O-])C1=CS[C@@H]2/C(=C\c3cnc4n3CCNC4)C(=O)N12.[Na+],=,5.0,nM,IC50,8.30,Beta-lactamase TEM,single protein format
CHEMBL124416,O=C([O-])C1=CS[C@@H]2/C(=C\c3cc4n(n3)CCC4)C(=O)N12.[Na+],=,1.0,nM,IC50,9.00,Beta-lactamase TEM,single protein format
CHEMBL404,C[C@]1(Cn2ccnn2)[C@H](C(=O)O)N2C(=O)C[C@H]2S1(=O)=O,=,100.0,nM,IC50,7.00,Beta-lactamase TEM,single protein format
CHEMBL122450,O=C([O-])C1=CS[C@@H]2/C(=C\c3cn4c5c(sc4n3)CCC5)C(=O)N12.[Na+],=,1.0,nM,IC50,9.00,Beta-lactamase TEM,single protein format
CHEMBL173793,Cn1nnnc1SCC1=C(C(=O)O)N2C(=O)C(NC(=O)C(O)c3ccccc3)C2SC1,=,55.0,,Relative hydrolysis rate,,Beta-lactamase TEM,single protein format
CHEMBL1727,CC1=C(C(=O)O)N2C(=O)[C@@H](NC(=O)[C@H](N)c3ccccc3)[C@H]2SC1,=,0.75,,Relative hydrolysis rate,,Beta-lactamase TEM,single protein format
CHEMBL21123,O=C(O)c1ccc(CCB(O)O)cc1,=,49000.0,nM,Ki,4.31,Beta-lactamase TEM,single protein format
CHEMBL1439,C[C@]1(Cn2ccnn2)[C@H](C(=O)[O-])N2C(=O)C[C@H]2S1(=O)=O.[Na+],=,122.0,nM,IC50,6.91,Beta-lactamase TEM,single protein format
CHEMBL1439,C[C@]1(Cn2ccnn2)[C@H](C(=O)[O-])N2C(=O)C[C@H]2S1(=O)=O.[Na+],=,1.0,ug.mL-1,MIC,,Beta-lactamase TEM,single protein format
CHEMBL25644,CC1(C)S[C@@H]2[C@H](CS)C(=O)N2[C@H]1C(=O)O,=,601000.0,nM,IC50,,Beta-lactamase TEM,single protein format
CHEMBL25644,CC1(C)S[C@@H]2[C@H](CS)C(=O)N2[C@H]1C(=O)O,>,128.0,ug.mL-1,MIC,,Beta-lactamase TEM,single protein format
CHEMBL20434,OB(O)CCc1cccc2ccccc12,=,101000.0,nM,Ki,,Beta-lactamase TEM,single protein format
CHEMBL24275,CC1(C)S[C@@H]2[C@@H](S)C(=O)N2[C@H]1C(=O)O,=,988000.0,nM,IC50,,Beta-lactamase TEM,single protein format
CHEMBL24275,CC1(C)S[C@@H]2[C@@H](S)C(=O)N2[C@H]1C(=O)O,>,128.0,ug.mL-1,MIC,,Beta-lactamase TEM,single protein format
CHEMBL353657,Cn1nnnc1SCC1=C(C(=O)O)N2C(=O)C(NC(=O)Cc3csc(N)n3)C2SC1,=,17.0,,Relative hydrolysis rate,,Beta-lactamase TEM,single protein format
CHEMBL86191,Cn1nnnc1SCC1=C(C(=O)O)N2C(=O)C(NC(=O)C(C(=O)O)c3ccc(O)cc3)C2OC1,=,19.0,,Relative hydrolysis rate,,Beta-lactamase TEM,single protein format
CHEMBL366826,CC1=C(C(=O)O)N2C(=O)C(NC(=O)CSC(F)(F)F)C2SC1,=,1.5,,Relative hydrolysis rate,,Beta-lactamase TEM,single protein format
CHEMBL172840,Cc1nnc(SCC2=C(C(=O)O)N3C(=O)C(NC(=O)Cn4cnnn4)C3SC2)s1,=,20.0,,Relative hydrolysis rate,,Beta-lactamase TEM,single protein format
CHEMBL53624,Nc1nc(/C(=N/O)C(=O)N[C@@H]2C(=O)N3C(C(=O)O)=C(/C=C4\CCN(CC(F)(F)F)C4=O)CS[C@H]23)cs1,=,14.0,M min-1 (M of enzyme)-1,Activity,,Beta-lactamase TEM,single protein format
CHEMBL53624,Nc1nc(/C(=N/O)C(=O)N[C@@H]2C(=O)N3C(C(=O)O)=C(/C=C4\CCN(CC(F)(F)F)C4=O)CS[C@H]23)cs1,=,305.0,M min-1 (M of enzyme)-1,Activity,,Beta-lactamase TEM,single protein format
CHEMBL24878,CC1(C)[C@H](C(=O)O)N2C(=O)[C@H](CO)[C@H]2S1(=O)=O,=,14600.0,nM,IC50,4.84,Beta-lactamase TEM,single protein format
CHEMBL24878,CC1(C)[C@H](C(=O)O)N2C(=O)[C@H](CO)[C@H]2S1(=O)=O,=,8.0,ug.mL-1,MIC,,Beta-lactamase TEM,single protein format
CHEMBL172667,Cn1nnnc1SCC1=C(C(=O)O)N2C(=O)C(NC(=O)/C(=N\O)c3ccc(NS(C)(=O)=O)cc3)C2OC1,=,290.0,,Relative hydrolysis rate,,Beta-lactamase TEM,single protein format
CHEMBL609694,CC(=O)OCC1=C(C(=O)O)N2C(=O)[C@@H](NC(=O)[C@@H](Cc3ccccc3)NNC(=O)OCc3ccccc3[N+](=O)[O-])C2SC1,=,7.4,s-1,k cat,,Beta-lactamase TEM,single protein format
CHEMBL609694,CC(=O)OCC1=C(C(=O)O)N2C(=O)[C@@H](NC(=O)[C@@H](Cc3ccccc3)NNC(=O)OCc3ccccc3[N+](=O)[O-])C2SC1,=,80000.0,nM,Km,,Beta-lactamase TEM,single protein format
CHEMBL609694,CC(=O)OCC1=C(C(=O)O)N2C(=O)[C@@H](NC(=O)[C@@H](Cc3ccccc3)NNC(=O)OCc3ccccc3[N+](=O)[O-])C2SC1,=,93000.0,M-1 s-1,k cat/Km,,Beta-lactamase TEM,single protein format
CHEMBL277857,CC1(C)S[C@@H]2[C@@H](CO)C(=O)N2[C@H]1C(=O)O,=,275000.0,nM,IC50,,Beta-lactamase TEM,single protein format
CHEMBL277857,CC1(C)S[C@@H]2[C@@H](CO)C(=O)N2[C@H]1C(=O)O,>,128.0,ug.mL-1,MIC,,Beta-lactamase TEM,single protein format
CHEMBL26275,CC1(C)[C@H](C(=O)O)N2C(=O)[C@H](S)[C@H]2S1(=O)=O,=,69200.0,nM,IC50,4.16,Beta-lactamase TEM,single protein format
CHEMBL26275,CC1(C)[C@H](C(=O)O)N2C(=O)[C@H](S)[C@H]2S1(=O)=O,>,128.0,ug.mL-1,MIC,,Beta-lactamase TEM,single protein format
CHEMBL368400,Cn1nnnc1SCC1=C(C(=O)O)N2C(=O)C(NC(=O)Cc3ccc(O)cc3)C2OC1,=,560.0,,Relative hydrolysis rate,,Beta-lactamase TEM,single protein format
CHEMBL176909,CCN1CCN(C(=O)NC(C(=O)NC2C(=O)N3C(C(=O)O)=C(CSc4nnnn4C)COC23)c2ccc(OC(N)=O)cc2)C(=O)C1=O,=,110.0,,Relative hydrolysis rate,,Beta-lactamase TEM,single protein format
CHEMBL281606,Cc1cccc(CCB(O)O)c1,=,83000.0,nM,Ki,4.08,Beta-lactamase TEM,single protein format
CHEMBL20726,OB(O)c1ccc(Cl)cc1Cl,=,94000.0,nM,Ki,4.03,Beta-lactamase TEM,single protein format
CHEMBL368062,Cn1nnnc1SCC1=C(C(=O)O)N2C(=O)C(NC(=O)C(O)c3ccccc3)C2OC1,=,370.0,,Relative hydrolysis rate,,Beta-lactamase TEM,single protein format
CHEMBL176460,Cn1nnnc1SCC1=C(C(=O)O)N2C(=O)C(NC(=O)Cc3ccc(O)cc3)C2SC1,=,39.0,,Relative hydrolysis rate,,Beta-lactamase TEM,single protein format
CHEMBL312728,Cn1nnnc1SCC1=C(C(=O)O)N2C(=O)C(NC(=O)C(C(=O)O)c3ccc(O)cc3)C2SC1,=,0.96,,Relative hydrolysis rate,,Beta-lactamase TEM,single protein format
CHEMBL277225,CC1(C)S[C@@H]2[C@@H](CS)C(=O)N2[C@H]1C(=O)O,=,648000.0,nM,IC50,,Beta-lactamase TEM,single protein format
CHEMBL277225,CC1(C)S[C@@H]2[C@@H](CS)C(=O)N2[C@H]1C(=O)O,>,128.0,ug.mL-1,MIC,,Beta-lactamase TEM,single protein format
CHEMBL24235,CC1(C)[C@H](C(=O)O)N2C(=O)[C@H](CS)[C@H]2S1(=O)=O,=,51700.0,nM,IC50,4.29,Beta-lactamase TEM,single protein format
CHEMBL24235,CC1(C)[C@H](C(=O)O)N2C(=O)[C@H](CS)[C@H]2S1(=O)=O,=,32.0,ug.mL-1,MIC,,Beta-lactamase TEM,single protein format
CHEMBL173839,Cc1nnc(SCC2=C(C(=O)O)N3C(=O)C(NC(=O)Cn4cnnn4)C3OC2)s1,=,620.0,,Relative hydrolysis rate,,Beta-lactamase TEM,single protein format
CHEMBL20678,Cc1ccc(CCB(O)O)cc1,=,58000.0,nM,Ki,4.24,Beta-lactamase TEM,single protein format
CHEMBL20776,OB(O)c1ccc(Cl)c(Cl)c1,=,143000.0,nM,Ki,,Beta-lactamase TEM,single protein format
CHEMBL21485,OB(O)c1ccccc1,=,491000.0,nM,Ki,,Beta-lactamase TEM,single protein format
CHEMBL21447,OB(O)CCc1ccc(Cl)cc1,=,41000.0,nM,Ki,4.39,Beta-lactamase TEM,single protein format
CHEMBL278140,OB(O)c1cccc(Br)c1,=,83000.0,nM,Ki,4.08,Beta-lactamase TEM,single protein format
CHEMBL25766,CC1(C)[C@H](C(=O)O)N2C(=O)[C@@H](CS)[C@H]2S1(=O)=O,=,6800.0,nM,IC50,5.17,Beta-lactamase TEM,single protein format
CHEMBL25766,CC1(C)[C@H](C(=O)O)N2C(=O)[C@@H](CS)[C@H]2S1(=O)=O,=,8.0,ug.mL-1,MIC,,Beta-lactamase TEM,single protein format
CHEMBL368005,Cn1nnnc1SCC1=C(C(=O)O)N2C(=O)C(NC(=O)/C(=N\O)c3ccc(NS(C)(=O)=O)cc3)C2SC1,=,34.0,,Relative hydrolysis rate,,Beta-lactamase TEM,single protein format
CHEMBL25613,CC1(C)S[C@@H]2[C@H](CO)C(=O)N2[C@H]1C(=O)O,=,752000.0,nM,IC50,,Beta-lactamase TEM,single protein format
CHEMBL25613,CC1(C)S[C@@H]2[C@H](CO)C(=O)N2[C@H]1C(=O)O,>,128.0,ug.mL-1,MIC,,Beta-lactamase TEM,single protein format
CHEMBL281783,COc1cccc(CCB(O)O)c1,=,50000.0,nM,Ki,4.30,Beta-lactamase TEM,single protein format
CHEMBL20852,Nc1cccc(B(O)O)c1,=,3700000.0,nM,Ki,,Beta-lactamase TEM,single protein format
CHEMBL20866,OB(O)c1ccc(Br)cc1,=,28000.0,nM,Ki,4.55,Beta-lactamase TEM,single protein format
CHEMBL416561,CC1(C)[C@H](C(=O)O)N2C(=O)[C@@H](CO)[C@H]2S1(=O)=O,=,650.0,nM,IC50,6.19,Beta-lactamase TEM,single protein format
CHEMBL416561,CC1(C)[C@H](C(=O)O)N2C(=O)[C@@H](CO)[C@H]2S1(=O)=O,=,1.0,ug.mL-1,MIC,,Beta-lactamase TEM,single protein format
CHEMBL284104,O=C(O)c1cccc(C(=O)O)n1,,,,IC50,,Beta-lactamase TEM,single protein format
CHEMBL20461,OB(O)CCc1ccccc1,=,29800.0,nM,Ki,4.53,Beta-lactamase TEM,single protein format
CHEMBL24351,CC1(C)S[C@@H]2[C@H](S)C(=O)N2[C@H]1C(=O)O,>,1000000.0,nM,IC50,,Beta-lactamase TEM,single protein format
CHEMBL24351,CC1(C)S[C@@H]2[C@H](S)C(=O)N2[C@H]1C(=O)O,>,128.0,ug.mL-1,MIC,,Beta-lactamase TEM,single protein format
CHEMBL175044,Cn1nnnc1SCC1=C(C(=O)O)N2C(=O)C(NC(=O)Cc3csc(N)n3)C2OC1,=,350.0,,Relative hydrolysis rate,,Beta-lactamase TEM,single protein format
CHEMBL176409,CCN1CCN(C(=O)NC(C(=O)NC2C(=O)N3C(C(=O)O)=C(CSc4nnnn4C)CSC23)c2ccc(OC(N)=O)cc2)C(=O)C1=O,=,59.0,,Relative hydrolysis rate,,Beta-lactamase TEM,single protein format
CHEMBL279974,OB(O)CCc1ccccc1Cl,=,106000.0,nM,Ki,,Beta-lactamase TEM,single protein format
CHEMBL174521,CC1=C(C(=O)O)N2C(=O)C(NC(=O)C(N)c3ccccc3)C2OC1,=,12.0,,Relative hydrolysis rate,,Beta-lactamase TEM,single protein format
CHEMBL21427,COc1ccc(B(O)O)cc1,=,670000.0,nM,Ki,,Beta-lactamase TEM,single protein format
CHEMBL21848,OB(O)CCc1ccc2ccccc2c1,=,44000.0,nM,Ki,4.36,Beta-lactamase TEM,single protein format
CHEMBL277057,CC1=C(C(=O)O)N2C(=O)C(NC(=O)CSC(F)(F)F)C2OC1,=,18.0,,Relative hydrolysis rate,,Beta-lactamase TEM,single protein format
CHEMBL21503,Cc1ccccc1CCB(O)O,=,141000.0,nM,Ki,,Beta-lactamase TEM,single protein format
CHEMBL277463,OB(O)CCC1CCCCC1,=,276000.0,nM,Ki,,Beta-lactamase TEM,single protein format
CHEMBL20421,OB(O)c1cccc(-c2ccccc2)c1,=,13900.0,nM,Ki,4.86,Beta-lactamase TEM,single protein format
CHEMBL20945,O=[N+]([O-])c1cccc(B(O)O)c1,=,121000.0,nM,Ki,,Beta-lactamase TEM,single protein format
CHEMBL161,CO/N=C(\C(=O)N[C@@H]1C(=O)N2C(C(=O)O)=C(CSc3nc(=O)c(O)nn3C)CS[C@H]12)c1csc(N)n1,=,79.0,M min-1 (M of enzyme)-1,Activity,,Beta-lactamase TEM,single protein format
CHEMBL161,CO/N=C(\C(=O)N[C@@H]1C(=O)N2C(C(=O)O)=C(CSc3nc(=O)c(O)nn3C)CS[C@H]12)c1csc(N)n1,=,643.0,M min-1 (M of enzyme)-1,Activity,,Beta-lactamase TEM,single protein format
CHEMBL702,CCN1CCN(C(=O)N[C@@H](C(=O)N[C@@H]2C(=O)N3[C@@H](C(=O)O)C(C)(C)S[C@H]23)c2ccccc2)C(=O)C1=O,>,128.0,ug.mL-1,MIC,,Beta-lactamase TEM,single protein format
CHEMBL20560,OB(O)CCc1ccc(C(F)(F)F)cc1,=,43000.0,nM,Ki,4.37,Beta-lactamase TEM,single protein format
CHEMBL279024,OB(O)c1ccc(F)c(Cl)c1,=,152000.0,nM,Ki,,Beta-lactamase TEM,single protein format
CHEMBL177912,C[C@@H](O)[C@H]1C(=O)N2[C@@H](C(=O)[O-])C(C)(C)S(=O)(=O)[C@H]12.[Na+],=,47900.0,nM,IC50,4.32,Beta-lactamase TEM,single protein format
CHEMBL177772,C[C@H](O)[C@H]1C(=O)N2[C@@H](C(=O)[O-])C(C)(C)S(=O)(=O)[C@H]12.[Na+],>,334000.0,nM,IC50,,Beta-lactamase TEM,single protein format
CHEMBL366664,CC(C)[C@H](NC[C@H]1OCC[C@H]1SC1=C(C(=O)O)N2C(=O)[C@H]([C@@H](C)O)C2[C@H]1C)C(=O)O,=,91.0,nM,IC50,7.04,Beta-lactamase TEM,single protein format
CHEMBL24878,CC1(C)[C@H](C(=O)O)N2C(=O)[C@H](CO)[C@H]2S1(=O)=O,=,8000.0,nM,IC50,5.10,Beta-lactamase TEM,single protein format
CHEMBL403,CC1(C)[C@H](C(=O)O)N2C(=O)C[C@H]2S1(=O)=O,=,1400.0,nM,IC50,5.85,Beta-lactamase TEM,single protein format
CHEMBL433312,O=C(O)CC1=CC(NC(=O)Cc2ccccc2)CC1=O,,,,Activity,,Beta-lactamase TEM,single protein format
CHEMBL433312,O=C(O)CC1=CC(NC(=O)Cc2ccccc2)CC1=O,,,,Activity,,Beta-lactamase TEM,single protein format
CHEMBL1439,C[C@]1(Cn2ccnn2)[C@H](C(=O)[O-])N2C(=O)C[C@H]2S1(=O)=O.[Na+],=,60.0,nM,IC50,7.22,Beta-lactamase TEM,single protein format
CHEMBL307806,NC1C=C(CC(=O)O)C(=O)C1.O=C(O)C(F)(F)F,,,,Activity,,Beta-lactamase TEM,single protein format
CHEMBL307806,NC1C=C(CC(=O)O)C(=O)C1.O=C(O)C(F)(F)F,,,,Activity,,Beta-lactamase TEM,single protein format
CHEMBL416561,CC1(C)[C@H](C(=O)O)N2C(=O)[C@@H](CO)[C@H]2S1(=O)=O,=,8.0,nM,IC50,8.10,Beta-lactamase TEM,single protein format
CHEMBL1206880,C[C@@H](O)[C@H]1C(=O)N2C(C(=O)O)=C(S[C@@H]3CCO[C@@H]3CN)[C@H](C)[C@H]12,=,35.0,nM,IC50,7.46,Beta-lactamase TEM,single protein format
CHEMBL177463,CC1(C)S[C@@H]2[C@@H](CO)C(=O)N2[C@H]1C(=O)[O-].[Na+],=,59000.0,nM,IC50,4.23,Beta-lactamase TEM,single protein format
CHEMBL265722,CC1(C)S[C@@H]2[C@H](CO)C(=O)N2[C@H]1C(=O)[O-].[Na+],=,31000.0,nM,IC50,4.51,Beta-lactamase TEM,single protein format
CHEMBL78292,CO/N=C(/C(=O)NC1C=C(CC(=O)O)C(=O)C1)c1csc(N)n1,,,,Activity,,Beta-lactamase TEM,single protein format
CHEMBL78292,CO/N=C(/C(=O)NC1C=C(CC(=O)O)C(=O)C1)c1csc(N)n1,,,,Activity,,Beta-lactamase TEM,single protein format
CHEMBL175189,C[C@H](O)[C@@H]1C(=O)N2[C@@H](C(=O)[O-])C(C)(C)S(=O)(=O)[C@H]12.[Na+],=,204000.0,nM,IC50,,Beta-lactamase TEM,single protein format
CHEMBL3039586,CC(C)(C)[Si](C)(C)O[C@H]1C[C@]12C(=O)N1[C@@H](C(=O)O)C(C)(C)S(=O)(=O)[C@@H]12.CCN1CCN(C(=O)N[C@@H](C(=O)N[C@@H]2C(=O)N3[C@@H](C(=O)O)C(C)(C)S[C@H]23)c2ccccc2)C(=O)C1=O,=,4.0,ug.mL-1,MIC,,Beta-lactamase TEM,single protein format
CHEMBL436129,CCN1CCN(C(=O)N[C@@H](C(=O)N[C@@H]2C(=O)N3[C@@H](C(=O)O)C(C)(C)S[C@H]23)c2ccccc2)C(=O)C1=O.C[C@]1(Cn2ccnn2)[C@H](C(=O)O)N2C(=O)C[C@H]2S1(=O)=O,=,4.0,ug.mL-1,MIC,,Beta-lactamase TEM,single protein format
CHEMBL3039585,CC1(C)[C@H](C(=O)O)N2C(=O)[C@]3(C[C@@H]3OC3CCCCC3)[C@H]2S1(=O)=O.CCN1CCN(C(=O)N[C@@H](C(=O)N[C@@H]2C(=O)N3[C@@H](C(=O)O)C(C)(C)S[C@H]23)c2ccccc2)C(=O)C1=O,=,8.0,ug.mL-1,MIC,,Beta-lactamase TEM,single protein format
CHEMBL302241,Cn1ccnc1SC[C@@]1(C)[C@H](C(=O)O)N2C(=O)C[C@H]2S1(=O)=O,=,0.1,ug.mL-1,IC50,,Beta-lactamase TEM,single protein format
CHEMBL70997,C[C@H](O)[C@H]1C(=O)N2[C@@H](C(=O)O)/C(=C/CO)S[C@H]12,>,100.0,ug.mL-1,MIC,,Beta-lactamase TEM,single protein format
CHEMBL70997,C[C@H](O)[C@H]1C(=O)N2[C@@H](C(=O)O)/C(=C/CO)S[C@H]12,>,100.0,ug.mL-1,MIC,,Beta-lactamase TEM,single protein format
CHEMBL34277,CC(C)CCCCCCCCCCCCCc1cccc(O)c1C(=O)O,=,9700.0,ug.mL-1,IC50,,Beta-lactamase TEM,single protein format
CHEMBL308516,C[C@@]1(CSc2nc3ccccc3s2)S[C@@H]2[C@H](Br)C(=O)N2[C@H]1C(=O)O,=,0.016,ug.mL-1,IC50,,Beta-lactamase TEM,single protein format
CHEMBL30914,CCCCCCCCCCCCCCCCCc1cccc(O)c1C(=O)O,=,1900.0,ug.mL-1,IC50,,Beta-lactamase TEM,single protein format
CHEMBL403,CC1(C)[C@H](C(=O)O)N2C(=O)C[C@H]2S1(=O)=O,=,0.13,ug.mL-1,IC50,,Beta-lactamase TEM,single protein format
CHEMBL455368,C=CC/C=C\C/C=C\CCCCCCCc1cccc(O)c1C(=O)O,=,800.0,ug.mL-1,IC50,,Beta-lactamase TEM,single protein format
CHEMBL72046,C[C@]1(CSC2=NCCS2)[C@H](C(=O)O)N2C(=O)C[C@H]2S1(=O)=O,=,0.008,ug.mL-1,IC50,,Beta-lactamase TEM,single protein format
CHEMBL423309,Cn1cnnc1SC[C@@]1(C)[C@H](C(=O)O)N2C(=O)C[C@H]2S1(=O)=O,=,0.025,ug.mL-1,IC50,,Beta-lactamase TEM,single protein format
CHEMBL33379,CCCCCCCCc1cccc(O)c1C(=O)O,=,52000.0,ug.mL-1,IC50,,Beta-lactamase TEM,single protein format
CHEMBL33202,CCCCCCCCCCc1cccc(O)c1,=,1900.0,ug.mL-1,IC50,,Beta-lactamase TEM,single protein format
CHEMBL174,CC1(C)S[C@@H]2[C@H](NC(=O)[C@H](N)c3ccccc3)C(=O)N2[C@H]1C(=O)O,>,100.0,ug.mL-1,MIC,,Beta-lactamase TEM,single protein format
CHEMBL310221,C[C@@]1(CSC2=NCCS2)S[C@@H]2[C@H](Br)C(=O)N2[C@H]1C(=O)O,=,0.016,ug.mL-1,IC50,,Beta-lactamase TEM,single protein format
CHEMBL73622,CC1(C)S[C@@H]2[C@H](Br)C(=O)N2[C@H]1C(=O)O,=,0.004,ug.mL-1,IC50,,Beta-lactamase TEM,single protein format
CHEMBL416038,CCCCCCCCCCc1cccc(O)c1C(=O)O,=,12000.0,ug.mL-1,IC50,,Beta-lactamase TEM,single protein format
CHEMBL302512,Cn1nnnc1SC[C@@]1(C)[C@H](C(=O)O)N2C(=O)C[C@H]2S1(=O)=O,=,0.006,ug.mL-1,IC50,,Beta-lactamase TEM,single protein format
CHEMBL33019,CCCCCCCCCCc1cccc(O)c1O,=,50000.0,ug.mL-1,IC50,,Beta-lactamase TEM,single protein format
CHEMBL30870,CCCCCCCCCCc1cccc(OC)c1C(=O)O,=,54000.0,ug.mL-1,IC50,,Beta-lactamase TEM,single protein format
CHEMBL8087,CCCCCCCCCCCCCCCc1cccc(O)c1O,=,1100000.0,ug.mL-1,IC50,,Beta-lactamase TEM,single protein format
CHEMBL309009,C[C@]1(CSc2nc3ccccc3o2)[C@H](C(=O)O)N2C(=O)C[C@H]2S1(=O)=O,=,0.004,ug.mL-1,IC50,,Beta-lactamase TEM,single protein format
CHEMBL415266,Cn1nnnc1SC[C@]1(C)S[C@@H]2[C@H](Br)C(=O)N2[C@H]1C(=O)O,=,0.04,ug.mL-1,IC50,,Beta-lactamase TEM,single protein format
CHEMBL30915,CCCCCCCCCCCCCCCc1cccc(OC)c1C(=O)O,=,800.0,ug.mL-1,IC50,,Beta-lactamase TEM,single protein format
CHEMBL284924,CCCCCCCCCCc1ccccc1C(=O)O,=,18000.0,ug.mL-1,IC50,,Beta-lactamase TEM,single protein format
CHEMBL33995,CC/C=C\C/C=C\C/C=C\CCCCCCCc1cccc(O)c1C(=O)O,=,5000.0,ug.mL-1,IC50,,Beta-lactamase TEM,single protein format
CHEMBL34634,CCC(C)CCCCCCCCCCCCc1cccc(O)c1C(=O)O,=,10000.0,ug.mL-1,IC50,,Beta-lactamase TEM,single protein format
CHEMBL34689,CCCCCCCCCCCCCCCc1cccc(O)c1,>,33000.0,ug.mL-1,IC50,,Beta-lactamase TEM,single protein format
CHEMBL305908,C[C@@]1(CSc2nc[nH]n2)S[C@@H]2[C@H](Br)C(=O)N2[C@H]1C(=O)O,=,0.008,ug.mL-1,IC50,,Beta-lactamase TEM,single protein format
CHEMBL777,O=C(O)[C@H]1/C(=C/CO)O[C@@H]2CC(=O)N21,=,0.008,ug.mL-1,IC50,,Beta-lactamase TEM,single protein format
CHEMBL72972,C[C@]1(CSc2nc3ccccc3[nH]2)[C@H](C(=O)O)N2C(=O)C[C@H]2S1(=O)=O,=,0.025,ug.mL-1,IC50,,Beta-lactamase TEM,single protein format
CHEMBL70269,C[C@@]1(CSc2nc3ccccc3o2)S[C@@H]2[C@H](Br)C(=O)N2[C@H]1C(=O)O,=,0.013,ug.mL-1,IC50,,Beta-lactamase TEM,single protein format
CHEMBL404,C[C@]1(Cn2ccnn2)[C@H](C(=O)O)N2C(=O)C[C@H]2S1(=O)=O,=,0.006,ug.mL-1,IC50,,Beta-lactamase TEM,single protein format
CHEMBL73450,Cn1ccnc1SC[C@]1(C)S[C@@H]2[C@H](Br)C(=O)N2[C@H]1C(=O)O,=,0.006,ug.mL-1,IC50,,Beta-lactamase TEM,single protein format
CHEMBL777,O=C(O)[C@H]1/C(=C/CO)O[C@@H]2CC(=O)N21,=,29.0,ug.mL-1,IC50,,Beta-lactamase TEM,single protein format
CHEMBL1159784,COP(=O)(O)OC(=O)[C@@H]1N2C(=O)[C@@H](NC(=O)Cc3ccccc3)[C@H]2SC1(C)C,>,50000000.0,nM,Km,,Beta-lactamase TEM,single protein format
CHEMBL47523,O=C([O-])CNCP(=O)([O-])CNC(=O)OCc1ccccc1.[Li+].[Li+],>,100.0,uM,ID50,,Beta-lactamase TEM,single protein format
CHEMBL1082,CC1(C)S[C@@H]2[C@H](NC(=O)[C@H](N)c3ccc(O)cc3)C(=O)N2[C@H]1C(=O)O,>,256.0,ug.mL-1,MIC,,Beta-lactamase TEM,assay format
CHEMBL777,O=C(O)[C@H]1/C(=C/CO)O[C@@H]2CC(=O)N21,=,0.315,uM,ID50,,Beta-lactamase TEM,single protein format
CHEMBL777,O=C(O)[C@H]1/C(=C/CO)O[C@@H]2CC(=O)N21,=,32.0,ug.mL-1,MIC,,Beta-lactamase TEM,assay format
CHEMBL44999,O=C(NCP(=O)([O-])N[C@H](Cc1ccccc1)C(=O)[O-])OCc1ccccc1.[Li+].[Li+],>,100.0,uM,ID50,,Beta-lactamase TEM,single protein format
CHEMBL69141,C[C@@H](O)[C@H]1C(=O)N2C(C(=O)[O-])=C(C(C)(C)C)S[C@H]12.[K+],=,50000.0,nM,IC50,4.30,Beta-lactamase TEM,single protein format
CHEMBL777,O=C(O)[C@H]1/C(=C/CO)O[C@@H]2CC(=O)N21,=,40.0,nM,IC50,7.40,Beta-lactamase TEM,single protein format
CHEMBL44570,COP(=O)(CNC(=O)OCc1ccccc1)N1CCC[C@@H]1C(=O)[O-].[Li+],>,100.0,uM,ID50,,Beta-lactamase TEM,single protein format
CHEMBL46868,CC1(C)S[C@@H]2[C@H](NC(=O)C(N)c3ccc(O)cc3)C(=O)N2[C@H]1C(=O)O.O=C(NCP(=O)([O-])N[C@H](Cc1ccccc1)C(=O)[O-])OCc1ccccc1.[Li+].[Li+],>,256.0,ug.mL-1,MIC,,Beta-lactamase TEM,assay format
CHEMBL419441,C[C@@H](O)[C@H]1C(=O)N2C(C(=O)[O-])=C(C(C)(C)C)[S+]([O-])[C@H]12.[K+],=,90000.0,nM,IC50,4.05,Beta-lactamase TEM,single protein format
CHEMBL295576,O=C(NCP(=O)([O-])N[C@@H](Cc1ccccc1)C(=O)[O-])OCc1ccccc1.[Li+].[Li+],>,50.0,uM,ID50,,Beta-lactamase TEM,single protein format
CHEMBL45440,O=C([O-])CC(NP(=O)([O-])CNC(=O)OCc1ccccc1)c1ccccc1.[Li+].[Li+],>,50.0,uM,ID50,,Beta-lactamase TEM,single protein format
CHEMBL47128,CC1(C)S[C@@H]2[C@H](NC(=O)C(N)c3ccc(O)cc3)C(=O)N2[C@H]1C(=O)O.O=C([O-])CC(NP(=O)([O-])CNC(=O)OCc1ccccc1)c1ccccc1.[Li+].[Li+],>,256.0,ug.mL-1,MIC,,Beta-lactamase TEM,assay format
CHEMBL45291,COP(=O)(CNC(=O)OCc1ccccc1)N1CCC[C@H]1C(=O)[O-].[Li+],>,100.0,uM,ID50,,Beta-lactamase TEM,single protein format
CHEMBL67925,C[C@@H](O)[C@H]1C(=O)N2C(C(=O)[O-])=C(C(C)(C)C)S(=O)(=O)[C@H]12.[K+],=,10000.0,nM,IC50,5.00,Beta-lactamase TEM,single protein format
CHEMBL44675,CC1(C)S[C@@H]2[C@H](NC(=O)C(N)c3ccc(O)cc3)C(=O)N2[C@H]1C(=O)O.O=C([O-])CNP(=O)([O-])CNC(=O)OCc1ccccc1.[Li+].[Li+],>,256.0,ug.mL-1,MIC,,Beta-lactamase TEM,assay format
CHEMBL46960,CC1(C)S[C@@H]2[C@H](NC(=O)C(N)c3ccc(O)cc3)C(=O)N2[C@H]1C(=O)O.O=C(NCP(=O)([O-])N[C@@H](Cc1ccccc1)C(=O)[O-])OCc1ccccc1.[Li+].[Li+],>,256.0,ug.mL-1,MIC,,Beta-lactamase TEM,assay format
CHEMBL47131,O=C([O-])CNP(=O)([O-])CNC(=O)OCc1ccccc1.[Li+].[Li+],>,100.0,ug ml-1,ID50,,Beta-lactamase TEM,single protein format
CHEMBL403,CC1(C)[C@H](C(=O)O)N2C(=O)C[C@H]2S1(=O)=O,=,800.0,nM,IC50,6.10,Beta-lactamase TEM,single protein format
CHEMBL297118,COP(=O)(CNC(=O)OCc1ccccc1)N1CSC(C)(C)[C@@H]1C(=O)[O-].[Li+],>,100.0,uM,ID50,,Beta-lactamase TEM,single protein format
CHEMBL416451,CC1(C)S[C@@H]2[C@H](NC(=O)C(N)c3ccc(O)cc3)C(=O)N2[C@H]1C(=O)O.O=C(NCP(=O)([O-])NC(C(=O)[O-])c1ccccc1)OCc1ccccc1.[Li+].[Li+],>,256.0,ug.mL-1,MIC,,Beta-lactamase TEM,assay format
CHEMBL44005,O=C(NCP(=O)([O-])N[C@@H](C(=O)[O-])c1ccccc1)OCc1ccccc1.[Li+].[Li+],>,100.0,uM,ID50,,Beta-lactamase TEM,single protein format
CHEMBL47552,O=C([O-])CCNP(=O)([O-])CNC(=O)OCc1ccccc1.[Li+].[Li+],>,50.0,uM,ID50,,Beta-lactamase TEM,single protein format
CHEMBL295075,CC1(C)S[C@@H]2[C@H](NC(=O)C(N)c3ccc(O)cc3)C(=O)N2[C@H]1C(=O)O.O=C([O-])CCNP(=O)([O-])CNC(=O)OCc1ccccc1.[Li+].[Li+],>,256.0,ug.mL-1,MIC,,Beta-lactamase TEM,assay format
CHEMBL2097107,CC1(C)S[C@@H]2[C@H](NC(=O)[C@H](N)c3ccc(O)cc3)C(=O)N2[C@H]1C(=O)O.O=C(O)[C@H]1/C(=C/CO)O[C@@H]2CC(=O)N21,=,16.0,ug.mL-1,MIC,,Beta-lactamase TEM,assay format
CHEMBL27621,COC1=C(C(=O)[O-])N2C(=O)[C@H]([C@@H](C)O)[C@H]2C1.[K+],=,340000.0,nM,IC50,,Beta-lactamase TEM,single protein format
CHEMBL287670,COC1=C(C(=O)[O-])N2C(=O)[C@H]([C@@H](C)O)C2[C@@H]1C.[K+],=,230.0,nM,IC50,6.64,Beta-lactamase TEM,single protein format
CHEMBL283629,COC1=C(C(=O)[O-])N2C(=O)[C@H]([C@@H](C)O)C2[C@H]1C.[K+],=,130.0,nM,IC50,6.89,Beta-lactamase TEM,single protein format
CHEMBL129690,O=C(Nc1ccccc1)N1CC[C@@H]2[C@H]1C(=O)N2S(=O)(=O)[O-].[Na+],,420.0,nM,IC50,,Beta-lactamase TEM,single protein format
CHEMBL129690,O=C(Nc1ccccc1)N1CC[C@@H]2[C@H]1C(=O)N2S(=O)(=O)[O-].[Na+],,,,IC50,,Beta-lactamase TEM,single protein format
CHEMBL282534,COc1cccc2c1C(=O)c1c(O)c3c(c(O)c1C2=O)C[C@@](O)(C(=O)CO)C[C@@H]3OC1CC(NC(=O)OCC2=C(C(=O)O)N3C(=O)[C@@H](NC(=O)CCCC(=O)O)[C@H]3SC2)C(O)C(C)O1,=,73000.0,nM,Km,,Beta-lactamase TEM,single protein format
CHEMBL282534,COc1cccc2c1C(=O)c1c(O)c3c(c(O)c1C2=O)C[C@@](O)(C(=O)CO)C[C@@H]3OC1CC(NC(=O)OCC2=C(C(=O)O)N3C(=O)[C@@H](NC(=O)CCCC(=O)O)[C@H]3SC2)C(O)C(C)O1,=,2.8,s-1,k cat,,Beta-lactamase TEM,single protein format
CHEMBL282621,COc1cccc2c1C(=O)c1c(O)c3c(c(O)c1C2=O)C[C@@](O)(C(=O)CO)C[C@@H]3OC1CC(NC(=O)OCC2=C(C(=O)O)N3C(=O)[C@@H](NC(=O)Cc4ccccc4)[C@H]3SC2)C(O)C(C)O1,=,25000.0,nM,Km,,Beta-lactamase TEM,single protein format
CHEMBL282621,COc1cccc2c1C(=O)c1c(O)c3c(c(O)c1C2=O)C[C@@](O)(C(=O)CO)C[C@@H]3OC1CC(NC(=O)OCC2=C(C(=O)O)N3C(=O)[C@@H](NC(=O)Cc4ccccc4)[C@H]3SC2)C(O)C(C)O1,=,8.4,s-1,k cat,,Beta-lactamase TEM,single protein format
CHEMBL353230,CC(C)(C)OC(=O)/C=C/C1=C(C(=O)[O-])N2C(=O)/C(=C/c3ccccn3)C2S(=O)(=O)C1.[Na+],,,,IC50,,Beta-lactamase TEM,single protein format
CHEMBL169154,C=CC(=O)OCC1=C(C(=O)[O-])N2C(=O)/C(=C/c3ccccn3)C2S(=O)(=O)C1.[Na+],,,,IC50,,Beta-lactamase TEM,single protein format
CHEMBL355161,C=C1C(/C=C/C(=O)OC(C)(C)C)=C(C(=O)[O-])N2C(=O)/C(=C/c3ccccn3)C2S1(=O)=O.[Na+],,,,IC50,,Beta-lactamase TEM,single protein format
CHEMBL6461,C[C@]1(/C=C/C#N)[C@H](C(=O)[O-])N2C(=O)C[C@H]2S1(=O)=O.[Na+],=,1070.0,nM,IC50,5.97,Beta-lactamase TEM,single protein format
CHEMBL6461,C[C@]1(/C=C/C#N)[C@H](C(=O)[O-])N2C(=O)C[C@H]2S1(=O)=O.[Na+],=,980.0,nM,IC50,6.01,Beta-lactamase TEM,single protein format
CHEMBL6461,C[C@]1(/C=C/C#N)[C@H](C(=O)[O-])N2C(=O)C[C@H]2S1(=O)=O.[Na+],=,130.0,nM,IC50,6.89,Beta-lactamase TEM,single protein format
CHEMBL368418,C/C=C1/C(=O)N2C(C(=O)[O-])=C3CCCCC3[C@@H]12.[Na+],=,39000.0,nM,IC50,4.41,Beta-lactamase TEM,single protein format
CHEMBL330344,CC(C)(O/N=C(\C(=O)N[C@@H]1C(=O)N2C(C(=O)O)=C(CNC(=O)c3ccc(O)c(O)c3)CSC12)c1csc(N)n1)C(=O)O,=,8.5,,pKa,,Beta-lactamase TEM,single protein format
CHEMBL423866,CCn1cc(C(=O)NCC2=C(C(=O)O)N3C(=O)[C@@H](NC(=O)/C(=N\OC(C)(C)C(=O)O)c4csc(N)n4)C3SC2)c(=O)c2cc(O)c(O)cc21,=,7.2,,pKa,,Beta-lactamase TEM,single protein format
CHEMBL174970,C/C=C1/C(=O)N2C(C(=O)[O-])=C3CCCCC3[C@H]12.[Na+],=,120000.0,nM,IC50,,Beta-lactamase TEM,single protein format
CHEMBL777,O=C(O)[C@H]1/C(=C/CO)O[C@@H]2CC(=O)N21,=,25000.0,nM,IC50,4.60,Beta-lactamase TEM,single protein format
CHEMBL89377,CC(C)(O/N=C(\C(=O)N[C@@H]1C(=O)N2C(C(=O)O)=C(CNC(=O)c3cc(Cl)c(O)c(O)c3Cl)CSC12)c1csc(N)n1)C(=O)O,=,6.303,,pKa,,Beta-lactamase TEM,single protein format
CHEMBL175015,C/C=C1/C(=O)N2C(C(=O)[O-])=C3CCSCC3[C@@H]12.[Na+],=,32000.0,nM,IC50,4.50,Beta-lactamase TEM,single protein format
CHEMBL176949,C/C=C1/C(=O)N2C(C(=O)[O-])=C3CCSCC3[C@H]12.[Na+],=,100000.0,nM,IC50,4.00,Beta-lactamase TEM,single protein format
CHEMBL35418,CCOC(=O)c1cnnn1C[C@@]1(C)[C@H](C(=O)[O-])C2C(=O)CC2S1(=O)=O.[Na+],=,340.0,nM,IC50,6.47,Beta-lactamase TEM,single protein format
CHEMBL285387,C[C@]1(Cn2ccnn2)[C@H](C(=O)[O-])C2C(=O)CC2S1(=O)=O.[Na+],=,690.0,nM,IC50,6.16,Beta-lactamase TEM,single protein format
CHEMBL285387,C[C@]1(Cn2ccnn2)[C@H](C(=O)[O-])C2C(=O)CC2S1(=O)=O.[Na+],=,7000.0,nM,IC50,5.16,Beta-lactamase TEM,single protein format
CHEMBL777,O=C(O)[C@H]1/C(=C/CO)O[C@@H]2CC(=O)N21,=,21000.0,nM,IC50,4.68,Beta-lactamase TEM,single protein format
CHEMBL286323,COC(=O)c1cnnn1C[C@@]1(C)[C@H](C(=O)[O-])C2C(=O)CC2S1(=O)=O.[Na+],=,300.0,nM,IC50,6.52,Beta-lactamase TEM,single protein format
CHEMBL286829,C[C@]1(Cn2cc(C(=O)[O-])nn2)[C@H](C(=O)[O-])C2C(=O)CC2S1(=O)=O.[K+].[K+],=,600.0,nM,IC50,6.22,Beta-lactamase TEM,single protein format
CHEMBL288566,C[C@]1(Cn2nncc2C(=O)[O-])[C@H](C(=O)[O-])C2C(=O)CC2S1(=O)=O.[K+].[K+],=,1700.0,nM,IC50,5.77,Beta-lactamase TEM,single protein format
CHEMBL403,CC1(C)[C@H](C(=O)O)N2C(=O)C[C@H]2S1(=O)=O,=,10000.0,nM,IC50,5.00,Beta-lactamase TEM,single protein format
CHEMBL403,CC1(C)[C@H](C(=O)O)N2C(=O)C[C@H]2S1(=O)=O,=,320000.0,nM,IC50,,Beta-lactamase TEM,single protein format
CHEMBL284828,C[C@]1(Cn2cc([Si](C)(C)C)nn2)[C@H](C(=O)[O-])C2C(=O)CC2S1(=O)=O.[Na+],=,510.0,nM,IC50,6.29,Beta-lactamase TEM,single protein format
CHEMBL284273,COC(=O)c1nnn(C[C@@]2(C)[C@H](C(=O)[O-])C3C(=O)CC3S2(=O)=O)c1C(=O)OC.[Na+],=,300.0,nM,IC50,6.52,Beta-lactamase TEM,single protein format
CHEMBL35480,C[C@]1(Cn2cc(N)nn2)[C@H](C(=O)O)C2C(=O)CC2S1(=O)=O,=,700.0,nM,IC50,6.16,Beta-lactamase TEM,single protein format
CHEMBL33950,CCOC(=O)c1cn(C[C@@]2(C)[C@H](C(=O)[O-])C3C(=O)CC3S2(=O)=O)nn1.[Na+],=,54.0,nM,IC50,7.27,Beta-lactamase TEM,single protein format
CHEMBL33711,COC(=O)c1cn(C[C@@]2(C)[C@H](C(=O)[O-])C3C(=O)CC3S2(=O)=O)nn1.[Na+],=,49.0,nM,IC50,7.31,Beta-lactamase TEM,single protein format
CHEMBL39640,CC1(C)S[C@@H]2/C(=C\C(=O)[O-])C(=O)N2[C@H]1C(=O)[O-].[Na+].[Na+],>,20000.0,nM,IC50,,Beta-lactamase TEM,single protein format
CHEMBL82720,CC(=O)[C@@H]1[C@H](NC(=O)c2ccccc2)C(=O)N1C1(C(=O)[O-])CC1.[K+],,,,Activity,,Beta-lactamase TEM,single protein format
CHEMBL284539,CC(C)(C)OC(=O)/C=C1/C(=O)N2[C@@H](C(=O)[O-])C(C)(C)S(=O)(=O)[C@H]12.[Na+],=,136.0,nM,IC50,6.87,Beta-lactamase TEM,single protein format
CHEMBL36888,CC(=O)OCC1=C(C(=O)[O-])N2C(=O)/C(=C/C(=O)[O-])[C@H]2SC1.[Na+].[Na+],>,20000.0,nM,IC50,,Beta-lactamase TEM,single protein format
CHEMBL34981,COC(=O)/C=C1/C(=O)N2C(C(=O)[O-])=C(COC(C)=O)CS[C@H]12.[Na+],>,20000.0,nM,IC50,,Beta-lactamase TEM,single protein format
CHEMBL269308,CC(=O)OCC1=C(C(=O)[O-])N2C(=O)/C(=C/C(=O)OC(C)(C)C)[C@H]2SC1.[Na+],>,20000.0,nM,IC50,,Beta-lactamase TEM,single protein format
CHEMBL777,O=C(O)[C@H]1/C(=C/CO)O[C@@H]2CC(=O)N21,=,60.0,nM,IC50,7.22,Beta-lactamase TEM,single protein format
CHEMBL287095,CC1(C)[C@H](C(=O)[O-])N2C(=O)/C(=C/C(=O)[O-])[C@H]2S1(=O)=O.[Na+].[Na+],=,120.0,nM,IC50,6.92,Beta-lactamase TEM,single protein format
CHEMBL268919,CC(=O)OCC1=C(C(=O)[O-])N2C(=O)/C(=C/C(=O)OC(C)(C)C)[C@H]2S(=O)(=O)C1.[Na+],=,5.0,nM,IC50,8.30,Beta-lactamase TEM,single protein format
CHEMBL404,C[C@]1(Cn2ccnn2)[C@H](C(=O)O)N2C(=O)C[C@H]2S1(=O)=O,=,25.0,nM,IC50,7.60,Beta-lactamase TEM,single protein format
CHEMBL36657,COC(=O)/C=C1/C(=O)N2C(C(=O)[O-])=C(COC(C)=O)CS(=O)(=O)[C@H]12.[Na+],=,37.0,nM,IC50,7.43,Beta-lactamase TEM,single protein format
CHEMBL290112,COC(=O)/C=C1/C(=O)N2[C@@H](C(=O)[O-])C(C)(C)S(=O)(=O)[C@H]12.[Na+],=,308.0,nM,IC50,6.51,Beta-lactamase TEM,single protein format
CHEMBL36689,C=C=C1C(=O)N2C(C(=O)[O-])=C(COC(C)=O)CS(=O)(=O)[C@H]12.[Na+],>,20000.0,nM,IC50,,Beta-lactamase TEM,single protein format
CHEMBL37794,C=C1C(=O)N2C(C(=O)[O-])=C(COC(C)=O)CS(=O)(=O)[C@H]12.[Na+],=,800.0,nM,IC50,6.10,Beta-lactamase TEM,single protein format
CHEMBL290165,CC(=O)OCC1=C(C(=O)[O-])N2C(=O)/C(=C/C(=O)[O-])[C@H]2S(=O)(=O)C1.[Na+].[Na+],=,400.0,nM,IC50,6.40,Beta-lactamase TEM,single protein format
CHEMBL1160008,O=C1C(I)=CC(=C(c2cc(I)c(O)c(I)c2)c2ccccc2C(=O)O)C=C1I,=,3000.0,nM,IC50,5.52,Beta-lactamase TEM,single protein format
CHEMBL1160008,O=C1C(I)=CC(=C(c2cc(I)c(O)c(I)c2)c2ccccc2C(=O)O)C=C1I,=,7000.0,nM,IC50,5.16,Beta-lactamase TEM,single protein format
CHEMBL1160008,O=C1C(I)=CC(=C(c2cc(I)c(O)c(I)c2)c2ccccc2C(=O)O)C=C1I,=,3000.0,nM,IC50,5.52,Beta-lactamase TEM,single protein format
CHEMBL1160008,O=C1C(I)=CC(=C(c2cc(I)c(O)c(I)c2)c2ccccc2C(=O)O)C=C1I,=,5000.0,nM,IC50,5.30,Beta-lactamase TEM,single protein format
CHEMBL36213,COC(=O)/C=C1/C(=O)N2[C@@H](C(=O)[O-])C(C)(C)S[C@H]12.[Na+],>,20000.0,nM,IC50,,Beta-lactamase TEM,single protein format
CHEMBL33895,CC(C)(C)OC(=O)/C=C1/C(=O)N2[C@@H](C(=O)[O-])C(C)(C)S[C@H]12.[Na+],>,20000.0,nM,IC50,,Beta-lactamase TEM,single protein format
CHEMBL35987,CC(=O)/C=C1/C(=O)N2[C@@H](C(=O)[O-])C(C)(C)S[C@H]12.[Na+],=,3.0,nM,IC50,8.52,Beta-lactamase TEM,single protein format
CHEMBL6533,C[C@]1(Cn2ccnn2)[C@H](C(=O)[O-])N2C(=O)[C@@H](CO)[C@H]2S1(=O)=O.[Na+],=,6.0,nM,IC50,8.22,Beta-lactamase TEM,single protein format
CHEMBL403,CC1(C)[C@H](C(=O)O)N2C(=O)C[C@H]2S1(=O)=O,=,1400.0,nM,IC50,5.85,Beta-lactamase TEM,single protein format
CHEMBL1439,C[C@]1(Cn2ccnn2)[C@H](C(=O)[O-])N2C(=O)C[C@H]2S1(=O)=O.[Na+],=,60.0,nM,IC50,7.22,Beta-lactamase TEM,single protein format
CHEMBL269471,C[C@]1(/C=C/C#N)[C@H](C(=O)[O-])N2C(=O)[C@@H](CO)[C@H]2S1(=O)=O.[Na+],=,74.0,nM,IC50,7.13,Beta-lactamase TEM,single protein format
CHEMBL6469,C[C@]1(/C=C\C#N)[C@H](C(=O)[O-])N2C(=O)[C@@H](CO)[C@H]2S1(=O)=O.[Na+],=,19.0,nM,IC50,7.72,Beta-lactamase TEM,single protein format
CHEMBL6678,CO/N=C/[C@@]1(C)[C@H](C(=O)[O-])N2C(=O)[C@@H](CO)[C@H]2S1(=O)=O.[Na+],=,64.0,nM,IC50,7.19,Beta-lactamase TEM,single protein format
CHEMBL6461,C[C@]1(/C=C/C#N)[C@H](C(=O)[O-])N2C(=O)C[C@H]2S1(=O)=O.[Na+],=,42.0,nM,IC50,7.38,Beta-lactamase TEM,single protein format
CHEMBL267627,CON(C)C(=O)/C=C/CC1C(=O)N2[C@@H](C(=O)O)C(C)(C)[S+]([O-])[C@H]12,=,12000.0,nM,IC50,4.92,Beta-lactamase TEM,single protein format
CHEMBL6311,CC(=O)/C=C/CC1C(=O)N2[C@@H](C(=O)O)C(C)(C)S(=O)(=O)[C@@H]12,=,6500.0,nM,IC50,5.19,Beta-lactamase TEM,single protein format
CHEMBL403,CC1(C)[C@H](C(=O)O)N2C(=O)C[C@H]2S1(=O)=O,=,1400.0,nM,IC50,5.85,Beta-lactamase TEM,single protein format
CHEMBL6220,CC1(C)[C@H](C(=O)O)N2C(=O)[C@@H](Cc3cn(-c4ccccc4)nn3)[C@H]2S1(=O)=O,=,1000.0,nM,IC50,6.00,Beta-lactamase TEM,single protein format
CHEMBL404,C[C@]1(Cn2ccnn2)[C@H](C(=O)O)N2C(=O)C[C@H]2S1(=O)=O,=,60.0,nM,IC50,7.22,Beta-lactamase TEM,single protein format
CHEMBL6221,COC(=O)/C=C/CC1C(=O)N2[C@@H](C(=O)O)C(C)(C)S(=O)(=O)[C@@H]12,=,2800.0,nM,IC50,5.55,Beta-lactamase TEM,single protein format
CHEMBL6261,CC1(C)[C@H](C(=O)O)N2C(=O)[C@@H](Cc3cn(CC4CCCN4)nn3)[C@H]2S1(=O)=O,=,7900.0,nM,IC50,5.10,Beta-lactamase TEM,single protein format
CHEMBL263882,CC1(C)[C@H](C(=O)O)N2C(=O)[C@@H](Cc3cn(CC(N)Cc4ccc(O)cc4)nn3)[C@H]2S1(=O)=O,=,15000.0,nM,IC50,4.82,Beta-lactamase TEM,single protein format
CHEMBL6301,CC(=O)/C=C/CC1C(=O)N2[C@@H](C(=O)O)C(C)(C)S(=O)(=O)[C@H]12,=,8400.0,nM,IC50,5.08,Beta-lactamase TEM,single protein format
CHEMBL6281,CC1(C)[C@H](C(=O)O)N2C(=O)[C@@H](Cc3cn(-c4ccc(O)cc4)nn3)[C@H]2S1(=O)=O,=,700.0,nM,IC50,6.16,Beta-lactamase TEM,single protein format
CHEMBL6309,COC(=O)/C=C/CC1C(=O)N2[C@@H](C(=O)O)C(C)(C)S(=O)(=O)[C@H]12,=,8600.0,nM,IC50,5.07,Beta-lactamase TEM,single protein format
CHEMBL267626,CC1(C)[C@H](C(=O)O)N2C(=O)C(C/C=C/C#N)[C@@H]2S1(=O)=O,=,24000.0,nM,IC50,4.62,Beta-lactamase TEM,single protein format
CHEMBL6286,CC1(C)[C@H](C(=O)O)N2C(=O)C(C/C=C/C=O)[C@H]2S1(=O)=O,=,12000.0,nM,IC50,4.92,Beta-lactamase TEM,single protein format
CHEMBL6292,CC1(C)[C@H](C(=O)O)N2C(=O)[C@@H](Cc3cn(-c4ccc(F)cc4)nn3)[C@H]2S1(=O)=O,=,1600.0,nM,IC50,5.80,Beta-lactamase TEM,single protein format
CHEMBL267863,CC1(C)[C@H](C(=O)O)N2C(=O)[C@@H](Cc3cn(-c4ccc(N)cc4)nn3)[C@H]2S1(=O)=O,=,600.0,nM,IC50,6.22,Beta-lactamase TEM,single protein format
CHEMBL123270,Cc1ccc(C(=O)O)cc1N1CC(Br)(Br)C1=O,=,160000.0,nM,Ki,,Beta-lactamase TEM,single protein format
CHEMBL122500,O=C(O)c1ccc2c(c1)N1C(=O)CC1CC2Cl,=,50000.0,nM,Ki,4.30,Beta-lactamase TEM,single protein format
CHEMBL29,CC1(C)S[C@@H]2[C@H](NC(=O)Cc3ccccc3)C(=O)N2[C@H]1C(=O)O,=,20000.0,nM,Ki,4.70,Beta-lactamase TEM,single protein format
CHEMBL891,Cc1onc(-c2ccccc2Cl)c1C(=O)N[C@@H]1C(=O)N2[C@@H](C(=O)O)C(C)(C)S[C@H]12,=,13000.0,nM,Ki,4.89,Beta-lactamase TEM,single protein format
CHEMBL403,CC1(C)[C@H](C(=O)O)N2C(=O)C[C@H]2S1(=O)=O,=,800.0,nM,Ki,6.10,Beta-lactamase TEM,single protein format
CHEMBL338512,Cc1ccc(C(=O)O)cc1N1CC(Br)C1=O,=,40000.0,nM,Ki,4.40,Beta-lactamase TEM,single protein format
CHEMBL124880,Cc1ccc(C(=O)O)cc1N1CCC1=O,=,10000.0,nM,Ki,5.00,Beta-lactamase TEM,single protein format
CHEMBL338243,Cc1ccc(C(=O)O)cc1N1CC(F)(F)C1=O,=,83000.0,nM,Ki,4.08,Beta-lactamase TEM,single protein format
CHEMBL125652,Cc1ccc(C(=O)O)cc1N1CC(F)(Br)C1=O,=,60000.0,nM,Ki,4.22,Beta-lactamase TEM,single protein format
CHEMBL125658,O=C(O)c1ccc2c(c1)N1C(=O)CC1CC2F,=,39000.0,nM,Ki,4.41,Beta-lactamase TEM,single protein format
CHEMBL333494,O=C(O)c1ccc2c(c1)N1C(=O)CC1CC2,=,20000.0,nM,Ki,4.70,Beta-lactamase TEM,single protein format
CHEMBL777,O=C(O)[C@H]1/C(=C/CO)O[C@@H]2CC(=O)N21,=,800.0,nM,Ki,6.10,Beta-lactamase TEM,single protein format
CHEMBL125999,Cc1ccc(C(=O)O)cc1N1CC(F)C1=O,=,20000.0,nM,Ki,4.70,Beta-lactamase TEM,single protein format
CHEMBL8290,O=C([O-])[C@H]1/C(=C/CO)O[C@@H]2CC(=O)N21.[Na+],=,60.0,nM,IC50,7.22,Beta-lactamase TEM,assay format
CHEMBL273744,CC(=O)OCC1=C(C(=O)[O-])N2C(=O)/C(=C/CO)[C@H]2S(=O)(=O)C1.[Na+],>,20000.0,nM,IC50,,Beta-lactamase TEM,assay format
CHEMBL268631,CC(=O)OCC1=C(C(=O)[O-])N2C(=O)/C(=C/c3ccccc3)[C@H]2SC1.[Na+],>,20000.0,nM,IC50,,Beta-lactamase TEM,assay format
CHEMBL8353,CON(C)C(=O)/C=C1/C(=O)N2C(C(=O)[O-])=C(COC(C)=O)CS[C@H]12.[Na+],>,20000.0,nM,IC50,,Beta-lactamase TEM,assay format
CHEMBL416327,CC(=O)OCC1=C(C(=O)[O-])N2C(=O)C(=C=CC(C)(C)C)[C@H]2S(=O)(=O)C1.[Na+],>,20000.0,nM,IC50,,Beta-lactamase TEM,assay format
CHEMBL267745,CC(=O)OCC1=C(C(=O)[O-])N2C(=O)/C(=C/c3ccccn3)[C@H]2SC1.[Na+],>,2000.0,nM,IC50,,Beta-lactamase TEM,assay format
CHEMBL268860,CC(=O)OCC1=C(C(=O)[O-])N2C(=O)/C(=C/c3ccccc3)[C@H]2S(=O)(=O)C1.[Na+],>,20000.0,nM,IC50,,Beta-lactamase TEM,assay format
CHEMBL268632,CC(=O)OCC1=C(C(=O)[O-])N2C(=O)/C(=C/c3ccccn3)[C@H]2S(=O)(=O)C1.[Na+],=,800.0,nM,IC50,6.10,Beta-lactamase TEM,assay format
CHEMBL7995,CC(=O)OCC1=C(C(=O)[O-])N2C(=O)C(=C(Br)Br)[C@H]2S(=O)(=O)C1.[Na+],>,20000.0,nM,IC50,,Beta-lactamase TEM,assay format
CHEMBL8259,CC(=O)OCC1=C(C(=O)[O-])N2C(=O)C(=C(Cl)Cl)[C@H]2SC1.[Na+],>,20000.0,nM,IC50,,Beta-lactamase TEM,assay format
CHEMBL269657,CC(=O)OCC1=C(C(=O)[O-])N2C(=O)/C(=C\Br)[C@H]2S(=O)(=O)C1.[Na+],>,20000.0,nM,IC50,,Beta-lactamase TEM,assay format
CHEMBL7597,CC(=O)OCC1=C(C(=O)[O-])N2C(=O)C(=C(Br)Br)[C@H]2SC1.[Na+],>,20000.0,nM,IC50,,Beta-lactamase TEM,assay format
CHEMBL8343,CC(=O)OCC1=C(C(=O)[O-])N2C(=O)/C(=C/C(C)(C)C)[C@H]2SC1.[Na+],>,20000.0,nM,IC50,,Beta-lactamase TEM,assay format
CHEMBL8371,CC(=O)OCC1=C(C(=O)[O-])N2C(=O)/C(=C\Br)[C@H]2SC1.[Na+],>,20000.0,nM,IC50,,Beta-lactamase TEM,assay format
CHEMBL268919,CC(=O)OCC1=C(C(=O)[O-])N2C(=O)/C(=C/C(=O)OC(C)(C)C)[C@H]2S(=O)(=O)C1.[Na+],=,5.0,nM,IC50,8.30,Beta-lactamase TEM,assay format
CHEMBL266689,CC(=O)OCC1=C(C(=O)[O-])N2C(=O)/C(=C/C(C)(C)C)[C@H]2S(=O)(=O)C1.[Na+],>,20000.0,nM,IC50,,Beta-lactamase TEM,assay format
CHEMBL8511,CC(=O)OCC1=C(C(=O)[O-])N2C(=O)/C(=C\c3ccccc3)[C@H]2S(=O)(=O)C1.[Na+],>,20000.0,nM,IC50,,Beta-lactamase TEM,assay format
CHEMBL269308,CC(=O)OCC1=C(C(=O)[O-])N2C(=O)/C(=C/C(=O)OC(C)(C)C)[C@H]2SC1.[Na+],>,20000.0,nM,IC50,,Beta-lactamase TEM,assay format
CHEMBL1439,C[C@]1(Cn2ccnn2)[C@H](C(=O)[O-])N2C(=O)C[C@H]2S1(=O)=O.[Na+],=,25.0,nM,IC50,7.60,Beta-lactamase TEM,assay format
CHEMBL8571,CC(=O)/C=C1/C(=O)N2C(C(=O)[O-])=C(COC(C)=O)CS[C@H]12.[Na+],>,20000.0,nM,IC50,,Beta-lactamase TEM,assay format
CHEMBL8307,CC(=O)OCC1=C(C(=O)[O-])N2C(=O)/C(=C/C=O)[C@H]2SC1.[Na+],>,20000.0,nM,IC50,,Beta-lactamase TEM,assay format
CHEMBL8111,CC(=O)OCC1=C(C(=O)[O-])N2C(=O)C(=C(Cl)Cl)[C@H]2S(=O)(=O)C1.[Na+],=,8300.0,nM,IC50,5.08,Beta-lactamase TEM,assay format
CHEMBL29,CC1(C)S[C@@H]2[C@H](NC(=O)Cc3ccccc3)C(=O)N2[C@H]1C(=O)O,=,1284.0,1/S,K cat,,Beta-lactamase TEM,single protein format
CHEMBL29,CC1(C)S[C@@H]2[C@H](NC(=O)Cc3ccccc3)C(=O)N2[C@H]1C(=O)O,=,75000.0,nM,Km,,Beta-lactamase TEM,single protein format
CHEMBL617,CC(=O)OCC1=C(C(=O)O)N2C(=O)[C@@H](NC(=O)Cc3cccs3)[C@H]2SC1,=,115.0,1/S,K cat,,Beta-lactamase TEM,single protein format
CHEMBL617,CC(=O)OCC1=C(C(=O)O)N2C(=O)[C@@H](NC(=O)Cc3cccs3)[C@H]2SC1,=,347000.0,nM,Km,,Beta-lactamase TEM,single protein format
CHEMBL1161693,O=C(Cc1ccccc1)NC1Cc2cccc(C(=O)O)c2OC1=O,=,2.07,1/sM,K cat,,Beta-lactamase TEM,single protein format
CHEMBL1161693,O=C(Cc1ccccc1)NC1Cc2cccc(C(=O)O)c2OC1=O,=,50000.0,nM,Km,,Beta-lactamase TEM,single protein format
CHEMBL617,CC(=O)OCC1=C(C(=O)O)N2C(=O)[C@@H](NC(=O)Cc3cccs3)[C@H]2SC1,=,120.0,s-1,K cat,,Beta-lactamase TEM,single protein format
CHEMBL617,CC(=O)OCC1=C(C(=O)O)N2C(=O)[C@@H](NC(=O)Cc3cccs3)[C@H]2SC1,=,200000.0,nM,Km,,Beta-lactamase TEM,single protein format
CHEMBL1161695,O=C(O)c1ccc2c(c1)OC(=O)C(C(=O)NCc1ccccc1)C2,>,0.02,s-1,K cat,,Beta-lactamase TEM,single protein format
CHEMBL1161695,O=C(O)c1ccc2c(c1)OC(=O)C(C(=O)NCc1ccccc1)C2,>,200000.0,nM,Km,,Beta-lactamase TEM,single protein format
CHEMBL1161696,O=C(O)c1cccc2c1OC(=O)C(C(=O)NCc1ccccc1)C2,=,25.5,s-1,K cat,,Beta-lactamase TEM,single protein format
CHEMBL1161696,O=C(O)c1cccc2c1OC(=O)C(C(=O)NCc1ccccc1)C2,=,290000.0,nM,Km,,Beta-lactamase TEM,single protein format
CHEMBL1161692,O=C(Cc1ccccc1)NC1Cc2ccc(C(=O)O)cc2OC1=O,>,1.0,s-1,K cat,,Beta-lactamase TEM,single protein format
CHEMBL1161692,O=C(Cc1ccccc1)NC1Cc2ccc(C(=O)O)cc2OC1=O,>,1200000.0,nM,Km,,Beta-lactamase TEM,single protein format
CHEMBL1161808,O=C(NCc1ccccc1)C1CN(S(=O)(=O)O)C1=O,=,2500000.0,nM,Km,,Beta-lactamase TEM,single protein format
CHEMBL1161807,O=C(Cc1ccccc1)N[C@H]1CN(S(=O)(=O)O)C1=O,=,6800000.0,nM,Km,,Beta-lactamase TEM,single protein format
CHEMBL212163,O=C([O-])C1=CS[C@@H]2/C(=C/c3cn4c(n3)COCC4)C(=O)N12.[Na+],=,2.0,ug.mL-1,MIC,,Beta-lactamase TEM,assay format
CHEMBL379440,O=C([O-])C1=CS[C@@H]2/C(=C/c3cn4c(n3)CNCC4)C(=O)N12.[Na+],=,2.0,ug.mL-1,MIC,,Beta-lactamase TEM,assay format
CHEMBL404,C[C@]1(Cn2ccnn2)[C@H](C(=O)O)N2C(=O)C[C@H]2S1(=O)=O,=,2.0,ug.mL-1,MIC,,Beta-lactamase TEM,assay format
CHEMBL377001,O=C([O-])C1=CS[C@@H]2/C(=C\c3cc4n(n3)CCCO4)C(=O)N12.[Na+],=,4.0,ug.mL-1,MIC,,Beta-lactamase TEM,assay format
CHEMBL211889,O=C([O-])C1=CS[C@@H]2/C(=C/c3cn4c(n3)CSCC4)C(=O)N12.[Na+],=,64.0,ug.mL-1,MIC,,Beta-lactamase TEM,assay format
CHEMBL379856,O=C([O-])C1=CS[C@@H]2/C(=C\c3cc4n(n3)CCNC4)C(=O)N12.[Na+],=,4.0,ug.mL-1,MIC,,Beta-lactamase TEM,assay format
CHEMBL377382,O=C([O-])C1=CS[C@@H]2/C(=C\c3cc4n(n3)CCOC4)C(=O)N12.[Na+],=,4.0,ug.mL-1,MIC,,Beta-lactamase TEM,assay format
CHEMBL378119,O=C([O-])C1=CS[C@@H]2/C(=C\c3cc4n(n3)CCS(=O)(=O)C4)C(=O)N12.[Na+],=,4.0,ug.mL-1,MIC,,Beta-lactamase TEM,assay format
CHEMBL212163,O=C([O-])C1=CS[C@@H]2/C(=C/c3cn4c(n3)COCC4)C(=O)N12.[Na+],=,0.4,nM,IC50,9.40,Beta-lactamase TEM,single protein format
CHEMBL212760,O=C([O-])C1=CS[C@@H]2/C(=C\c3cc4n(n3)CCSC4)C(=O)N12.[Na+],=,4.0,ug.mL-1,MIC,,Beta-lactamase TEM,assay format
CHEMBL385593,O=C([O-])C1=CS[C@@H]2/C(=C\c3cc4n(n3)CCCC4)C(=O)N12.[Na+],=,2.0,ug.mL-1,MIC,,Beta-lactamase TEM,assay format
CHEMBL425963,O=C([O-])C1=CS[C@@H]2/C(=C\c3cn4c(n3)CSCC4)C(=O)N12.[Na+],=,8.0,ug.mL-1,MIC,,Beta-lactamase TEM,assay format
CHEMBL212478,CN1CCn2cc(/C=C3/C(=O)N4C(C(=O)[O-])=CS[C@H]34)nc2C1.[Na+],=,16.0,ug.mL-1,MIC,,Beta-lactamase TEM,assay format
CHEMBL380061,O=C([O-])C1=CS[C@@H]2/C(=C\c3cc4c(s3)CCN(c3cc5c(s3)CCOC5)C4)C(=O)N12.[Na+],=,16.0,ug.mL-1,MIC,,Beta-lactamase TEM,assay format
CHEMBL211143,O=C([O-])C1=CS[C@@H]2/C(=C\c3cc4c(s3)CCN(Cc3cccnc3)C4)C(=O)N12.[Na+],=,32.0,ug.mL-1,MIC,,Beta-lactamase TEM,assay format
CHEMBL379440,O=C([O-])C1=CS[C@@H]2/C(=C/c3cn4c(n3)CNCC4)C(=O)N12.[Na+],=,5.0,nM,IC50,8.30,Beta-lactamase TEM,single protein format
CHEMBL404,C[C@]1(Cn2ccnn2)[C@H](C(=O)O)N2C(=O)C[C@H]2S1(=O)=O,=,100.0,nM,IC50,7.00,Beta-lactamase TEM,single protein format
CHEMBL211889,O=C([O-])C1=CS[C@@H]2/C(=C/c3cn4c(n3)CSCC4)C(=O)N12.[Na+],=,730.0,nM,IC50,6.14,Beta-lactamase TEM,single protein format
CHEMBL377001,O=C([O-])C1=CS[C@@H]2/C(=C\c3cc4n(n3)CCCO4)C(=O)N12.[Na+],=,6.0,nM,IC50,8.22,Beta-lactamase TEM,single protein format
CHEMBL379856,O=C([O-])C1=CS[C@@H]2/C(=C\c3cc4n(n3)CCNC4)C(=O)N12.[Na+],=,1.0,nM,IC50,9.00,Beta-lactamase TEM,single protein format
CHEMBL377382,O=C([O-])C1=CS[C@@H]2/C(=C\c3cc4n(n3)CCOC4)C(=O)N12.[Na+],=,4.0,nM,IC50,8.40,Beta-lactamase TEM,single protein format
CHEMBL378119,O=C([O-])C1=CS[C@@H]2/C(=C\c3cc4n(n3)CCS(=O)(=O)C4)C(=O)N12.[Na+],=,1.0,nM,IC50,9.00,Beta-lactamase TEM,single protein format
CHEMBL212760,O=C([O-])C1=CS[C@@H]2/C(=C\c3cc4n(n3)CCSC4)C(=O)N12.[Na+],=,1.0,nM,IC50,9.00,Beta-lactamase TEM,single protein format
CHEMBL385593,O=C([O-])C1=CS[C@@H]2/C(=C\c3cc4n(n3)CCCC4)C(=O)N12.[Na+],=,2.0,nM,IC50,8.70,Beta-lactamase TEM,single protein format
CHEMBL425963,O=C([O-])C1=CS[C@@H]2/C(=C\c3cn4c(n3)CSCC4)C(=O)N12.[Na+],=,3.0,nM,IC50,8.52,Beta-lactamase TEM,single protein format
CHEMBL212478,CN1CCn2cc(/C=C3/C(=O)N4C(C(=O)[O-])=CS[C@H]34)nc2C1.[Na+],=,4.0,nM,IC50,8.40,Beta-lactamase TEM,single protein format
CHEMBL380061,O=C([O-])C1=CS[C@@H]2/C(=C\c3cc4c(s3)CCN(c3cc5c(s3)CCOC5)C4)C(=O)N12.[Na+],=,1.0,nM,IC50,9.00,Beta-lactamase TEM,single protein format
CHEMBL211143,O=C([O-])C1=CS[C@@H]2/C(=C\c3cc4c(s3)CCN(Cc3cccnc3)C4)C(=O)N12.[Na+],=,10.0,nM,IC50,8.00,Beta-lactamase TEM,single protein format
CHEMBL378041,COc1ccc(CN2CCc3sc(/C=C4/C(=O)N5C(C(=O)[O-])=CS[C@H]45)cc3C2)cc1.[Na+],=,8.0,ug.mL-1,MIC,,Beta-lactamase TEM,assay format
CHEMBL378041,COc1ccc(CN2CCc3sc(/C=C4/C(=O)N5C(C(=O)[O-])=CS[C@H]45)cc3C2)cc1.[Na+],=,2.0,nM,IC50,8.70,Beta-lactamase TEM,single protein format
CHEMBL1439,C[C@]1(Cn2ccnn2)[C@H](C(=O)[O-])N2C(=O)C[C@H]2S1(=O)=O.[Na+],=,100.0,nM,IC50,7.00,Beta-lactamase TEM,single protein format
CHEMBL222758,O=C([O-])C1=CS[C@@H]2/C(=C\c3cn4c(n3)sc3ccccc34)C(=O)N12.[Na+],=,10.0,nM,IC50,8.00,Beta-lactamase TEM,single protein format
CHEMBL222922,O=C([O-])C1=CS[C@@H]2/C(=C\c3cn4c(n3)sc3cc(F)ccc34)C(=O)N12.[Na+],=,8.0,nM,IC50,8.10,Beta-lactamase TEM,single protein format
CHEMBL388778,O=C([O-])C1=CS[C@@H]2/C(=C\c3cn4c(n3)sc3cc(Cl)ccc34)C(=O)N12.[Na+],=,6.0,nM,IC50,8.22,Beta-lactamase TEM,single protein format
CHEMBL222375,Cc1ccc2c(c1)sc1nc(/C=C3/C(=O)N4C(C(=O)[O-])=CS[C@H]34)cn12.[Na+],=,3.0,nM,IC50,8.52,Beta-lactamase TEM,single protein format
CHEMBL375172,COc1ccc2c(c1)sc1nc(/C=C3/C(=O)N4C(C(=O)[O-])=CS[C@H]34)cn12.[Na+],=,18.0,nM,IC50,7.75,Beta-lactamase TEM,single protein format
CHEMBL222866,Cc1cccc2sc3nc(/C=C4/C(=O)N5C(C(=O)[O-])=CS[C@H]45)cn3c12.[Na+],=,9.0,nM,IC50,8.05,Beta-lactamase TEM,single protein format
CHEMBL122450,O=C([O-])C1=CS[C@@H]2/C(=C\c3cn4c5c(sc4n3)CCC5)C(=O)N12.[Na+],=,1.0,nM,IC50,9.00,Beta-lactamase TEM,single protein format
CHEMBL396509,C/C=C1/C(=O)N2C(C(=O)[O-])=C3[C@@H](OC)CCC[C@@H]3[C@H]12.[Na+],=,55.0,nM,IC50,7.26,Beta-lactamase TEM,single protein format
CHEMBL404,C[C@]1(Cn2ccnn2)[C@H](C(=O)O)N2C(=O)C[C@H]2S1(=O)=O,=,17.0,nM,IC50,7.77,Beta-lactamase TEM,single protein format
CHEMBL777,O=C(O)[C@H]1/C(=C/CO)O[C@@H]2CC(=O)N21,=,30.0,nM,IC50,7.52,Beta-lactamase TEM,single protein format
CHEMBL397438,C/C=C1/C(=O)N2C(C(=O)[O-])=C3[C@@H](OCCC#N)CCC[C@@H]3[C@H]12.[Na+],=,18.0,nM,IC50,7.75,Beta-lactamase TEM,single protein format
CHEMBL395017,C/C=C1/C(=O)N2C(C(=O)[O-])=C3[C@@H](OCCF)CCC[C@@H]3[C@H]12.[Na+],=,21.0,nM,IC50,7.68,Beta-lactamase TEM,single protein format
CHEMBL230332,C/C=C1/C(=O)N2C(C(=O)[O-])=C3[C@@H](OCCCC)CCC[C@@H]3[C@H]12.[Na+],=,32.0,nM,IC50,7.50,Beta-lactamase TEM,single protein format
CHEMBL396998,C/C=C1/C(=O)N2C(C(=O)[O-])=C3[C@H](OCCCC)CCC[C@H]3[C@H]12.[Na+],=,12.0,nM,IC50,7.92,Beta-lactamase TEM,single protein format
CHEMBL396753,C/C=C1/C(=O)N2C(C(=O)[O-])=C3[C@@H](OC(C)C)CCC[C@@H]3[C@H]12.[Na+],=,39.0,nM,IC50,7.41,Beta-lactamase TEM,single protein format
CHEMBL230226,C/C=C1/C(=O)N2C(C(=O)[O-])=C3[C@@H](OCC)CCC[C@@H]3[C@H]12.[Na+],=,57.0,nM,IC50,7.24,Beta-lactamase TEM,single protein format
CHEMBL230859,C/C=C1/C(=O)N2C(C(=O)[O-])=C3[C@H](OCC)CCC[C@H]3[C@H]12.[Na+],=,22.0,nM,IC50,7.66,Beta-lactamase TEM,single protein format
CHEMBL34964,OB(O)c1cc2ccccc2s1,=,27.0,nM,Ki,7.57,Beta-lactamase TEM,single protein format
CHEMBL238243,Cc1ccc2sc(B(O)O)cc2c1,=,30.0,nM,Ki,7.52,Beta-lactamase TEM,single protein format
CHEMBL235508,Cc1ccc2sccc2c1,,,,Ki,,Beta-lactamase TEM,single protein format
CHEMBL236759,OB(O)C1=CCCS1,=,2500.0,nM,Ki,5.60,Beta-lactamase TEM,single protein format
CHEMBL235951,Nn1cn[n+](Cc2ccc3sc(B(O)O)cc3c2)c1,=,170.0,nM,Ki,6.77,Beta-lactamase TEM,single protein format
CHEMBL395186,OB(O)c1cc2cc(Cn3ccnc3)ccc2s1,=,82.0,nM,Ki,7.09,Beta-lactamase TEM,single protein format
CHEMBL235526,O=C(O)CNCc1ccc2sc(B(O)O)cc2c1,=,28.0,nM,Ki,7.55,Beta-lactamase TEM,single protein format
CHEMBL391537,OB(O)c1cc2cc(CNc3ccc(N4CCOCC4)cc3)ccc2s1,=,800.0,nM,Ki,6.10,Beta-lactamase TEM,single protein format
CHEMBL235524,O=C(O)c1cccc(NCc2ccc3sc(B(O)O)cc3c2)c1,,,,Ki,,Beta-lactamase TEM,single protein format
CHEMBL235523,CC(=O)c1ccc(NCc2ccc3sc(B(O)O)cc3c2)cc1,=,250.0,nM,Ki,6.60,Beta-lactamase TEM,single protein format
CHEMBL235308,OB(O)c1cccc(NCc2ccc3sc(B(O)O)cc3c2)c1,=,45.0,nM,Ki,7.35,Beta-lactamase TEM,single protein format
CHEMBL398112,OB(O)c1cc2cc(CN3CCNCC3)ccc2s1,=,2000.0,nM,Ki,5.70,Beta-lactamase TEM,single protein format
CHEMBL235097,OCCN(CCO)Cc1ccc2sc(B(O)O)cc2c1,=,1000.0,nM,Ki,6.00,Beta-lactamase TEM,single protein format
CHEMBL396889,COc1ccc(NCc2ccc3sc(B(O)O)cc3c2)cc1OC,=,250.0,nM,Ki,6.60,Beta-lactamase TEM,single protein format
CHEMBL236203,OB(O)c1cc2cc(CSc3ccccc3)ccc2s1,=,80.0,nM,Ki,7.10,Beta-lactamase TEM,single protein format
CHEMBL237181,OB(O)c1cc2cc(COCc3ccccc3)ccc2s1,=,600.0,nM,Ki,6.22,Beta-lactamase TEM,single protein format
CHEMBL237390,OB(O)c1cc2cc(COc3ccc(Cl)c(Cl)c3)ccc2s1,=,83.0,nM,Ki,7.08,Beta-lactamase TEM,single protein format
CHEMBL396871,OB(O)c1cc2cc(COc3ccccc3)ccc2s1,=,250.0,nM,Ki,6.60,Beta-lactamase TEM,single protein format
CHEMBL396872,OB(O)c1cc2cc(CNc3ccc(Cl)c(Cl)c3)ccc2s1,=,10.0,nM,Ki,8.00,Beta-lactamase TEM,single protein format
CHEMBL235293,OB(O)c1cc2cc(CNc3ccc(C(O)(C(F)(F)F)C(F)(F)F)cc3)ccc2s1,=,28.0,nM,Ki,7.55,Beta-lactamase TEM,single protein format
CHEMBL235292,O=[N+]([O-])c1cccc(NCc2ccc3sc(B(O)O)cc3c2)c1,=,37.0,nM,Ki,7.43,Beta-lactamase TEM,single protein format
CHEMBL235291,O=CNCc1ccc2sc(B(O)O)cc2c1,=,450.0,nM,Ki,6.35,Beta-lactamase TEM,single protein format
CHEMBL396390,Nc1ccc2sc(B(O)O)cc2c1,=,260.0,nM,Ki,6.58,Beta-lactamase TEM,single protein format
CHEMBL235073,O=CN(C=O)Cc1ccc2sc(B(O)O)cc2c1,=,37.0,nM,Ki,7.43,Beta-lactamase TEM,single protein format
CHEMBL395398,OB(O)c1cc2cc(O)ccc2s1,=,43.0,nM,Ki,7.37,Beta-lactamase TEM,single protein format
CHEMBL397522,OB(O)c1cc2cc(Br)ccc2s1,=,30.0,nM,Ki,7.52,Beta-lactamase TEM,single protein format
CHEMBL777,O=C(O)[C@H]1/C(=C/CO)O[C@@H]2CC(=O)N21,=,3.0,uM,Activity,,Beta-lactamase TEM,single protein format
CHEMBL1082,CC1(C)S[C@@H]2[C@H](NC(=O)[C@H](N)c3ccc(O)cc3)C(=O)N2[C@H]1C(=O)O,=,108.0,,Activity,,Beta-lactamase TEM,single protein format
CHEMBL316157,O=C(Cc1cccs1)N[C@@H]1C(=O)N2C(C(=O)[O-])=C(C[n+]3ccccc3)CS[C@H]12,=,154.0,,Activity,,Beta-lactamase TEM,single protein format
CHEMBL819,Cc1onc(-c2ccccc2)c1C(=O)N[C@@H]1C(=O)N2[C@@H](C(=O)O)C(C)(C)S[C@H]12,,,,Activity,,Beta-lactamase TEM,single protein format
CHEMBL44354,CC(C)(O/N=C(\C(=O)N[C@@H]1C(=O)N2C(C(=O)[O-])=C(C[n+]3ccccc3)CS[C@H]12)c1csc(N)n1)C(=O)O,<,1.0,,Activity,,Beta-lactamase TEM,single protein format
CHEMBL1730,CO/N=C(\C(=O)N[C@@H]1C(=O)N2C(C(=O)O)=C(COC(C)=O)CS[C@H]12)c1csc(N)n1,<,1.0,,Activity,,Beta-lactamase TEM,single protein format
CHEMBL617,CC(=O)OCC1=C(C(=O)O)N2C(=O)[C@@H](NC(=O)Cc3cccs3)[C@H]2SC1,=,27.0,,Activity,,Beta-lactamase TEM,single protein format
CHEMBL1214,CC1(C)S[C@@H]2[C@H](NC(=O)C(C(=O)O)c3ccccc3)C(=O)N2[C@H]1C(=O)O,=,15.0,,Activity,,Beta-lactamase TEM,single protein format
CHEMBL777,O=C(O)[C@H]1/C(=C/CO)O[C@@H]2CC(=O)N21,=,170.0,nM,IC50,6.77,Beta-lactamase TEM,single protein format
CHEMBL403,CC1(C)[C@H](C(=O)O)N2C(=O)C[C@H]2S1(=O)=O,=,7300.0,nM,IC50,5.14,Beta-lactamase TEM,single protein format
CHEMBL404,C[C@]1(Cn2ccnn2)[C@H](C(=O)O)N2C(=O)C[C@H]2S1(=O)=O,=,90.0,nM,IC50,7.05,Beta-lactamase TEM,single protein format
CHEMBL33995,CC/C=C\C/C=C\C/C=C\CCCCCCCc1cccc(O)c1C(=O)O,=,5.0,ug.mL-1,IC50,,Beta-lactamase TEM,single protein format
CHEMBL777,O=C(O)[C@H]1/C(=C/CO)O[C@@H]2CC(=O)N21,=,0.029,ug.mL-1,IC50,,Beta-lactamase TEM,single protein format
CHEMBL29,CC1(C)S[C@@H]2[C@H](NC(=O)Cc3ccccc3)C(=O)N2[C@H]1C(=O)O,=,12000.0,nM,Km,,Beta-lactamase TEM,single protein format
CHEMBL520642,Nc1nc(/C(=N/O)C(=O)N[C@@H]2C(=O)N3C(C(=O)O)=C(/C=C4\CCN([C@@H]5CCNC5)C4=O)CS[C@H]23)ns1,=,8.8,/s,Kcat,,Beta-lactamase TEM,single protein format
CHEMBL186,CO/N=C(\C(=O)N[C@@H]1C(=O)N2C(C(=O)[O-])=C(C[N+]3(C)CCCC3)CS[C@H]12)c1csc(N)n1,=,4.4,/s,Kcat,,Beta-lactamase TEM,single protein format
CHEMBL316157,O=C(Cc1cccs1)N[C@@H]1C(=O)N2C(C(=O)[O-])=C(C[n+]3ccccc3)CS[C@H]12,=,1.8,/s/microM,Kcat/Km,,Beta-lactamase TEM,single protein format
CHEMBL520642,Nc1nc(/C(=N/O)C(=O)N[C@@H]2C(=O)N3C(C(=O)O)=C(/C=C4\CCN([C@@H]5CCNC5)C4=O)CS[C@H]23)ns1,=,1.6,%,Activity,,Beta-lactamase TEM,single protein format
CHEMBL520642,Nc1nc(/C(=N/O)C(=O)N[C@@H]2C(=O)N3C(C(=O)O)=C(/C=C4\CCN([C@@H]5CCNC5)C4=O)CS[C@H]23)ns1,=,0.9,%,Activity,,Beta-lactamase TEM,single protein format
CHEMBL186,CO/N=C(\C(=O)N[C@@H]1C(=O)N2C(C(=O)[O-])=C(C[N+]3(C)CCCC3)CS[C@H]12)c1csc(N)n1,=,0.45,%,Activity,,Beta-lactamase TEM,single protein format
CHEMBL186,CO/N=C(\C(=O)N[C@@H]1C(=O)N2C(C(=O)[O-])=C(C[N+]3(C)CCCC3)CS[C@H]12)c1csc(N)n1,=,0.38,%,Activity,,Beta-lactamase TEM,single protein format
CHEMBL520642,Nc1nc(/C(=N/O)C(=O)N[C@@H]2C(=O)N3C(C(=O)O)=C(/C=C4\CCN([C@@H]5CCNC5)C4=O)CS[C@H]23)ns1,=,0.029,/s/microM,Kcat/Km,,Beta-lactamase TEM,single protein format
CHEMBL186,CO/N=C(\C(=O)N[C@@H]1C(=O)N2C(C(=O)[O-])=C(C[N+]3(C)CCCC3)CS[C@H]12)c1csc(N)n1,=,0.0068,/s/microM,Kcat/Km,,Beta-lactamase TEM,single protein format
CHEMBL44354,CC(C)(O/N=C(\C(=O)N[C@@H]1C(=O)N2C(C(=O)[O-])=C(C[n+]3ccccc3)CS[C@H]12)c1csc(N)n1)C(=O)O,=,0.0023,/s,Kcat,,Beta-lactamase TEM,single protein format
CHEMBL44354,CC(C)(O/N=C(\C(=O)N[C@@H]1C(=O)N2C(C(=O)[O-])=C(C[n+]3ccccc3)CS[C@H]12)c1csc(N)n1)C(=O)O,=,0.00067,%,Activity,,Beta-lactamase TEM,single protein format
CHEMBL44354,CC(C)(O/N=C(\C(=O)N[C@@H]1C(=O)N2C(C(=O)[O-])=C(C[n+]3ccccc3)CS[C@H]12)c1csc(N)n1)C(=O)O,=,0.00023,%,Activity,,Beta-lactamase TEM,single protein format
CHEMBL44354,CC(C)(O/N=C(\C(=O)N[C@@H]1C(=O)N2C(C(=O)[O-])=C(C[n+]3ccccc3)CS[C@H]12)c1csc(N)n1)C(=O)O,=,0.000012,/s/microM,Kcat/Km,,Beta-lactamase TEM,single protein format
CHEMBL29,CC1(C)S[C@@H]2[C@H](NC(=O)Cc3ccccc3)C(=O)N2[C@H]1C(=O)O,=,122.0,%,Activity,,Beta-lactamase TEM,single protein format
CHEMBL44354,CC(C)(O/N=C(\C(=O)N[C@@H]1C(=O)N2C(C(=O)[O-])=C(C[n+]3ccccc3)CS[C@H]12)c1csc(N)n1)C(=O)O,=,200000.0,nM,Km,,Beta-lactamase TEM,single protein format
CHEMBL520642,Nc1nc(/C(=N/O)C(=O)N[C@@H]2C(=O)N3C(C(=O)O)=C(/C=C4\CCN([C@@H]5CCNC5)C4=O)CS[C@H]23)ns1,=,300000.0,nM,Km,,Beta-lactamase TEM,single protein format
CHEMBL316157,O=C(Cc1cccs1)N[C@@H]1C(=O)N2C(C(=O)[O-])=C(C[n+]3ccccc3)CS[C@H]12,=,560000.0,nM,Km,,Beta-lactamase TEM,single protein format
CHEMBL186,CO/N=C(\C(=O)N[C@@H]1C(=O)N2C(C(=O)[O-])=C(C[N+]3(C)CCCC3)CS[C@H]12)c1csc(N)n1,=,650000.0,nM,Km,,Beta-lactamase TEM,single protein format
CHEMBL316157,O=C(Cc1cccs1)N[C@@H]1C(=O)N2C(C(=O)[O-])=C(C[n+]3ccccc3)CS[C@H]12,=,980.0,/s,Kcat,,Beta-lactamase TEM,single protein format
CHEMBL29,CC1(C)S[C@@H]2[C@H](NC(=O)Cc3ccccc3)C(=O)N2[C@H]1C(=O)O,=,1200.0,/s,Kcat,,Beta-lactamase TEM,single protein format
CHEMBL29,CC1(C)S[C@@H]2[C@H](NC(=O)Cc3ccccc3)C(=O)N2[C@H]1C(=O)O,=,5600.0,%,Activity,,Beta-lactamase TEM,single protein format
CHEMBL29,CC1(C)S[C@@H]2[C@H](NC(=O)Cc3ccccc3)C(=O)N2[C@H]1C(=O)O,=,100.0,/s/microM,Kcat/Km,,Beta-lactamase TEM,single protein format
CHEMBL617,CC(=O)OCC1=C(C(=O)O)N2C(=O)[C@@H](NC(=O)Cc3cccs3)[C@H]2SC1,=,7.7,10'5/M/s,Ratio,,Beta-lactamase TEM,single protein format
CHEMBL777,O=C(O)[C@H]1/C(=C/CO)O[C@@H]2CC(=O)N21,=,80.0,nM,IC50,7.10,Beta-lactamase TEM,single protein format
CHEMBL404,C[C@]1(Cn2ccnn2)[C@H](C(=O)O)N2C(=O)C[C@H]2S1(=O)=O,=,130.0,nM,IC50,6.89,Beta-lactamase TEM,single protein format
CHEMBL1082,CC1(C)S[C@@H]2[C@H](NC(=O)[C@H](N)c3ccc(O)cc3)C(=O)N2[C@H]1C(=O)O,=,1125.0,/s,Kcat,,Beta-lactamase TEM,single protein format
CHEMBL158,C[C@H]1[C@H](NC(=O)/C(=N\OC(C)(C)C(=O)O)c2csc(N)n2)C(=O)N1S(=O)(=O)O,<,0.1,/s,Kcat,,Beta-lactamase TEM,single protein format
CHEMBL29,CC1(C)S[C@@H]2[C@H](NC(=O)Cc3ccccc3)C(=O)N2[C@H]1C(=O)O,=,1500.0,/s,Kcat,,Beta-lactamase TEM,single protein format
CHEMBL1730,CO/N=C(\C(=O)N[C@@H]1C(=O)N2C(C(=O)O)=C(COC(C)=O)CS[C@H]12)c1csc(N)n1,<,0.1,/s,Kcat,,Beta-lactamase TEM,single protein format
CHEMBL44354,CC(C)(O/N=C(\C(=O)N[C@@H]1C(=O)N2C(C(=O)[O-])=C(C[n+]3ccccc3)CS[C@H]12)c1csc(N)n1)C(=O)O,<,0.1,/s,Kcat,,Beta-lactamase TEM,single protein format
CHEMBL617,CC(=O)OCC1=C(C(=O)O)N2C(=O)[C@@H](NC(=O)Cc3cccs3)[C@H]2SC1,=,165.0,/s,Kcat,,Beta-lactamase TEM,single protein format
CHEMBL702,CCN1CCN(C(=O)N[C@@H](C(=O)N[C@@H]2C(=O)N3[C@@H](C(=O)O)C(C)(C)S[C@H]23)c2ccccc2)C(=O)C1=O,=,1250.0,/s,Kcat,,Beta-lactamase TEM,single protein format
CHEMBL1449,CC1(C)S[C@@H]2[C@H](NC(=O)[C@H](C(=O)O)c3ccsc3)C(=O)N2[C@H]1C(=O)O,=,135.0,/s,Kcat,,Beta-lactamase TEM,single protein format
CHEMBL1082,CC1(C)S[C@@H]2[C@H](NC(=O)[C@H](N)c3ccc(O)cc3)C(=O)N2[C@H]1C(=O)O,=,15.0,/s/microM,Km,,Beta-lactamase TEM,single protein format
CHEMBL158,C[C@H]1[C@H](NC(=O)/C(=N\OC(C)(C)C(=O)O)c2csc(N)n2)C(=O)N1S(=O)(=O)O,,,,Km,,Beta-lactamase TEM,single protein format
CHEMBL29,CC1(C)S[C@@H]2[C@H](NC(=O)Cc3ccccc3)C(=O)N2[C@H]1C(=O)O,=,34.0,/s/microM,Km,,Beta-lactamase TEM,single protein format
CHEMBL1730,CO/N=C(\C(=O)N[C@@H]1C(=O)N2C(C(=O)O)=C(COC(C)=O)CS[C@H]12)c1csc(N)n1,,,,Km,,Beta-lactamase TEM,single protein format
CHEMBL44354,CC(C)(O/N=C(\C(=O)N[C@@H]1C(=O)N2C(C(=O)[O-])=C(C[n+]3ccccc3)CS[C@H]12)c1csc(N)n1)C(=O)O,,,,Km,,Beta-lactamase TEM,single protein format
CHEMBL617,CC(=O)OCC1=C(C(=O)O)N2C(=O)[C@@H](NC(=O)Cc3cccs3)[C@H]2SC1,=,242.0,/s/microM,Km,,Beta-lactamase TEM,single protein format
CHEMBL702,CCN1CCN(C(=O)N[C@@H](C(=O)N[C@@H]2C(=O)N3[C@@H](C(=O)O)C(C)(C)S[C@H]23)c2ccccc2)C(=O)C1=O,=,55.0,/s/microM,Km,,Beta-lactamase TEM,single protein format
CHEMBL1449,CC1(C)S[C@@H]2[C@H](NC(=O)[C@H](C(=O)O)c3ccsc3)C(=O)N2[C@H]1C(=O)O,=,36.0,/s/microM,Km,,Beta-lactamase TEM,single protein format
CHEMBL1082,CC1(C)S[C@@H]2[C@H](NC(=O)[C@H](N)c3ccc(O)cc3)C(=O)N2[C@H]1C(=O)O,=,75.0,,Kcat/Km,,Beta-lactamase TEM,single protein format
CHEMBL158,C[C@H]1[C@H](NC(=O)/C(=N\OC(C)(C)C(=O)O)c2csc(N)n2)C(=O)N1S(=O)(=O)O,,,,Kcat/Km,,Beta-lactamase TEM,single protein format
CHEMBL29,CC1(C)S[C@@H]2[C@H](NC(=O)Cc3ccccc3)C(=O)N2[C@H]1C(=O)O,=,44.0,,Kcat/Km,,Beta-lactamase TEM,single protein format
CHEMBL1730,CO/N=C(\C(=O)N[C@@H]1C(=O)N2C(C(=O)O)=C(COC(C)=O)CS[C@H]12)c1csc(N)n1,,,,Kcat/Km,,Beta-lactamase TEM,single protein format
CHEMBL44354,CC(C)(O/N=C(\C(=O)N[C@@H]1C(=O)N2C(C(=O)[O-])=C(C[n+]3ccccc3)CS[C@H]12)c1csc(N)n1)C(=O)O,,,,Kcat/Km,,Beta-lactamase TEM,single protein format
CHEMBL617,CC(=O)OCC1=C(C(=O)O)N2C(=O)[C@@H](NC(=O)Cc3cccs3)[C@H]2SC1,=,0.7,,Kcat/Km,,Beta-lactamase TEM,single protein format
CHEMBL702,CCN1CCN(C(=O)N[C@@H](C(=O)N[C@@H]2C(=O)N3[C@@H](C(=O)O)C(C)(C)S[C@H]23)c2ccccc2)C(=O)C1=O,=,23.0,,Kcat/Km,,Beta-lactamase TEM,single protein format
CHEMBL1449,CC1(C)S[C@@H]2[C@H](NC(=O)[C@H](C(=O)O)c3ccsc3)C(=O)N2[C@H]1C(=O)O,=,3.8,,Kcat/Km,,Beta-lactamase TEM,single protein format
CHEMBL316157,O=C(Cc1cccs1)N[C@@H]1C(=O)N2C(C(=O)[O-])=C(C[n+]3ccccc3)CS[C@H]12,=,980.0,/s,Kcat,,Beta-lactamase TEM,single protein format
CHEMBL29,CC1(C)S[C@@H]2[C@H](NC(=O)Cc3ccccc3)C(=O)N2[C@H]1C(=O)O,=,1200.0,/s,Kcat,,Beta-lactamase TEM,single protein format
CHEMBL148,C[C@@H](O)[C@H]1C(=O)N2C(C(=O)O)=C(SCCNC=N)C[C@H]12,=,0.0095,/s,Kcat,,Beta-lactamase TEM,single protein format
CHEMBL127,C[C@@H](O)[C@H]1C(=O)N2C(C(=O)O)=C(S[C@@H]3CN[C@H](C(=O)N(C)C)C3)[C@H](C)[C@H]12,=,0.00023,/s,Kcat,,Beta-lactamase TEM,single protein format
CHEMBL491571,C[C@@H](O)[C@H]1C(=O)N2C(C(=O)O)=C(S[C@@H]3CN[C@H](CNS(N)(=O)=O)C3)[C@H](C)[C@H]12,=,0.00021,/s,Kcat,,Beta-lactamase TEM,single protein format
CHEMBL44354,CC(C)(O/N=C(\C(=O)N[C@@H]1C(=O)N2C(C(=O)[O-])=C(C[n+]3ccccc3)CS[C@H]12)c1csc(N)n1)C(=O)O,=,0.0023,/s,Kcat,,Beta-lactamase TEM,single protein format
CHEMBL316157,O=C(Cc1cccs1)N[C@@H]1C(=O)N2C(C(=O)[O-])=C(C[n+]3ccccc3)CS[C@H]12,=,560000.0,nM,Km,,Beta-lactamase TEM,single protein format
CHEMBL29,CC1(C)S[C@@H]2[C@H](NC(=O)Cc3ccccc3)C(=O)N2[C@H]1C(=O)O,=,12000.0,nM,Km,,Beta-lactamase TEM,single protein format
CHEMBL148,C[C@@H](O)[C@H]1C(=O)N2C(C(=O)O)=C(SCCNC=N)C[C@H]12,=,7200.0,nM,Km,,Beta-lactamase TEM,single protein format
CHEMBL127,C[C@@H](O)[C@H]1C(=O)N2C(C(=O)O)=C(S[C@@H]3CN[C@H](C(=O)N(C)C)C3)[C@H](C)[C@H]12,=,15000.0,nM,Km,,Beta-lactamase TEM,single protein format
CHEMBL491571,C[C@@H](O)[C@H]1C(=O)N2C(C(=O)O)=C(S[C@@H]3CN[C@H](CNS(N)(=O)=O)C3)[C@H](C)[C@H]12,=,5400.0,nM,Km,,Beta-lactamase TEM,single protein format
CHEMBL44354,CC(C)(O/N=C(\C(=O)N[C@@H]1C(=O)N2C(C(=O)[O-])=C(C[n+]3ccccc3)CS[C@H]12)c1csc(N)n1)C(=O)O,=,200000.0,nM,Km,,Beta-lactamase TEM,single protein format
CHEMBL316157,O=C(Cc1cccs1)N[C@@H]1C(=O)N2C(C(=O)[O-])=C(C[n+]3ccccc3)CS[C@H]12,=,1.8,/s/microM,Kcat/Km,,Beta-lactamase TEM,single protein format
CHEMBL29,CC1(C)S[C@@H]2[C@H](NC(=O)Cc3ccccc3)C(=O)N2[C@H]1C(=O)O,=,100.0,/s/microM,Kcat/Km,,Beta-lactamase TEM,single protein format
CHEMBL148,C[C@@H](O)[C@H]1C(=O)N2C(C(=O)O)=C(SCCNC=N)C[C@H]12,=,0.0013,/s/microM,Kcat/Km,,Beta-lactamase TEM,single protein format
CHEMBL127,C[C@@H](O)[C@H]1C(=O)N2C(C(=O)O)=C(S[C@@H]3CN[C@H](C(=O)N(C)C)C3)[C@H](C)[C@H]12,=,0.000015,/s/microM,Kcat/Km,,Beta-lactamase TEM,single protein format
CHEMBL491571,C[C@@H](O)[C@H]1C(=O)N2C(C(=O)O)=C(S[C@@H]3CN[C@H](CNS(N)(=O)=O)C3)[C@H](C)[C@H]12,=,0.000039,/s/microM,Kcat/Km,,Beta-lactamase TEM,single protein format
CHEMBL44354,CC(C)(O/N=C(\C(=O)N[C@@H]1C(=O)N2C(C(=O)[O-])=C(C[n+]3ccccc3)CS[C@H]12)c1csc(N)n1)C(=O)O,=,0.000012,/s/microM,Kcat/Km,,Beta-lactamase TEM,single protein format
CHEMBL29,CC1(C)S[C@@H]2[C@H](NC(=O)Cc3ccccc3)C(=O)N2[C@H]1C(=O)O,=,120.0,%,Activity,,Beta-lactamase TEM,single protein format
CHEMBL148,C[C@@H](O)[C@H]1C(=O)N2C(C(=O)O)=C(SCCNC=N)C[C@H]12,=,0.00097,%,Activity,,Beta-lactamase TEM,single protein format
CHEMBL127,C[C@@H](O)[C@H]1C(=O)N2C(C(=O)O)=C(S[C@@H]3CN[C@H](C(=O)N(C)C)C3)[C@H](C)[C@H]12,=,0.000023,%,Activity,,Beta-lactamase TEM,single protein format
CHEMBL491571,C[C@@H](O)[C@H]1C(=O)N2C(C(=O)O)=C(S[C@@H]3CN[C@H](CNS(N)(=O)=O)C3)[C@H](C)[C@H]12,=,0.000021,%,Activity,,Beta-lactamase TEM,single protein format
CHEMBL44354,CC(C)(O/N=C(\C(=O)N[C@@H]1C(=O)N2C(C(=O)[O-])=C(C[n+]3ccccc3)CS[C@H]12)c1csc(N)n1)C(=O)O,=,0.00023,%,Activity,,Beta-lactamase TEM,single protein format
CHEMBL29,CC1(C)S[C@@H]2[C@H](NC(=O)Cc3ccccc3)C(=O)N2[C@H]1C(=O)O,=,5600.0,%,Activity,,Beta-lactamase TEM,single protein format
CHEMBL148,C[C@@H](O)[C@H]1C(=O)N2C(C(=O)O)=C(SCCNC=N)C[C@H]12,=,0.072,%,Activity,,Beta-lactamase TEM,single protein format
CHEMBL127,C[C@@H](O)[C@H]1C(=O)N2C(C(=O)O)=C(S[C@@H]3CN[C@H](C(=O)N(C)C)C3)[C@H](C)[C@H]12,=,0.00083,%,Activity,,Beta-lactamase TEM,single protein format
CHEMBL491571,C[C@@H](O)[C@H]1C(=O)N2C(C(=O)O)=C(S[C@@H]3CN[C@H](CNS(N)(=O)=O)C3)[C@H](C)[C@H]12,=,0.0022,%,Activity,,Beta-lactamase TEM,single protein format
CHEMBL44354,CC(C)(O/N=C(\C(=O)N[C@@H]1C(=O)N2C(C(=O)[O-])=C(C[n+]3ccccc3)CS[C@H]12)c1csc(N)n1)C(=O)O,=,0.00067,%,Activity,,Beta-lactamase TEM,single protein format
CHEMBL1689063,NC(=O)[C@@H]1CC[C@@H]2CN1C(=O)N2OS(=O)(=O)O,=,0.5,ug.mL-1,MIC,,Beta-lactamase TEM,single protein format
CHEMBL1231367,CC(=O)N[C@@H](Cc1cccc(C(=O)O)c1)B(O)O,=,110.0,nM,Ki,6.96,Beta-lactamase TEM,single protein format
