molecule_chembl_id,canonical_smiles,standard_relation,standard_value,standard_units,standard_type,pchembl_value,target_pref_name,bao_label
CHEMBL173793,Cn1nnnc1SCC1=C(C(=O)O)N2C(=O)C(NC(=O)C(O)c3ccccc3)C2SC1,=,130.0,,Relative hydrolysis rate,,Beta-lactamase,single protein format
CHEMBL353657,Cn1nnnc1SCC1=C(C(=O)O)N2C(=O)C(NC(=O)Cc3csc(N)n3)C2SC1,=,41.0,,Relative hydrolysis rate,,Beta-lactamase,single protein format
CHEMBL86191,Cn1nnnc1SCC1=C(C(=O)O)N2C(=O)C(NC(=O)C(C(=O)O)c3ccc(O)cc3)C2OC1,=,80.0,,Relative hydrolysis rate,,Beta-lactamase,single protein format
CHEMBL172667,Cn1nnnc1SCC1=C(C(=O)O)N2C(=O)C(NC(=O)/C(=N\O)c3ccc(NS(C)(=O)=O)cc3)C2OC1,=,350.0,,Relative hydrolysis rate,,Beta-lactamase,single protein format
CHEMBL368400,Cn1nnnc1SCC1=C(C(=O)O)N2C(=O)C(NC(=O)Cc3ccc(O)cc3)C2OC1,=,630.0,,Relative hydrolysis rate,,Beta-lactamase,single protein format
CHEMBL176909,CCN1CCN(C(=O)NC(C(=O)NC2C(=O)N3C(C(=O)O)=C(CSc4nnnn4C)COC23)c2ccc(OC(N)=O)cc2)C(=O)C1=O,=,0.69,,Relative hydrolysis rate,,Beta-lactamase,single protein format
CHEMBL368062,Cn1nnnc1SCC1=C(C(=O)O)N2C(=O)C(NC(=O)C(O)c3ccccc3)C2OC1,=,360.0,,Relative hydrolysis rate,,Beta-lactamase,single protein format
CHEMBL176460,Cn1nnnc1SCC1=C(C(=O)O)N2C(=O)C(NC(=O)Cc3ccc(O)cc3)C2SC1,=,120.0,,Relative hydrolysis rate,,Beta-lactamase,single protein format
CHEMBL312728,Cn1nnnc1SCC1=C(C(=O)O)N2C(=O)C(NC(=O)C(C(=O)O)c3ccc(O)cc3)C2SC1,=,6.3,,Relative hydrolysis rate,,Beta-lactamase,single protein format
CHEMBL173839,Cc1nnc(SCC2=C(C(=O)O)N3C(=O)C(NC(=O)Cn4cnnn4)C3OC2)s1,=,380.0,,Relative hydrolysis rate,,Beta-lactamase,single protein format
CHEMBL368005,Cn1nnnc1SCC1=C(C(=O)O)N2C(=O)C(NC(=O)/C(=N\O)c3ccc(NS(C)(=O)=O)cc3)C2SC1,=,35.0,,Relative hydrolysis rate,,Beta-lactamase,single protein format
CHEMBL175044,Cn1nnnc1SCC1=C(C(=O)O)N2C(=O)C(NC(=O)Cc3csc(N)n3)C2OC1,=,240.0,,Relative hydrolysis rate,,Beta-lactamase,single protein format
CHEMBL176409,CCN1CCN(C(=O)NC(C(=O)NC2C(=O)N3C(C(=O)O)=C(CSc4nnnn4C)CSC23)c2ccc(OC(N)=O)cc2)C(=O)C1=O,=,3.1,,Relative hydrolysis rate,,Beta-lactamase,single protein format
CHEMBL277057,CC1=C(C(=O)O)N2C(=O)C(NC(=O)CSC(F)(F)F)C2OC1,=,100.0,,Relative hydrolysis rate,,Beta-lactamase,single protein format
CHEMBL302241,Cn1ccnc1SC[C@@]1(C)[C@H](C(=O)O)N2C(=O)C[C@H]2S1(=O)=O,=,0.13,ug.mL-1,IC50,,Beta-lactamase,single protein format
CHEMBL308516,C[C@@]1(CSc2nc3ccccc3s2)S[C@@H]2[C@H](Br)C(=O)N2[C@H]1C(=O)O,=,0.63,ug.mL-1,IC50,,Beta-lactamase,single protein format
CHEMBL403,CC1(C)[C@H](C(=O)O)N2C(=O)C[C@H]2S1(=O)=O,=,0.4,ug.mL-1,IC50,,Beta-lactamase,single protein format
CHEMBL72046,C[C@]1(CSC2=NCCS2)[C@H](C(=O)O)N2C(=O)C[C@H]2S1(=O)=O,=,0.13,ug.mL-1,IC50,,Beta-lactamase,single protein format
CHEMBL423309,Cn1cnnc1SC[C@@]1(C)[C@H](C(=O)O)N2C(=O)C[C@H]2S1(=O)=O,=,0.08,ug.mL-1,IC50,,Beta-lactamase,single protein format
CHEMBL310221,C[C@@]1(CSC2=NCCS2)S[C@@H]2[C@H](Br)C(=O)N2[C@H]1C(=O)O,=,1.0,ug.mL-1,IC50,,Beta-lactamase,single protein format
CHEMBL73622,CC1(C)S[C@@H]2[C@H](Br)C(=O)N2[C@H]1C(=O)O,=,0.08,ug.mL-1,IC50,,Beta-lactamase,single protein format
CHEMBL302512,Cn1nnnc1SC[C@@]1(C)[C@H](C(=O)O)N2C(=O)C[C@H]2S1(=O)=O,=,0.025,ug.mL-1,IC50,,Beta-lactamase,single protein format
CHEMBL309009,C[C@]1(CSc2nc3ccccc3o2)[C@H](C(=O)O)N2C(=O)C[C@H]2S1(=O)=O,=,0.032,ug.mL-1,IC50,,Beta-lactamase,single protein format
CHEMBL415266,Cn1nnnc1SC[C@]1(C)S[C@@H]2[C@H](Br)C(=O)N2[C@H]1C(=O)O,=,0.25,ug.mL-1,IC50,,Beta-lactamase,single protein format
CHEMBL305908,C[C@@]1(CSc2nc[nH]n2)S[C@@H]2[C@H](Br)C(=O)N2[C@H]1C(=O)O,=,0.5,ug.mL-1,IC50,,Beta-lactamase,single protein format
CHEMBL777,O=C(O)[C@H]1/C(=C/CO)O[C@@H]2CC(=O)N21,=,0.006,ug.mL-1,IC50,,Beta-lactamase,single protein format
CHEMBL72972,C[C@]1(CSc2nc3ccccc3[nH]2)[C@H](C(=O)O)N2C(=O)C[C@H]2S1(=O)=O,=,0.2,ug.mL-1,IC50,,Beta-lactamase,single protein format
CHEMBL70269,C[C@@]1(CSc2nc3ccccc3o2)S[C@@H]2[C@H](Br)C(=O)N2[C@H]1C(=O)O,=,0.5,ug.mL-1,IC50,,Beta-lactamase,single protein format
CHEMBL404,C[C@]1(Cn2ccnn2)[C@H](C(=O)O)N2C(=O)C[C@H]2S1(=O)=O,=,0.032,ug.mL-1,IC50,,Beta-lactamase,single protein format
CHEMBL73450,Cn1ccnc1SC[C@]1(C)S[C@@H]2[C@H](Br)C(=O)N2[C@H]1C(=O)O,=,0.63,ug.mL-1,IC50,,Beta-lactamase,single protein format
CHEMBL186,CO/N=C(\C(=O)N[C@@H]1C(=O)N2C(C(=O)[O-])=C(C[N+]3(C)CCCC3)CS[C@H]12)c1csc(N)n1,=,59.0,/s,Kcat,,Beta-lactamase,single protein format
CHEMBL29,CC1(C)S[C@@H]2[C@H](NC(=O)Cc3ccccc3)C(=O)N2[C@H]1C(=O)O,=,40000.0,nM,Km,,Beta-lactamase,single protein format
CHEMBL520642,Nc1nc(/C(=N/O)C(=O)N[C@@H]2C(=O)N3C(C(=O)O)=C(/C=C4\CCN([C@@H]5CCNC5)C4=O)CS[C@H]23)ns1,=,33.0,%,Activity,,Beta-lactamase,single protein format
CHEMBL520642,Nc1nc(/C(=N/O)C(=O)N[C@@H]2C(=O)N3C(C(=O)O)=C(/C=C4\CCN([C@@H]5CCNC5)C4=O)CS[C@H]23)ns1,=,32000.0,nM,Km,,Beta-lactamase,single protein format
CHEMBL29,CC1(C)S[C@@H]2[C@H](NC(=O)Cc3ccccc3)C(=O)N2[C@H]1C(=O)O,=,28.0,/s/microM,Kcat/Km,,Beta-lactamase,single protein format
CHEMBL1730,CO/N=C(\C(=O)N[C@@H]1C(=O)N2C(C(=O)O)=C(COC(C)=O)CS[C@H]12)c1csc(N)n1,=,13.0,%,Activity,,Beta-lactamase,single protein format
CHEMBL186,CO/N=C(\C(=O)N[C@@H]1C(=O)N2C(C(=O)[O-])=C(C[N+]3(C)CCCC3)CS[C@H]12)c1csc(N)n1,=,8.5,%,Activity,,Beta-lactamase,single protein format
CHEMBL520642,Nc1nc(/C(=N/O)C(=O)N[C@@H]2C(=O)N3C(C(=O)O)=C(/C=C4\CCN([C@@H]5CCNC5)C4=O)CS[C@H]23)ns1,=,7.2,/s/microM,Kcat/Km,,Beta-lactamase,single protein format
CHEMBL316157,O=C(Cc1cccs1)N[C@@H]1C(=O)N2C(C(=O)[O-])=C(C[n+]3ccccc3)CS[C@H]12,=,7.0,/s/microM,Kcat/Km,,Beta-lactamase,single protein format
CHEMBL1730,CO/N=C(\C(=O)N[C@@H]1C(=O)N2C(C(=O)O)=C(COC(C)=O)CS[C@H]12)c1csc(N)n1,=,2.3,%,Activity,,Beta-lactamase,single protein format
CHEMBL186,CO/N=C(\C(=O)N[C@@H]1C(=O)N2C(C(=O)[O-])=C(C[N+]3(C)CCCC3)CS[C@H]12)c1csc(N)n1,=,0.84,%,Activity,,Beta-lactamase,single protein format
CHEMBL1730,CO/N=C(\C(=O)N[C@@H]1C(=O)N2C(C(=O)O)=C(COC(C)=O)CS[C@H]12)c1csc(N)n1,=,0.16,/s/microM,Kcat/Km,,Beta-lactamase,single protein format
CHEMBL186,CO/N=C(\C(=O)N[C@@H]1C(=O)N2C(C(=O)[O-])=C(C[N+]3(C)CCCC3)CS[C@H]12)c1csc(N)n1,=,0.059,/s/microM,Kcat/Km,,Beta-lactamase,single protein format
CHEMBL44354,CC(C)(O/N=C(\C(=O)N[C@@H]1C(=O)N2C(C(=O)[O-])=C(C[n+]3ccccc3)CS[C@H]12)c1csc(N)n1)C(=O)O,=,0.018,/s,Kcat,,Beta-lactamase,single protein format
CHEMBL44354,CC(C)(O/N=C(\C(=O)N[C@@H]1C(=O)N2C(C(=O)[O-])=C(C[n+]3ccccc3)CS[C@H]12)c1csc(N)n1)C(=O)O,=,0.0026,%,Activity,,Beta-lactamase,single protein format
CHEMBL44354,CC(C)(O/N=C(\C(=O)N[C@@H]1C(=O)N2C(C(=O)[O-])=C(C[n+]3ccccc3)CS[C@H]12)c1csc(N)n1)C(=O)O,=,0.0018,%,Activity,,Beta-lactamase,single protein format
CHEMBL44354,CC(C)(O/N=C(\C(=O)N[C@@H]1C(=O)N2C(C(=O)[O-])=C(C[n+]3ccccc3)CS[C@H]12)c1csc(N)n1)C(=O)O,=,0.00013,/s/microM,Kcat/Km,,Beta-lactamase,single protein format
CHEMBL44354,CC(C)(O/N=C(\C(=O)N[C@@H]1C(=O)N2C(C(=O)[O-])=C(C[n+]3ccccc3)CS[C@H]12)c1csc(N)n1)C(=O)O,=,140000.0,nM,Km,,Beta-lactamase,single protein format
CHEMBL29,CC1(C)S[C@@H]2[C@H](NC(=O)Cc3ccccc3)C(=O)N2[C@H]1C(=O)O,=,160.0,%,Activity,,Beta-lactamase,single protein format
CHEMBL520642,Nc1nc(/C(=N/O)C(=O)N[C@@H]2C(=O)N3C(C(=O)O)=C(/C=C4\CCN([C@@H]5CCNC5)C4=O)CS[C@H]23)ns1,=,230.0,/s,Kcat,,Beta-lactamase,single protein format
CHEMBL29,CC1(C)S[C@@H]2[C@H](NC(=O)Cc3ccccc3)C(=O)N2[C@H]1C(=O)O,=,400.0,%,Activity,,Beta-lactamase,single protein format
CHEMBL1730,CO/N=C(\C(=O)N[C@@H]1C(=O)N2C(C(=O)O)=C(COC(C)=O)CS[C@H]12)c1csc(N)n1,=,550000.0,nM,Km,,Beta-lactamase,single protein format
CHEMBL316157,O=C(Cc1cccs1)N[C@@H]1C(=O)N2C(C(=O)[O-])=C(C[n+]3ccccc3)CS[C@H]12,=,700.0,/s,Kcat,,Beta-lactamase,single protein format
CHEMBL186,CO/N=C(\C(=O)N[C@@H]1C(=O)N2C(C(=O)[O-])=C(C[N+]3(C)CCCC3)CS[C@H]12)c1csc(N)n1,=,1000000.0,nM,Km,,Beta-lactamase,single protein format
CHEMBL29,CC1(C)S[C@@H]2[C@H](NC(=O)Cc3ccccc3)C(=O)N2[C@H]1C(=O)O,=,1100.0,/s,Kcat,,Beta-lactamase,single protein format
CHEMBL520642,Nc1nc(/C(=N/O)C(=O)N[C@@H]2C(=O)N3C(C(=O)O)=C(/C=C4\CCN([C@@H]5CCNC5)C4=O)CS[C@H]23)ns1,=,100.0,%,Activity,,Beta-lactamase,single protein format
CHEMBL316157,O=C(Cc1cccs1)N[C@@H]1C(=O)N2C(C(=O)[O-])=C(C[n+]3ccccc3)CS[C@H]12,=,100000.0,nM,Km,,Beta-lactamase,single protein format
CHEMBL1730,CO/N=C(\C(=O)N[C@@H]1C(=O)N2C(C(=O)O)=C(COC(C)=O)CS[C@H]12)c1csc(N)n1,=,88.0,/s,Kcat,,Beta-lactamase,single protein format
