molecule_chembl_id,canonical_smiles,standard_relation,standard_value,standard_units,standard_type,pchembl_value,target_pref_name,bao_label
CHEMBL174,CC1(C)S[C@@H]2[C@H](NC(=O)[C@H](N)c3ccccc3)C(=O)N2[C@H]1C(=O)O,=,22000.0,nM,Km,,Beta-lactamase NDM-1,single protein format
CHEMBL702,CCN1CCN(C(=O)N[C@@H](C(=O)N[C@@H]2C(=O)N3[C@@H](C(=O)O)C(C)(C)S[C@H]23)c2ccccc2)C(=O)C1=O,=,12000.0,nM,Km,,Beta-lactamase NDM-1,single protein format
CHEMBL617,CC(=O)OCC1=C(C(=O)O)N2C(=O)[C@@H](NC(=O)Cc3cccs3)[C@H]2SC1,=,10000.0,nM,Km,,Beta-lactamase NDM-1,single protein format
CHEMBL996,CO[C@@]1(NC(=O)Cc2cccs2)C(=O)N2C(C(=O)O)=C(COC(N)=O)CS[C@@H]21,=,49000.0,nM,Km,,Beta-lactamase NDM-1,single protein format
CHEMBL1730,CO/N=C(\C(=O)N[C@@H]1C(=O)N2C(C(=O)O)=C(COC(C)=O)CS[C@H]12)c1csc(N)n1,=,10000.0,nM,Km,,Beta-lactamase NDM-1,single protein format
CHEMBL1436,CO/N=C(\C(=O)N[C@@H]1C(=O)N2C(C(=O)O)=C(COC(N)=O)CS[C@H]12)c1ccco1,=,8000.0,nM,Km,,Beta-lactamase NDM-1,single protein format
CHEMBL44354,CC(C)(O/N=C(\C(=O)N[C@@H]1C(=O)N2C(C(=O)[O-])=C(C[n+]3ccccc3)CS[C@H]12)c1csc(N)n1)C(=O)O,=,181000.0,nM,Km,,Beta-lactamase NDM-1,single protein format
CHEMBL158,C[C@H]1[C@H](NC(=O)/C(=N\OC(C)(C)C(=O)O)c2csc(N)n2)C(=O)N1S(=O)(=O)O,,,,Km,,Beta-lactamase NDM-1,single protein format
CHEMBL186,CO/N=C(\C(=O)N[C@@H]1C(=O)N2C(C(=O)[O-])=C(C[N+]3(C)CCCC3)CS[C@H]12)c1csc(N)n1,=,77000.0,nM,Km,,Beta-lactamase NDM-1,single protein format
CHEMBL148,C[C@@H](O)[C@H]1C(=O)N2C(C(=O)O)=C(SCCNC=N)C[C@H]12,=,94000.0,nM,Km,,Beta-lactamase NDM-1,single protein format
CHEMBL127,C[C@@H](O)[C@H]1C(=O)N2C(C(=O)O)=C(S[C@@H]3CN[C@H](C(=O)N(C)C)C3)[C@H](C)[C@H]12,=,49000.0,nM,Km,,Beta-lactamase NDM-1,single protein format
CHEMBL174,CC1(C)S[C@@H]2[C@H](NC(=O)[C@H](N)c3ccccc3)C(=O)N2[C@H]1C(=O)O,=,0.66,/s/microM,Kcat/Km,,Beta-lactamase NDM-1,single protein format
CHEMBL702,CCN1CCN(C(=O)N[C@@H](C(=O)N[C@@H]2C(=O)N3[C@@H](C(=O)O)C(C)(C)S[C@H]23)c2ccccc2)C(=O)C1=O,=,1.17,/s/microM,Kcat/Km,,Beta-lactamase NDM-1,single protein format
CHEMBL617,CC(=O)OCC1=C(C(=O)O)N2C(=O)[C@@H](NC(=O)Cc3cccs3)[C@H]2SC1,=,0.4,/s/microM,Kcat/Km,,Beta-lactamase NDM-1,single protein format
CHEMBL996,CO[C@@]1(NC(=O)Cc2cccs2)C(=O)N2C(C(=O)O)=C(COC(N)=O)CS[C@@H]21,=,0.02,/s/microM,Kcat/Km,,Beta-lactamase NDM-1,single protein format
CHEMBL1730,CO/N=C(\C(=O)N[C@@H]1C(=O)N2C(C(=O)O)=C(COC(C)=O)CS[C@H]12)c1csc(N)n1,=,0.58,/s/microM,Kcat/Km,,Beta-lactamase NDM-1,single protein format
CHEMBL1436,CO/N=C(\C(=O)N[C@@H]1C(=O)N2C(C(=O)O)=C(COC(N)=O)CS[C@H]12)c1ccco1,=,0.61,/s/microM,Kcat/Km,,Beta-lactamase NDM-1,single protein format
CHEMBL44354,CC(C)(O/N=C(\C(=O)N[C@@H]1C(=O)N2C(C(=O)[O-])=C(C[n+]3ccccc3)CS[C@H]12)c1csc(N)n1)C(=O)O,=,0.03,/s/microM,Kcat/Km,,Beta-lactamase NDM-1,single protein format
CHEMBL186,CO/N=C(\C(=O)N[C@@H]1C(=O)N2C(C(=O)[O-])=C(C[N+]3(C)CCCC3)CS[C@H]12)c1csc(N)n1,=,0.17,/s/microM,Kcat/Km,,Beta-lactamase NDM-1,single protein format
CHEMBL148,C[C@@H](O)[C@H]1C(=O)N2C(C(=O)O)=C(SCCNC=N)C[C@H]12,=,0.21,/s/microM,Kcat/Km,,Beta-lactamase NDM-1,single protein format
CHEMBL127,C[C@@H](O)[C@H]1C(=O)N2C(C(=O)O)=C(S[C@@H]3CN[C@H](C(=O)N(C)C)C3)[C@H](C)[C@H]12,=,0.25,/s/microM,Kcat/Km,,Beta-lactamase NDM-1,single protein format
CHEMBL174,CC1(C)S[C@@H]2[C@H](NC(=O)[C@H](N)c3ccccc3)C(=O)N2[C@H]1C(=O)O,=,15.0,/s,Kcat,,Beta-lactamase NDM-1,single protein format
CHEMBL702,CCN1CCN(C(=O)N[C@@H](C(=O)N[C@@H]2C(=O)N3[C@@H](C(=O)O)C(C)(C)S[C@H]23)c2ccccc2)C(=O)C1=O,=,14.0,/s,Kcat,,Beta-lactamase NDM-1,single protein format
CHEMBL617,CC(=O)OCC1=C(C(=O)O)N2C(=O)[C@@H](NC(=O)Cc3cccs3)[C@H]2SC1,=,4.0,/s,Kcat,,Beta-lactamase NDM-1,single protein format
CHEMBL996,CO[C@@]1(NC(=O)Cc2cccs2)C(=O)N2C(C(=O)O)=C(COC(N)=O)CS[C@@H]21,=,1.0,/s,Kcat,,Beta-lactamase NDM-1,single protein format
CHEMBL1730,CO/N=C(\C(=O)N[C@@H]1C(=O)N2C(C(=O)O)=C(COC(C)=O)CS[C@H]12)c1csc(N)n1,=,6.0,/s,Kcat,,Beta-lactamase NDM-1,single protein format
CHEMBL1436,CO/N=C(\C(=O)N[C@@H]1C(=O)N2C(C(=O)O)=C(COC(N)=O)CS[C@H]12)c1ccco1,=,5.0,/s,Kcat,,Beta-lactamase NDM-1,single protein format
CHEMBL44354,CC(C)(O/N=C(\C(=O)N[C@@H]1C(=O)N2C(C(=O)[O-])=C(C[n+]3ccccc3)CS[C@H]12)c1csc(N)n1)C(=O)O,=,5.0,/s,Kcat,,Beta-lactamase NDM-1,single protein format
CHEMBL186,CO/N=C(\C(=O)N[C@@H]1C(=O)N2C(C(=O)[O-])=C(C[N+]3(C)CCCC3)CS[C@H]12)c1csc(N)n1,=,13.0,/s,Kcat,,Beta-lactamase NDM-1,single protein format
CHEMBL148,C[C@@H](O)[C@H]1C(=O)N2C(C(=O)O)=C(SCCNC=N)C[C@H]12,=,20.0,/s,Kcat,,Beta-lactamase NDM-1,single protein format
CHEMBL127,C[C@@H](O)[C@H]1C(=O)N2C(C(=O)O)=C(S[C@@H]3CN[C@H](C(=O)N(C)C)C3)[C@H](C)[C@H]12,=,12.0,/s,Kcat,,Beta-lactamase NDM-1,single protein format
CHEMBL29,CC1(C)S[C@@H]2[C@H](NC(=O)Cc3ccccc3)C(=O)N2[C@H]1C(=O)O,=,16000.0,nM,Km,,Beta-lactamase NDM-1,single protein format
CHEMBL29,CC1(C)S[C@@H]2[C@H](NC(=O)Cc3ccccc3)C(=O)N2[C@H]1C(=O)O,=,11.0,/s,Kcat,,Beta-lactamase NDM-1,single protein format
CHEMBL29,CC1(C)S[C@@H]2[C@H](NC(=O)Cc3ccccc3)C(=O)N2[C@H]1C(=O)O,=,0.68,/s/microM,Kcat/Km,,Beta-lactamase NDM-1,single protein format
CHEMBL777,O=C(O)[C@H]1/C(=C/CO)O[C@@H]2CC(=O)N21,,,,Km,,Beta-lactamase NDM-1,single protein format
CHEMBL1379384,CCCc1ccc(C(=O)CCC(=O)O)cc1,=,3109000.0,nM,IC50,2.51,Beta-lactamase NDM-1,cell-based format
CHEMBL1327484,O=C(O)CSc1ccnc2cc(Cl)ccc12,=,1238000.0,nM,IC50,2.91,Beta-lactamase NDM-1,cell-based format
CHEMBL582878,O=C(O)CCCc1c[nH]c2ccccc12,=,1946000.0,nM,IC50,2.71,Beta-lactamase NDM-1,cell-based format
CHEMBL3278535,N#Cc1coc2ccccc2c1=O,=,480000.0,nM,IC50,3.32,Beta-lactamase NDM-1,cell-based format
CHEMBL1560,C[C@H](CS)C(=O)N1CCC[C@H]1C(=O)O,=,14000.0,nM,Kd,4.85,Beta-lactamase NDM-1,cell-based format
CHEMBL127,C[C@@H](O)[C@H]1C(=O)N2C(C(=O)O)=C(S[C@@H]3CN[C@H](C(=O)N(C)C)C3)[C@H](C)[C@H]12,=,11000.0,nM,Kd,4.96,Beta-lactamase NDM-1,cell-based format
CHEMBL1379384,CCCc1ccc(C(=O)CCC(=O)O)cc1,=,2100000.0,nM,Kd,2.68,Beta-lactamase NDM-1,cell-based format
CHEMBL1327484,O=C(O)CSc1ccnc2cc(Cl)ccc12,=,804000.0,nM,Kd,3.10,Beta-lactamase NDM-1,cell-based format
CHEMBL582878,O=C(O)CCCc1c[nH]c2ccccc12,=,806000.0,nM,Kd,3.09,Beta-lactamase NDM-1,cell-based format
CHEMBL3278535,N#Cc1coc2ccccc2c1=O,=,181000.0,nM,Kd,3.74,Beta-lactamase NDM-1,cell-based format
CHEMBL1560,C[C@H](CS)C(=O)N1CCC[C@H]1C(=O)O,=,49800.0,nM,IC50,4.30,Beta-lactamase NDM-1,cell-based format
CHEMBL3278535,N#Cc1coc2ccccc2c1=O,=,186000.0,nM,Ki,3.73,Beta-lactamase NDM-1,cell-based format
CHEMBL3278535,N#Cc1coc2ccccc2c1=O,>,20.0,%,Inhibition,,Beta-lactamase NDM-1,cell-based format
CHEMBL582878,O=C(O)CCCc1c[nH]c2ccccc12,>,20.0,%,Inhibition,,Beta-lactamase NDM-1,cell-based format
CHEMBL1327484,O=C(O)CSc1ccnc2cc(Cl)ccc12,>,20.0,%,Inhibition,,Beta-lactamase NDM-1,cell-based format
CHEMBL1379384,CCCc1ccc(C(=O)CCC(=O)O)cc1,>,20.0,%,Inhibition,,Beta-lactamase NDM-1,cell-based format
CHEMBL3278535,N#Cc1coc2ccccc2c1=O,=,1.5,,Ratio,,Beta-lactamase NDM-1,cell-based format
CHEMBL582878,O=C(O)CCCc1c[nH]c2ccccc12,=,1.5,,Ratio,,Beta-lactamase NDM-1,cell-based format
CHEMBL1327484,O=C(O)CSc1ccnc2cc(Cl)ccc12,=,1.5,,Ratio,,Beta-lactamase NDM-1,cell-based format
CHEMBL1379384,CCCc1ccc(C(=O)CCC(=O)O)cc1,=,1.5,,Ratio,,Beta-lactamase NDM-1,cell-based format
CHEMBL1560,C[C@H](CS)C(=O)N1CCC[C@H]1C(=O)O,=,3.5,,Ratio,,Beta-lactamase NDM-1,cell-based format
CHEMBL1560,C[C@H](CS)C(=O)N1CCC[C@H]1C(=O)O,=,14125.38,nM,Kd,4.85,Beta-lactamase NDM-1,cell-based format
CHEMBL1560,C[C@H](CS)C(=O)N1CCC[C@H]1C(=O)O,=,50118.72,nM,IC50,4.30,Beta-lactamase NDM-1,cell-based format
CHEMBL3278535,N#Cc1coc2ccccc2c1=O,=,186208.71,nM,Ki,3.73,Beta-lactamase NDM-1,cell-based format
CHEMBL3278535,N#Cc1coc2ccccc2c1=O,=,181970.09,nM,Kd,3.74,Beta-lactamase NDM-1,cell-based format
CHEMBL582878,O=C(O)CCCc1c[nH]c2ccccc12,=,794328.23,nM,Kd,3.10,Beta-lactamase NDM-1,cell-based format
CHEMBL1327484,O=C(O)CSc1ccnc2cc(Cl)ccc12,=,794328.23,nM,Kd,3.10,Beta-lactamase NDM-1,cell-based format
CHEMBL1379384,CCCc1ccc(C(=O)CCC(=O)O)cc1,=,2089296.13,nM,Kd,2.68,Beta-lactamase NDM-1,cell-based format
CHEMBL3278535,N#Cc1coc2ccccc2c1=O,=,478630.09,nM,IC50,3.32,Beta-lactamase NDM-1,cell-based format
CHEMBL582878,O=C(O)CCCc1c[nH]c2ccccc12,=,1949844.6,nM,IC50,2.71,Beta-lactamase NDM-1,cell-based format
CHEMBL1327484,O=C(O)CSc1ccnc2cc(Cl)ccc12,=,1071519.31,nM,IC50,2.97,Beta-lactamase NDM-1,cell-based format
CHEMBL1379384,CCCc1ccc(C(=O)CCC(=O)O)cc1,=,3090295.43,nM,IC50,2.51,Beta-lactamase NDM-1,cell-based format
CHEMBL3809576,O=C(CSc1nnc(-c2ccccc2O)[nH]1)Nc1cccc(Cl)c1,=,160.0,nM,IC50,6.80,Beta-lactamase NDM-1,cell-based format
CHEMBL3810416,O=C(CSc1nnc(-c2ccc(O)cc2)[nH]1)Nc1ccccc1,=,1200.0,nM,IC50,5.92,Beta-lactamase NDM-1,cell-based format
CHEMBL3809666,O=C(CSc1nnc(-c2ccccc2O)[nH]1)Nc1ccccc1Cl,=,980.0,nM,IC50,6.01,Beta-lactamase NDM-1,cell-based format
CHEMBL3808671,CCCCc1ccc(NC(=O)CSc2nnc(-c3ccccc3O)[nH]2)cc1,=,160.0,nM,IC50,6.80,Beta-lactamase NDM-1,cell-based format
CHEMBL3809559,CCc1ccccc1NC(=O)CSc1nnc(-c2ccccc2O)[nH]1,=,930.0,nM,IC50,6.03,Beta-lactamase NDM-1,cell-based format
CHEMBL3809719,Cc1ccccc1NC(=O)CSc1nnc(-c2ccccc2O)[nH]1,=,160.0,nM,IC50,6.80,Beta-lactamase NDM-1,cell-based format
CHEMBL3809609,O=C(CSc1nnc(-c2ccccc2O)[nH]1)Nc1ccccc1,=,420.0,nM,IC50,6.38,Beta-lactamase NDM-1,cell-based format
CHEMBL3810164,O=C(CSc1nnc(-c2ccccc2)[nH]1)Nc1cccc(Cl)c1,=,690.0,nM,IC50,6.16,Beta-lactamase NDM-1,cell-based format
CHEMBL3809469,O=C(CSc1nnc(-c2ccccc2)[nH]1)Nc1ccccc1Cl,=,350.0,nM,IC50,6.46,Beta-lactamase NDM-1,cell-based format
CHEMBL3810052,CCCCc1ccc(NC(=O)CSc2nnc(-c3ccccc3)[nH]2)cc1,=,150.0,nM,IC50,6.82,Beta-lactamase NDM-1,cell-based format
CHEMBL3809445,CCc1ccccc1NC(=O)CSc1nnc(-c2ccccc2)[nH]1,=,990.0,nM,IC50,6.00,Beta-lactamase NDM-1,cell-based format
CHEMBL3808678,Cc1ccccc1NC(=O)CSc1nnc(-c2ccccc2)[nH]1,=,190.0,nM,IC50,6.72,Beta-lactamase NDM-1,cell-based format
CHEMBL3809713,O=C(CSc1nnc(-c2ccccc2)[nH]1)Nc1ccccc1,=,170.0,nM,IC50,6.77,Beta-lactamase NDM-1,cell-based format
CHEMBL3809860,Nc1ccccc1-c1nnc(SCC(=O)Nc2cccc(Cl)c2)[nH]1,=,230.0,nM,IC50,6.64,Beta-lactamase NDM-1,cell-based format
CHEMBL3809238,Nc1ccccc1-c1nnc(SCC(=O)Nc2ccccc2Cl)[nH]1,=,610.0,nM,IC50,6.21,Beta-lactamase NDM-1,cell-based format
CHEMBL3809806,CCCCc1ccc(NC(=O)CSc2nnc(-c3ccccc3N)[nH]2)cc1,=,160.0,nM,IC50,6.80,Beta-lactamase NDM-1,cell-based format
CHEMBL3810122,CCc1ccccc1NC(=O)CSc1nnc(-c2ccccc2N)[nH]1,=,450.0,nM,IC50,6.35,Beta-lactamase NDM-1,cell-based format
CHEMBL3809903,Cc1ccccc1NC(=O)CSc1nnc(-c2ccccc2N)[nH]1,=,1900.0,nM,IC50,5.72,Beta-lactamase NDM-1,cell-based format
CHEMBL3808891,Nc1ccccc1-c1nnc(SCC(=O)Nc2ccccc2)[nH]1,=,330.0,nM,IC50,6.48,Beta-lactamase NDM-1,cell-based format
CHEMBL3808813,O=C(CSc1nnc(-c2ccc(O)cc2)[nH]1)Nc1cccc(Cl)c1,=,370.0,nM,IC50,6.43,Beta-lactamase NDM-1,cell-based format
CHEMBL3810235,O=C(CSc1nnc(-c2ccc(O)cc2)[nH]1)Nc1ccccc1Cl,=,520.0,nM,IC50,6.28,Beta-lactamase NDM-1,cell-based format
CHEMBL3808797,CCCCc1ccc(NC(=O)CSc2nnc(-c3ccc(O)cc3)[nH]2)cc1,=,480.0,nM,IC50,6.32,Beta-lactamase NDM-1,cell-based format
CHEMBL3809001,CCc1ccccc1NC(=O)CSc1nnc(-c2ccc(O)cc2)[nH]1,=,1500.0,nM,IC50,5.82,Beta-lactamase NDM-1,cell-based format
CHEMBL3808541,Cc1ccccc1NC(=O)CSc1nnc(-c2ccc(O)cc2)[nH]1,=,980.0,nM,IC50,6.01,Beta-lactamase NDM-1,cell-based format
CHEMBL3808813,O=C(CSc1nnc(-c2ccc(O)cc2)[nH]1)Nc1cccc(Cl)c1,=,630.0,nM,Ki,6.20,Beta-lactamase NDM-1,cell-based format
CHEMBL3809806,CCCCc1ccc(NC(=O)CSc2nnc(-c3ccccc3N)[nH]2)cc1,=,490.0,nM,Ki,6.31,Beta-lactamase NDM-1,cell-based format
CHEMBL86905,O=Cc1coc2ccccc2c1=O,=,580.0,nM,Ki,6.24,Beta-lactamase NDM-1,assay format
CHEMBL86905,O=Cc1coc2ccccc2c1=O,=,5.0,10'-5/s,K,,Beta-lactamase NDM-1,assay format
CHEMBL86905,O=Cc1coc2ccccc2c1=O,=,6.5,10'-3/s,K,,Beta-lactamase NDM-1,assay format
CHEMBL86905,O=Cc1coc2ccccc2c1=O,=,76000.0,nM,Ki,4.12,Beta-lactamase NDM-1,assay format
CHEMBL86905,O=Cc1coc2ccccc2c1=O,,,,Activity,,Beta-lactamase NDM-1,assay format
CHEMBL86905,O=Cc1coc2ccccc2c1=O,,,,Activity,,Beta-lactamase NDM-1,assay format
CHEMBL86905,O=Cc1coc2ccccc2c1=O,,,,Activity,,Beta-lactamase NDM-1,assay format
CHEMBL86905,O=Cc1coc2ccccc2c1=O,,,,Activity,,Beta-lactamase NDM-1,assay format
CHEMBL86905,O=Cc1coc2ccccc2c1=O,,,,Inhibition,,Beta-lactamase NDM-1,assay format
CHEMBL86905,O=Cc1coc2ccccc2c1=O,,,,Inhibition,,Beta-lactamase NDM-1,assay format
CHEMBL4068259,Nc1cccc(-c2cc(C(=O)O)nc(C(=O)O)c2)c1,=,1.0,ug.mL-1,MIC,,Beta-lactamase NDM-1,single protein format
CHEMBL4068259,Nc1cccc(-c2cc(C(=O)O)nc(C(=O)O)c2)c1,=,1.0,ug.mL-1,MIC,,Beta-lactamase NDM-1,single protein format
CHEMBL4068259,Nc1cccc(-c2cc(C(=O)O)nc(C(=O)O)c2)c1,=,0.5,ug.mL-1,MIC,,Beta-lactamase NDM-1,single protein format
CHEMBL4068259,Nc1cccc(-c2cc(C(=O)O)nc(C(=O)O)c2)c1,=,0.5,ug.mL-1,MIC,,Beta-lactamase NDM-1,single protein format
CHEMBL4068259,Nc1cccc(-c2cc(C(=O)O)nc(C(=O)O)c2)c1,=,0.5,ug.mL-1,MIC,,Beta-lactamase NDM-1,single protein format
CHEMBL4068259,Nc1cccc(-c2cc(C(=O)O)nc(C(=O)O)c2)c1,=,0.5,ug.mL-1,MIC,,Beta-lactamase NDM-1,single protein format
CHEMBL4068259,Nc1cccc(-c2cc(C(=O)O)nc(C(=O)O)c2)c1,=,1.0,ug.mL-1,MIC,,Beta-lactamase NDM-1,single protein format
CHEMBL4068259,Nc1cccc(-c2cc(C(=O)O)nc(C(=O)O)c2)c1,=,0.5,ug.mL-1,MIC,,Beta-lactamase NDM-1,single protein format
CHEMBL4073235,O=C(O)c1ccc(-c2ccc3ccccc3c2)cc1CS,=,32.0,ug.mL-1,MIC,,Beta-lactamase NDM-1,single protein format
CHEMBL4070942,CCc1ccc(-c2ccc(C(=O)O)c(CS)c2)cc1,=,64.0,ug.mL-1,MIC,,Beta-lactamase NDM-1,single protein format
CHEMBL4096976,CCOc1cccc(-c2ccc(C(=O)O)c(CS)c2)c1,=,16.0,ug.mL-1,MIC,,Beta-lactamase NDM-1,single protein format
CHEMBL4060980,O=C(O)c1ccc(-c2ccco2)cc1CS,=,64.0,ug.mL-1,MIC,,Beta-lactamase NDM-1,single protein format
CHEMBL4088105,O=C(O)c1ccc(-c2ccsc2)cc1CS,=,8.0,ug.mL-1,MIC,,Beta-lactamase NDM-1,single protein format
CHEMBL4098147,O=C(O)c1ccc(Br)cc1CS,=,64.0,ug.mL-1,MIC,,Beta-lactamase NDM-1,single protein format
CHEMBL4076158,O=C(O)c1ccc(-c2ccccc2)cc1CS,=,32.0,ug.mL-1,MIC,,Beta-lactamase NDM-1,single protein format
CHEMBL4069021,O=C(O)c1ccc(-c2cc(C(F)(F)F)cc(C(F)(F)F)c2)cc1CS,>,128.0,ug.mL-1,MIC,,Beta-lactamase NDM-1,single protein format
CHEMBL4128933,COc1ccc(-c2cn(Cc3cccc(B(O)O)c3)nn2)cc1,>,32.0,ug.mL-1,MIC,,Beta-lactamase NDM-1,single protein format
CHEMBL4129606,OB(O)c1cccc(Cn2cc(-c3ccccc3)nn2)c1,>,32.0,ug.mL-1,MIC,,Beta-lactamase NDM-1,single protein format
CHEMBL4128239,OB(O)c1cccc(Cn2cc(-c3cccnc3)nn2)c1,>,32.0,ug.mL-1,MIC,,Beta-lactamase NDM-1,single protein format
CHEMBL4129498,OB(O)c1cccc(Cn2cc(-c3ccccn3)nn2)c1,>,32.0,ug.mL-1,MIC,,Beta-lactamase NDM-1,single protein format
CHEMBL4126203,OB(O)c1cccc(Cn2cc(-c3ccsc3)nn2)c1,>,32.0,ug.mL-1,MIC,,Beta-lactamase NDM-1,single protein format
CHEMBL4128268,OB(O)c1cccc(Cn2cc(-c3cccs3)nn2)c1,>,32.0,ug.mL-1,MIC,,Beta-lactamase NDM-1,single protein format
CHEMBL4127033,COc1ccc(-c2cn(Cc3ccc(B(O)O)cc3)nn2)cc1,>,32.0,ug.mL-1,MIC,,Beta-lactamase NDM-1,single protein format
CHEMBL4128411,OB(O)c1ccc(Cn2cc(-c3ccccc3)nn2)cc1,>,32.0,ug.mL-1,MIC,,Beta-lactamase NDM-1,single protein format
CHEMBL4125799,OB(O)c1ccc(Cn2cc(-c3cccnc3)nn2)cc1,>,32.0,ug.mL-1,MIC,,Beta-lactamase NDM-1,single protein format
CHEMBL4127175,OB(O)c1ccc(Cn2cc(-c3ccccn3)nn2)cc1,>,32.0,ug.mL-1,MIC,,Beta-lactamase NDM-1,single protein format
CHEMBL4129250,OB(O)c1ccc(Cn2cc(-c3ccsc3)nn2)cc1,>,32.0,ug.mL-1,MIC,,Beta-lactamase NDM-1,single protein format
CHEMBL4125936,OB(O)c1ccc(Cn2cc(-c3cccs3)nn2)cc1,>,32.0,ug.mL-1,MIC,,Beta-lactamase NDM-1,single protein format
CHEMBL4127755,[N-]=[N+]=NCc1cccc(B(O)O)c1,>,32.0,ug.mL-1,MIC,,Beta-lactamase NDM-1,single protein format
CHEMBL4128815,[N-]=[N+]=NCc1ccc(B(O)O)cc1,>,32.0,ug.mL-1,MIC,,Beta-lactamase NDM-1,single protein format
CHEMBL20945,O=[N+]([O-])c1cccc(B(O)O)c1,>,32.0,ug.mL-1,MIC,,Beta-lactamase NDM-1,single protein format
CHEMBL4129642,OB(O)c1cccc(Cn2cc(Cc3ccccc3)nn2)c1,,,,MIC,,Beta-lactamase NDM-1,single protein format
CHEMBL2005280,O=C(O)CN1CCN(CC(=O)O)CCN(CC(=O)O)CC1,=,1.0,ug.mL-1,MIC,,Beta-lactamase NDM-1,single protein format
CHEMBL4212352,S=C([S-])N1CCN(C(=S)[S-])CCN(C(=S)[S-])CC1.[Na+].[Na+].[Na+],=,2.0,ug.mL-1,MIC,,Beta-lactamase NDM-1,single protein format
CHEMBL2005280,O=C(O)CN1CCN(CC(=O)O)CCN(CC(=O)O)CC1,=,2.0,ug.mL-1,MIC,,Beta-lactamase NDM-1,single protein format
CHEMBL4212352,S=C([S-])N1CCN(C(=S)[S-])CCN(C(=S)[S-])CC1.[Na+].[Na+].[Na+],=,2.0,ug.mL-1,MIC,,Beta-lactamase NDM-1,single protein format
CHEMBL4212352,S=C([S-])N1CCN(C(=S)[S-])CCN(C(=S)[S-])CC1.[Na+].[Na+].[Na+],=,1.0,ug.mL-1,MIC,,Beta-lactamase NDM-1,single protein format
CHEMBL4212352,S=C([S-])N1CCN(C(=S)[S-])CCN(C(=S)[S-])CC1.[Na+].[Na+].[Na+],=,4.0,ug.mL-1,MIC,,Beta-lactamase NDM-1,single protein format
CHEMBL4212352,S=C([S-])N1CCN(C(=S)[S-])CCN(C(=S)[S-])CC1.[Na+].[Na+].[Na+],=,1.0,ug.mL-1,MIC,,Beta-lactamase NDM-1,single protein format
CHEMBL4212352,S=C([S-])N1CCN(C(=S)[S-])CCN(C(=S)[S-])CC1.[Na+].[Na+].[Na+],>=,2.0,ug.mL-1,MIC,,Beta-lactamase NDM-1,single protein format
CHEMBL3961220,S=C([S-])N1CCCCC1.[Na+],<=,320.0,,FC,,Beta-lactamase NDM-1,single protein format
CHEMBL3961220,S=C([S-])N1CCCCC1.[Na+],<,0.03125,ug.mL-1,MIC,,Beta-lactamase NDM-1,single protein format
CHEMBL2021946,S=C([S-])N1CCCC1.[Na+],<=,320.0,,FC,,Beta-lactamase NDM-1,single protein format
CHEMBL2021946,S=C([S-])N1CCCC1.[Na+],<,0.03125,ug.mL-1,MIC,,Beta-lactamase NDM-1,single protein format
CHEMBL2023728,S=C([S-])N1CCN(C(=S)[S-])CC1.[Na+].[Na+],=,4.0,ug.mL-1,MIC,,Beta-lactamase NDM-1,single protein format
CHEMBL4278702,CCCCCCCCCCCCCCNC(=S)[S-].[Na+],,,,MIC,,Beta-lactamase NDM-1,single protein format
CHEMBL4283258,CCCCCCNC(=S)[S-].[Na+],,,,MIC,,Beta-lactamase NDM-1,single protein format
CHEMBL2023727,S=C([S-])N1CCOCC1.[Na+],=,4.0,ug.mL-1,MIC,,Beta-lactamase NDM-1,single protein format
CHEMBL107217,CCN(CC)C(=S)[S-].[Na+],<=,0.03125,ug.mL-1,MIC,,Beta-lactamase NDM-1,single protein format
CHEMBL2023722,CCCCCCN(CCCCCC)C(=S)[S-].[Na+],=,8.0,ug.mL-1,MIC,,Beta-lactamase NDM-1,single protein format
CHEMBL4293432,CCCCCCCCN(CCCCCCCC)C(=S)[S-].[Na+],=,1.0,ug.mL-1,MIC,,Beta-lactamase NDM-1,single protein format
CHEMBL4463697,NCCN[C@H]1CC[C@H](CC(=O)N[C@H]2Cc3cccc(C(=O)O)c3OB2O)CC1,=,0.25,ug.mL-1,MIC,,Beta-lactamase NDM-1,single protein format
CHEMBL4463697,NCCN[C@H]1CC[C@H](CC(=O)N[C@H]2Cc3cccc(C(=O)O)c3OB2O)CC1,=,0.5,ug.mL-1,MIC,,Beta-lactamase NDM-1,single protein format
CHEMBL4463697,NCCN[C@H]1CC[C@H](CC(=O)N[C@H]2Cc3cccc(C(=O)O)c3OB2O)CC1,=,0.5,ug.mL-1,MIC,,Beta-lactamase NDM-1,single protein format
CHEMBL4463697,NCCN[C@H]1CC[C@H](CC(=O)N[C@H]2Cc3cccc(C(=O)O)c3OB2O)CC1,=,0.25,ug.mL-1,MIC,,Beta-lactamase NDM-1,single protein format
CHEMBL4463697,NCCN[C@H]1CC[C@H](CC(=O)N[C@H]2Cc3cccc(C(=O)O)c3OB2O)CC1,=,0.5,ug.mL-1,MIC,,Beta-lactamase NDM-1,single protein format
CHEMBL4463697,NCCN[C@H]1CC[C@H](CC(=O)N[C@H]2Cc3cccc(C(=O)O)c3OB2O)CC1,=,0.25,ug.mL-1,MIC,,Beta-lactamase NDM-1,single protein format
CHEMBL4519591,Cc1cc(Br)c2c(CP(=O)(O)O)cc(=O)oc2c1,=,32.0,ug.mL-1,MIC,,Beta-lactamase NDM-1,single protein format
CHEMBL4553552,O=c1cc(CP(=O)(O)O)c2ccccc2[nH]1,=,32.0,ug.mL-1,MIC,,Beta-lactamase NDM-1,single protein format
CHEMBL4576418,Cc1cc(C)c2c(CP(=O)(O)O)cc(=O)[nH]c2c1,=,64.0,ug.mL-1,MIC,,Beta-lactamase NDM-1,single protein format
CHEMBL1689063,NC(=O)[C@@H]1CC[C@@H]2CN1C(=O)N2OS(=O)(=O)O,=,4.0,ug.mL-1,MIC,,Beta-lactamase NDM-1,single protein format
CHEMBL4450628,C[C@H](CS)C(=O)NCB(O)O,=,64.0,ug.mL-1,MIC,,Beta-lactamase NDM-1,single protein format
CHEMBL1560,C[C@H](CS)C(=O)N1CCC[C@H]1C(=O)O,=,32.0,ug.mL-1,MIC,,Beta-lactamase NDM-1,single protein format
CHEMBL404,C[C@]1(Cn2ccnn2)[C@H](C(=O)O)N2C(=O)C[C@H]2S1(=O)=O,=,64.0,ug.mL-1,MIC,,Beta-lactamase NDM-1,single protein format
CHEMBL4454286,C[C@H](CS)C(=O)N[C@@H](Cc1ccccc1)B(O)O,=,64.0,ug.mL-1,MIC,,Beta-lactamase NDM-1,single protein format
CHEMBL4464521,C[C@H](CS)C(=O)N[C@H](Cc1ccccc1)B(O)O,=,64.0,ug.mL-1,MIC,,Beta-lactamase NDM-1,single protein format
CHEMBL4439726,C[C@H](CS)C(=O)N[C@@H](Cc1coc2ccccc12)B(O)O,=,64.0,ug.mL-1,MIC,,Beta-lactamase NDM-1,single protein format
CHEMBL4460127,C[C@H](CS)C(=O)N[C@H](Cc1coc2ccccc12)B(O)O,=,32.0,ug.mL-1,MIC,,Beta-lactamase NDM-1,single protein format
CHEMBL4087144,N[C@H](CN[C@H](CN[C@@H](CC(=O)O)C(=O)O)C(=O)O)C(=O)O,=,1.0,ug.mL-1,MIC,,Beta-lactamase NDM-1,single protein format
CHEMBL3317857,O=C(O)C[C@@H]1CC[C@H](NC(=O)Cc2cccs2)B(O)O1,>,64.0,ug.mL-1,MIC,,Beta-lactamase NDM-1,single protein format
CHEMBL3317857,O=C(O)C[C@@H]1CC[C@H](NC(=O)Cc2cccs2)B(O)O1,>,64.0,ug.mL-1,MIC,,Beta-lactamase NDM-1,single protein format
CHEMBL3317857,O=C(O)C[C@@H]1CC[C@H](NC(=O)Cc2cccs2)B(O)O1,>,64.0,ug.mL-1,MIC,,Beta-lactamase NDM-1,single protein format
CHEMBL4545310,c1ccc(CNCCN(Cc2ccccn2)Cc2ccccn2)nc1,<,0.25,ug.mL-1,MIC,,Beta-lactamase NDM-1,single protein format
CHEMBL4567113,C[C@H](N)C(=O)N[C@@H](C)C(=O)NCCc1ccc(NC(=O)CN(CCN(Cc2ccccn2)Cc2ccccn2)Cc2ccccn2)cc1.Cl,=,0.125,ug.mL-1,MIC,,Beta-lactamase NDM-1,single protein format
CHEMBL4579203,C[C@@H](N)C(=O)N[C@H](C)C(=O)NCCc1ccc(NC(=O)CN(CCN(Cc2ccccn2)Cc2ccccn2)Cc2ccccn2)cc1.Cl,=,0.125,ug.mL-1,MIC,,Beta-lactamase NDM-1,single protein format
CHEMBL4534430,Cl.NCC(=O)NCC(=O)NCCc1ccc(NC(=O)CN(CCN(Cc2ccccn2)Cc2ccccn2)Cc2ccccn2)cc1,,,,MIC,,Beta-lactamase NDM-1,single protein format
CHEMBL4530703,COC(=O)[C@H](C)NC(=O)[C@H](C)NC(=O)Cc1ccc(NC(=O)CN(CCN(Cc2ccccn2)Cc2ccccn2)Cc2ccccn2)cc1,=,0.125,ug.mL-1,MIC,,Beta-lactamase NDM-1,single protein format
CHEMBL4574784,COC(=O)[C@@H](C)NC(=O)[C@@H](C)NC(=O)Cc1ccc(NC(=O)CN(CCN(Cc2ccccn2)Cc2ccccn2)Cc2ccccn2)cc1,=,0.125,ug.mL-1,MIC,,Beta-lactamase NDM-1,single protein format
CHEMBL4550301,COC(=O)CNC(=O)CNC(=O)Cc1ccc(NC(=O)CN(CCN(Cc2ccccn2)Cc2ccccn2)Cc2ccccn2)cc1,=,0.125,ug.mL-1,MIC,,Beta-lactamase NDM-1,single protein format
CHEMBL4592847,CC(=O)N[C@@H](CCCCNC(=O)Cn1cc(CN(Cc2ccccn2)Cc2ccccn2)nn1)C(=O)NCB(O)O,=,0.5,ug.mL-1,MIC,,Beta-lactamase NDM-1,single protein format
CHEMBL4545535,CC(=O)NCCCC[C@H](NC(=O)Cn1cc(CN(Cc2ccccn2)Cc2ccccn2)nn1)C(=O)NCB(O)O,=,0.5,ug.mL-1,MIC,,Beta-lactamase NDM-1,single protein format
CHEMBL4563454,COC(=O)[C@@H](CCCCn1cc(CN(Cc2ccccn2)Cc2ccccn2)nn1)NC(=O)[C@@H](C)NC(C)=O,=,1.0,ug.mL-1,MIC,,Beta-lactamase NDM-1,single protein format
CHEMBL4566805,COC(=O)[C@@H](CCCCNC(=O)Cn1cc(CN(Cc2ccccn2)Cc2ccccn2)nn1)NC(=O)[C@@H](C)N,,,,MIC,,Beta-lactamase NDM-1,single protein format
CHEMBL4550549,COC(=O)CNC(=O)CNC(=O)Cn1cc(CN(Cc2ccccn2)Cc2ccccn2)nn1,=,2.0,ug.mL-1,MIC,,Beta-lactamase NDM-1,single protein format
CHEMBL4592119,COC(=O)[C@H](C)NC(=O)[C@H](C)NC(=O)Cn1cc(CN(Cc2ccccn2)Cc2ccccn2)nn1,=,2.0,ug.mL-1,MIC,,Beta-lactamase NDM-1,single protein format
CHEMBL4587049,COC(=O)[C@@H](C)NC(=O)[C@@H](C)NC(=O)Cn1cc(CN(Cc2ccccn2)Cc2ccccn2)nn1,<,0.5,ug.mL-1,MIC,,Beta-lactamase NDM-1,single protein format
CHEMBL4517174,COC(=O)[C@@H](C)NC(=O)[C@@H](C)NC(=O)CN(Cc1ccccn1)Cc1ccccn1,=,8.0,ug.mL-1,MIC,,Beta-lactamase NDM-1,single protein format
CHEMBL4572931,C[C@@H](N)C(=O)N[C@H](C)C(=O)NCCc1ccc(NC(=O)CN(Cc2ccccn2)Cc2ccccn2)cc1.Cl,=,8.0,ug.mL-1,MIC,,Beta-lactamase NDM-1,single protein format
CHEMBL4575050,COC(=O)[C@@H](C)NC(=O)[C@@H](C)NC(=O)CCC(=O)NCCc1ccc(NC(=O)CN(Cc2ccccn2)Cc2ccccn2)cc1,=,8.0,ug.mL-1,MIC,,Beta-lactamase NDM-1,single protein format
CHEMBL4539669,Cc1ncccc1N(CCN(c1cccnc1C)c1cccnc1C)c1cccnc1C,<,0.5,ug.mL-1,MIC,,Beta-lactamase NDM-1,single protein format
CHEMBL4550113,COC(=O)CNC(=O)CNC(=O)Cc1ccc(-n2cc(CN(Cc3ccccn3)Cc3ccccn3)nn2)cc1,=,4.0,ug.mL-1,MIC,,Beta-lactamase NDM-1,single protein format
CHEMBL4587348,COC(=O)[C@@H](C)NC(=O)[C@@H](C)NC(=O)Cc1ccc(-n2cc(CN(Cc3ccccn3)Cc3ccccn3)nn2)cc1,=,4.0,ug.mL-1,MIC,,Beta-lactamase NDM-1,single protein format
CHEMBL4535624,NCC(=O)NCC(=O)NCCc1ccc(-n2cc(CN(Cc3ccccn3)Cc3ccccn3)nn2)cc1,=,4.0,ug.mL-1,MIC,,Beta-lactamase NDM-1,single protein format
CHEMBL4534349,C[C@@H](N)C(=O)N[C@H](C)C(=O)NCCc1ccc(-n2cc(CN(Cc3ccccn3)Cc3ccccn3)nn2)cc1,=,4.0,ug.mL-1,MIC,,Beta-lactamase NDM-1,single protein format
CHEMBL4483441,CCOC(=O)Cc1ccc(-n2cc(CN(Cc3ccccn3)Cc3ccccn3)nn2)cc1,=,4.0,ug.mL-1,MIC,,Beta-lactamase NDM-1,single protein format
CHEMBL4515854,COC(=O)CNC(=O)[C@H](CCCCNC(=O)Cn1cc(CN(Cc2ccccn2)Cc2ccccn2)nn1)NC(C)=O,=,4.0,ug.mL-1,MIC,,Beta-lactamase NDM-1,single protein format
CHEMBL4582410,COC(=O)[C@@H](C)NC(=O)[C@H](CCCCNC(=O)Cn1cc(CN(Cc2ccccn2)Cc2ccccn2)nn1)NC(C)=O,=,8.0,ug.mL-1,MIC,,Beta-lactamase NDM-1,single protein format
CHEMBL4588675,COC(=O)CNC(=O)[C@H](CCCCNC(C)=O)NC(=O)Cn1cc(CN(Cc2ccccn2)Cc2ccccn2)nn1,=,8.0,ug.mL-1,MIC,,Beta-lactamase NDM-1,single protein format
CHEMBL4541790,COC(=O)[C@@H](C)NC(=O)[C@H](CCCCNC(C)=O)NC(=O)Cn1cc(CN(Cc2ccccn2)Cc2ccccn2)nn1,=,8.0,ug.mL-1,MIC,,Beta-lactamase NDM-1,single protein format
CHEMBL4516880,COC(=O)[C@@H](C)NC(=O)[C@@H](C)NC(=O)CN(C)CCN(Cc1ccccn1)Cc1ccccn1,=,0.125,ug.mL-1,MIC,,Beta-lactamase NDM-1,single protein format
CHEMBL4587049,COC(=O)[C@@H](C)NC(=O)[C@@H](C)NC(=O)Cn1cc(CN(Cc2ccccn2)Cc2ccccn2)nn1,=,16.0,ug.mL-1,MIC,,Beta-lactamase NDM-1,single protein format
CHEMBL4592119,COC(=O)[C@H](C)NC(=O)[C@H](C)NC(=O)Cn1cc(CN(Cc2ccccn2)Cc2ccccn2)nn1,=,8.0,ug.mL-1,MIC,,Beta-lactamase NDM-1,single protein format
CHEMBL4545535,CC(=O)NCCCC[C@H](NC(=O)Cn1cc(CN(Cc2ccccn2)Cc2ccccn2)nn1)C(=O)NCB(O)O,=,8.0,ug.mL-1,MIC,,Beta-lactamase NDM-1,single protein format
CHEMBL4592847,CC(=O)N[C@@H](CCCCNC(=O)Cn1cc(CN(Cc2ccccn2)Cc2ccccn2)nn1)C(=O)NCB(O)O,=,8.0,ug.mL-1,MIC,,Beta-lactamase NDM-1,single protein format
CHEMBL4516880,COC(=O)[C@@H](C)NC(=O)[C@@H](C)NC(=O)CN(C)CCN(Cc1ccccn1)Cc1ccccn1,=,0.125,ug.mL-1,MIC,,Beta-lactamase NDM-1,single protein format
CHEMBL4550301,COC(=O)CNC(=O)CNC(=O)Cc1ccc(NC(=O)CN(CCN(Cc2ccccn2)Cc2ccccn2)Cc2ccccn2)cc1,=,2.0,ug.mL-1,MIC,,Beta-lactamase NDM-1,single protein format
CHEMBL4574784,COC(=O)[C@@H](C)NC(=O)[C@@H](C)NC(=O)Cc1ccc(NC(=O)CN(CCN(Cc2ccccn2)Cc2ccccn2)Cc2ccccn2)cc1,=,0.125,ug.mL-1,MIC,,Beta-lactamase NDM-1,single protein format
CHEMBL4530703,COC(=O)[C@H](C)NC(=O)[C@H](C)NC(=O)Cc1ccc(NC(=O)CN(CCN(Cc2ccccn2)Cc2ccccn2)Cc2ccccn2)cc1,=,0.125,ug.mL-1,MIC,,Beta-lactamase NDM-1,single protein format
CHEMBL4579203,C[C@@H](N)C(=O)N[C@H](C)C(=O)NCCc1ccc(NC(=O)CN(CCN(Cc2ccccn2)Cc2ccccn2)Cc2ccccn2)cc1.Cl,=,0.125,ug.mL-1,MIC,,Beta-lactamase NDM-1,single protein format
CHEMBL4567113,C[C@H](N)C(=O)N[C@@H](C)C(=O)NCCc1ccc(NC(=O)CN(CCN(Cc2ccccn2)Cc2ccccn2)Cc2ccccn2)cc1.Cl,=,0.125,ug.mL-1,MIC,,Beta-lactamase NDM-1,single protein format
CHEMBL4545310,c1ccc(CNCCN(Cc2ccccn2)Cc2ccccn2)nc1,=,0.125,ug.mL-1,MIC,,Beta-lactamase NDM-1,single protein format
CHEMBL4520395,CN(CCN(Cc1ccccn1)Cc1ccccn1)CC(=O)N(C)C[C@H](O)[C@@H](O)[C@H](O)[C@H](O)CO,=,0.25,ug.mL-1,MIC,,Beta-lactamase NDM-1,single protein format
CHEMBL4529852,OC1O[C@H](Cn2cc(CN(CCN(Cc3ccccn3)Cc3ccccn3)Cc3ccccn3)nn2)[C@H](O)[C@H](O)[C@H]1O,=,0.125,ug.mL-1,MIC,,Beta-lactamase NDM-1,single protein format
CHEMBL4587049,COC(=O)[C@@H](C)NC(=O)[C@@H](C)NC(=O)Cn1cc(CN(Cc2ccccn2)Cc2ccccn2)nn1,=,32.0,ug.mL-1,MIC,,Beta-lactamase NDM-1,single protein format
CHEMBL4592119,COC(=O)[C@H](C)NC(=O)[C@H](C)NC(=O)Cn1cc(CN(Cc2ccccn2)Cc2ccccn2)nn1,=,16.0,ug.mL-1,MIC,,Beta-lactamase NDM-1,single protein format
CHEMBL4545535,CC(=O)NCCCC[C@H](NC(=O)Cn1cc(CN(Cc2ccccn2)Cc2ccccn2)nn1)C(=O)NCB(O)O,=,16.0,ug.mL-1,MIC,,Beta-lactamase NDM-1,single protein format
CHEMBL4592847,CC(=O)N[C@@H](CCCCNC(=O)Cn1cc(CN(Cc2ccccn2)Cc2ccccn2)nn1)C(=O)NCB(O)O,=,16.0,ug.mL-1,MIC,,Beta-lactamase NDM-1,single protein format
CHEMBL4516880,COC(=O)[C@@H](C)NC(=O)[C@@H](C)NC(=O)CN(C)CCN(Cc1ccccn1)Cc1ccccn1,=,16.0,ug.mL-1,MIC,,Beta-lactamase NDM-1,single protein format
CHEMBL4550301,COC(=O)CNC(=O)CNC(=O)Cc1ccc(NC(=O)CN(CCN(Cc2ccccn2)Cc2ccccn2)Cc2ccccn2)cc1,=,16.0,ug.mL-1,MIC,,Beta-lactamase NDM-1,single protein format
CHEMBL4574784,COC(=O)[C@@H](C)NC(=O)[C@@H](C)NC(=O)Cc1ccc(NC(=O)CN(CCN(Cc2ccccn2)Cc2ccccn2)Cc2ccccn2)cc1,=,16.0,ug.mL-1,MIC,,Beta-lactamase NDM-1,single protein format
CHEMBL4530703,COC(=O)[C@H](C)NC(=O)[C@H](C)NC(=O)Cc1ccc(NC(=O)CN(CCN(Cc2ccccn2)Cc2ccccn2)Cc2ccccn2)cc1,=,8.0,ug.mL-1,MIC,,Beta-lactamase NDM-1,single protein format
CHEMBL4579203,C[C@@H](N)C(=O)N[C@H](C)C(=O)NCCc1ccc(NC(=O)CN(CCN(Cc2ccccn2)Cc2ccccn2)Cc2ccccn2)cc1.Cl,=,8.0,ug.mL-1,MIC,,Beta-lactamase NDM-1,single protein format
CHEMBL4567113,C[C@H](N)C(=O)N[C@@H](C)C(=O)NCCc1ccc(NC(=O)CN(CCN(Cc2ccccn2)Cc2ccccn2)Cc2ccccn2)cc1.Cl,=,16.0,ug.mL-1,MIC,,Beta-lactamase NDM-1,single protein format
CHEMBL4545310,c1ccc(CNCCN(Cc2ccccn2)Cc2ccccn2)nc1,=,8.0,ug.mL-1,MIC,,Beta-lactamase NDM-1,single protein format
CHEMBL4520395,CN(CCN(Cc1ccccn1)Cc1ccccn1)CC(=O)N(C)C[C@H](O)[C@@H](O)[C@H](O)[C@H](O)CO,=,32.0,ug.mL-1,MIC,,Beta-lactamase NDM-1,single protein format
CHEMBL4529852,OC1O[C@H](Cn2cc(CN(CCN(Cc3ccccn3)Cc3ccccn3)Cc3ccccn3)nn2)[C@H](O)[C@H](O)[C@H]1O,=,8.0,ug.mL-1,MIC,,Beta-lactamase NDM-1,single protein format
