molecule_chembl_id,canonical_smiles,standard_relation,standard_value,standard_units,standard_type,pchembl_value,target_pref_name,bao_label
CHEMBL324074,O=C(COc1ccccc1)N[C@@H]1C(=O)N2C(C(=O)O)=C(COC(=O)c3cccc(C(=O)c4cc(Cl)cc(C(=O)c5ccccc5O)c4O)c3O)CS[C@H]12,=,5.98,ug ml-1,MPC,,Beta-lactamase,assay format
CHEMBL117890,CC(=O)OCC1=C(C(=O)O)N2C(=O)[C@@H](NC(=O)c3cccc(C(=O)c4cc(Cl)cc(C(=O)c5ccccc5O)c4O)c3O)[C@H]2SC1,=,93.45,ug ml-1,MPC,,Beta-lactamase,assay format
CHEMBL117020,CC(=O)OCC1=C(C(=O)O)N2C(=O)[C@@H](NC(=O)c3cccc(Cc4cc(Cl)cc(Cc5ccccc5O)c4O)c3O)[C@H]2SC1,=,99.78,ug ml-1,MPC,,Beta-lactamase,assay format
CHEMBL1730,CO/N=C(\C(=O)N[C@@H]1C(=O)N2C(C(=O)O)=C(COC(C)=O)CS[C@H]12)c1csc(N)n1,=,1.03,ug ml-1,MPC,,Beta-lactamase,assay format
CHEMBL323835,O=C(COc1ccccc1)N[C@@H]1C(=O)N2C(C(=O)O)=C(COC(=O)c3cccc(Cc4cc(Cl)cc(Cc5ccccc5O)c4O)c3O)CS[C@H]12,=,6.74,ug ml-1,MPC,,Beta-lactamase,assay format
CHEMBL777,O=C(O)[C@H]1/C(=C/CO)O[C@@H]2CC(=O)N21,=,3.0,ug ml-1,MPC,,Beta-lactamase,assay format
CHEMBL317778,CC(=O)OCC1=C(C(=O)O)N2C(=O)[C@@H](NC(=O)COc3ccccc3)[C@H]2SC1,=,0.97,ug ml-1,MPC,,Beta-lactamase,assay format
CHEMBL34277,CC(C)CCCCCCCCCCCCCc1cccc(O)c1C(=O)O,=,16000.0,ug.mL-1,IC50,,Beta-lactamase,single protein format
CHEMBL30914,CCCCCCCCCCCCCCCCCc1cccc(O)c1C(=O)O,=,9100.0,ug.mL-1,IC50,,Beta-lactamase,single protein format
CHEMBL455368,C=CC/C=C\C/C=C\CCCCCCCc1cccc(O)c1C(=O)O,=,7200.0,ug.mL-1,IC50,,Beta-lactamase,single protein format
CHEMBL33379,CCCCCCCCc1cccc(O)c1C(=O)O,=,160000.0,ug.mL-1,IC50,,Beta-lactamase,single protein format
CHEMBL33202,CCCCCCCCCCc1cccc(O)c1,=,32000.0,ug.mL-1,IC50,,Beta-lactamase,single protein format
CHEMBL416038,CCCCCCCCCCc1cccc(O)c1C(=O)O,=,150000.0,ug.mL-1,IC50,,Beta-lactamase,single protein format
CHEMBL33019,CCCCCCCCCCc1cccc(O)c1O,=,28000.0,ug.mL-1,IC50,,Beta-lactamase,single protein format
CHEMBL30870,CCCCCCCCCCc1cccc(OC)c1C(=O)O,=,160000.0,ug.mL-1,IC50,,Beta-lactamase,single protein format
CHEMBL8087,CCCCCCCCCCCCCCCc1cccc(O)c1O,=,48000.0,ug.mL-1,IC50,,Beta-lactamase,single protein format
CHEMBL30915,CCCCCCCCCCCCCCCc1cccc(OC)c1C(=O)O,=,11000.0,ug.mL-1,IC50,,Beta-lactamase,single protein format
CHEMBL284924,CCCCCCCCCCc1ccccc1C(=O)O,=,260000.0,ug.mL-1,IC50,,Beta-lactamase,single protein format
CHEMBL33995,CC/C=C\C/C=C\C/C=C\CCCCCCCc1cccc(O)c1C(=O)O,=,41000.0,ug.mL-1,IC50,,Beta-lactamase,single protein format
CHEMBL34634,CCC(C)CCCCCCCCCCCCc1cccc(O)c1C(=O)O,=,36000.0,ug.mL-1,IC50,,Beta-lactamase,single protein format
CHEMBL34689,CCCCCCCCCCCCCCCc1cccc(O)c1,=,45000.0,ug.mL-1,IC50,,Beta-lactamase,single protein format
CHEMBL777,O=C(O)[C@H]1/C(=C/CO)O[C@@H]2CC(=O)N21,=,740000.0,ug.mL-1,IC50,,Beta-lactamase,single protein format
CHEMBL311842,Cc1nnc(SC2=C(C(=O)OC(c3ccccc3)c3ccccc3)N3C(=O)C[C@H]3S2)s1,=,0.0,%,Inhibition,,Beta-lactamase,single protein format
CHEMBL129690,O=C(Nc1ccccc1)N1CC[C@@H]2[C@H]1C(=O)N2S(=O)(=O)[O-].[Na+],=,420.0,nM,IC50,6.38,Beta-lactamase,single protein format
CHEMBL777,O=C(O)[C@H]1/C(=C/CO)O[C@@H]2CC(=O)N21,=,800.0,nM,IC50,6.10,Beta-lactamase,single protein format
CHEMBL338157,NC(=O)c1cccc(NC(=O)N2CC[C@@H]3[C@H]2C(=O)N3S(=O)(=O)[O-])c1.[Na+],=,24.0,nM,IC50,7.62,Beta-lactamase,single protein format
CHEMBL2079714,[NH-]C(=O)c1ccc[n+](CC(=O)N2CC[C@@H]3[C@H]2C(=O)N3S(=O)(=O)[O-])c1.[Na+],=,27.0,nM,IC50,7.57,Beta-lactamase,single protein format
CHEMBL2079714,[NH-]C(=O)c1ccc[n+](CC(=O)N2CC[C@@H]3[C@H]2C(=O)N3S(=O)(=O)[O-])c1.[Na+],=,65.0,uM,Ks,,Beta-lactamase,single protein format
CHEMBL2079714,[NH-]C(=O)c1ccc[n+](CC(=O)N2CC[C@@H]3[C@H]2C(=O)N3S(=O)(=O)[O-])c1.[Na+],=,0.9,s-1,Kon,,Beta-lactamase,single protein format
CHEMBL2079714,[NH-]C(=O)c1ccc[n+](CC(=O)N2CC[C@@H]3[C@H]2C(=O)N3S(=O)(=O)[O-])c1.[Na+],=,0.000009,s-1,k_off,,Beta-lactamase,assay format
CHEMBL2079714,[NH-]C(=O)c1ccc[n+](CC(=O)N2CC[C@@H]3[C@H]2C(=O)N3S(=O)(=O)[O-])c1.[Na+],=,65.0,uM,Ks,,Beta-lactamase,single protein format
CHEMBL2079714,[NH-]C(=O)c1ccc[n+](CC(=O)N2CC[C@@H]3[C@H]2C(=O)N3S(=O)(=O)[O-])c1.[Na+],=,0.9,s-1,Kon,,Beta-lactamase,single protein format
CHEMBL2079714,[NH-]C(=O)c1ccc[n+](CC(=O)N2CC[C@@H]3[C@H]2C(=O)N3S(=O)(=O)[O-])c1.[Na+],=,0.000009,s-1,k_off,,Beta-lactamase,assay format
CHEMBL341496,Cn1nnnc1SCC(=O)N1CC[C@@H]2[C@H]1C(=O)N2S(=O)(=O)[O-].[Na+],=,200.0,nM,IC50,6.70,Beta-lactamase,single protein format
CHEMBL340707,Cn1nnnc1S[C@@H]1CN(C(=O)OCc2ccccc2)[C@@H]2C(=O)N(S(=O)(=O)[O-])[C@@H]21.[Na+],=,613.0,nM,IC50,6.21,Beta-lactamase,single protein format
CHEMBL340707,Cn1nnnc1S[C@@H]1CN(C(=O)OCc2ccccc2)[C@@H]2C(=O)N(S(=O)(=O)[O-])[C@@H]21.[Na+],=,15.0,uM,Ks,,Beta-lactamase,single protein format
CHEMBL340707,Cn1nnnc1S[C@@H]1CN(C(=O)OCc2ccccc2)[C@@H]2C(=O)N(S(=O)(=O)[O-])[C@@H]21.[Na+],=,3.8,s-1,Kon,,Beta-lactamase,single protein format
CHEMBL340707,Cn1nnnc1S[C@@H]1CN(C(=O)OCc2ccccc2)[C@@H]2C(=O)N(S(=O)(=O)[O-])[C@@H]21.[Na+],=,0.000041,s-1,k_off,,Beta-lactamase,single protein format
CHEMBL340707,Cn1nnnc1S[C@@H]1CN(C(=O)OCc2ccccc2)[C@@H]2C(=O)N(S(=O)(=O)[O-])[C@@H]21.[Na+],=,15.0,uM,Ks,,Beta-lactamase,single protein format
CHEMBL340707,Cn1nnnc1S[C@@H]1CN(C(=O)OCc2ccccc2)[C@@H]2C(=O)N(S(=O)(=O)[O-])[C@@H]21.[Na+],=,3.8,s-1,Kon,,Beta-lactamase,single protein format
CHEMBL340707,Cn1nnnc1S[C@@H]1CN(C(=O)OCc2ccccc2)[C@@H]2C(=O)N(S(=O)(=O)[O-])[C@@H]21.[Na+],=,0.000041,s-1,k_off,,Beta-lactamase,single protein format
CHEMBL339600,NC(=O)c1ccc(NC(=O)N2CC[C@@H]3[C@H]2C(=O)N3S(=O)(=O)[O-])cc1.[Na+],=,217.0,nM,IC50,6.66,Beta-lactamase,single protein format
CHEMBL415234,CC(C)(C)OC(=O)N1CCC[C@@H]2[C@H]1C(=O)N2S(=O)(=O)[O-].[Na+],=,145000.0,nM,IC50,,Beta-lactamase,single protein format
CHEMBL415234,CC(C)(C)OC(=O)N1CCC[C@@H]2[C@H]1C(=O)N2S(=O)(=O)[O-].[Na+],=,3500.0,uM,Ks,,Beta-lactamase,single protein format
CHEMBL415234,CC(C)(C)OC(=O)N1CCC[C@@H]2[C@H]1C(=O)N2S(=O)(=O)[O-].[Na+],=,0.5,s-1,Kon,,Beta-lactamase,single protein format
CHEMBL415234,CC(C)(C)OC(=O)N1CCC[C@@H]2[C@H]1C(=O)N2S(=O)(=O)[O-].[Na+],=,0.0007,s-1,k_off,,Beta-lactamase,single protein format
CHEMBL415234,CC(C)(C)OC(=O)N1CCC[C@@H]2[C@H]1C(=O)N2S(=O)(=O)[O-].[Na+],=,3500.0,uM,Ks,,Beta-lactamase,single protein format
CHEMBL415234,CC(C)(C)OC(=O)N1CCC[C@@H]2[C@H]1C(=O)N2S(=O)(=O)[O-].[Na+],=,0.5,s-1,Kon,,Beta-lactamase,single protein format
CHEMBL415234,CC(C)(C)OC(=O)N1CCC[C@@H]2[C@H]1C(=O)N2S(=O)(=O)[O-].[Na+],=,0.0007,s-1,k_off,,Beta-lactamase,single protein format
CHEMBL340937,O=C(/C=C/c1c[nH]cn1)N1CC[C@@H]2[C@H]1C(=O)N2S(=O)(=O)[O-].[Na+],=,110.0,nM,IC50,6.96,Beta-lactamase,single protein format
CHEMBL340423,O=C(OCc1ccccc1)N1CC[C@@H]2[C@H]1C(=O)N2S(=O)(=O)[O-].[Na+],=,200.0,nM,IC50,6.70,Beta-lactamase,single protein format
CHEMBL128523,CC(C)(C)OC(=O)N1CC[C@@H]2[C@H]1C(=O)N2S(=O)(=O)[O-].[Na+],=,1500.0,nM,IC50,5.82,Beta-lactamase,single protein format
CHEMBL128523,CC(C)(C)OC(=O)N1CC[C@@H]2[C@H]1C(=O)N2S(=O)(=O)[O-].[Na+],=,127.0,uM,Ks,,Beta-lactamase,single protein format
CHEMBL128523,CC(C)(C)OC(=O)N1CC[C@@H]2[C@H]1C(=O)N2S(=O)(=O)[O-].[Na+],=,11.0,s-1,Kon,,Beta-lactamase,single protein format
CHEMBL128523,CC(C)(C)OC(=O)N1CC[C@@H]2[C@H]1C(=O)N2S(=O)(=O)[O-].[Na+],=,0.000037,s-1,k_off,,Beta-lactamase,single protein format
CHEMBL128523,CC(C)(C)OC(=O)N1CC[C@@H]2[C@H]1C(=O)N2S(=O)(=O)[O-].[Na+],=,127.0,uM,Ks,,Beta-lactamase,single protein format
CHEMBL128523,CC(C)(C)OC(=O)N1CC[C@@H]2[C@H]1C(=O)N2S(=O)(=O)[O-].[Na+],=,11.0,s-1,Kon,,Beta-lactamase,single protein format
CHEMBL128523,CC(C)(C)OC(=O)N1CC[C@@H]2[C@H]1C(=O)N2S(=O)(=O)[O-].[Na+],=,0.000037,s-1,k_off,,Beta-lactamase,single protein format
CHEMBL72456,Cn1nnnc1SC1=C(C(=O)OC(c2ccccc2)c2ccccc2)N2C(=O)C[C@H]2S1,=,16.0,%,Inhibition,,Beta-lactamase,single protein format
CHEMBL338933,O=C(CNc1ccc(O)cc1)N1CC[C@@H]2[C@H]1C(=O)N2S(=O)(=O)[O-].[Na+],=,25.0,nM,IC50,7.60,Beta-lactamase,single protein format
CHEMBL129651,Cn1cnnc1SCC(=O)N1CC[C@@H]2[C@H]1C(=O)N2S(=O)(=O)[O-].[Na+],=,853.0,nM,IC50,6.07,Beta-lactamase,single protein format
CHEMBL340351,O=C(OCc1ccccc1)N1C[C@H](F)[C@@H]2[C@H]1C(=O)N2S(=O)(=O)[O-].[Na+],=,380.0,nM,IC50,6.42,Beta-lactamase,single protein format
CHEMBL127782,NC(=O)/C=C1\CN(C(=O)OCc2ccccc2)[C@@H]2C(=O)N(S(=O)(=O)[O-])[C@H]12.[Na+],=,1035.0,nM,IC50,5.99,Beta-lactamase,single protein format
CHEMBL130187,NC(=O)Nc1ccc(NC(=O)N2CC[C@@H]3[C@H]2C(=O)N3S(=O)(=O)[O-])cc1.[Na+],=,48.0,nM,IC50,7.32,Beta-lactamase,single protein format
CHEMBL129226,Cn1ccnc1SCC(=O)N1CC[C@@H]2[C@H]1C(=O)N2S(=O)(=O)[O-].[Na+],=,612.0,nM,IC50,6.21,Beta-lactamase,single protein format
CHEMBL130854,NC(C(=O)N1CC[C@@H]2[C@H]1C(=O)N2S(=O)(=O)[O-])c1ccc(O)cc1.[Na+],=,90.0,nM,IC50,7.05,Beta-lactamase,single protein format
CHEMBL130854,NC(C(=O)N1CC[C@@H]2[C@H]1C(=O)N2S(=O)(=O)[O-])c1ccc(O)cc1.[Na+],=,6.9,uM,Ks,,Beta-lactamase,single protein format
CHEMBL130854,NC(C(=O)N1CC[C@@H]2[C@H]1C(=O)N2S(=O)(=O)[O-])c1ccc(O)cc1.[Na+],=,2.7,s-1,Kon,,Beta-lactamase,single protein format
CHEMBL130854,NC(C(=O)N1CC[C@@H]2[C@H]1C(=O)N2S(=O)(=O)[O-])c1ccc(O)cc1.[Na+],<,0.00001,s-1,k_off,,Beta-lactamase,single protein format
CHEMBL130854,NC(C(=O)N1CC[C@@H]2[C@H]1C(=O)N2S(=O)(=O)[O-])c1ccc(O)cc1.[Na+],=,6.9,uM,Ks,,Beta-lactamase,single protein format
CHEMBL130854,NC(C(=O)N1CC[C@@H]2[C@H]1C(=O)N2S(=O)(=O)[O-])c1ccc(O)cc1.[Na+],=,2.7,s-1,Kon,,Beta-lactamase,single protein format
CHEMBL130854,NC(C(=O)N1CC[C@@H]2[C@H]1C(=O)N2S(=O)(=O)[O-])c1ccc(O)cc1.[Na+],<,0.00001,s-1,k_off,,Beta-lactamase,single protein format
CHEMBL338351,O=C(Nc1ccc(O)cc1)N1CC[C@@H]2[C@H]1C(=O)N2S(=O)(=O)[O-].[Na+],=,155.0,nM,IC50,6.81,Beta-lactamase,single protein format
CHEMBL338351,O=C(Nc1ccc(O)cc1)N1CC[C@@H]2[C@H]1C(=O)N2S(=O)(=O)[O-].[Na+],=,50.0,uM,Ks,,Beta-lactamase,single protein format
CHEMBL338351,O=C(Nc1ccc(O)cc1)N1CC[C@@H]2[C@H]1C(=O)N2S(=O)(=O)[O-].[Na+],=,0.4,s-1,Kon,,Beta-lactamase,single protein format
CHEMBL338351,O=C(Nc1ccc(O)cc1)N1CC[C@@H]2[C@H]1C(=O)N2S(=O)(=O)[O-].[Na+],=,0.000053,s-1,k_off,,Beta-lactamase,single protein format
CHEMBL338351,O=C(Nc1ccc(O)cc1)N1CC[C@@H]2[C@H]1C(=O)N2S(=O)(=O)[O-].[Na+],=,50.0,uM,Ks,,Beta-lactamase,single protein format
CHEMBL338351,O=C(Nc1ccc(O)cc1)N1CC[C@@H]2[C@H]1C(=O)N2S(=O)(=O)[O-].[Na+],=,0.4,s-1,Kon,,Beta-lactamase,single protein format
CHEMBL338351,O=C(Nc1ccc(O)cc1)N1CC[C@@H]2[C@H]1C(=O)N2S(=O)(=O)[O-].[Na+],=,0.000053,s-1,k_off,,Beta-lactamase,single protein format
CHEMBL336630,O=C(NC1CCNCC1)N1CC[C@@H]2[C@H]1C(=O)N2S(=O)(=O)[O-].[Na+],=,3900.0,nM,IC50,5.41,Beta-lactamase,single protein format
CHEMBL336630,O=C(NC1CCNCC1)N1CC[C@@H]2[C@H]1C(=O)N2S(=O)(=O)[O-].[Na+],=,1480.0,uM,Ks,,Beta-lactamase,single protein format
CHEMBL336630,O=C(NC1CCNCC1)N1CC[C@@H]2[C@H]1C(=O)N2S(=O)(=O)[O-].[Na+],=,1.5,s-1,Kon,,Beta-lactamase,single protein format
CHEMBL336630,O=C(NC1CCNCC1)N1CC[C@@H]2[C@H]1C(=O)N2S(=O)(=O)[O-].[Na+],=,0.0012,s-1,k_off,,Beta-lactamase,single protein format
CHEMBL336630,O=C(NC1CCNCC1)N1CC[C@@H]2[C@H]1C(=O)N2S(=O)(=O)[O-].[Na+],=,1480.0,uM,Ks,,Beta-lactamase,single protein format
CHEMBL336630,O=C(NC1CCNCC1)N1CC[C@@H]2[C@H]1C(=O)N2S(=O)(=O)[O-].[Na+],=,1.5,s-1,Kon,,Beta-lactamase,single protein format
CHEMBL336630,O=C(NC1CCNCC1)N1CC[C@@H]2[C@H]1C(=O)N2S(=O)(=O)[O-].[Na+],=,0.0012,s-1,k_off,,Beta-lactamase,single protein format
CHEMBL129090,O=C1NCC[C@@H]1NC(=O)N1CC[C@@H]2[C@H]1C(=O)N2S(=O)(=O)[O-].[Na+],=,2246.0,nM,IC50,5.65,Beta-lactamase,single protein format
CHEMBL341484,Cc1nn(C)c(SCC(=O)N2CC[C@@H]3[C@H]2C(=O)N3S(=O)(=O)[O-])nc1=O.[Na+],=,55.0,nM,IC50,7.26,Beta-lactamase,single protein format
CHEMBL122209,CCOC(=O)/C=C\[C@@]1(C)[C@H](C(=O)O)N2C(=O)C[C@H]2S1(=O)=O,=,15000.0,nM,IC50,4.82,Beta-lactamase,single protein format
CHEMBL6461,C[C@]1(/C=C/C#N)[C@H](C(=O)[O-])N2C(=O)C[C@H]2S1(=O)=O.[Na+],=,380.0,nM,IC50,6.42,Beta-lactamase,single protein format
CHEMBL6461,C[C@]1(/C=C/C#N)[C@H](C(=O)[O-])N2C(=O)C[C@H]2S1(=O)=O.[Na+],=,860.0,nM,IC50,6.07,Beta-lactamase,single protein format
CHEMBL6461,C[C@]1(/C=C/C#N)[C@H](C(=O)[O-])N2C(=O)C[C@H]2S1(=O)=O.[Na+],=,1970.0,nM,IC50,5.71,Beta-lactamase,single protein format
CHEMBL404,C[C@]1(Cn2ccnn2)[C@H](C(=O)O)N2C(=O)C[C@H]2S1(=O)=O,=,820.0,nM,IC50,6.09,Beta-lactamase,single protein format
CHEMBL404,C[C@]1(Cn2ccnn2)[C@H](C(=O)O)N2C(=O)C[C@H]2S1(=O)=O,=,2110.0,nM,IC50,5.68,Beta-lactamase,single protein format
CHEMBL404,C[C@]1(Cn2ccnn2)[C@H](C(=O)O)N2C(=O)C[C@H]2S1(=O)=O,=,36000.0,nM,IC50,4.44,Beta-lactamase,single protein format
CHEMBL332565,C[C@]1(/C=C\c2cncs2)[C@H](C(=O)[O-])N2C(=O)C[C@H]2S1(=O)=O.[Na+],=,8900.0,nM,IC50,5.05,Beta-lactamase,single protein format
CHEMBL121924,C[C@]1(/C=C\c2ccccn2)[C@H](C(=O)[O-])N2C(=O)C[C@H]2S1(=O)=O.[Na+],=,15000.0,nM,IC50,4.82,Beta-lactamase,single protein format
CHEMBL333330,C[C@]1(/C=C/c2cncs2)[C@H](C(=O)O)N2C(=O)C[C@H]2S1(=O)=O,=,540.0,nM,IC50,6.27,Beta-lactamase,single protein format
CHEMBL123481,C[C@]1(/C=C/C[n+]2ccccc2)[C@H](C(=O)O)N2C(=O)C[C@H]2S1(=O)=O.O=S(=O)([O-])C(F)(F)F,=,75000.0,nM,IC50,4.12,Beta-lactamase,single protein format
CHEMBL33995,CC/C=C\C/C=C\C/C=C\CCCCCCCc1cccc(O)c1C(=O)O,=,40.5,ug.mL-1,IC50,,Beta-lactamase,single protein format
CHEMBL777,O=C(O)[C@H]1/C(=C/CO)O[C@@H]2CC(=O)N21,=,740.0,ug.mL-1,IC50,,Beta-lactamase,single protein format
CHEMBL29,CC1(C)S[C@@H]2[C@H](NC(=O)Cc3ccccc3)C(=O)N2[C@H]1C(=O)O,=,61.0,%,Activity,,Beta-lactamase,single protein format
CHEMBL520642,Nc1nc(/C(=N/O)C(=O)N[C@@H]2C(=O)N3C(C(=O)O)=C(/C=C4\CCN([C@@H]5CCNC5)C4=O)CS[C@H]23)ns1,=,55000.0,nM,Km,,Beta-lactamase,single protein format
CHEMBL29,CC1(C)S[C@@H]2[C@H](NC(=O)Cc3ccccc3)C(=O)N2[C@H]1C(=O)O,=,45.0,/s,Kcat,,Beta-lactamase,single protein format
CHEMBL520642,Nc1nc(/C(=N/O)C(=O)N[C@@H]2C(=O)N3C(C(=O)O)=C(/C=C4\CCN([C@@H]5CCNC5)C4=O)CS[C@H]23)ns1,=,42000.0,nM,Km,,Beta-lactamase,single protein format
CHEMBL29,CC1(C)S[C@@H]2[C@H](NC(=O)Cc3ccccc3)C(=O)N2[C@H]1C(=O)O,=,40000.0,nM,Km,,Beta-lactamase,single protein format
CHEMBL186,CO/N=C(\C(=O)N[C@@H]1C(=O)N2C(C(=O)[O-])=C(C[N+]3(C)CCCC3)CS[C@H]12)c1csc(N)n1,=,38000.0,nM,Km,,Beta-lactamase,single protein format
CHEMBL29,CC1(C)S[C@@H]2[C@H](NC(=O)Cc3ccccc3)C(=O)N2[C@H]1C(=O)O,=,37.0,/s,Kcat,,Beta-lactamase,single protein format
CHEMBL29,CC1(C)S[C@@H]2[C@H](NC(=O)Cc3ccccc3)C(=O)N2[C@H]1C(=O)O,=,37.0,%,Activity,,Beta-lactamase,single protein format
CHEMBL29,CC1(C)S[C@@H]2[C@H](NC(=O)Cc3ccccc3)C(=O)N2[C@H]1C(=O)O,=,35.0,%,Activity,,Beta-lactamase,single protein format
CHEMBL520642,Nc1nc(/C(=N/O)C(=O)N[C@@H]2C(=O)N3C(C(=O)O)=C(/C=C4\CCN([C@@H]5CCNC5)C4=O)CS[C@H]23)ns1,=,29000.0,nM,Km,,Beta-lactamase,single protein format
CHEMBL316157,O=C(Cc1cccs1)N[C@@H]1C(=O)N2C(C(=O)[O-])=C(C[n+]3ccccc3)CS[C@H]12,=,22.0,/s,Kcat,,Beta-lactamase,single protein format
CHEMBL316157,O=C(Cc1cccs1)N[C@@H]1C(=O)N2C(C(=O)[O-])=C(C[n+]3ccccc3)CS[C@H]12,=,21000.0,nM,Km,,Beta-lactamase,single protein format
CHEMBL44354,CC(C)(O/N=C(\C(=O)N[C@@H]1C(=O)N2C(C(=O)[O-])=C(C[n+]3ccccc3)CS[C@H]12)c1csc(N)n1)C(=O)O,=,20000.0,nM,Km,,Beta-lactamase,single protein format
CHEMBL29,CC1(C)S[C@@H]2[C@H](NC(=O)Cc3ccccc3)C(=O)N2[C@H]1C(=O)O,=,20.0,/s,Kcat,,Beta-lactamase,single protein format
CHEMBL186,CO/N=C(\C(=O)N[C@@H]1C(=O)N2C(C(=O)[O-])=C(C[N+]3(C)CCCC3)CS[C@H]12)c1csc(N)n1,=,19.0,%,Activity,,Beta-lactamase,single protein format
CHEMBL316157,O=C(Cc1cccs1)N[C@@H]1C(=O)N2C(C(=O)[O-])=C(C[n+]3ccccc3)CS[C@H]12,=,16.0,/s,Kcat,,Beta-lactamase,single protein format
CHEMBL480517,O=C(Cc1cccs1)N[C@@H]1C(=O)N2C(C(=O)O)=C(/C=C/c3ccc([N+](=O)[O-])cc3[N+](=O)[O-])CS[C@H]12,=,12000.0,nM,Km,,Beta-lactamase,single protein format
CHEMBL44354,CC(C)(O/N=C(\C(=O)N[C@@H]1C(=O)N2C(C(=O)[O-])=C(C[n+]3ccccc3)CS[C@H]12)c1csc(N)n1)C(=O)O,=,12000.0,nM,Km,,Beta-lactamase,single protein format
CHEMBL29,CC1(C)S[C@@H]2[C@H](NC(=O)Cc3ccccc3)C(=O)N2[C@H]1C(=O)O,=,11000.0,nM,Km,,Beta-lactamase,single protein format
CHEMBL29,CC1(C)S[C@@H]2[C@H](NC(=O)Cc3ccccc3)C(=O)N2[C@H]1C(=O)O,=,11.0,/s/microM,Kcat/Km,,Beta-lactamase,single protein format
CHEMBL44354,CC(C)(O/N=C(\C(=O)N[C@@H]1C(=O)N2C(C(=O)[O-])=C(C[n+]3ccccc3)CS[C@H]12)c1csc(N)n1)C(=O)O,=,8000.0,nM,Km,,Beta-lactamase,single protein format
CHEMBL520642,Nc1nc(/C(=N/O)C(=O)N[C@@H]2C(=O)N3C(C(=O)O)=C(/C=C4\CCN([C@@H]5CCNC5)C4=O)CS[C@H]23)ns1,=,7.9,/s/microM,Kcat/Km,,Beta-lactamase,single protein format
CHEMBL29,CC1(C)S[C@@H]2[C@H](NC(=O)Cc3ccccc3)C(=O)N2[C@H]1C(=O)O,=,7900.0,nM,Km,,Beta-lactamase,single protein format
CHEMBL29,CC1(C)S[C@@H]2[C@H](NC(=O)Cc3ccccc3)C(=O)N2[C@H]1C(=O)O,=,6.7,/s/microM,Kcat/Km,,Beta-lactamase,single protein format
CHEMBL480517,O=C(Cc1cccs1)N[C@@H]1C(=O)N2C(C(=O)O)=C(/C=C/c3ccc([N+](=O)[O-])cc3[N+](=O)[O-])CS[C@H]12,=,5.7,/s/microM,Kcat/Km,,Beta-lactamase,single protein format
CHEMBL44354,CC(C)(O/N=C(\C(=O)N[C@@H]1C(=O)N2C(C(=O)[O-])=C(C[n+]3ccccc3)CS[C@H]12)c1csc(N)n1)C(=O)O,=,5.3,%,Activity,,Beta-lactamase,single protein format
CHEMBL520642,Nc1nc(/C(=N/O)C(=O)N[C@@H]2C(=O)N3C(C(=O)O)=C(/C=C4\CCN([C@@H]5CCNC5)C4=O)CS[C@H]23)ns1,=,3.6,/s,Kcat,,Beta-lactamase,single protein format
CHEMBL29,CC1(C)S[C@@H]2[C@H](NC(=O)Cc3ccccc3)C(=O)N2[C@H]1C(=O)O,=,3.4,/s/microM,Kcat/Km,,Beta-lactamase,single protein format
CHEMBL44354,CC(C)(O/N=C(\C(=O)N[C@@H]1C(=O)N2C(C(=O)[O-])=C(C[n+]3ccccc3)CS[C@H]12)c1csc(N)n1)C(=O)O,=,3.1,%,Activity,,Beta-lactamase,single protein format
CHEMBL186,CO/N=C(\C(=O)N[C@@H]1C(=O)N2C(C(=O)[O-])=C(C[N+]3(C)CCCC3)CS[C@H]12)c1csc(N)n1,=,3.1,/s,Kcat,,Beta-lactamase,single protein format
CHEMBL29,CC1(C)S[C@@H]2[C@H](NC(=O)Cc3ccccc3)C(=O)N2[C@H]1C(=O)O,=,3000.0,nM,Km,,Beta-lactamase,single protein format
CHEMBL520642,Nc1nc(/C(=N/O)C(=O)N[C@@H]2C(=O)N3C(C(=O)O)=C(/C=C4\CCN([C@@H]5CCNC5)C4=O)CS[C@H]23)ns1,=,2.0,%,Activity,,Beta-lactamase,single protein format
CHEMBL316157,O=C(Cc1cccs1)N[C@@H]1C(=O)N2C(C(=O)[O-])=C(C[n+]3ccccc3)CS[C@H]12,=,1.8,/s/microM,Kcat/Km,,Beta-lactamase,single protein format
CHEMBL186,CO/N=C(\C(=O)N[C@@H]1C(=O)N2C(C(=O)[O-])=C(C[N+]3(C)CCCC3)CS[C@H]12)c1csc(N)n1,=,1.6,%,Activity,,Beta-lactamase,single protein format
CHEMBL186,CO/N=C(\C(=O)N[C@@H]1C(=O)N2C(C(=O)[O-])=C(C[N+]3(C)CCCC3)CS[C@H]12)c1csc(N)n1,=,1.5,%,Activity,,Beta-lactamase,single protein format
CHEMBL29,CC1(C)S[C@@H]2[C@H](NC(=O)Cc3ccccc3)C(=O)N2[C@H]1C(=O)O,=,1.1,/s/microM,Kcat/Km,,Beta-lactamase,single protein format
CHEMBL316157,O=C(Cc1cccs1)N[C@@H]1C(=O)N2C(C(=O)[O-])=C(C[n+]3ccccc3)CS[C@H]12,=,1.1,/s/microM,Kcat/Km,,Beta-lactamase,single protein format
CHEMBL520642,Nc1nc(/C(=N/O)C(=O)N[C@@H]2C(=O)N3C(C(=O)O)=C(/C=C4\CCN([C@@H]5CCNC5)C4=O)CS[C@H]23)ns1,=,1.0,%,Activity,,Beta-lactamase,single protein format
CHEMBL44354,CC(C)(O/N=C(\C(=O)N[C@@H]1C(=O)N2C(C(=O)[O-])=C(C[n+]3ccccc3)CS[C@H]12)c1csc(N)n1)C(=O)O,=,0.83,%,Activity,,Beta-lactamase,single protein format
CHEMBL186,CO/N=C(\C(=O)N[C@@H]1C(=O)N2C(C(=O)[O-])=C(C[N+]3(C)CCCC3)CS[C@H]12)c1csc(N)n1,=,0.78,%,Activity,,Beta-lactamase,single protein format
CHEMBL520642,Nc1nc(/C(=N/O)C(=O)N[C@@H]2C(=O)N3C(C(=O)O)=C(/C=C4\CCN([C@@H]5CCNC5)C4=O)CS[C@H]23)ns1,=,0.71,%,Activity,,Beta-lactamase,single protein format
CHEMBL44354,CC(C)(O/N=C(\C(=O)N[C@@H]1C(=O)N2C(C(=O)[O-])=C(C[n+]3ccccc3)CS[C@H]12)c1csc(N)n1)C(=O)O,=,0.69,/s,Kcat,,Beta-lactamase,single protein format
CHEMBL186,CO/N=C(\C(=O)N[C@@H]1C(=O)N2C(C(=O)[O-])=C(C[N+]3(C)CCCC3)CS[C@H]12)c1csc(N)n1,=,0.5,%,Activity,,Beta-lactamase,single protein format
CHEMBL520642,Nc1nc(/C(=N/O)C(=O)N[C@@H]2C(=O)N3C(C(=O)O)=C(/C=C4\CCN([C@@H]5CCNC5)C4=O)CS[C@H]23)ns1,=,0.45,/s,Kcat,,Beta-lactamase,single protein format
CHEMBL44354,CC(C)(O/N=C(\C(=O)N[C@@H]1C(=O)N2C(C(=O)[O-])=C(C[n+]3ccccc3)CS[C@H]12)c1csc(N)n1)C(=O)O,=,0.42,%,Activity,,Beta-lactamase,single protein format
CHEMBL186,CO/N=C(\C(=O)N[C@@H]1C(=O)N2C(C(=O)[O-])=C(C[N+]3(C)CCCC3)CS[C@H]12)c1csc(N)n1,=,0.33,/s,Kcat,,Beta-lactamase,single protein format
CHEMBL316157,O=C(Cc1cccs1)N[C@@H]1C(=O)N2C(C(=O)[O-])=C(C[n+]3ccccc3)CS[C@H]12,=,0.31,/s/microM,Kcat/Km,,Beta-lactamase,single protein format
CHEMBL520642,Nc1nc(/C(=N/O)C(=O)N[C@@H]2C(=O)N3C(C(=O)O)=C(/C=C4\CCN([C@@H]5CCNC5)C4=O)CS[C@H]23)ns1,=,0.14,%,Activity,,Beta-lactamase,single protein format
CHEMBL44354,CC(C)(O/N=C(\C(=O)N[C@@H]1C(=O)N2C(C(=O)[O-])=C(C[n+]3ccccc3)CS[C@H]12)c1csc(N)n1)C(=O)O,<=,0.1,/s,Kcat,,Beta-lactamase,single protein format
CHEMBL44354,CC(C)(O/N=C(\C(=O)N[C@@H]1C(=O)N2C(C(=O)[O-])=C(C[n+]3ccccc3)CS[C@H]12)c1csc(N)n1)C(=O)O,<=,0.1,%,Activity,,Beta-lactamase,single protein format
CHEMBL186,CO/N=C(\C(=O)N[C@@H]1C(=O)N2C(C(=O)[O-])=C(C[N+]3(C)CCCC3)CS[C@H]12)c1csc(N)n1,<=,0.1,/s,Kcat,,Beta-lactamase,single protein format
CHEMBL186,CO/N=C(\C(=O)N[C@@H]1C(=O)N2C(C(=O)[O-])=C(C[N+]3(C)CCCC3)CS[C@H]12)c1csc(N)n1,<=,0.1,%,Activity,,Beta-lactamase,single protein format
CHEMBL316157,O=C(Cc1cccs1)N[C@@H]1C(=O)N2C(C(=O)[O-])=C(C[n+]3ccccc3)CS[C@H]12,=,0.08,/s/microM,Kcat/Km,,Beta-lactamase,single protein format
CHEMBL44354,CC(C)(O/N=C(\C(=O)N[C@@H]1C(=O)N2C(C(=O)[O-])=C(C[n+]3ccccc3)CS[C@H]12)c1csc(N)n1)C(=O)O,<=,0.059,%,Activity,,Beta-lactamase,single protein format
CHEMBL44354,CC(C)(O/N=C(\C(=O)N[C@@H]1C(=O)N2C(C(=O)[O-])=C(C[n+]3ccccc3)CS[C@H]12)c1csc(N)n1)C(=O)O,=,0.058,/s/microM,Kcat/Km,,Beta-lactamase,single protein format
CHEMBL520642,Nc1nc(/C(=N/O)C(=O)N[C@@H]2C(=O)N3C(C(=O)O)=C(/C=C4\CCN([C@@H]5CCNC5)C4=O)CS[C@H]23)ns1,=,0.028,%,Activity,,Beta-lactamase,single protein format
CHEMBL520642,Nc1nc(/C(=N/O)C(=O)N[C@@H]2C(=O)N3C(C(=O)O)=C(/C=C4\CCN([C@@H]5CCNC5)C4=O)CS[C@H]23)ns1,<=,0.024,%,Activity,,Beta-lactamase,single protein format
CHEMBL520642,Nc1nc(/C(=N/O)C(=O)N[C@@H]2C(=O)N3C(C(=O)O)=C(/C=C4\CCN([C@@H]5CCNC5)C4=O)CS[C@H]23)ns1,<=,0.024,/s,Kcat,,Beta-lactamase,single protein format
CHEMBL44354,CC(C)(O/N=C(\C(=O)N[C@@H]1C(=O)N2C(C(=O)[O-])=C(C[n+]3ccccc3)CS[C@H]12)c1csc(N)n1)C(=O)O,=,0.015,/s/microM,Kcat/Km,,Beta-lactamase,single protein format
CHEMBL520642,Nc1nc(/C(=N/O)C(=O)N[C@@H]2C(=O)N3C(C(=O)O)=C(/C=C4\CCN([C@@H]5CCNC5)C4=O)CS[C@H]23)ns1,=,0.013,/s/microM,Kcat/Km,,Beta-lactamase,single protein format
CHEMBL186,CO/N=C(\C(=O)N[C@@H]1C(=O)N2C(C(=O)[O-])=C(C[N+]3(C)CCCC3)CS[C@H]12)c1csc(N)n1,<=,0.012,/s,Kcat,,Beta-lactamase,single protein format
CHEMBL186,CO/N=C(\C(=O)N[C@@H]1C(=O)N2C(C(=O)[O-])=C(C[N+]3(C)CCCC3)CS[C@H]12)c1csc(N)n1,<=,0.012,%,Activity,,Beta-lactamase,single protein format
CHEMBL186,CO/N=C(\C(=O)N[C@@H]1C(=O)N2C(C(=O)[O-])=C(C[N+]3(C)CCCC3)CS[C@H]12)c1csc(N)n1,=,0.011,%,Activity,,Beta-lactamase,single protein format
CHEMBL520642,Nc1nc(/C(=N/O)C(=O)N[C@@H]2C(=O)N3C(C(=O)O)=C(/C=C4\CCN([C@@H]5CCNC5)C4=O)CS[C@H]23)ns1,=,0.011,/s/microM,Kcat/Km,,Beta-lactamase,single protein format
CHEMBL44354,CC(C)(O/N=C(\C(=O)N[C@@H]1C(=O)N2C(C(=O)[O-])=C(C[n+]3ccccc3)CS[C@H]12)c1csc(N)n1)C(=O)O,<=,0.01,/s,Kcat,,Beta-lactamase,single protein format
CHEMBL44354,CC(C)(O/N=C(\C(=O)N[C@@H]1C(=O)N2C(C(=O)[O-])=C(C[n+]3ccccc3)CS[C@H]12)c1csc(N)n1)C(=O)O,<=,0.01,%,Activity,,Beta-lactamase,single protein format
CHEMBL44354,CC(C)(O/N=C(\C(=O)N[C@@H]1C(=O)N2C(C(=O)[O-])=C(C[n+]3ccccc3)CS[C@H]12)c1csc(N)n1)C(=O)O,<=,0.0095,/s,Kcat,,Beta-lactamase,single protein format
CHEMBL186,CO/N=C(\C(=O)N[C@@H]1C(=O)N2C(C(=O)[O-])=C(C[N+]3(C)CCCC3)CS[C@H]12)c1csc(N)n1,=,0.009,/s/microM,Kcat/Km,,Beta-lactamase,single protein format
CHEMBL186,CO/N=C(\C(=O)N[C@@H]1C(=O)N2C(C(=O)[O-])=C(C[N+]3(C)CCCC3)CS[C@H]12)c1csc(N)n1,=,0.0086,/s/microM,Kcat/Km,,Beta-lactamase,single protein format
CHEMBL44354,CC(C)(O/N=C(\C(=O)N[C@@H]1C(=O)N2C(C(=O)[O-])=C(C[n+]3ccccc3)CS[C@H]12)c1csc(N)n1)C(=O)O,<=,0.0013,/s/microM,Kcat/Km,,Beta-lactamase,single protein format
CHEMBL186,CO/N=C(\C(=O)N[C@@H]1C(=O)N2C(C(=O)[O-])=C(C[N+]3(C)CCCC3)CS[C@H]12)c1csc(N)n1,=,0.0013,/s/microM,Kcat/Km,,Beta-lactamase,single protein format
CHEMBL520642,Nc1nc(/C(=N/O)C(=O)N[C@@H]2C(=O)N3C(C(=O)O)=C(/C=C4\CCN([C@@H]5CCNC5)C4=O)CS[C@H]23)ns1,<=,0.00044,/s/microM,Kcat/Km,,Beta-lactamase,single protein format
CHEMBL186,CO/N=C(\C(=O)N[C@@H]1C(=O)N2C(C(=O)[O-])=C(C[N+]3(C)CCCC3)CS[C@H]12)c1csc(N)n1,<=,0.000033,/s/microM,Kcat/Km,,Beta-lactamase,single protein format
CHEMBL316157,O=C(Cc1cccs1)N[C@@H]1C(=O)N2C(C(=O)[O-])=C(C[n+]3ccccc3)CS[C@H]12,=,130.0,/s,Kcat,,Beta-lactamase,single protein format
CHEMBL316157,O=C(Cc1cccs1)N[C@@H]1C(=O)N2C(C(=O)[O-])=C(C[n+]3ccccc3)CS[C@H]12,=,200000.0,nM,Km,,Beta-lactamase,single protein format
CHEMBL186,CO/N=C(\C(=O)N[C@@H]1C(=O)N2C(C(=O)[O-])=C(C[N+]3(C)CCCC3)CS[C@H]12)c1csc(N)n1,=,210000.0,nM,Km,,Beta-lactamase,single protein format
CHEMBL520642,Nc1nc(/C(=N/O)C(=O)N[C@@H]2C(=O)N3C(C(=O)O)=C(/C=C4\CCN([C@@H]5CCNC5)C4=O)CS[C@H]23)ns1,=,230.0,/s,Kcat,,Beta-lactamase,single protein format
CHEMBL186,CO/N=C(\C(=O)N[C@@H]1C(=O)N2C(C(=O)[O-])=C(C[N+]3(C)CCCC3)CS[C@H]12)c1csc(N)n1,=,230000.0,nM,Km,,Beta-lactamase,single protein format
CHEMBL520642,Nc1nc(/C(=N/O)C(=O)N[C@@H]2C(=O)N3C(C(=O)O)=C(/C=C4\CCN([C@@H]5CCNC5)C4=O)CS[C@H]23)ns1,=,280000.0,nM,Km,,Beta-lactamase,single protein format
CHEMBL316157,O=C(Cc1cccs1)N[C@@H]1C(=O)N2C(C(=O)[O-])=C(C[n+]3ccccc3)CS[C@H]12,=,320000.0,nM,Km,,Beta-lactamase,single protein format
CHEMBL186,CO/N=C(\C(=O)N[C@@H]1C(=O)N2C(C(=O)[O-])=C(C[N+]3(C)CCCC3)CS[C@H]12)c1csc(N)n1,=,370000.0,nM,Km,,Beta-lactamase,single protein format
CHEMBL29,CC1(C)S[C@@H]2[C@H](NC(=O)Cc3ccccc3)C(=O)N2[C@H]1C(=O)O,=,540.0,%,Activity,,Beta-lactamase,single protein format
CHEMBL29,CC1(C)S[C@@H]2[C@H](NC(=O)Cc3ccccc3)C(=O)N2[C@H]1C(=O)O,=,670.0,%,Activity,,Beta-lactamase,single protein format
CHEMBL29,CC1(C)S[C@@H]2[C@H](NC(=O)Cc3ccccc3)C(=O)N2[C@H]1C(=O)O,=,1100.0,%,Activity,,Beta-lactamase,single protein format
CHEMBL520642,Nc1nc(/C(=N/O)C(=O)N[C@@H]2C(=O)N3C(C(=O)O)=C(/C=C4\CCN([C@@H]5CCNC5)C4=O)CS[C@H]23)ns1,=,1400.0,%,Activity,,Beta-lactamase,single protein format
CHEMBL480517,O=C(Cc1cccs1)N[C@@H]1C(=O)N2C(C(=O)O)=C(/C=C/c3ccc([N+](=O)[O-])cc3[N+](=O)[O-])CS[C@H]12,=,1800.0,%,Activity,,Beta-lactamase,single protein format
CHEMBL520642,Nc1nc(/C(=N/O)C(=O)N[C@@H]2C(=O)N3C(C(=O)O)=C(/C=C4\CCN([C@@H]5CCNC5)C4=O)CS[C@H]23)ns1,=,9900.0,%,Activity,,Beta-lactamase,single protein format
CHEMBL29,CC1(C)S[C@@H]2[C@H](NC(=O)Cc3ccccc3)C(=O)N2[C@H]1C(=O)O,=,14000.0,%,Activity,,Beta-lactamase,single protein format
CHEMBL316157,O=C(Cc1cccs1)N[C@@H]1C(=O)N2C(C(=O)[O-])=C(C[n+]3ccccc3)CS[C@H]12,=,100.0,/s,Kcat,,Beta-lactamase,single protein format
CHEMBL29,CC1(C)S[C@@H]2[C@H](NC(=O)Cc3ccccc3)C(=O)N2[C@H]1C(=O)O,=,91.0,%,Activity,,Beta-lactamase,single protein format
CHEMBL29,CC1(C)S[C@@H]2[C@H](NC(=O)Cc3ccccc3)C(=O)N2[C@H]1C(=O)O,=,86.0,/s,Kcat,,Beta-lactamase,single protein format
CHEMBL316157,O=C(Cc1cccs1)N[C@@H]1C(=O)N2C(C(=O)[O-])=C(C[n+]3ccccc3)CS[C@H]12,=,71000.0,nM,Km,,Beta-lactamase,single protein format
CHEMBL480517,O=C(Cc1cccs1)N[C@@H]1C(=O)N2C(C(=O)O)=C(/C=C/c3ccc([N+](=O)[O-])cc3[N+](=O)[O-])CS[C@H]12,=,68.0,/s,Kcat,,Beta-lactamase,single protein format
CHEMBL480517,O=C(Cc1cccs1)N[C@@H]1C(=O)N2C(C(=O)O)=C(/C=C/c3ccc([N+](=O)[O-])cc3[N+](=O)[O-])CS[C@H]12,=,68.0,%,Activity,,Beta-lactamase,single protein format
CHEMBL607575,O=C(NC1CCNCC1)N1CC[C@@H]2[C@H]1C(=O)N2S(=O)(=O)O,=,6800.0,nM,IC50,5.17,Beta-lactamase,single protein format
CHEMBL607575,O=C(NC1CCNCC1)N1CC[C@@H]2[C@H]1C(=O)N2S(=O)(=O)O,=,21.0,uM,Activity,,Beta-lactamase,single protein format
CHEMBL598776,O=C(N[C@H]1CCCNCC1)N1CC[C@@H]2[C@H]1C(=O)N2S(=O)(=O)O,=,1000.0,nM,IC50,6.00,Beta-lactamase,single protein format
CHEMBL598776,O=C(N[C@H]1CCCNCC1)N1CC[C@@H]2[C@H]1C(=O)N2S(=O)(=O)O,=,9.4,uM,Activity,,Beta-lactamase,single protein format
CHEMBL598365,O=C(N[C@@H]1CCCNCC1)N1CC[C@@H]2[C@H]1C(=O)N2S(=O)(=O)O,=,4000.0,nM,IC50,5.40,Beta-lactamase,single protein format
CHEMBL598365,O=C(N[C@@H]1CCCNCC1)N1CC[C@@H]2[C@H]1C(=O)N2S(=O)(=O)O,=,25.0,uM,Activity,,Beta-lactamase,single protein format
CHEMBL598570,O=C(N[C@H]1CCCCNC1)N1CC[C@@H]2[C@H]1C(=O)N2S(=O)(=O)O,=,1900.0,nM,IC50,5.72,Beta-lactamase,single protein format
CHEMBL598570,O=C(N[C@H]1CCCCNC1)N1CC[C@@H]2[C@H]1C(=O)N2S(=O)(=O)O,=,50.0,uM,Activity,,Beta-lactamase,single protein format
CHEMBL598571,O=C(NC1CNCCNC1)N1CC[C@@H]2[C@H]1C(=O)N2S(=O)(=O)O,=,17000.0,nM,IC50,4.77,Beta-lactamase,single protein format
CHEMBL598571,O=C(NC1CNCCNC1)N1CC[C@@H]2[C@H]1C(=O)N2S(=O)(=O)O,=,100.0,uM,Activity,,Beta-lactamase,single protein format
CHEMBL589754,O=C(N[C@@H]1CNCCOC1)N1CC[C@@H]2[C@H]1C(=O)N2S(=O)(=O)O,=,600.0,nM,IC50,6.22,Beta-lactamase,single protein format
CHEMBL589754,O=C(N[C@@H]1CNCCOC1)N1CC[C@@H]2[C@H]1C(=O)N2S(=O)(=O)O,=,25.0,uM,Activity,,Beta-lactamase,single protein format
CHEMBL609910,O=C(N[C@H]1CNCCOC1)N1CC[C@@H]2[C@H]1C(=O)N2S(=O)(=O)O,=,1100.0,nM,IC50,5.96,Beta-lactamase,single protein format
CHEMBL609910,O=C(N[C@H]1CNCCOC1)N1CC[C@@H]2[C@H]1C(=O)N2S(=O)(=O)O,=,50.0,uM,Activity,,Beta-lactamase,single protein format
CHEMBL592718,O=C1NCCCC[C@@H]1NC(=O)N1CC[C@@H]2[C@H]1C(=O)N2S(=O)(=O)O,=,800.0,nM,IC50,6.10,Beta-lactamase,single protein format
CHEMBL592718,O=C1NCCCC[C@@H]1NC(=O)N1CC[C@@H]2[C@H]1C(=O)N2S(=O)(=O)O,>,100.0,uM,Activity,,Beta-lactamase,single protein format
CHEMBL590627,O=C(NC1CCCCCC1)N1CC[C@@H]2[C@H]1C(=O)N2S(=O)(=O)O,=,400.0,nM,IC50,6.40,Beta-lactamase,single protein format
CHEMBL590627,O=C(NC1CCCCCC1)N1CC[C@@H]2[C@H]1C(=O)N2S(=O)(=O)O,>,100.0,uM,Activity,,Beta-lactamase,single protein format
CHEMBL600251,O=C(NC1CCCNCCC1)N1CC[C@@H]2[C@H]1C(=O)N2S(=O)(=O)O,=,3400.0,nM,IC50,5.47,Beta-lactamase,single protein format
CHEMBL600251,O=C(NC1CCCNCCC1)N1CC[C@@H]2[C@H]1C(=O)N2S(=O)(=O)O,=,25.0,uM,Activity,,Beta-lactamase,single protein format
CHEMBL590145,O=C(NC1CCCCNCC1)N1CC[C@@H]2[C@H]1C(=O)N2S(=O)(=O)O,=,1300.0,nM,IC50,5.89,Beta-lactamase,single protein format
CHEMBL590145,O=C(NC1CCCCNCC1)N1CC[C@@H]2[C@H]1C(=O)N2S(=O)(=O)O,=,12.5,uM,Activity,,Beta-lactamase,single protein format
CHEMBL590145,O=C(NC1CCCCNCC1)N1CC[C@@H]2[C@H]1C(=O)N2S(=O)(=O)O,=,25000.0,nM,IC50,4.60,Beta-lactamase,single protein format
CHEMBL590145,O=C(NC1CCCCNCC1)N1CC[C@@H]2[C@H]1C(=O)N2S(=O)(=O)O,>,100.0,uM,Activity,,Beta-lactamase,single protein format
CHEMBL604782,O=C(NC1CCCCNCCC1)N1CC[C@@H]2[C@H]1C(=O)N2S(=O)(=O)O,=,4000.0,nM,IC50,5.40,Beta-lactamase,single protein format
CHEMBL604782,O=C(NC1CCCCNCCC1)N1CC[C@@H]2[C@H]1C(=O)N2S(=O)(=O)O,>,100.0,uM,Activity,,Beta-lactamase,single protein format
CHEMBL604782,O=C(NC1CCCCNCCC1)N1CC[C@@H]2[C@H]1C(=O)N2S(=O)(=O)O,=,5000.0,nM,IC50,5.30,Beta-lactamase,single protein format
CHEMBL604782,O=C(NC1CCCCNCCC1)N1CC[C@@H]2[C@H]1C(=O)N2S(=O)(=O)O,>,100.0,uM,Activity,,Beta-lactamase,single protein format
CHEMBL1089781,O=S(=O)(NCB(O)O)c1cc2c(Cl)ccc(Cl)c2s1,=,1200.0,nM,IC50,5.92,Beta-lactamase,single protein format
CHEMBL1089782,O=C(CC(=O)C(F)(F)F)c1cccnc1,=,19.0,%,Inhibition,,Beta-lactamase,single protein format
CHEMBL421036,O=C(CC(=O)C(F)(F)F)c1ccccc1,=,18.0,%,Inhibition,,Beta-lactamase,single protein format
CHEMBL1089783,O=C(CC(=O)C(F)(F)F)c1ccco1,=,14.0,%,Inhibition,,Beta-lactamase,single protein format
CHEMBL1092567,CC(C(=O)c1ccccc1)C(=O)C(F)(F)F,=,11.0,%,Inhibition,,Beta-lactamase,single protein format
CHEMBL1089652,CC(C(=O)c1cccs1)C(=O)C(F)(F)F,=,11.0,%,Inhibition,,Beta-lactamase,single protein format
CHEMBL1089448,O=C(O)CNS(=O)(=O)c1ccc(CCCCC2CCNCC2)cc1,=,18.0,%,Inhibition,,Beta-lactamase,single protein format
CHEMBL1089447,O=S(=O)(NCB(O)O)c1ccccc1,=,29.0,%,Inhibition,,Beta-lactamase,single protein format
CHEMBL1089449,N#Cc1cc(Br)cc(S(=O)(=O)NCC(=O)O)c1,=,4.0,%,Inhibition,,Beta-lactamase,single protein format
CHEMBL1089450,O=C(O)C1CCN1S(=O)(=O)c1cccnc1,=,5.0,%,Inhibition,,Beta-lactamase,single protein format
CHEMBL1089451,O=C(O)C1CCCN1S(=O)(=O)c1ccccc1,=,18.0,%,Inhibition,,Beta-lactamase,single protein format
CHEMBL1088806,O=C(O)C1CCN1S(=O)(=O)c1cc(Cl)cc(Cl)c1,=,9.0,%,Inhibition,,Beta-lactamase,single protein format
CHEMBL1090329,CN(CC(=O)O)S(=O)(=O)c1ccc(N)cc1,=,-10.0,%,Inhibition,,Beta-lactamase,single protein format
CHEMBL316157,O=C(Cc1cccs1)N[C@@H]1C(=O)N2C(C(=O)[O-])=C(C[n+]3ccccc3)CS[C@H]12,=,96.0,/s,Kcat,,Beta-lactamase,single protein format
CHEMBL29,CC1(C)S[C@@H]2[C@H](NC(=O)Cc3ccccc3)C(=O)N2[C@H]1C(=O)O,=,44.0,/s,Kcat,,Beta-lactamase,single protein format
CHEMBL148,C[C@@H](O)[C@H]1C(=O)N2C(C(=O)O)=C(SCCNC=N)C[C@H]12,<=,0.03,/s,Kcat,,Beta-lactamase,single protein format
CHEMBL127,C[C@@H](O)[C@H]1C(=O)N2C(C(=O)O)=C(S[C@@H]3CN[C@H](C(=O)N(C)C)C3)[C@H](C)[C@H]12,<=,0.006,/s,Kcat,,Beta-lactamase,single protein format
CHEMBL491571,C[C@@H](O)[C@H]1C(=O)N2C(C(=O)O)=C(S[C@@H]3CN[C@H](CNS(N)(=O)=O)C3)[C@H](C)[C@H]12,<=,0.006,/s,Kcat,,Beta-lactamase,single protein format
CHEMBL44354,CC(C)(O/N=C(\C(=O)N[C@@H]1C(=O)N2C(C(=O)[O-])=C(C[n+]3ccccc3)CS[C@H]12)c1csc(N)n1)C(=O)O,<=,0.01,/s,Kcat,,Beta-lactamase,single protein format
CHEMBL316157,O=C(Cc1cccs1)N[C@@H]1C(=O)N2C(C(=O)[O-])=C(C[n+]3ccccc3)CS[C@H]12,=,350000.0,nM,Km,,Beta-lactamase,single protein format
CHEMBL29,CC1(C)S[C@@H]2[C@H](NC(=O)Cc3ccccc3)C(=O)N2[C@H]1C(=O)O,=,14000.0,nM,Km,,Beta-lactamase,single protein format
CHEMBL316157,O=C(Cc1cccs1)N[C@@H]1C(=O)N2C(C(=O)[O-])=C(C[n+]3ccccc3)CS[C@H]12,=,0.27,/s/microM,Kcat/Km,,Beta-lactamase,single protein format
CHEMBL29,CC1(C)S[C@@H]2[C@H](NC(=O)Cc3ccccc3)C(=O)N2[C@H]1C(=O)O,=,3.1,/s/microM,Kcat/Km,,Beta-lactamase,single protein format
CHEMBL148,C[C@@H](O)[C@H]1C(=O)N2C(C(=O)O)=C(SCCNC=N)C[C@H]12,<=,4.8,/s/microM,Kcat/Km,,Beta-lactamase,single protein format
CHEMBL127,C[C@@H](O)[C@H]1C(=O)N2C(C(=O)O)=C(S[C@@H]3CN[C@H](C(=O)N(C)C)C3)[C@H](C)[C@H]12,<=,0.0043,/s/microM,Kcat/Km,,Beta-lactamase,single protein format
CHEMBL491571,C[C@@H](O)[C@H]1C(=O)N2C(C(=O)O)=C(S[C@@H]3CN[C@H](CNS(N)(=O)=O)C3)[C@H](C)[C@H]12,<=,0.0033,/s/microM,Kcat/Km,,Beta-lactamase,single protein format
CHEMBL44354,CC(C)(O/N=C(\C(=O)N[C@@H]1C(=O)N2C(C(=O)[O-])=C(C[n+]3ccccc3)CS[C@H]12)c1csc(N)n1)C(=O)O,<=,0.0013,/s/microM,Kcat/Km,,Beta-lactamase,single protein format
CHEMBL29,CC1(C)S[C@@H]2[C@H](NC(=O)Cc3ccccc3)C(=O)N2[C@H]1C(=O)O,=,46.0,%,Activity,,Beta-lactamase,single protein format
CHEMBL148,C[C@@H](O)[C@H]1C(=O)N2C(C(=O)O)=C(SCCNC=N)C[C@H]12,<=,0.031,%,Activity,,Beta-lactamase,single protein format
CHEMBL127,C[C@@H](O)[C@H]1C(=O)N2C(C(=O)O)=C(S[C@@H]3CN[C@H](C(=O)N(C)C)C3)[C@H](C)[C@H]12,<=,0.0063,%,Activity,,Beta-lactamase,single protein format
CHEMBL491571,C[C@@H](O)[C@H]1C(=O)N2C(C(=O)O)=C(S[C@@H]3CN[C@H](CNS(N)(=O)=O)C3)[C@H](C)[C@H]12,<=,0.0063,%,Activity,,Beta-lactamase,single protein format
CHEMBL44354,CC(C)(O/N=C(\C(=O)N[C@@H]1C(=O)N2C(C(=O)[O-])=C(C[n+]3ccccc3)CS[C@H]12)c1csc(N)n1)C(=O)O,<=,0.01,%,Activity,,Beta-lactamase,single protein format
CHEMBL29,CC1(C)S[C@@H]2[C@H](NC(=O)Cc3ccccc3)C(=O)N2[C@H]1C(=O)O,=,1.0,%,Activity,,Beta-lactamase,single protein format
CHEMBL148,C[C@@H](O)[C@H]1C(=O)N2C(C(=O)O)=C(SCCNC=N)C[C@H]12,<=,7.0,%,Activity,,Beta-lactamase,single protein format
CHEMBL127,C[C@@H](O)[C@H]1C(=O)N2C(C(=O)O)=C(S[C@@H]3CN[C@H](C(=O)N(C)C)C3)[C@H](C)[C@H]12,<=,1.6,%,Activity,,Beta-lactamase,single protein format
CHEMBL491571,C[C@@H](O)[C@H]1C(=O)N2C(C(=O)O)=C(S[C@@H]3CN[C@H](CNS(N)(=O)=O)C3)[C@H](C)[C@H]12,<=,1.2,%,Activity,,Beta-lactamase,single protein format
CHEMBL44354,CC(C)(O/N=C(\C(=O)N[C@@H]1C(=O)N2C(C(=O)[O-])=C(C[n+]3ccccc3)CS[C@H]12)c1csc(N)n1)C(=O)O,<=,0.48,%,Activity,,Beta-lactamase,single protein format
CHEMBL127,C[C@@H](O)[C@H]1C(=O)N2C(C(=O)O)=C(S[C@@H]3CN[C@H](C(=O)N(C)C)C3)[C@H](C)[C@H]12,=,1400.0,nM,Km,,Beta-lactamase,single protein format
CHEMBL44354,CC(C)(O/N=C(\C(=O)N[C@@H]1C(=O)N2C(C(=O)[O-])=C(C[n+]3ccccc3)CS[C@H]12)c1csc(N)n1)C(=O)O,=,8000.0,nM,Km,,Beta-lactamase,single protein format
CHEMBL491571,C[C@@H](O)[C@H]1C(=O)N2C(C(=O)O)=C(S[C@@H]3CN[C@H](CNS(N)(=O)=O)C3)[C@H](C)[C@H]12,=,1800.0,nM,Km,,Beta-lactamase,single protein format
CHEMBL148,C[C@@H](O)[C@H]1C(=O)N2C(C(=O)O)=C(SCCNC=N)C[C@H]12,=,1600.0,nM,Km,,Beta-lactamase,single protein format
CHEMBL480517,O=C(Cc1cccs1)N[C@@H]1C(=O)N2C(C(=O)O)=C(/C=C/c3ccc([N+](=O)[O-])cc3[N+](=O)[O-])CS[C@H]12,=,150.0,/s,Kcat,,Beta-lactamase,single protein format
CHEMBL480517,O=C(Cc1cccs1)N[C@@H]1C(=O)N2C(C(=O)O)=C(/C=C/c3ccc([N+](=O)[O-])cc3[N+](=O)[O-])CS[C@H]12,=,4.8,/s/microM,Kcat/Km,,Beta-lactamase,single protein format
CHEMBL480517,O=C(Cc1cccs1)N[C@@H]1C(=O)N2C(C(=O)O)=C(/C=C/c3ccc([N+](=O)[O-])cc3[N+](=O)[O-])CS[C@H]12,=,160.0,%,Activity,,Beta-lactamase,single protein format
CHEMBL480517,O=C(Cc1cccs1)N[C@@H]1C(=O)N2C(C(=O)O)=C(/C=C/c3ccc([N+](=O)[O-])cc3[N+](=O)[O-])CS[C@H]12,=,1800.0,%,Activity,,Beta-lactamase,single protein format
CHEMBL480517,O=C(Cc1cccs1)N[C@@H]1C(=O)N2C(C(=O)O)=C(/C=C/c3ccc([N+](=O)[O-])cc3[N+](=O)[O-])CS[C@H]12,=,31000.0,nM,Km,,Beta-lactamase,single protein format
CHEMBL1082,CC1(C)S[C@@H]2[C@H](NC(=O)[C@H](N)c3ccc(O)cc3)C(=O)N2[C@H]1C(=O)O,=,20000.0,nM,Km,,Beta-lactamase,single protein format
CHEMBL1082,CC1(C)S[C@@H]2[C@H](NC(=O)[C@H](N)c3ccc(O)cc3)C(=O)N2[C@H]1C(=O)O,=,25.0,/uM/s,Kcat/Km,,Beta-lactamase,single protein format
CHEMBL1082,CC1(C)S[C@@H]2[C@H](NC(=O)[C@H](N)c3ccc(O)cc3)C(=O)N2[C@H]1C(=O)O,=,0.5,/s,Kcat,,Beta-lactamase,single protein format
CHEMBL158,C[C@H]1[C@H](NC(=O)/C(=N\OC(C)(C)C(=O)O)c2csc(N)n2)C(=O)N1S(=O)(=O)O,,,,Km,,Beta-lactamase,single protein format
CHEMBL158,C[C@H]1[C@H](NC(=O)/C(=N\OC(C)(C)C(=O)O)c2csc(N)n2)C(=O)N1S(=O)(=O)O,,,,Kcat/Km,,Beta-lactamase,single protein format
CHEMBL158,C[C@H]1[C@H](NC(=O)/C(=N\OC(C)(C)C(=O)O)c2csc(N)n2)C(=O)N1S(=O)(=O)O,,,,Kcat,,Beta-lactamase,single protein format
CHEMBL44354,CC(C)(O/N=C(\C(=O)N[C@@H]1C(=O)N2C(C(=O)[O-])=C(C[n+]3ccccc3)CS[C@H]12)c1csc(N)n1)C(=O)O,=,20000.0,nM,Km,,Beta-lactamase,single protein format
CHEMBL44354,CC(C)(O/N=C(\C(=O)N[C@@H]1C(=O)N2C(C(=O)[O-])=C(C[n+]3ccccc3)CS[C@H]12)c1csc(N)n1)C(=O)O,=,0.2,/uM/s,Kcat/Km,,Beta-lactamase,single protein format
CHEMBL44354,CC(C)(O/N=C(\C(=O)N[C@@H]1C(=O)N2C(C(=O)[O-])=C(C[n+]3ccccc3)CS[C@H]12)c1csc(N)n1)C(=O)O,=,0.004,/s,Kcat,,Beta-lactamase,single protein format
CHEMBL1730,CO/N=C(\C(=O)N[C@@H]1C(=O)N2C(C(=O)O)=C(COC(C)=O)CS[C@H]12)c1csc(N)n1,=,6000.0,nM,Km,,Beta-lactamase,single protein format
CHEMBL1730,CO/N=C(\C(=O)N[C@@H]1C(=O)N2C(C(=O)O)=C(COC(C)=O)CS[C@H]12)c1csc(N)n1,=,3.0,/uM/s,Kcat/Km,,Beta-lactamase,single protein format
CHEMBL1730,CO/N=C(\C(=O)N[C@@H]1C(=O)N2C(C(=O)O)=C(COC(C)=O)CS[C@H]12)c1csc(N)n1,=,0.02,/s,Kcat,,Beta-lactamase,single protein format
CHEMBL996,CO[C@@]1(NC(=O)Cc2cccs2)C(=O)N2C(C(=O)O)=C(COC(N)=O)CS[C@@H]21,=,500.0,nM,Km,,Beta-lactamase,single protein format
CHEMBL996,CO[C@@]1(NC(=O)Cc2cccs2)C(=O)N2C(C(=O)O)=C(COC(N)=O)CS[C@@H]21,=,30.0,/uM/s,Kcat/Km,,Beta-lactamase,single protein format
CHEMBL996,CO[C@@]1(NC(=O)Cc2cccs2)C(=O)N2C(C(=O)O)=C(COC(N)=O)CS[C@@H]21,=,0.015,/s,Kcat,,Beta-lactamase,single protein format
CHEMBL617,CC(=O)OCC1=C(C(=O)O)N2C(=O)[C@@H](NC(=O)Cc3cccs3)[C@H]2SC1,=,85000.0,nM,Km,,Beta-lactamase,single protein format
CHEMBL617,CC(=O)OCC1=C(C(=O)O)N2C(=O)[C@@H](NC(=O)Cc3cccs3)[C@H]2SC1,=,510.0,/uM/s,Kcat/Km,,Beta-lactamase,single protein format
CHEMBL617,CC(=O)OCC1=C(C(=O)O)N2C(=O)[C@@H](NC(=O)Cc3cccs3)[C@H]2SC1,=,44.0,/s,Kcat,,Beta-lactamase,single protein format
CHEMBL186,CO/N=C(\C(=O)N[C@@H]1C(=O)N2C(C(=O)[O-])=C(C[N+]3(C)CCCC3)CS[C@H]12)c1csc(N)n1,=,800000.0,nM,Km,,Beta-lactamase,single protein format
CHEMBL186,CO/N=C(\C(=O)N[C@@H]1C(=O)N2C(C(=O)[O-])=C(C[N+]3(C)CCCC3)CS[C@H]12)c1csc(N)n1,=,0.1,/uM/s,Kcat/Km,,Beta-lactamase,single protein format
CHEMBL186,CO/N=C(\C(=O)N[C@@H]1C(=O)N2C(C(=O)[O-])=C(C[N+]3(C)CCCC3)CS[C@H]12)c1csc(N)n1,=,0.08,/s,Kcat,,Beta-lactamase,single protein format
CHEMBL148,C[C@@H](O)[C@H]1C(=O)N2C(C(=O)O)=C(SCCNC=N)C[C@H]12,=,20000.0,nM,Km,,Beta-lactamase,single protein format
CHEMBL148,C[C@@H](O)[C@H]1C(=O)N2C(C(=O)O)=C(SCCNC=N)C[C@H]12,=,0.5,/uM/s,Kcat/Km,,Beta-lactamase,single protein format
CHEMBL148,C[C@@H](O)[C@H]1C(=O)N2C(C(=O)O)=C(SCCNC=N)C[C@H]12,=,0.01,/s,Kcat,,Beta-lactamase,single protein format
CHEMBL29,CC1(C)S[C@@H]2[C@H](NC(=O)Cc3ccccc3)C(=O)N2[C@H]1C(=O)O,=,35000.0,nM,Km,,Beta-lactamase,single protein format
CHEMBL29,CC1(C)S[C@@H]2[C@H](NC(=O)Cc3ccccc3)C(=O)N2[C@H]1C(=O)O,=,430.0,/uM/s,Kcat/Km,,Beta-lactamase,single protein format
CHEMBL29,CC1(C)S[C@@H]2[C@H](NC(=O)Cc3ccccc3)C(=O)N2[C@H]1C(=O)O,=,15.0,/s,Kcat,,Beta-lactamase,single protein format
CHEMBL702,CCN1CCN(C(=O)N[C@@H](C(=O)N[C@@H]2C(=O)N3[C@@H](C(=O)O)C(C)(C)S[C@H]23)c2ccccc2)C(=O)C1=O,=,100000.0,nM,Km,,Beta-lactamase,single protein format
CHEMBL702,CCN1CCN(C(=O)N[C@@H](C(=O)N[C@@H]2C(=O)N3[C@@H](C(=O)O)C(C)(C)S[C@H]23)c2ccccc2)C(=O)C1=O,=,50.0,/uM/s,Kcat/Km,,Beta-lactamase,single protein format
CHEMBL702,CCN1CCN(C(=O)N[C@@H](C(=O)N[C@@H]2C(=O)N3[C@@H](C(=O)O)C(C)(C)S[C@H]23)c2ccccc2)C(=O)C1=O,=,2.0,/s,Kcat,,Beta-lactamase,single protein format
CHEMBL996,CO[C@@]1(NC(=O)Cc2cccs2)C(=O)N2C(C(=O)O)=C(COC(N)=O)CS[C@@H]21,=,1019.0,nmol,Activity,,Beta-lactamase,single protein format
CHEMBL996,CO[C@@]1(NC(=O)Cc2cccs2)C(=O)N2C(C(=O)O)=C(COC(N)=O)CS[C@@H]21,=,3935.0,nmol,Activity,,Beta-lactamase,single protein format
CHEMBL996,CO[C@@]1(NC(=O)Cc2cccs2)C(=O)N2C(C(=O)O)=C(COC(N)=O)CS[C@@H]21,=,95.0,nmol,Activity,,Beta-lactamase,single protein format
CHEMBL996,CO[C@@]1(NC(=O)Cc2cccs2)C(=O)N2C(C(=O)O)=C(COC(N)=O)CS[C@@H]21,=,230.0,nmol,Activity,,Beta-lactamase,single protein format
CHEMBL403,CC1(C)[C@H](C(=O)O)N2C(=O)C[C@H]2S1(=O)=O,=,27000.0,nM,IC50,4.57,Beta-lactamase,single protein format
CHEMBL777,O=C(O)[C@H]1/C(=C/CO)O[C@@H]2CC(=O)N21,>,100000.0,nM,IC50,,Beta-lactamase,single protein format
CHEMBL404,C[C@]1(Cn2ccnn2)[C@H](C(=O)O)N2C(=O)C[C@H]2S1(=O)=O,=,4600.0,nM,IC50,5.34,Beta-lactamase,single protein format
CHEMBL1689063,NC(=O)[C@@H]1CC[C@@H]2CN1C(=O)N2OS(=O)(=O)O,=,128.0,nM,IC50,6.89,Beta-lactamase,single protein format
CHEMBL996,CO[C@@]1(NC(=O)Cc2cccs2)C(=O)N2C(C(=O)O)=C(COC(N)=O)CS[C@@H]21,=,879.0,nmol/min,Activity,,Beta-lactamase,single protein format
CHEMBL996,CO[C@@]1(NC(=O)Cc2cccs2)C(=O)N2C(C(=O)O)=C(COC(N)=O)CS[C@@H]21,=,1219.0,nmol/min,Activity,,Beta-lactamase,single protein format
CHEMBL996,CO[C@@]1(NC(=O)Cc2cccs2)C(=O)N2C(C(=O)O)=C(COC(N)=O)CS[C@@H]21,=,3438.0,nmol/min,Activity,,Beta-lactamase,single protein format
CHEMBL996,CO[C@@]1(NC(=O)Cc2cccs2)C(=O)N2C(C(=O)O)=C(COC(N)=O)CS[C@@H]21,=,0.0,nmol/min,Activity,,Beta-lactamase,single protein format
CHEMBL996,CO[C@@]1(NC(=O)Cc2cccs2)C(=O)N2C(C(=O)O)=C(COC(N)=O)CS[C@@H]21,,,,Activity,,Beta-lactamase,single protein format
CHEMBL996,CO[C@@]1(NC(=O)Cc2cccs2)C(=O)N2C(C(=O)O)=C(COC(N)=O)CS[C@@H]21,,,,Activity,,Beta-lactamase,single protein format
CHEMBL996,CO[C@@]1(NC(=O)Cc2cccs2)C(=O)N2C(C(=O)O)=C(COC(N)=O)CS[C@@H]21,,,,Activity,,Beta-lactamase,single protein format
CHEMBL996,CO[C@@]1(NC(=O)Cc2cccs2)C(=O)N2C(C(=O)O)=C(COC(N)=O)CS[C@@H]21,,,,Activity,,Beta-lactamase,single protein format
CHEMBL996,CO[C@@]1(NC(=O)Cc2cccs2)C(=O)N2C(C(=O)O)=C(COC(N)=O)CS[C@@H]21,=,0.0,nmol/min,Activity,,Beta-lactamase,single protein format
CHEMBL996,CO[C@@]1(NC(=O)Cc2cccs2)C(=O)N2C(C(=O)O)=C(COC(N)=O)CS[C@@H]21,,,,Activity,,Beta-lactamase,single protein format
CHEMBL996,CO[C@@]1(NC(=O)Cc2cccs2)C(=O)N2C(C(=O)O)=C(COC(N)=O)CS[C@@H]21,,,,Activity,,Beta-lactamase,single protein format
CHEMBL996,CO[C@@]1(NC(=O)Cc2cccs2)C(=O)N2C(C(=O)O)=C(COC(N)=O)CS[C@@H]21,,,,Activity,,Beta-lactamase,single protein format
CHEMBL996,CO[C@@]1(NC(=O)Cc2cccs2)C(=O)N2C(C(=O)O)=C(COC(N)=O)CS[C@@H]21,=,2573.0,nmol/min,Activity,,Beta-lactamase,single protein format
CHEMBL996,CO[C@@]1(NC(=O)Cc2cccs2)C(=O)N2C(C(=O)O)=C(COC(N)=O)CS[C@@H]21,=,0.0,nmol/min,Activity,,Beta-lactamase,single protein format
CHEMBL996,CO[C@@]1(NC(=O)Cc2cccs2)C(=O)N2C(C(=O)O)=C(COC(N)=O)CS[C@@H]21,,,,Activity,,Beta-lactamase,single protein format
CHEMBL996,CO[C@@]1(NC(=O)Cc2cccs2)C(=O)N2C(C(=O)O)=C(COC(N)=O)CS[C@@H]21,,,,Activity,,Beta-lactamase,single protein format
CHEMBL996,CO[C@@]1(NC(=O)Cc2cccs2)C(=O)N2C(C(=O)O)=C(COC(N)=O)CS[C@@H]21,=,8130.0,nmol/min,Activity,,Beta-lactamase,single protein format
CHEMBL996,CO[C@@]1(NC(=O)Cc2cccs2)C(=O)N2C(C(=O)O)=C(COC(N)=O)CS[C@@H]21,=,38.0,nmol/min,Activity,,Beta-lactamase,single protein format
CHEMBL996,CO[C@@]1(NC(=O)Cc2cccs2)C(=O)N2C(C(=O)O)=C(COC(N)=O)CS[C@@H]21,=,3600.0,nmol/min,Activity,,Beta-lactamase,single protein format
CHEMBL996,CO[C@@]1(NC(=O)Cc2cccs2)C(=O)N2C(C(=O)O)=C(COC(N)=O)CS[C@@H]21,=,3250.0,nmol/min,Activity,,Beta-lactamase,single protein format
CHEMBL996,CO[C@@]1(NC(=O)Cc2cccs2)C(=O)N2C(C(=O)O)=C(COC(N)=O)CS[C@@H]21,=,36.0,nmol/min,Activity,,Beta-lactamase,single protein format
CHEMBL996,CO[C@@]1(NC(=O)Cc2cccs2)C(=O)N2C(C(=O)O)=C(COC(N)=O)CS[C@@H]21,=,165.0,nmol/min,Activity,,Beta-lactamase,single protein format
CHEMBL996,CO[C@@]1(NC(=O)Cc2cccs2)C(=O)N2C(C(=O)O)=C(COC(N)=O)CS[C@@H]21,=,372.0,nmol/min,Activity,,Beta-lactamase,single protein format
CHEMBL996,CO[C@@]1(NC(=O)Cc2cccs2)C(=O)N2C(C(=O)O)=C(COC(N)=O)CS[C@@H]21,=,152.0,nmol/min,Activity,,Beta-lactamase,single protein format
CHEMBL996,CO[C@@]1(NC(=O)Cc2cccs2)C(=O)N2C(C(=O)O)=C(COC(N)=O)CS[C@@H]21,=,747.0,nmol/min,Activity,,Beta-lactamase,single protein format
CHEMBL996,CO[C@@]1(NC(=O)Cc2cccs2)C(=O)N2C(C(=O)O)=C(COC(N)=O)CS[C@@H]21,=,1068.0,nmol/min,Activity,,Beta-lactamase,single protein format
CHEMBL996,CO[C@@]1(NC(=O)Cc2cccs2)C(=O)N2C(C(=O)O)=C(COC(N)=O)CS[C@@H]21,=,2981.0,nmol/min,Activity,,Beta-lactamase,single protein format
CHEMBL996,CO[C@@]1(NC(=O)Cc2cccs2)C(=O)N2C(C(=O)O)=C(COC(N)=O)CS[C@@H]21,=,3007.0,nmol/min,Activity,,Beta-lactamase,single protein format
CHEMBL996,CO[C@@]1(NC(=O)Cc2cccs2)C(=O)N2C(C(=O)O)=C(COC(N)=O)CS[C@@H]21,=,3022.0,nmol/min,Activity,,Beta-lactamase,single protein format
CHEMBL996,CO[C@@]1(NC(=O)Cc2cccs2)C(=O)N2C(C(=O)O)=C(COC(N)=O)CS[C@@H]21,=,3.0,nmol/min,Activity,,Beta-lactamase,single protein format
CHEMBL996,CO[C@@]1(NC(=O)Cc2cccs2)C(=O)N2C(C(=O)O)=C(COC(N)=O)CS[C@@H]21,=,10.0,nmol/min,Activity,,Beta-lactamase,single protein format
CHEMBL996,CO[C@@]1(NC(=O)Cc2cccs2)C(=O)N2C(C(=O)O)=C(COC(N)=O)CS[C@@H]21,=,0.0,nmol/min,Activity,,Beta-lactamase,single protein format
CHEMBL996,CO[C@@]1(NC(=O)Cc2cccs2)C(=O)N2C(C(=O)O)=C(COC(N)=O)CS[C@@H]21,=,2.0,nmol/min,Activity,,Beta-lactamase,single protein format
CHEMBL996,CO[C@@]1(NC(=O)Cc2cccs2)C(=O)N2C(C(=O)O)=C(COC(N)=O)CS[C@@H]21,=,5.0,nmol/min,Activity,,Beta-lactamase,single protein format
CHEMBL996,CO[C@@]1(NC(=O)Cc2cccs2)C(=O)N2C(C(=O)O)=C(COC(N)=O)CS[C@@H]21,=,0.0,nmol/min,Activity,,Beta-lactamase,single protein format
CHEMBL996,CO[C@@]1(NC(=O)Cc2cccs2)C(=O)N2C(C(=O)O)=C(COC(N)=O)CS[C@@H]21,=,4.0,nmol/min,Activity,,Beta-lactamase,single protein format
CHEMBL996,CO[C@@]1(NC(=O)Cc2cccs2)C(=O)N2C(C(=O)O)=C(COC(N)=O)CS[C@@H]21,=,8.0,nmol/min,Activity,,Beta-lactamase,single protein format
CHEMBL996,CO[C@@]1(NC(=O)Cc2cccs2)C(=O)N2C(C(=O)O)=C(COC(N)=O)CS[C@@H]21,=,0.0,nmol/min,Activity,,Beta-lactamase,single protein format
CHEMBL224214,N#CC(C#N)=NNc1cccc(Cl)c1,=,1222.0,nmol/min,Activity,,Beta-lactamase,single protein format
CHEMBL224214,N#CC(C#N)=NNc1cccc(Cl)c1,=,3.0,nmol/min,Activity,,Beta-lactamase,single protein format
CHEMBL224214,N#CC(C#N)=NNc1cccc(Cl)c1,=,2797.0,nmol/min,Activity,,Beta-lactamase,single protein format
CHEMBL996,CO[C@@]1(NC(=O)Cc2cccs2)C(=O)N2C(C(=O)O)=C(COC(N)=O)CS[C@@H]21,=,1303.0,nmol/min,Activity,,Beta-lactamase,single protein format
CHEMBL1795563,CO/N=C(\C(=O)NCP(=O)(O)Oc1ccc(C#N)c(F)c1)c1cnc(N)s1,=,1500.0,nM,IC50,5.82,Beta-lactamase,single protein format
CHEMBL1795564,CO/N=C(\C(=O)NCP(=O)(O)Oc1ccc(C#N)c(F)c1)c1cnc(NC(=O)C(Cl)(Cl)Cl)s1,=,3000.0,nM,IC50,5.52,Beta-lactamase,single protein format
CHEMBL1795564,CO/N=C(\C(=O)NCP(=O)(O)Oc1ccc(C#N)c(F)c1)c1cnc(NC(=O)C(Cl)(Cl)Cl)s1,=,3000.0,nM,IC50,5.52,Beta-lactamase,single protein format
CHEMBL1795565,CON=C(C(=O)NCP(=O)(O)Oc1ccc(C#N)c(F)c1)c1cccs1,=,9.6,nM,IC50,8.02,Beta-lactamase,single protein format
CHEMBL1795566,CO/N=C(\C(=O)NCP(=O)(O)Oc1ccc(C#N)c(F)c1)c1cccs1,=,46.0,nM,IC50,7.34,Beta-lactamase,single protein format
CHEMBL1795567,CO/N=C(/C(=O)NCP(=O)(O)Oc1ccc(C#N)c(F)c1)c1cccs1,=,7.5,nM,IC50,8.12,Beta-lactamase,single protein format
CHEMBL1795568,N#Cc1ccc(OP(=O)(O)CNC(=O)C(=NO)c2cccs2)cc1F,=,200.0,nM,IC50,6.70,Beta-lactamase,single protein format
CHEMBL1795569,CO/N=C(\C(=O)NCP(=O)(O)O)c1cccs1,=,6500.0,nM,IC50,5.19,Beta-lactamase,single protein format
CHEMBL1795570,CO/N=C(/C(=O)NCP(=O)(O)O)c1cccs1,=,3200.0,nM,IC50,5.50,Beta-lactamase,single protein format
CHEMBL1795571,N#Cc1ccc(OP(=O)([O-])CNC(=O)/C(=N\OCCC[n+]2ccccc2)c2cccs2)cc1F,=,21.0,nM,IC50,7.68,Beta-lactamase,single protein format
CHEMBL1795571,N#Cc1ccc(OP(=O)([O-])CNC(=O)/C(=N\OCCC[n+]2ccccc2)c2cccs2)cc1F,=,87.0,nM,IC50,7.06,Beta-lactamase,single protein format
CHEMBL1795572,CO/N=C(/C(=O)NCP(=O)(O)Oc1ccc(C#N)c(F)c1)c1ccc(Cl)s1,=,5.0,nM,IC50,8.30,Beta-lactamase,single protein format
CHEMBL598776,O=C(N[C@H]1CCCNCC1)N1CC[C@@H]2[C@H]1C(=O)N2S(=O)(=O)O,=,1000.0,nM,IC50,6.00,Beta-lactamase,single protein format
CHEMBL1800866,CN1CCC[C@H](NC(=O)N2CC[C@@H]3[C@H]2C(=O)N3S(=O)(=O)O)CC1,=,2600.0,nM,IC50,5.58,Beta-lactamase,single protein format
CHEMBL1800867,C[N+]1(C)CCC[C@H](NC(=O)N2CC[C@@H]3[C@H]2C(=O)N3S(=O)(=O)[O-])CC1,=,1500.0,nM,IC50,5.82,Beta-lactamase,single protein format
CHEMBL1800868,O=C(N[C@H]1CCCN(CCO)CC1)N1CC[C@@H]2[C@H]1C(=O)N2S(=O)(=O)O,=,900.0,nM,IC50,6.05,Beta-lactamase,single protein format
CHEMBL1800869,O=C(N[C@H]1CCCN(CCCO)CC1)N1CC[C@@H]2[C@H]1C(=O)N2S(=O)(=O)O,=,1100.0,nM,IC50,5.96,Beta-lactamase,single protein format
CHEMBL1800870,NCCN1CCC[C@H](NC(=O)N2CC[C@@H]3[C@H]2C(=O)N3S(=O)(=O)O)CC1,=,600.0,nM,IC50,6.22,Beta-lactamase,single protein format
CHEMBL1800871,CN(C)CCN1CCC[C@H](NC(=O)N2CC[C@@H]3[C@H]2C(=O)N3S(=O)(=O)O)CC1,=,900.0,nM,IC50,6.05,Beta-lactamase,single protein format
CHEMBL1800872,O=C1[C@H]2NCC[C@H]2N1S(=O)(=O)O,>,250000.0,nM,IC50,,Beta-lactamase,single protein format
CHEMBL1800873,NC(=O)N1CC[C@@H]2[C@H]1C(=O)N2S(=O)(=O)O,=,16000.0,nM,IC50,4.80,Beta-lactamase,single protein format
CHEMBL1800874,CC(C)NC(=O)N1CC[C@@H]2[C@H]1C(=O)N2S(=O)(=O)O,=,1800.0,nM,IC50,5.75,Beta-lactamase,single protein format
CHEMBL1800875,CN(C)CCCNC(=O)N1CC[C@@H]2[C@H]1C(=O)N2S(=O)(=O)O,=,2100.0,nM,IC50,5.68,Beta-lactamase,single protein format
CHEMBL1800876,CN(C)CCCCNC(=O)N1CC[C@@H]2[C@H]1C(=O)N2S(=O)(=O)O,=,1600.0,nM,IC50,5.80,Beta-lactamase,single protein format
CHEMBL1800877,CN(C)CCCCCNC(=O)N1CC[C@@H]2[C@H]1C(=O)N2S(=O)(=O)O,=,1900.0,nM,IC50,5.72,Beta-lactamase,single protein format
CHEMBL1800878,CNCCCNC(=O)N1CC[C@@H]2[C@H]1C(=O)N2S(=O)(=O)O,=,5300.0,nM,IC50,5.28,Beta-lactamase,single protein format
CHEMBL1800183,CNCCCCNC(=O)N1CC[C@@H]2[C@H]1C(=O)N2S(=O)(=O)O,=,3500.0,nM,IC50,5.46,Beta-lactamase,single protein format
CHEMBL598776,O=C(N[C@H]1CCCNCC1)N1CC[C@@H]2[C@H]1C(=O)N2S(=O)(=O)O,=,9.4,uM,Activity,,Beta-lactamase,single protein format
CHEMBL1800866,CN1CCC[C@H](NC(=O)N2CC[C@@H]3[C@H]2C(=O)N3S(=O)(=O)O)CC1,=,25.0,uM,Activity,,Beta-lactamase,single protein format
CHEMBL1800867,C[N+]1(C)CCC[C@H](NC(=O)N2CC[C@@H]3[C@H]2C(=O)N3S(=O)(=O)[O-])CC1,=,50.0,uM,Activity,,Beta-lactamase,single protein format
CHEMBL1800868,O=C(N[C@H]1CCCN(CCO)CC1)N1CC[C@@H]2[C@H]1C(=O)N2S(=O)(=O)O,=,25.0,uM,Activity,,Beta-lactamase,single protein format
CHEMBL1800869,O=C(N[C@H]1CCCN(CCCO)CC1)N1CC[C@@H]2[C@H]1C(=O)N2S(=O)(=O)O,=,50.0,uM,Activity,,Beta-lactamase,single protein format
CHEMBL1800870,NCCN1CCC[C@H](NC(=O)N2CC[C@@H]3[C@H]2C(=O)N3S(=O)(=O)O)CC1,=,25.0,uM,Activity,,Beta-lactamase,single protein format
CHEMBL1800871,CN(C)CCN1CCC[C@H](NC(=O)N2CC[C@@H]3[C@H]2C(=O)N3S(=O)(=O)O)CC1,=,100.0,uM,Activity,,Beta-lactamase,single protein format
CHEMBL1800872,O=C1[C@H]2NCC[C@H]2N1S(=O)(=O)O,>,100.0,uM,Activity,,Beta-lactamase,single protein format
CHEMBL1800873,NC(=O)N1CC[C@@H]2[C@H]1C(=O)N2S(=O)(=O)O,>,100.0,uM,Activity,,Beta-lactamase,single protein format
CHEMBL1800874,CC(C)NC(=O)N1CC[C@@H]2[C@H]1C(=O)N2S(=O)(=O)O,>,100.0,uM,Activity,,Beta-lactamase,single protein format
CHEMBL1800875,CN(C)CCCNC(=O)N1CC[C@@H]2[C@H]1C(=O)N2S(=O)(=O)O,=,25.0,uM,Activity,,Beta-lactamase,single protein format
CHEMBL1800876,CN(C)CCCCNC(=O)N1CC[C@@H]2[C@H]1C(=O)N2S(=O)(=O)O,=,25.0,uM,Activity,,Beta-lactamase,single protein format
CHEMBL1800877,CN(C)CCCCCNC(=O)N1CC[C@@H]2[C@H]1C(=O)N2S(=O)(=O)O,=,100.0,uM,Activity,,Beta-lactamase,single protein format
CHEMBL1800878,CNCCCNC(=O)N1CC[C@@H]2[C@H]1C(=O)N2S(=O)(=O)O,=,50.0,uM,Activity,,Beta-lactamase,single protein format
CHEMBL1800183,CNCCCCNC(=O)N1CC[C@@H]2[C@H]1C(=O)N2S(=O)(=O)O,=,25.0,uM,Activity,,Beta-lactamase,single protein format
CHEMBL4106650,NC(=O)[C@@H]1CC[C@@H]2CN1C(=O)N2S(=O)(=O)[O-].[Na+],=,650.0,nM,IC50,6.19,Beta-lactamase,single protein format
CHEMBL3895524,NC(=O)[C@H]1CC[C@H]2CN1C(=O)N2OS(=O)(=O)[O-].[Na+],>,30000.0,nM,IC50,,Beta-lactamase,single protein format
CHEMBL4111243,CC1(Cn2ccnn2)[C@@H](C(=O)[O-])N2C(=O)CC2S1(=O)=O.[Na+],=,950.0,nM,IC50,6.02,Beta-lactamase,single protein format
CHEMBL2107817,NC(=O)[C@@H]1CC[C@@H]2CN1C(=O)N2OS(=O)(=O)[O-].[Na+],=,650.0,nM,IC50,6.19,Beta-lactamase,single protein format
CHEMBL3895524,NC(=O)[C@H]1CC[C@H]2CN1C(=O)N2OS(=O)(=O)[O-].[Na+],>,30000.0,nM,IC50,,Beta-lactamase,single protein format
