molecule_chembl_id,canonical_smiles,standard_relation,standard_value,standard_units,standard_type,pchembl_value,target_pref_name,bao_label
CHEMBL29,CC1(C)S[C@@H]2[C@H](NC(=O)Cc3ccccc3)C(=O)N2[C@H]1C(=O)O,=,2.7,10'7/M/s,Kcat/Km,,Carbapenem-hydrolyzing beta-lactamase BlaB-1,assay format
CHEMBL1214,CC1(C)S[C@@H]2[C@H](NC(=O)C(C(=O)O)c3ccccc3)C(=O)N2[C@H]1C(=O)O,=,6.1,10'6/M/s,Kcat/Km,,Carbapenem-hydrolyzing beta-lactamase BlaB-1,assay format
CHEMBL617,CC(=O)OCC1=C(C(=O)O)N2C(=O)[C@@H](NC(=O)Cc3cccs3)[C@H]2SC1,=,1.6,10'6/M/s,Kcat/Km,,Carbapenem-hydrolyzing beta-lactamase BlaB-1,assay format
CHEMBL316157,O=C(Cc1cccs1)N[C@@H]1C(=O)N2C(C(=O)[O-])=C(C[n+]3ccccc3)CS[C@H]12,=,1.4,10'5/M/s,Kcat/Km,,Carbapenem-hydrolyzing beta-lactamase BlaB-1,assay format
CHEMBL1436,CO/N=C(\C(=O)N[C@@H]1C(=O)N2C(C(=O)O)=C(COC(N)=O)CS[C@H]12)c1ccco1,=,1.0,10'6/M/s,Kcat/Km,,Carbapenem-hydrolyzing beta-lactamase BlaB-1,assay format
CHEMBL1730,CO/N=C(\C(=O)N[C@@H]1C(=O)N2C(C(=O)O)=C(COC(C)=O)CS[C@H]12)c1csc(N)n1,=,7.9,10'5/M/s,Kcat/Km,,Carbapenem-hydrolyzing beta-lactamase BlaB-1,assay format
CHEMBL44354,CC(C)(O/N=C(\C(=O)N[C@@H]1C(=O)N2C(C(=O)[O-])=C(C[n+]3ccccc3)CS[C@H]12)c1csc(N)n1)C(=O)O,=,6.6,10'3/M/s,Kcat/Km,,Carbapenem-hydrolyzing beta-lactamase BlaB-1,assay format
CHEMBL186,CO/N=C(\C(=O)N[C@@H]1C(=O)N2C(C(=O)[O-])=C(C[N+]3(C)CCCC3)CS[C@H]12)c1csc(N)n1,=,2.0,10'2/M/s,Kcat/Km,,Carbapenem-hydrolyzing beta-lactamase BlaB-1,assay format
CHEMBL480517,O=C(Cc1cccs1)N[C@@H]1C(=O)N2C(C(=O)O)=C(/C=C/c3ccc([N+](=O)[O-])cc3[N+](=O)[O-])CS[C@H]12,=,3.9,10'6/M/s,Kcat/Km,,Carbapenem-hydrolyzing beta-lactamase BlaB-1,assay format
CHEMBL148,C[C@@H](O)[C@H]1C(=O)N2C(C(=O)O)=C(SCCNC=N)C[C@H]12,=,2.0,10'6/M/s,Kcat/Km,,Carbapenem-hydrolyzing beta-lactamase BlaB-1,assay format
CHEMBL127,C[C@@H](O)[C@H]1C(=O)N2C(C(=O)O)=C(S[C@@H]3CN[C@H](C(=O)N(C)C)C3)[C@H](C)[C@H]12,=,7.6,10'5/M/s,Kcat/Km,,Carbapenem-hydrolyzing beta-lactamase BlaB-1,assay format
CHEMBL158,C[C@H]1[C@H](NC(=O)/C(=N\OC(C)(C)C(=O)O)c2csc(N)n2)C(=O)N1S(=O)(=O)O,,,,Kcat/Km,,Carbapenem-hydrolyzing beta-lactamase BlaB-1,assay format
