molecule_chembl_id,canonical_smiles,standard_relation,standard_value,standard_units,standard_type,pchembl_value,target_pref_name,bao_label
CHEMBL243023,O=C(O)c1cc(O)cc(C(=O)NO)c1,=,79.0,%,Activity,,Beta-lactamase,single protein format
CHEMBL395257,O=C(NO)c1cc(O)cc(C(=O)c2ccc(O)cc2)c1,=,84.0,%,Activity,,Beta-lactamase,single protein format
CHEMBL234064,O=C(O)c1cc(O)cc(C(=O)c2ccc(O)cc2)c1,=,83.0,%,Activity,,Beta-lactamase,single protein format
CHEMBL395044,CNC(=O)c1cc(O)cc(C(=O)NO)c1,=,92.0,%,Activity,,Beta-lactamase,single protein format
CHEMBL243238,CCN(CC)C(=O)c1cc(O)cc(C(=O)NO)c1,=,90.0,%,Activity,,Beta-lactamase,single protein format
CHEMBL243237,O=C(NO)c1cc(O)cc(C(=O)NCc2ccccc2)c1,=,81.0,%,Activity,,Beta-lactamase,single protein format
CHEMBL394811,O=C(NO)c1cc(O)cc(C(=O)Nc2ccccc2)c1,=,90.0,%,Activity,,Beta-lactamase,single protein format
CHEMBL394812,O=C(NO)c1cc(O)cc(C(=O)N2CCCC2)c1,=,86.0,%,Activity,,Beta-lactamase,single protein format
CHEMBL16300,O=C(NO)c1ccccc1,,,,Activity,,Beta-lactamase,single protein format
CHEMBL51979,O=C(O)CCC(=O)NO,<,10.0,%,Inhibition,,Beta-lactamase,single protein format
CHEMBL245178,O=C(O)c1cccc(C(=O)NO)c1,<,10.0,%,Inhibition,,Beta-lactamase,single protein format
CHEMBL1173336,O=P(O)(O)c1ccccc1S,=,7000.0,nM,Ki,5.16,Beta-lactamase,single protein format
CHEMBL1172387,CC(C)OP(=O)(OC(C)C)c1ccccc1S,>,250000.0,nM,Ki,,Beta-lactamase,single protein format
CHEMBL1173337,CC(C)OP(=O)(OC(C)C)c1ccccc1CS,=,2000.0,nM,Ki,5.70,Beta-lactamase,single protein format
CHEMBL1173338,O=P(O)(O)c1ccccc1CS,=,500.0,nM,Ki,6.30,Beta-lactamase,single protein format
CHEMBL1173339,CCC(S)P(=O)(OC(C)C)OC(C)C,=,2000.0,nM,Ki,5.70,Beta-lactamase,single protein format
CHEMBL1172388,CCC(S)P(=O)(O)O,=,15000.0,nM,Ki,4.82,Beta-lactamase,single protein format
CHEMBL1170023,CC(C)OP(=O)(OC(C)C)C(S)c1ccccc1,=,250.0,nM,Ki,6.60,Beta-lactamase,single protein format
CHEMBL1170424,O=P(O)(O)C(S)c1ccccc1,=,11000.0,nM,Ki,4.96,Beta-lactamase,single protein format
CHEMBL1170425,O=P(O)(O)c1cc(F)ccc1S,>,40000.0,nM,Ki,,Beta-lactamase,single protein format
CHEMBL1173797,O=P(O)(O)C(S)c1ccc(Cl)cc1Cl,=,5000.0,nM,Ki,5.30,Beta-lactamase,single protein format
CHEMBL1173798,COc1ccccc1C(S)P(=O)(O)O,=,15000.0,nM,Ki,4.82,Beta-lactamase,single protein format
CHEMBL1173799,O=P(O)(O)C(S)c1ccc(Br)cc1,=,13000.0,nM,Ki,4.89,Beta-lactamase,single protein format
CHEMBL1173800,O=P(O)(O)C(S)c1ccc(Cl)cc1,=,24000.0,nM,Ki,4.62,Beta-lactamase,single protein format
CHEMBL1172743,O=P(O)(O)C(S)c1ccc(F)cc1,=,1000.0,nM,Ki,6.00,Beta-lactamase,single protein format
CHEMBL148,C[C@@H](O)[C@H]1C(=O)N2C(C(=O)O)=C(SCCNC=N)C[C@H]12,=,1200.0,/s,Kcat,,Beta-lactamase,assay format
CHEMBL480517,O=C(Cc1cccs1)N[C@@H]1C(=O)N2C(C(=O)O)=C(/C=C/c3ccc([N+](=O)[O-])cc3[N+](=O)[O-])CS[C@H]12,=,0.008,/s,Kcat,,Beta-lactamase,assay format
CHEMBL1650032,O=C(Cc1cccs1)N[C@@H]1C(=O)N2C(C(=O)O)=C(CSc3ccc([N+](=O)[O-])c(C(=O)O)c3)CS[C@H]12,,,,Kcat,,Beta-lactamase,assay format
CHEMBL148,C[C@@H](O)[C@H]1C(=O)N2C(C(=O)O)=C(SCCNC=N)C[C@H]12,=,3500000.0,/M/s,Kcat/Km,,Beta-lactamase,assay format
CHEMBL480517,O=C(Cc1cccs1)N[C@@H]1C(=O)N2C(C(=O)O)=C(/C=C/c3ccc([N+](=O)[O-])cc3[N+](=O)[O-])CS[C@H]12,=,6.0,/M/s,Kcat/Km,,Beta-lactamase,assay format
CHEMBL1650032,O=C(Cc1cccs1)N[C@@H]1C(=O)N2C(C(=O)O)=C(CSc3ccc([N+](=O)[O-])c(C(=O)O)c3)CS[C@H]12,,,,Kcat/Km,,Beta-lactamase,assay format
CHEMBL148,C[C@@H](O)[C@H]1C(=O)N2C(C(=O)O)=C(SCCNC=N)C[C@H]12,=,340000.0,nM,Km,,Beta-lactamase,assay format
CHEMBL480517,O=C(Cc1cccs1)N[C@@H]1C(=O)N2C(C(=O)O)=C(/C=C/c3ccc([N+](=O)[O-])cc3[N+](=O)[O-])CS[C@H]12,=,1300000.0,nM,Km,,Beta-lactamase,assay format
CHEMBL1650032,O=C(Cc1cccs1)N[C@@H]1C(=O)N2C(C(=O)O)=C(CSc3ccc([N+](=O)[O-])c(C(=O)O)c3)CS[C@H]12,,,,Km,,Beta-lactamase,assay format
CHEMBL1172302,N#Cc1c(-c2ccccc2)c(-c2ccccc2)n(Cc2ccccc2)c1N,=,52.0,uM,Kic,,Beta-lactamase,assay format
CHEMBL4125968,N#Cc1c(-c2ccccc2)c(-c2ccccc2)n(Cc2ccccc2)c1NC(=O)c1ccccc1,=,11.0,uM,Kic,,Beta-lactamase,assay format
CHEMBL4126112,N#Cc1c(-c2ccccc2)c(-c2ccccc2)n(Cc2ccccc2)c1NC(=O)c1ccc(C(=O)c2ccccc2)cc1,=,872.0,uM,Kic,,Beta-lactamase,assay format
CHEMBL1172302,N#Cc1c(-c2ccccc2)c(-c2ccccc2)n(Cc2ccccc2)c1N,=,5.5,uM,Kiuc,,Beta-lactamase,assay format
CHEMBL4125968,N#Cc1c(-c2ccccc2)c(-c2ccccc2)n(Cc2ccccc2)c1NC(=O)c1ccccc1,=,9.0,uM,Kiuc,,Beta-lactamase,assay format
CHEMBL4126112,N#Cc1c(-c2ccccc2)c(-c2ccccc2)n(Cc2ccccc2)c1NC(=O)c1ccc(C(=O)c2ccccc2)cc1,=,161.0,uM,Kiuc,,Beta-lactamase,assay format
CHEMBL1172302,N#Cc1c(-c2ccccc2)c(-c2ccccc2)n(Cc2ccccc2)c1N,=,0.047,ug.mL-1,MIC,,Beta-lactamase,assay format
CHEMBL4128183,N#Cc1c(-c2ccccc2)c(-c2ccccc2)n(Cc2ccccc2)c1NC(=O)c1ccc([N+](=O)[O-])cc1,=,0.75,ug.mL-1,MIC,,Beta-lactamase,assay format
CHEMBL4126112,N#Cc1c(-c2ccccc2)c(-c2ccccc2)n(Cc2ccccc2)c1NC(=O)c1ccc(C(=O)c2ccccc2)cc1,=,0.75,ug.mL-1,MIC,,Beta-lactamase,assay format
CHEMBL4125968,N#Cc1c(-c2ccccc2)c(-c2ccccc2)n(Cc2ccccc2)c1NC(=O)c1ccccc1,=,40.0,,FC,,Beta-lactamase,assay format
CHEMBL4095898,O=C(O)/C(S)=C/c1ccccc1,=,2100.0,nM,IC50,5.68,Beta-lactamase,single protein format
CHEMBL3234727,O=C(O)C(S)c1ccccc1,=,71000.0,nM,IC50,4.15,Beta-lactamase,single protein format
CHEMBL4126979,O=C(O)C(S)Cc1ccccc1,=,130000.0,nM,IC50,,Beta-lactamase,single protein format
CHEMBL1609,O=C(O)C(O)c1ccccc1,,,,Inhibition,,Beta-lactamase,single protein format
CHEMBL1778420,O=C(O)C(O)Cc1ccccc1,,,,Inhibition,,Beta-lactamase,single protein format
CHEMBL4068716,CN1CCN(NC(=O)CN2C(=O)/C(=C/c3c(Cl)ccc(Cl)c3Cl)SC2=S)CC1,>,50000.0,nM,IC50,,Beta-lactamase,single protein format
CHEMBL3792857,O=C(O)/C(S)=C/c1c(Cl)ccc(Cl)c1Cl,=,200.0,nM,IC50,6.70,Beta-lactamase,single protein format
