molecule_chembl_id,canonical_smiles,standard_relation,standard_value,standard_units,standard_type,pchembl_value,target_pref_name,bao_label
CHEMBL286204,O=C(O)c1cccnc1C(=O)O,=,89.0,%,Activity,,Metallo beta-lactamase,assay format
CHEMBL286204,O=C(O)c1cccnc1C(=O)O,=,67.0,%,Activity,,Metallo beta-lactamase,assay format
CHEMBL72628,O=C(O)c1ccccn1,=,31.0,%,Activity,,Metallo beta-lactamase,assay format
CHEMBL261326,O=C(O)c1ccncc1C(=O)O,=,91.0,%,Activity,,Metallo beta-lactamase,assay format
CHEMBL284104,O=C(O)c1cccc(C(=O)O)n1,=,2.0,%,Activity,,Metallo beta-lactamase,assay format
CHEMBL88972,O=C(O)c1ccc(C(=O)O)nc1,=,99.0,%,Activity,,Metallo beta-lactamase,assay format
CHEMBL316034,O=C(O)c1ccnc(C(=O)O)c1,=,94.0,%,Activity,,Metallo beta-lactamase,assay format
CHEMBL72628,O=C(O)c1ccccn1,=,54.0,%,Activity,,Metallo beta-lactamase,assay format
CHEMBL261326,O=C(O)c1ccncc1C(=O)O,=,88.0,%,Activity,,Metallo beta-lactamase,assay format
CHEMBL284104,O=C(O)c1cccc(C(=O)O)n1,=,72.0,%,Activity,,Metallo beta-lactamase,assay format
CHEMBL88972,O=C(O)c1ccc(C(=O)O)nc1,=,81.0,%,Activity,,Metallo beta-lactamase,assay format
CHEMBL316034,O=C(O)c1ccnc(C(=O)O)c1,=,78.0,%,Activity,,Metallo beta-lactamase,assay format
CHEMBL520642,Nc1nc(/C(=N/O)C(=O)N[C@@H]2C(=O)N3C(C(=O)O)=C(/C=C4\CCN([C@@H]5CCNC5)C4=O)CS[C@H]23)ns1,=,0.74,/s/microM,Kcat/Km,,Metallo beta-lactamase,single protein format
CHEMBL29,CC1(C)S[C@@H]2[C@H](NC(=O)Cc3ccccc3)C(=O)N2[C@H]1C(=O)O,=,0.56,/s/microM,Kcat/Km,,Metallo beta-lactamase,single protein format
CHEMBL186,CO/N=C(\C(=O)N[C@@H]1C(=O)N2C(C(=O)[O-])=C(C[N+]3(C)CCCC3)CS[C@H]12)c1csc(N)n1,=,0.15,/s/microM,Kcat/Km,,Metallo beta-lactamase,single protein format
CHEMBL44354,CC(C)(O/N=C(\C(=O)N[C@@H]1C(=O)N2C(C(=O)[O-])=C(C[n+]3ccccc3)CS[C@H]12)c1csc(N)n1)C(=O)O,=,0.09,/s/microM,Kcat/Km,,Metallo beta-lactamase,single protein format
CHEMBL316157,O=C(Cc1cccs1)N[C@@H]1C(=O)N2C(C(=O)[O-])=C(C[n+]3ccccc3)CS[C@H]12,=,0.075,/s/microM,Kcat/Km,,Metallo beta-lactamase,single protein format
CHEMBL44354,CC(C)(O/N=C(\C(=O)N[C@@H]1C(=O)N2C(C(=O)[O-])=C(C[n+]3ccccc3)CS[C@H]12)c1csc(N)n1)C(=O)O,=,120.0,%,Activity,,Metallo beta-lactamase,single protein format
CHEMBL186,CO/N=C(\C(=O)N[C@@H]1C(=O)N2C(C(=O)[O-])=C(C[N+]3(C)CCCC3)CS[C@H]12)c1csc(N)n1,=,200.0,%,Activity,,Metallo beta-lactamase,single protein format
CHEMBL29,CC1(C)S[C@@H]2[C@H](NC(=O)Cc3ccccc3)C(=O)N2[C@H]1C(=O)O,=,750.0,%,Activity,,Metallo beta-lactamase,single protein format
CHEMBL520642,Nc1nc(/C(=N/O)C(=O)N[C@@H]2C(=O)N3C(C(=O)O)=C(/C=C4\CCN([C@@H]5CCNC5)C4=O)CS[C@H]23)ns1,=,990.0,%,Activity,,Metallo beta-lactamase,single protein format
CHEMBL2420929,Nc1cccc(C(=O)O)c1C(=O)O,=,300000.0,nM,IC50,,Metallo beta-lactamase,assay format
CHEMBL2420949,COC1CCN(c2cccc(C(=O)O)c2C(=O)O)CC1,=,3700.0,nM,IC50,5.43,Metallo beta-lactamase,assay format
CHEMBL2420948,O=C(O)c1cccc(N2CCC(O)(c3ccccc3)CC2)c1C(=O)O,=,2300.0,nM,IC50,5.64,Metallo beta-lactamase,assay format
CHEMBL2420947,O=C(O)c1cccc(N2CCC(CCO)CC2)c1C(=O)O,=,25600.0,nM,IC50,4.59,Metallo beta-lactamase,assay format
CHEMBL2420946,O=C(O)c1cccc(N2CCC(CO)CC2)c1C(=O)O,=,2600.0,nM,IC50,5.58,Metallo beta-lactamase,assay format
CHEMBL2420945,O=C(O)c1cccc(N2CCC(O)CC2)c1C(=O)O,=,2700.0,nM,IC50,5.57,Metallo beta-lactamase,assay format
CHEMBL2420944,O=C(O)c1cccc(N2CCCC(CO)C2)c1C(=O)O,=,2100.0,nM,IC50,5.68,Metallo beta-lactamase,assay format
CHEMBL2420943,O=C(O)c1cccc(N2CCCC(O)C2)c1C(=O)O,=,2700.0,nM,IC50,5.57,Metallo beta-lactamase,assay format
CHEMBL2420942,O=C(O)c1cccc(N2CCCCC2)c1C(=O)O,=,10800.0,nM,IC50,4.97,Metallo beta-lactamase,assay format
CHEMBL2420941,O=C(O)c1cccc(N2CCCC2)c1C(=O)O,=,2800.0,nM,IC50,5.55,Metallo beta-lactamase,assay format
CHEMBL2420940,CN(C)c1cccc(C(=O)O)c1C(=O)O,=,94500.0,nM,IC50,4.03,Metallo beta-lactamase,assay format
CHEMBL2420939,CCCCNc1cccc(C(=O)O)c1C(=O)O,=,13100.0,nM,IC50,4.88,Metallo beta-lactamase,assay format
CHEMBL2420938,O=C(O)c1cccc(OCCCO)c1C(=O)O,=,21400.0,nM,IC50,4.67,Metallo beta-lactamase,assay format
CHEMBL2420937,O=C(O)c1cccc(OCCO)c1C(=O)O,=,47800.0,nM,IC50,4.32,Metallo beta-lactamase,assay format
CHEMBL2420936,O=C(O)CCCCOc1cccc(C(=O)O)c1C(=O)O,=,18800.0,nM,IC50,4.73,Metallo beta-lactamase,assay format
CHEMBL2420935,O=C(O)c1cccc(OCCCc2ccccc2)c1C(=O)O,=,1700.0,nM,IC50,5.77,Metallo beta-lactamase,assay format
CHEMBL2420934,O=C(O)c1cccc(OCCCC2CCCCC2)c1C(=O)O,=,2000.0,nM,IC50,5.70,Metallo beta-lactamase,assay format
CHEMBL2420933,CCCCOc1cccc(C(=O)O)c1C(=O)O,=,5100.0,nM,IC50,5.29,Metallo beta-lactamase,assay format
CHEMBL2420932,O=C(O)c1cccc(OCc2ccccc2)c1C(=O)O,=,7400.0,nM,IC50,5.13,Metallo beta-lactamase,assay format
CHEMBL2420931,COc1cccc(C(=O)O)c1C(=O)O,=,142000.0,nM,IC50,,Metallo beta-lactamase,assay format
CHEMBL566579,O=C(O)c1cccc(-c2ccc(O)cc2)c1C(=O)O,=,1550.0,nM,IC50,5.81,Metallo beta-lactamase,assay format
CHEMBL2420930,O=C(O)c1cccc(O)c1C(=O)O,>,300000.0,nM,IC50,,Metallo beta-lactamase,assay format
