molecule_chembl_id,canonical_smiles,standard_relation,standard_value,standard_units,standard_type,pchembl_value,target_pref_name,bao_label
CHEMBL4128933,COc1ccc(-c2cn(Cc3cccc(B(O)O)c3)nn2)cc1,=,32.0,ug.mL-1,MIC,,Beta-lactamase,single protein format
CHEMBL4129606,OB(O)c1cccc(Cn2cc(-c3ccccc3)nn2)c1,>,32.0,ug.mL-1,MIC,,Beta-lactamase,single protein format
CHEMBL4128239,OB(O)c1cccc(Cn2cc(-c3cccnc3)nn2)c1,>,32.0,ug.mL-1,MIC,,Beta-lactamase,single protein format
CHEMBL4129498,OB(O)c1cccc(Cn2cc(-c3ccccn3)nn2)c1,>,32.0,ug.mL-1,MIC,,Beta-lactamase,single protein format
CHEMBL4126203,OB(O)c1cccc(Cn2cc(-c3ccsc3)nn2)c1,>,32.0,ug.mL-1,MIC,,Beta-lactamase,single protein format
CHEMBL4128268,OB(O)c1cccc(Cn2cc(-c3cccs3)nn2)c1,>,32.0,ug.mL-1,MIC,,Beta-lactamase,single protein format
CHEMBL4127033,COc1ccc(-c2cn(Cc3ccc(B(O)O)cc3)nn2)cc1,>,32.0,ug.mL-1,MIC,,Beta-lactamase,single protein format
CHEMBL4128411,OB(O)c1ccc(Cn2cc(-c3ccccc3)nn2)cc1,>,32.0,ug.mL-1,MIC,,Beta-lactamase,single protein format
CHEMBL4125799,OB(O)c1ccc(Cn2cc(-c3cccnc3)nn2)cc1,>,32.0,ug.mL-1,MIC,,Beta-lactamase,single protein format
CHEMBL4127175,OB(O)c1ccc(Cn2cc(-c3ccccn3)nn2)cc1,>,32.0,ug.mL-1,MIC,,Beta-lactamase,single protein format
CHEMBL4129250,OB(O)c1ccc(Cn2cc(-c3ccsc3)nn2)cc1,>,32.0,ug.mL-1,MIC,,Beta-lactamase,single protein format
CHEMBL4125936,OB(O)c1ccc(Cn2cc(-c3cccs3)nn2)cc1,>,32.0,ug.mL-1,MIC,,Beta-lactamase,single protein format
CHEMBL4127755,[N-]=[N+]=NCc1cccc(B(O)O)c1,=,8.0,ug.mL-1,MIC,,Beta-lactamase,single protein format
CHEMBL4128815,[N-]=[N+]=NCc1ccc(B(O)O)cc1,>,32.0,ug.mL-1,MIC,,Beta-lactamase,single protein format
CHEMBL20945,O=[N+]([O-])c1cccc(B(O)O)c1,=,8.0,ug.mL-1,MIC,,Beta-lactamase,single protein format
CHEMBL4129642,OB(O)c1cccc(Cn2cc(Cc3ccccc3)nn2)c1,,,,MIC,,Beta-lactamase,single protein format
