molecule_chembl_id,canonical_smiles,standard_relation,standard_value,standard_units,standard_type,pchembl_value,target_pref_name,bao_label
CHEMBL158,C[C@H]1[C@H](NC(=O)/C(=N\OC(C)(C)C(=O)O)c2csc(N)n2)C(=O)N1S(=O)(=O)O,=,17000.0,nM,Km,,Beta-lactamase CTX-M-27,single protein format
CHEMBL44354,CC(C)(O/N=C(\C(=O)N[C@@H]1C(=O)N2C(C(=O)[O-])=C(C[n+]3ccccc3)CS[C@H]12)c1csc(N)n1)C(=O)O,=,0.01,/s,Kcat/Km,,Beta-lactamase CTX-M-27,single protein format
CHEMBL4461260,NCc1ccc(C(=O)N[C@H]2Cc3cccc(C(=O)O)c3O[B-]2(O)O)cc1,<=,8.0,ug.mL-1,MIC,,Beta-lactamase CTX-M-27,single protein format
CHEMBL4461260,NCc1ccc(C(=O)N[C@H]2Cc3cccc(C(=O)O)c3O[B-]2(O)O)cc1,<=,16.0,ug.mL-1,MIC,,Beta-lactamase CTX-M-27,single protein format
CHEMBL4461260,NCc1ccc(C(=O)N[C@H]2Cc3cccc(C(=O)O)c3O[B-]2(O)O)cc1,<=,1.0,ug.mL-1,MIC,,Beta-lactamase CTX-M-27,single protein format
CHEMBL4461260,NCc1ccc(C(=O)N[C@H]2Cc3cccc(C(=O)O)c3O[B-]2(O)O)cc1,=,4.0,ug.mL-1,MIC,,Beta-lactamase CTX-M-27,single protein format
CHEMBL4461260,NCc1ccc(C(=O)N[C@H]2Cc3cccc(C(=O)O)c3O[B-]2(O)O)cc1,<,0.5,ug.mL-1,MIC,,Beta-lactamase CTX-M-27,single protein format
CHEMBL4461260,NCc1ccc(C(=O)N[C@H]2Cc3cccc(C(=O)O)c3O[B-]2(O)O)cc1,<=,1.0,ug.mL-1,MIC,,Beta-lactamase CTX-M-27,single protein format
CHEMBL4461260,NCc1ccc(C(=O)N[C@H]2Cc3cccc(C(=O)O)c3O[B-]2(O)O)cc1,<=,4.0,ug.mL-1,MIC,,Beta-lactamase CTX-M-27,single protein format
