molecule_chembl_id,canonical_smiles,standard_relation,standard_value,standard_units,standard_type,pchembl_value,target_pref_name,bao_label
CHEMBL64818,C[C@]1(CCl)[C@H](C(=O)O)N2C(=O)[C@H](F)[C@H]2S1(=O)=O,>,3000000.0,nM,IC50,,Beta-lactamase 1,single protein format
CHEMBL64818,C[C@]1(CCl)[C@H](C(=O)O)N2C(=O)[C@H](F)[C@H]2S1(=O)=O,>,3000000.0,nM,IC50,,Beta-lactamase 1,single protein format
CHEMBL304479,C[C@]1(CCl)[C@H](C(=O)O)N2C(=O)[C@H](Cl)[C@H]2S1(=O)=O,=,450000.0,nM,IC50,,Beta-lactamase 1,single protein format
CHEMBL304479,C[C@]1(CCl)[C@H](C(=O)O)N2C(=O)[C@H](Cl)[C@H]2S1(=O)=O,=,70000.0,nM,IC50,4.16,Beta-lactamase 1,single protein format
CHEMBL293223,C[C@@]1(CCl)S[C@@H]2[C@@H](Br)C(=O)N2[C@H]1C(=O)O,>,5000000.0,nM,IC50,,Beta-lactamase 1,single protein format
CHEMBL293223,C[C@@]1(CCl)S[C@@H]2[C@@H](Br)C(=O)N2[C@H]1C(=O)O,=,1000000.0,nM,IC50,,Beta-lactamase 1,single protein format
CHEMBL60215,C[C@@]1(CSc2nc3ccccc3s2)S[C@@H]2[C@@H](F)C(=O)N2[C@H]1C(=O)O,>,5000000.0,nM,IC50,,Beta-lactamase 1,single protein format
CHEMBL60215,C[C@@]1(CSc2nc3ccccc3s2)S[C@@H]2[C@@H](F)C(=O)N2[C@H]1C(=O)O,>,5000000.0,nM,IC50,,Beta-lactamase 1,single protein format
CHEMBL304004,C[C@@]1(CCl)S[C@@H]2[C@@H](F)C(=O)N2[C@H]1C(=O)O,>,5000000.0,nM,IC50,,Beta-lactamase 1,single protein format
CHEMBL304004,C[C@@]1(CCl)S[C@@H]2[C@@H](F)C(=O)N2[C@H]1C(=O)O,,,,IC50,,Beta-lactamase 1,single protein format
CHEMBL64868,C[C@]1(CCl)[C@H](C(=O)O)N2C(=O)[C@H](Br)[C@H]2S1(=O)=O,=,3000000.0,nM,IC50,,Beta-lactamase 1,single protein format
CHEMBL64868,C[C@]1(CCl)[C@H](C(=O)O)N2C(=O)[C@H](Br)[C@H]2S1(=O)=O,=,1000000.0,nM,IC50,,Beta-lactamase 1,single protein format
CHEMBL293384,C[C@@]1(CSc2nc3ccccc3s2)S[C@@H]2[C@@H](Br)C(=O)N2[C@H]1C(=O)O,>,5000000.0,nM,IC50,,Beta-lactamase 1,single protein format
CHEMBL293384,C[C@@]1(CSc2nc3ccccc3s2)S[C@@H]2[C@@H](Br)C(=O)N2[C@H]1C(=O)O,>,5000000.0,nM,IC50,,Beta-lactamase 1,single protein format
CHEMBL292938,C[C@@]1(CSc2nc3ccccc3s2)S[C@@H]2[C@@H](Cl)C(=O)N2[C@H]1C(=O)O,>,5000000.0,nM,IC50,,Beta-lactamase 1,single protein format
CHEMBL292938,C[C@@]1(CSc2nc3ccccc3s2)S[C@@H]2[C@@H](Cl)C(=O)N2[C@H]1C(=O)O,>,5000000.0,nM,IC50,,Beta-lactamase 1,single protein format
CHEMBL300570,C[C@@]1(CCl)S[C@@H]2[C@@H](Cl)C(=O)N2[C@H]1C(=O)O,>,5000000.0,nM,IC50,,Beta-lactamase 1,single protein format
CHEMBL300570,C[C@@]1(CCl)S[C@@H]2[C@@H](Cl)C(=O)N2[C@H]1C(=O)O,>,5000000.0,nM,IC50,,Beta-lactamase 1,single protein format
CHEMBL61263,C[C@]1(CCl)[C@H](C(=O)O)N2C(=O)C[C@H]2S1(=O)=O,=,250000.0,nM,IC50,,Beta-lactamase 1,single protein format
CHEMBL61263,C[C@]1(CCl)[C@H](C(=O)O)N2C(=O)C[C@H]2S1(=O)=O,=,300000.0,nM,IC50,,Beta-lactamase 1,single protein format
CHEMBL304855,CC1(C)[C@H](C(=O)O)N2C(=O)[C@H](Cl)[C@H]2S1(=O)=O,=,1500000.0,nM,IC50,,Beta-lactamase 1,single protein format
CHEMBL304855,CC1(C)[C@H](C(=O)O)N2C(=O)[C@H](Cl)[C@H]2S1(=O)=O,=,200000.0,nM,IC50,,Beta-lactamase 1,single protein format
CHEMBL403,CC1(C)[C@H](C(=O)O)N2C(=O)C[C@H]2S1(=O)=O,=,25000.0,nM,IC50,4.60,Beta-lactamase 1,single protein format
CHEMBL403,CC1(C)[C@H](C(=O)O)N2C(=O)C[C@H]2S1(=O)=O,=,25000.0,nM,IC50,4.60,Beta-lactamase 1,single protein format
CHEMBL433312,O=C(O)CC1=CC(NC(=O)Cc2ccccc2)CC1=O,,,,Activity,,Beta-lactamase 1,single protein format
CHEMBL307806,NC1C=C(CC(=O)O)C(=O)C1.O=C(O)C(F)(F)F,,,,Activity,,Beta-lactamase 1,single protein format
CHEMBL78292,CO/N=C(/C(=O)NC1C=C(CC(=O)O)C(=O)C1)c1csc(N)n1,,,,Activity,,Beta-lactamase 1,single protein format
CHEMBL368418,C/C=C1/C(=O)N2C(C(=O)[O-])=C3CCCCC3[C@@H]12.[Na+],=,61.0,%,Inhibition,,Beta-lactamase 1,single protein format
CHEMBL368418,C/C=C1/C(=O)N2C(C(=O)[O-])=C3CCCCC3[C@@H]12.[Na+],=,14.0,%,Inhibition,,Beta-lactamase 1,single protein format
CHEMBL368418,C/C=C1/C(=O)N2C(C(=O)[O-])=C3CCCCC3[C@@H]12.[Na+],=,-1.0,%,Inhibition,,Beta-lactamase 1,single protein format
CHEMBL174970,C/C=C1/C(=O)N2C(C(=O)[O-])=C3CCCCC3[C@H]12.[Na+],=,23.0,%,Inhibition,,Beta-lactamase 1,single protein format
CHEMBL777,O=C(O)[C@H]1/C(=C/CO)O[C@@H]2CC(=O)N21,=,78.0,%,Inhibition,,Beta-lactamase 1,single protein format
CHEMBL777,O=C(O)[C@H]1/C(=C/CO)O[C@@H]2CC(=O)N21,=,33.0,%,Inhibition,,Beta-lactamase 1,single protein format
CHEMBL777,O=C(O)[C@H]1/C(=C/CO)O[C@@H]2CC(=O)N21,=,9.0,%,Inhibition,,Beta-lactamase 1,single protein format
CHEMBL403,CC1(C)[C@H](C(=O)O)N2C(=O)C[C@H]2S1(=O)=O,=,77.0,%,Inhibition,,Beta-lactamase 1,single protein format
CHEMBL403,CC1(C)[C@H](C(=O)O)N2C(=O)C[C@H]2S1(=O)=O,=,40.0,%,Inhibition,,Beta-lactamase 1,single protein format
CHEMBL403,CC1(C)[C@H](C(=O)O)N2C(=O)C[C@H]2S1(=O)=O,=,2.0,%,Inhibition,,Beta-lactamase 1,single protein format
CHEMBL175096,C[C@@H](O)[C@H]1C(=O)N2C(C(=O)[O-])=C3CCCCC3[C@@H]12.[Na+],=,3.0,%,Inhibition,,Beta-lactamase 1,single protein format
CHEMBL175015,C/C=C1/C(=O)N2C(C(=O)[O-])=C3CCSCC3[C@@H]12.[Na+],=,60.0,%,Inhibition,,Beta-lactamase 1,single protein format
CHEMBL175015,C/C=C1/C(=O)N2C(C(=O)[O-])=C3CCSCC3[C@@H]12.[Na+],=,19.0,%,Inhibition,,Beta-lactamase 1,single protein format
CHEMBL175015,C/C=C1/C(=O)N2C(C(=O)[O-])=C3CCSCC3[C@@H]12.[Na+],=,6.0,%,Inhibition,,Beta-lactamase 1,single protein format
CHEMBL176949,C/C=C1/C(=O)N2C(C(=O)[O-])=C3CCSCC3[C@H]12.[Na+],=,38.0,%,Inhibition,,Beta-lactamase 1,single protein format
CHEMBL367717,C[C@@H](O)[C@H]1C(=O)N2C(C(=O)[O-])=C3CCCCC3[C@H]12.[Na+],=,5.0,%,Inhibition,,Beta-lactamase 1,single protein format
CHEMBL29,CC1(C)S[C@@H]2[C@H](NC(=O)Cc3ccccc3)C(=O)N2[C@H]1C(=O)O,=,2200.0,/s,Kcat,,Beta-lactamase 1,single protein format
CHEMBL29,CC1(C)S[C@@H]2[C@H](NC(=O)Cc3ccccc3)C(=O)N2[C@H]1C(=O)O,=,65000.0,nM,Km,,Beta-lactamase 1,single protein format
CHEMBL482858,CC(=O)OCC1=C(C(=O)O)N2C(=O)[C@@H](NC(=O)CCC[C@@H](N)C(=O)O)[C@H]2SC1,=,0.2,/s,Kcat,,Beta-lactamase 1,single protein format
