molecule_chembl_id,canonical_smiles,standard_relation,standard_value,standard_units,standard_type,pchembl_value,target_pref_name,bao_label
CHEMBL284104,O=C(O)c1cccc(C(=O)O)n1,>,60.0,%,Inhibition,,Metallo-beta-lactamase type 2,assay format
CHEMBL4068259,Nc1cccc(-c2cc(C(=O)O)nc(C(=O)O)c2)c1,=,240.0,nM,IC50,6.62,Metallo-beta-lactamase type 2,assay format
CHEMBL284104,O=C(O)c1cccc(C(=O)O)n1,=,3030.0,nM,IC50,5.52,Metallo-beta-lactamase type 2,assay format
CHEMBL1368601,O=C(O)c1ccc2cccc(O)c2n1,>,60.0,%,Inhibition,,Metallo-beta-lactamase type 2,assay format
CHEMBL497,Oc1c(I)cc(Cl)c2cccnc12,>,60.0,%,Inhibition,,Metallo-beta-lactamase type 2,assay format
CHEMBL2337874,Oc1ccc[nH]c1=S,>,60.0,%,Inhibition,,Metallo-beta-lactamase type 2,assay format
CHEMBL4073097,c1ccc(C2=NCCS2)nc1,>,60.0,%,Inhibition,,Metallo-beta-lactamase type 2,assay format
CHEMBL415879,c1cnc2c(c1)ccc1cccnc12,>,60.0,%,Inhibition,,Metallo-beta-lactamase type 2,assay format
