molecule_chembl_id,canonical_smiles,standard_relation,standard_value,standard_units,standard_type,pchembl_value,target_pref_name,bao_label
CHEMBL1172302,N#Cc1c(-c2ccccc2)c(-c2ccccc2)n(Cc2ccccc2)c1N,=,2.2,uM,Kic,,Metallo-beta-lactamase AIM-1,assay format
CHEMBL4125968,N#Cc1c(-c2ccccc2)c(-c2ccccc2)n(Cc2ccccc2)c1NC(=O)c1ccccc1,=,1.6,uM,Kic,,Metallo-beta-lactamase AIM-1,assay format
CHEMBL4128183,N#Cc1c(-c2ccccc2)c(-c2ccccc2)n(Cc2ccccc2)c1NC(=O)c1ccc([N+](=O)[O-])cc1,=,10.9,uM,Kic,,Metallo-beta-lactamase AIM-1,assay format
CHEMBL1172302,N#Cc1c(-c2ccccc2)c(-c2ccccc2)n(Cc2ccccc2)c1N,=,12.5,uM,Kiuc,,Metallo-beta-lactamase AIM-1,assay format
CHEMBL4125968,N#Cc1c(-c2ccccc2)c(-c2ccccc2)n(Cc2ccccc2)c1NC(=O)c1ccccc1,=,13.0,uM,Kiuc,,Metallo-beta-lactamase AIM-1,assay format
CHEMBL4128183,N#Cc1c(-c2ccccc2)c(-c2ccccc2)n(Cc2ccccc2)c1NC(=O)c1ccc([N+](=O)[O-])cc1,=,47.0,uM,Kiuc,,Metallo-beta-lactamase AIM-1,assay format
CHEMBL1172302,N#Cc1c(-c2ccccc2)c(-c2ccccc2)n(Cc2ccccc2)c1N,=,0.25,ug.mL-1,MIC,,Metallo-beta-lactamase AIM-1,assay format
CHEMBL4128183,N#Cc1c(-c2ccccc2)c(-c2ccccc2)n(Cc2ccccc2)c1NC(=O)c1ccc([N+](=O)[O-])cc1,=,0.5,ug.mL-1,MIC,,Metallo-beta-lactamase AIM-1,assay format
CHEMBL4126112,N#Cc1c(-c2ccccc2)c(-c2ccccc2)n(Cc2ccccc2)c1NC(=O)c1ccc(C(=O)c2ccccc2)cc1,=,0.75,ug.mL-1,MIC,,Metallo-beta-lactamase AIM-1,assay format
CHEMBL4125968,N#Cc1c(-c2ccccc2)c(-c2ccccc2)n(Cc2ccccc2)c1NC(=O)c1ccccc1,=,20.0,,FC,,Metallo-beta-lactamase AIM-1,assay format
