molecule_chembl_id,canonical_smiles,standard_relation,standard_value,standard_units,standard_type,pchembl_value,target_pref_name,bao_label
CHEMBL2021946,S=C([S-])N1CCCC1.[Na+],=,22.1,mm,IZ,,Metallo-beta-lactamase NDM-4,single protein format
CHEMBL2023728,S=C([S-])N1CCN(C(=S)[S-])CC1.[Na+].[Na+],,,,IZ,,Metallo-beta-lactamase NDM-4,single protein format
CHEMBL4278702,CCCCCCCCCCCCCCNC(=S)[S-].[Na+],,,,IZ,,Metallo-beta-lactamase NDM-4,single protein format
CHEMBL4283258,CCCCCCNC(=S)[S-].[Na+],,,,IZ,,Metallo-beta-lactamase NDM-4,single protein format
CHEMBL107217,CCN(CC)C(=S)[S-].[Na+],=,18.9,mm,IZ,,Metallo-beta-lactamase NDM-4,single protein format
CHEMBL3961220,S=C([S-])N1CCCCC1.[Na+],=,23.9,mm,IZ,,Metallo-beta-lactamase NDM-4,single protein format
CHEMBL2023722,CCCCCCN(CCCCCC)C(=S)[S-].[Na+],,,,IZ,,Metallo-beta-lactamase NDM-4,single protein format
CHEMBL4293432,CCCCCCCCN(CCCCCCCC)C(=S)[S-].[Na+],,,,IZ,,Metallo-beta-lactamase NDM-4,single protein format
CHEMBL2005280,O=C(O)CN1CCN(CC(=O)O)CCN(CC(=O)O)CC1,=,22.9,mm,IZ,,Metallo-beta-lactamase NDM-4,single protein format
CHEMBL4554627,O=C(O)c1cccc(CNCCNCc2cccc(C(=O)O)n2)n1,=,99.9,%,Inhibition,,Metallo-beta-lactamase NDM-4,single protein format
CHEMBL4458494,COc1ccc(CN(CCN(Cc2ccc(OC)cc2)Cc2cccc(C(=O)O)n2)Cc2cccc(C(=O)O)n2)cc1,=,40960.0,,FC,,Metallo-beta-lactamase NDM-4,single protein format
CHEMBL4554627,O=C(O)c1cccc(CNCCNCc2cccc(C(=O)O)n2)n1,=,40960.0,,FC,,Metallo-beta-lactamase NDM-4,single protein format
CHEMBL2005280,O=C(O)CN1CCN(CC(=O)O)CCN(CC(=O)O)CC1,=,81.0,%,Inhibition,,Metallo-beta-lactamase NDM-4,single protein format
CHEMBL4458494,COc1ccc(CN(CCN(Cc2ccc(OC)cc2)Cc2cccc(C(=O)O)n2)Cc2cccc(C(=O)O)n2)cc1,=,81.0,%,Inhibition,,Metallo-beta-lactamase NDM-4,single protein format
CHEMBL4554627,O=C(O)c1cccc(CNCCNCc2cccc(C(=O)O)n2)n1,=,81.0,%,Inhibition,,Metallo-beta-lactamase NDM-4,single protein format
CHEMBL2005280,O=C(O)CN1CCN(CC(=O)O)CCN(CC(=O)O)CC1,,,,Inhibition,,Metallo-beta-lactamase NDM-4,single protein format
CHEMBL4458494,COc1ccc(CN(CCN(Cc2ccc(OC)cc2)Cc2cccc(C(=O)O)n2)Cc2cccc(C(=O)O)n2)cc1,,,,Inhibition,,Metallo-beta-lactamase NDM-4,single protein format
CHEMBL4554627,O=C(O)c1cccc(CNCCNCc2cccc(C(=O)O)n2)n1,,,,Inhibition,,Metallo-beta-lactamase NDM-4,single protein format
CHEMBL2005280,O=C(O)CN1CCN(CC(=O)O)CCN(CC(=O)O)CC1,,,,Inhibition,,Metallo-beta-lactamase NDM-4,single protein format
CHEMBL4458494,COc1ccc(CN(CCN(Cc2ccc(OC)cc2)Cc2cccc(C(=O)O)n2)Cc2cccc(C(=O)O)n2)cc1,,,,Inhibition,,Metallo-beta-lactamase NDM-4,single protein format
CHEMBL4554627,O=C(O)c1cccc(CNCCNCc2cccc(C(=O)O)n2)n1,,,,Inhibition,,Metallo-beta-lactamase NDM-4,single protein format
CHEMBL4554627,O=C(O)c1cccc(CNCCNCc2cccc(C(=O)O)n2)n1,=,3.0,,FC,,Metallo-beta-lactamase NDM-4,single protein format
CHEMBL4458494,COc1ccc(CN(CCN(Cc2ccc(OC)cc2)Cc2cccc(C(=O)O)n2)Cc2cccc(C(=O)O)n2)cc1,,,,Inhibition,,Metallo-beta-lactamase NDM-4,single protein format
CHEMBL4554627,O=C(O)c1cccc(CNCCNCc2cccc(C(=O)O)n2)n1,,,,Inhibition,,Metallo-beta-lactamase NDM-4,single protein format
CHEMBL4458494,COc1ccc(CN(CCN(Cc2ccc(OC)cc2)Cc2cccc(C(=O)O)n2)Cc2cccc(C(=O)O)n2)cc1,,,,Inhibition,,Metallo-beta-lactamase NDM-4,single protein format
CHEMBL4554627,O=C(O)c1cccc(CNCCNCc2cccc(C(=O)O)n2)n1,,,,Inhibition,,Metallo-beta-lactamase NDM-4,single protein format
CHEMBL2005280,O=C(O)CN1CCN(CC(=O)O)CCN(CC(=O)O)CC1,=,0.25,ug.mL-1,MIC,,Metallo-beta-lactamase NDM-4,single protein format
CHEMBL4458494,COc1ccc(CN(CCN(Cc2ccc(OC)cc2)Cc2cccc(C(=O)O)n2)Cc2cccc(C(=O)O)n2)cc1,<,0.03125,ug.mL-1,MIC,,Metallo-beta-lactamase NDM-4,single protein format
CHEMBL4554627,O=C(O)c1cccc(CNCCNCc2cccc(C(=O)O)n2)n1,<,0.03125,ug.mL-1,MIC,,Metallo-beta-lactamase NDM-4,single protein format
CHEMBL4458494,COc1ccc(CN(CCN(Cc2ccc(OC)cc2)Cc2cccc(C(=O)O)n2)Cc2cccc(C(=O)O)n2)cc1,=,2.0,mm,IZ,,Metallo-beta-lactamase NDM-4,single protein format
CHEMBL4554627,O=C(O)c1cccc(CNCCNCc2cccc(C(=O)O)n2)n1,=,2.0,mm,IZ,,Metallo-beta-lactamase NDM-4,single protein format
CHEMBL858,O=C(O)CN(CCN(CC(=O)O)CC(=O)O)CC(=O)O,=,18.2,mm,IZ,,Metallo-beta-lactamase NDM-4,single protein format
CHEMBL4458494,COc1ccc(CN(CCN(Cc2ccc(OC)cc2)Cc2cccc(C(=O)O)n2)Cc2cccc(C(=O)O)n2)cc1,=,21.4,mm,IZ,,Metallo-beta-lactamase NDM-4,single protein format
CHEMBL4554627,O=C(O)c1cccc(CNCCNCc2cccc(C(=O)O)n2)n1,=,20.2,mm,IZ,,Metallo-beta-lactamase NDM-4,single protein format
