molecule_chembl_id,canonical_smiles,standard_relation,standard_value,standard_units,standard_type,pchembl_value,target_pref_name,bao_label
CHEMBL70997,C[C@H](O)[C@H]1C(=O)N2[C@@H](C(=O)O)/C(=C/CO)S[C@H]12,>,100.0,ug.mL-1,MIC,,Beta-lactamase OXA-9,single protein format
CHEMBL70997,C[C@H](O)[C@H]1C(=O)N2[C@@H](C(=O)O)/C(=C/CO)S[C@H]12,>,100.0,ug.mL-1,MIC,,Beta-lactamase OXA-9,single protein format
CHEMBL174,CC1(C)S[C@@H]2[C@H](NC(=O)[C@H](N)c3ccccc3)C(=O)N2[C@H]1C(=O)O,>,100.0,ug.mL-1,MIC,,Beta-lactamase OXA-9,single protein format
CHEMBL281317,Cc1onc(-c2ccccc2Cl)c1C(=O)N[C@@H]1C(=O)N2[C@@H](C(=O)O)C(C)(C)[S+]([O-])[C@H]12,=,370.0,,Relative inhibition,,Beta-lactamase OXA-9,single protein format
CHEMBL693,Cc1onc(-c2ccccc2)c1C(=O)N[C@@H]1C(=O)N2[C@@H](C(=O)[O-])C(C)(C)S[C@H]12.[Na+],=,5000.0,,Relative inhibition,,Beta-lactamase OXA-9,single protein format
CHEMBL283053,Cc1onc(-c2c(F)cccc2Cl)c1C(=O)N[C@@H]1C(=O)N2[C@@H](C(=O)[O-])C(C)(C)S[C@H]12.[Na+],=,5000.0,,Relative inhibition,,Beta-lactamase OXA-9,single protein format
CHEMBL262636,Cc1onc(-c2ccccc2Cl)c1C(=O)N[C@@H]1C(=O)N2[C@@H](C(=O)[O-])C(C)(C)S[C@H]12.[Na+],=,5000.0,,Relative inhibition,,Beta-lactamase OXA-9,single protein format
CHEMBL26570,Cc1onc(-c2c(Cl)cccc2Cl)c1C(=O)N[C@@H]1C(=O)N2[C@@H](C(=O)[O-])C(C)(C)S[C@H]12.[Na+],=,5000.0,,Relative inhibition,,Beta-lactamase OXA-9,single protein format
CHEMBL24174,COC(=O)[C@@H]1N2C(=O)[C@@H](NC(=O)c3c(-c4ccccc4Cl)noc3C)[C@H]2SC1(C)C,=,270.0,,Relative inhibition,,Beta-lactamase OXA-9,single protein format
CHEMBL440783,COC(=O)[C@@H]1N2C(=O)[C@@H](NC(=O)c3c(OC)cccc3OC)[C@H]2SC1(C)C,=,2.0,,Relative inhibition,,Beta-lactamase OXA-9,single protein format
CHEMBL575,COc1cccc(OC)c1C(=O)N[C@@H]1C(=O)N2[C@@H](C(=O)O)C(C)(C)S[C@H]12,=,50.0,,Relative inhibition,,Beta-lactamase OXA-9,single protein format
CHEMBL281444,COC(=O)[C@@H]1N2C(=O)[C@@H](NC(=O)c3c(-c4ccccc4)noc3C)[C@H]2SC1(C)C,=,120.0,,Relative inhibition,,Beta-lactamase OXA-9,single protein format
CHEMBL276972,Cc1onc(-c2ccccc2)c1C(=O)N[C@@H]1C(=O)N2[C@@H](C(=O)O)C(C)(C)[S+]([O-])[C@H]12,=,1.0,,Relative inhibition,,Beta-lactamase OXA-9,single protein format
CHEMBL26227,COC(=O)[C@@H]1N2C(=O)[C@@H](NC(=O)c3c(-c4c(Cl)cccc4Cl)noc3C)[C@H]2SC1(C)C,=,1500.0,,Relative inhibition,,Beta-lactamase OXA-9,single protein format
CHEMBL284663,CCOC1CCC2CCCCC2C1C(=O)N[C@@H]1C(=O)N2[C@@H](C(=O)[O-])C(C)(C)S[C@H]12.[Na+],=,130.0,,Relative inhibition,,Beta-lactamase OXA-9,single protein format
