molecule_chembl_id,canonical_smiles,standard_relation,standard_value,standard_units,standard_type,pchembl_value,target_pref_name,bao_label
CHEMBL4088285,CC(=O)SCC(CCCc1ccccc1)c1nnn[nH]1,=,162000.0,nM,IC50,,GIM-1 protein,assay format
CHEMBL4064978,CC(=O)SCC(Cc1ccccc1)c1nnn[nH]1,=,203000.0,nM,IC50,,GIM-1 protein,assay format
CHEMBL4075406,O=P(O)(O)C(CO)CCCCc1ccccc1,>,10000.0,nM,IC50,,GIM-1 protein,assay format
CHEMBL4069211,O=P(O)(O)C(CO)CCCc1ccccc1,>,10000.0,nM,IC50,,GIM-1 protein,assay format
CHEMBL4090030,O=P(O)(O)C(CO)CCc1ccccc1,=,99000.0,nM,IC50,4.00,GIM-1 protein,assay format
CHEMBL4075324,CCOP(=O)(OCC)C(CO)CCCCc1ccccc1,=,280000.0,nM,IC50,,GIM-1 protein,assay format
CHEMBL4091349,CCOP(=O)(OCC)C(CO)CCCc1ccccc1,>,10000.0,nM,IC50,,GIM-1 protein,assay format
CHEMBL4105658,CCOP(=O)(OCC)C(CO)CCc1ccccc1,>,10000.0,nM,IC50,,GIM-1 protein,assay format
CHEMBL4077011,c1ccc(CCCC(CSC2CCCCC2)c2nnn[nH]2)cc1,=,36000.0,nM,IC50,4.44,GIM-1 protein,assay format
CHEMBL4090938,CC(=O)SCC(CCCCc1ccccc1)P(=O)(O)O,=,20000.0,nM,IC50,4.70,GIM-1 protein,assay format
CHEMBL4063031,CC(=O)SCC(CCCc1ccccc1)P(=O)(O)O,=,26000.0,nM,IC50,4.58,GIM-1 protein,assay format
CHEMBL4104728,CC(=O)SCC(CCc1ccccc1)P(=O)(O)O,=,12000.0,nM,IC50,4.92,GIM-1 protein,assay format
CHEMBL4081245,CCOP(=O)(OCC)C(CCCCc1ccccc1)CSC(C)=O,=,13000.0,nM,IC50,4.89,GIM-1 protein,assay format
CHEMBL4095160,CCOP(=O)(OCC)C(CCCc1ccccc1)CSC(C)=O,=,26000.0,nM,IC50,4.58,GIM-1 protein,assay format
CHEMBL4077556,CCOP(=O)(OCC)C(CCc1ccccc1)CSC(C)=O,=,18000.0,nM,IC50,4.75,GIM-1 protein,assay format
CHEMBL4102909,SCC(CCCc1ccccc1)c1nnn[nH]1,=,68000.0,nM,IC50,4.17,GIM-1 protein,assay format
CHEMBL4061495,O=P(O)(O)C(CS)CCCCc1ccccc1,=,16000.0,nM,IC50,4.80,GIM-1 protein,assay format
CHEMBL4079577,O=P(O)(O)C(CS)CCCc1ccccc1,=,28000.0,nM,IC50,4.55,GIM-1 protein,assay format
CHEMBL4103833,O=P(O)(O)C(CS)CCc1ccccc1,=,23000.0,nM,IC50,4.64,GIM-1 protein,assay format
CHEMBL4087458,CCOP(=O)(OCC)C(CS)CCCCc1ccccc1,,,,IC50,,GIM-1 protein,assay format
CHEMBL4066078,CCOP(=O)(OCC)C(CS)CCCc1ccccc1,=,310.0,nM,IC50,6.51,GIM-1 protein,assay format
CHEMBL4089201,CCOP(=O)(OCC)C(CS)CCc1ccccc1,=,180.0,nM,IC50,6.75,GIM-1 protein,assay format
CHEMBL4088285,CC(=O)SCC(CCCc1ccccc1)c1nnn[nH]1,=,20.0,%,Inhibition,,GIM-1 protein,cell-based format
CHEMBL4064978,CC(=O)SCC(Cc1ccccc1)c1nnn[nH]1,=,55.0,%,Inhibition,,GIM-1 protein,cell-based format
CHEMBL4075406,O=P(O)(O)C(CO)CCCCc1ccccc1,=,14.0,%,Inhibition,,GIM-1 protein,cell-based format
CHEMBL4069211,O=P(O)(O)C(CO)CCCc1ccccc1,=,16.0,%,Inhibition,,GIM-1 protein,cell-based format
CHEMBL4090030,O=P(O)(O)C(CO)CCc1ccccc1,=,23.0,%,Inhibition,,GIM-1 protein,cell-based format
CHEMBL4075324,CCOP(=O)(OCC)C(CO)CCCCc1ccccc1,=,4.0,%,Inhibition,,GIM-1 protein,cell-based format
CHEMBL4091349,CCOP(=O)(OCC)C(CO)CCCc1ccccc1,,,,Inhibition,,GIM-1 protein,cell-based format
CHEMBL4077011,c1ccc(CCCC(CSC2CCCCC2)c2nnn[nH]2)cc1,=,8.0,%,Inhibition,,GIM-1 protein,cell-based format
CHEMBL4090938,CC(=O)SCC(CCCCc1ccccc1)P(=O)(O)O,=,50.0,%,Inhibition,,GIM-1 protein,cell-based format
CHEMBL4063031,CC(=O)SCC(CCCc1ccccc1)P(=O)(O)O,=,37.0,%,Inhibition,,GIM-1 protein,cell-based format
CHEMBL4104728,CC(=O)SCC(CCc1ccccc1)P(=O)(O)O,=,40.0,%,Inhibition,,GIM-1 protein,cell-based format
CHEMBL4081245,CCOP(=O)(OCC)C(CCCCc1ccccc1)CSC(C)=O,=,25.0,%,Inhibition,,GIM-1 protein,cell-based format
CHEMBL4095160,CCOP(=O)(OCC)C(CCCc1ccccc1)CSC(C)=O,=,21.0,%,Inhibition,,GIM-1 protein,cell-based format
CHEMBL4077556,CCOP(=O)(OCC)C(CCc1ccccc1)CSC(C)=O,=,25.0,%,Inhibition,,GIM-1 protein,cell-based format
CHEMBL4102909,SCC(CCCc1ccccc1)c1nnn[nH]1,=,25.0,%,Inhibition,,GIM-1 protein,cell-based format
CHEMBL4061495,O=P(O)(O)C(CS)CCCCc1ccccc1,=,31.0,%,Inhibition,,GIM-1 protein,cell-based format
CHEMBL4079577,O=P(O)(O)C(CS)CCCc1ccccc1,=,46.0,%,Inhibition,,GIM-1 protein,cell-based format
CHEMBL4103833,O=P(O)(O)C(CS)CCc1ccccc1,=,37.0,%,Inhibition,,GIM-1 protein,cell-based format
CHEMBL4087458,CCOP(=O)(OCC)C(CS)CCCCc1ccccc1,,,,Inhibition,,GIM-1 protein,cell-based format
CHEMBL4066078,CCOP(=O)(OCC)C(CS)CCCc1ccccc1,=,48.0,%,Inhibition,,GIM-1 protein,cell-based format
CHEMBL4089201,CCOP(=O)(OCC)C(CS)CCc1ccccc1,=,64.0,%,Inhibition,,GIM-1 protein,cell-based format
CHEMBL174367,O=C(O)C(CS)CCCCc1ccccc1,,,,IC50,,GIM-1 protein,assay format
