molecule_chembl_id,canonical_smiles,standard_relation,standard_value,standard_units,standard_type,pchembl_value,target_pref_name,bao_label
CHEMBL1082,CC1(C)S[C@@H]2[C@H](NC(=O)[C@H](N)c3ccc(O)cc3)C(=O)N2[C@H]1C(=O)O,=,30000.0,nM,Km,,Beta-lactamase,single protein format
CHEMBL1082,CC1(C)S[C@@H]2[C@H](NC(=O)[C@H](N)c3ccc(O)cc3)C(=O)N2[C@H]1C(=O)O,=,80.0,/uM/s,Kcat/Km,,Beta-lactamase,single protein format
CHEMBL1082,CC1(C)S[C@@H]2[C@H](NC(=O)[C@H](N)c3ccc(O)cc3)C(=O)N2[C@H]1C(=O)O,=,2.5,/s,Kcat,,Beta-lactamase,single protein format
CHEMBL158,C[C@H]1[C@H](NC(=O)/C(=N\OC(C)(C)C(=O)O)c2csc(N)n2)C(=O)N1S(=O)(=O)O,,,,Km,,Beta-lactamase,single protein format
CHEMBL158,C[C@H]1[C@H](NC(=O)/C(=N\OC(C)(C)C(=O)O)c2csc(N)n2)C(=O)N1S(=O)(=O)O,,,,Kcat/Km,,Beta-lactamase,single protein format
CHEMBL158,C[C@H]1[C@H](NC(=O)/C(=N\OC(C)(C)C(=O)O)c2csc(N)n2)C(=O)N1S(=O)(=O)O,,,,Kcat,,Beta-lactamase,single protein format
CHEMBL44354,CC(C)(O/N=C(\C(=O)N[C@@H]1C(=O)N2C(C(=O)[O-])=C(C[n+]3ccccc3)CS[C@H]12)c1csc(N)n1)C(=O)O,=,30000.0,nM,Km,,Beta-lactamase,single protein format
CHEMBL44354,CC(C)(O/N=C(\C(=O)N[C@@H]1C(=O)N2C(C(=O)[O-])=C(C[n+]3ccccc3)CS[C@H]12)c1csc(N)n1)C(=O)O,=,0.5,/uM/s,Kcat/Km,,Beta-lactamase,single protein format
CHEMBL44354,CC(C)(O/N=C(\C(=O)N[C@@H]1C(=O)N2C(C(=O)[O-])=C(C[n+]3ccccc3)CS[C@H]12)c1csc(N)n1)C(=O)O,=,0.015,/s,Kcat,,Beta-lactamase,single protein format
CHEMBL1730,CO/N=C(\C(=O)N[C@@H]1C(=O)N2C(C(=O)O)=C(COC(C)=O)CS[C@H]12)c1csc(N)n1,=,5000.0,nM,Km,,Beta-lactamase,single protein format
CHEMBL1730,CO/N=C(\C(=O)N[C@@H]1C(=O)N2C(C(=O)O)=C(COC(C)=O)CS[C@H]12)c1csc(N)n1,=,20.0,/uM/s,Kcat/Km,,Beta-lactamase,single protein format
CHEMBL1730,CO/N=C(\C(=O)N[C@@H]1C(=O)N2C(C(=O)O)=C(COC(C)=O)CS[C@H]12)c1csc(N)n1,=,0.1,/s,Kcat,,Beta-lactamase,single protein format
CHEMBL996,CO[C@@]1(NC(=O)Cc2cccs2)C(=O)N2C(C(=O)O)=C(COC(N)=O)CS[C@@H]21,=,500.0,nM,Km,,Beta-lactamase,single protein format
CHEMBL996,CO[C@@]1(NC(=O)Cc2cccs2)C(=O)N2C(C(=O)O)=C(COC(N)=O)CS[C@@H]21,=,160.0,/uM/s,Kcat/Km,,Beta-lactamase,single protein format
CHEMBL996,CO[C@@]1(NC(=O)Cc2cccs2)C(=O)N2C(C(=O)O)=C(COC(N)=O)CS[C@@H]21,=,0.08,/s,Kcat,,Beta-lactamase,single protein format
CHEMBL617,CC(=O)OCC1=C(C(=O)O)N2C(=O)[C@@H](NC(=O)Cc3cccs3)[C@H]2SC1,=,50000.0,nM,Km,,Beta-lactamase,single protein format
CHEMBL617,CC(=O)OCC1=C(C(=O)O)N2C(=O)[C@@H](NC(=O)Cc3cccs3)[C@H]2SC1,=,2300.0,/uM/s,Kcat/Km,,Beta-lactamase,single protein format
CHEMBL617,CC(=O)OCC1=C(C(=O)O)N2C(=O)[C@@H](NC(=O)Cc3cccs3)[C@H]2SC1,=,115.0,/s,Kcat,,Beta-lactamase,single protein format
CHEMBL186,CO/N=C(\C(=O)N[C@@H]1C(=O)N2C(C(=O)[O-])=C(C[N+]3(C)CCCC3)CS[C@H]12)c1csc(N)n1,=,1700000.0,nM,Km,,Beta-lactamase,single protein format
CHEMBL186,CO/N=C(\C(=O)N[C@@H]1C(=O)N2C(C(=O)[O-])=C(C[N+]3(C)CCCC3)CS[C@H]12)c1csc(N)n1,=,1.5,/uM/s,Kcat/Km,,Beta-lactamase,single protein format
CHEMBL186,CO/N=C(\C(=O)N[C@@H]1C(=O)N2C(C(=O)[O-])=C(C[N+]3(C)CCCC3)CS[C@H]12)c1csc(N)n1,=,2.5,/s,Kcat,,Beta-lactamase,single protein format
CHEMBL148,C[C@@H](O)[C@H]1C(=O)N2C(C(=O)O)=C(SCCNC=N)C[C@H]12,=,15000.0,nM,Km,,Beta-lactamase,single protein format
CHEMBL148,C[C@@H](O)[C@H]1C(=O)N2C(C(=O)O)=C(SCCNC=N)C[C@H]12,=,6.0,/uM/s,Kcat/Km,,Beta-lactamase,single protein format
CHEMBL148,C[C@@H](O)[C@H]1C(=O)N2C(C(=O)O)=C(SCCNC=N)C[C@H]12,=,0.1,/s,Kcat,,Beta-lactamase,single protein format
CHEMBL29,CC1(C)S[C@@H]2[C@H](NC(=O)Cc3ccccc3)C(=O)N2[C@H]1C(=O)O,=,35000.0,nM,Km,,Beta-lactamase,single protein format
CHEMBL29,CC1(C)S[C@@H]2[C@H](NC(=O)Cc3ccccc3)C(=O)N2[C@H]1C(=O)O,=,860.0,/uM/s,Kcat/Km,,Beta-lactamase,single protein format
CHEMBL29,CC1(C)S[C@@H]2[C@H](NC(=O)Cc3ccccc3)C(=O)N2[C@H]1C(=O)O,=,30.0,/s,Kcat,,Beta-lactamase,single protein format
CHEMBL702,CCN1CCN(C(=O)N[C@@H](C(=O)N[C@@H]2C(=O)N3[C@@H](C(=O)O)C(C)(C)S[C@H]23)c2ccccc2)C(=O)C1=O,=,40000.0,nM,Km,,Beta-lactamase,single protein format
CHEMBL702,CCN1CCN(C(=O)N[C@@H](C(=O)N[C@@H]2C(=O)N3[C@@H](C(=O)O)C(C)(C)S[C@H]23)c2ccccc2)C(=O)C1=O,=,125.0,/uM/s,Kcat/Km,,Beta-lactamase,single protein format
CHEMBL702,CCN1CCN(C(=O)N[C@@H](C(=O)N[C@@H]2C(=O)N3[C@@H](C(=O)O)C(C)(C)S[C@H]23)c2ccccc2)C(=O)C1=O,=,5.0,/s,Kcat,,Beta-lactamase,single protein format
CHEMBL3922005,O=C(OCCN1CCCCC1)[C@@H]1CC[C@@H]2CN1C(=O)N2OS(=O)(=O)O,=,1200.0,nM,IC50,5.92,Beta-lactamase,single protein format
CHEMBL3948356,O=C(NC[C@H]1CNCCCO1)[C@@H]1CC[C@@H]2CN1C(=O)N2OS(=O)(=O)O,=,15.0,nM,IC50,7.82,Beta-lactamase,single protein format
CHEMBL3112741,O=C(NC1CCNCC1)[C@@H]1CC[C@@H]2CN1C(=O)N2OS(=O)(=O)O,=,465.0,nM,IC50,6.33,Beta-lactamase,single protein format
CHEMBL3970865,O=C(NCCN1CCCCC1)[C@@H]1CC[C@@H]2CN1C(=O)N2OS(=O)(=O)O,=,180.0,nM,IC50,6.75,Beta-lactamase,single protein format
CHEMBL3925213,O=C(NC1CCNC[C@H]1F)[C@@H]1CCC2CN1C(=O)N2OS(=O)(=O)O,=,49.0,nM,IC50,7.31,Beta-lactamase,single protein format
CHEMBL3941136,CC1(COC(=O)[C@@H]2CC[C@@H]3CN2C(=O)N3OS(=O)(=O)O)CCNCC1,=,36.0,nM,IC50,7.44,Beta-lactamase,single protein format
CHEMBL3910341,CNCc1cccc(NC(=O)[C@@H]2CC[C@@H]3CN2C(=O)N3OS(=O)(=O)O)c1,=,22.0,nM,IC50,7.66,Beta-lactamase,single protein format
CHEMBL3112591,Nc1cccc(NC(=O)[C@@H]2CC[C@@H]3CN2C(=O)N3OS(=O)(=O)O)n1,=,8.0,nM,IC50,8.10,Beta-lactamase,single protein format
CHEMBL3977380,NCc1ccnc(NC(=O)[C@@H]2CC[C@@H]3CN2C(=O)N3OS(=O)(=O)O)c1,=,2.0,nM,IC50,8.70,Beta-lactamase,single protein format
CHEMBL3112745,O=C(NC1CCS(=O)(=O)CC1)[C@@H]1CC[C@@H]2CN1C(=O)N2OS(=O)(=O)O,=,9.5,nM,IC50,8.02,Beta-lactamase,single protein format
CHEMBL3942273,O=C(N[C@H]1CNC[C@H]1F)[C@@H]1CC[C@@H]2CN1C(=O)N2OS(=O)(=O)O,=,19.0,nM,IC50,7.72,Beta-lactamase,single protein format
CHEMBL3904412,NCc1cccc(NC(=O)[C@@H]2CC[C@@H]3CN2C(=O)N3OS(=O)(=O)O)c1,=,34.0,nM,IC50,7.47,Beta-lactamase,single protein format
CHEMBL3957170,O=C(O[C@H]1CCCNCC1)[C@@H]1CC[C@@H]2CN1C(=O)N2OS(=O)(=O)O,=,83.0,nM,IC50,7.08,Beta-lactamase,single protein format
CHEMBL3890757,O=C(O[C@H]1CCNC1)[C@@H]1CC[C@@H]2CN1C(=O)N2OS(=O)(=O)O,=,210.0,nM,IC50,6.68,Beta-lactamase,single protein format
CHEMBL3971570,O=C(NCC1CCCCN1)[C@@H]1CC[C@@H]2CN1C(=O)N2OS(=O)(=O)O,=,530.0,nM,IC50,6.28,Beta-lactamase,single protein format
CHEMBL3959746,O=C(O[C@@H]1CCNC[C@@H]1F)[C@@H]1CC[C@@H]2CN1C(=O)N2OS(=O)(=O)O,=,49.0,nM,IC50,7.31,Beta-lactamase,single protein format
CHEMBL3958442,O=C(OC1CNNC1)[C@@H]1CC[C@@H]2CN1C(=O)N2OS(=O)(=O)O,=,700.0,nM,IC50,6.16,Beta-lactamase,single protein format
CHEMBL3974207,O=C(NCCC1CCNCC1)[C@@H]1CC[C@@H]2CN1C(=O)N2OS(=O)(=O)O,=,11.0,nM,IC50,7.96,Beta-lactamase,single protein format
CHEMBL3112749,NCc1ccc(NC(=O)[C@@H]2CC[C@@H]3CN2C(=O)N3OS(=O)(=O)O)nc1,=,3.0,nM,IC50,8.52,Beta-lactamase,single protein format
CHEMBL3911936,O=C(Nc1ccncc1)[C@@H]1CCC2CN1C(=O)N2OS(=O)(=O)O,=,6.0,nM,IC50,8.22,Beta-lactamase,single protein format
CHEMBL3984986,CN(C)Cc1ccc(NC(=O)[C@@H]2CC[C@@H]3CN2C(=O)N3OS(=O)(=O)O)cc1,=,18.0,nM,IC50,7.75,Beta-lactamase,single protein format
CHEMBL3918030,N[C@@H]1CCN(C(=O)[C@@H]2CC[C@@H]3CN2C(=O)N3OS(=O)(=O)O)C1,=,840.0,nM,IC50,6.08,Beta-lactamase,single protein format
CHEMBL3975378,O=C(O[C@@H]1CNOC1)[C@@H]1CC[C@@H]2CN1C(=O)N2OS(=O)(=O)O,=,62.0,nM,IC50,7.21,Beta-lactamase,single protein format
CHEMBL3932610,N[C@@H]1CNC[C@H]1NC(=O)[C@@H]1CC[C@@H]2CN1C(=O)N2OS(=O)(=O)O,=,740.0,nM,IC50,6.13,Beta-lactamase,single protein format
CHEMBL3932417,NCc1ccc(NC(=O)[C@@H]2CC[C@@H]3CN2C(=O)N3OS(=O)(=O)O)cc1,=,20.0,nM,IC50,7.70,Beta-lactamase,single protein format
CHEMBL3659511,O=C(NC1CCCNC1)[C@H]1CC[C@@H]2CN1C(=O)N2OS(=O)(=O)O,=,480.0,nM,IC50,6.32,Beta-lactamase,single protein format
CHEMBL3946631,NC1CCN(C(=O)[C@@H]2CC[C@@H]3CN2C(=O)N3OS(=O)(=O)O)CC1,=,820.0,nM,IC50,6.09,Beta-lactamase,single protein format
CHEMBL3112757,O=C(N[C@@H]1CCCNCC1)[C@@H]1CC[C@@H]2CN1C(=O)N2OS(=O)(=O)O,=,520.0,nM,IC50,6.28,Beta-lactamase,single protein format
CHEMBL3921900,O=C(NC1CCCNC1)[C@@H]1CC[C@@H]2CN1C(=O)N2OS(=O)(=O)O,=,64.0,nM,IC50,7.19,Beta-lactamase,single protein format
CHEMBL3961665,O=C(Nc1nccs1)[C@@H]1CC[C@@H]2CN1C(=O)N2OS(=O)(=O)O,=,1.8,nM,IC50,8.74,Beta-lactamase,single protein format
CHEMBL3983979,NCC1CCCCN1C(=O)[C@@H]1CC[C@@H]2CN1C(=O)N2OS(=O)(=O)O,=,7500.0,nM,IC50,5.12,Beta-lactamase,single protein format
CHEMBL3902510,NC(=O)c1cccc(NC(=O)[C@@H]2CC[C@@H]3CN2C(=O)N3OS(=O)(=O)O)c1,=,3.0,nM,IC50,8.52,Beta-lactamase,single protein format
CHEMBL3939469,O=C(Nc1ccnc(N2CCNCC2)n1)[C@@H]1CC[C@@H]2CN1C(=O)N2OS(=O)(=O)O,=,260.0,nM,IC50,6.58,Beta-lactamase,single protein format
CHEMBL3892741,CN(C)c1cc(NC(=O)[C@@H]2CCC3CN2C(=O)N3OS(=O)(=O)O)ccn1,=,1.6,nM,IC50,8.80,Beta-lactamase,single protein format
CHEMBL3895019,NC(=O)c1ccc(NC(=O)[C@@H]2CC[C@@H]3CN2C(=O)N3OS(=O)(=O)O)cc1,=,7.0,nM,IC50,8.15,Beta-lactamase,single protein format
CHEMBL3958929,O=C(O[C@H]1CNCC[C@H]1F)[C@@H]1CC[C@@H]2CN1C(=O)N2OS(=O)(=O)O,=,76.0,nM,IC50,7.12,Beta-lactamase,single protein format
CHEMBL3932731,O=C(O[C@@H]1CNC[C@@H]1F)[C@@H]1CC[C@@H]2CN1C(=O)N2OS(=O)(=O)O,=,39.0,nM,IC50,7.41,Beta-lactamase,single protein format
CHEMBL3970704,O=C(Nc1ccc(CN2CCCC2)cc1)[C@@H]1CC[C@@H]2CN1C(=O)N2OS(=O)(=O)O,=,22.0,nM,IC50,7.66,Beta-lactamase,single protein format
CHEMBL3947548,CC(=O)Oc1ccc(C(=O)NCC(CNC(=O)c2ccc(OC(C)=O)c(OC(C)=O)c2)OC(=O)[C@@H]2CC[C@@H]3CN2C(=O)N3S(=O)(=O)O)cc1OC(C)=O,=,61.0,nM,IC50,7.21,Beta-lactamase,single protein format
CHEMBL3922601,O=C(N[C@@H]1CNC[C@@H]1F)[C@@H]1CC[C@@H]2CN1C(=O)N2OS(=O)(=O)O,=,150.0,nM,IC50,6.82,Beta-lactamase,single protein format
CHEMBL3942398,O=C(N[C@H]1CCNC[C@@H]1F)[C@@H]1CC[C@@H]2CN1C(=O)N2OS(=O)(=O)O,=,110.0,nM,IC50,6.96,Beta-lactamase,single protein format
CHEMBL3934406,NCCOC(=O)[C@@H]1CC[C@@H]2CN1C(=O)N2OS(=O)(=O)O,=,610.0,nM,IC50,6.21,Beta-lactamase,single protein format
CHEMBL3916954,CNCc1ccc(NC(=O)[C@@H]2CC[C@@H]3CN2C(=O)N3OS(=O)(=O)O)cc1,=,18.0,nM,IC50,7.75,Beta-lactamase,single protein format
CHEMBL3899991,O=C(O[C@@H]1CNC[C@H]1F)[C@@H]1CC[C@@H]2CN1C(=O)N2OS(=O)(=O)O,=,200.0,nM,IC50,6.70,Beta-lactamase,single protein format
CHEMBL3929994,O=C([C@@H]1CC[C@@H]2CN1C(=O)N2OS(=O)(=O)O)N1CC2(CCNCC2)C1,=,590.0,nM,IC50,6.23,Beta-lactamase,single protein format
CHEMBL3112748,O=C(Nc1ccccn1)[C@@H]1CC[C@@H]2CN1C(=O)N2OS(=O)(=O)O,=,1.2,nM,IC50,8.92,Beta-lactamase,single protein format
CHEMBL3931511,O=C(N[C@H]1CCN(C2CCNCC2)C1=O)[C@@H]1CC[C@@H]2CN1C(=O)N2OS(=O)(=O)O,=,620.0,nM,IC50,6.21,Beta-lactamase,single protein format
CHEMBL3935623,NCc1ccc(OC(=O)[C@@H]2CC[C@@H]3CN2C(=O)N3OS(=O)(=O)O)cc1,=,24.0,nM,IC50,7.62,Beta-lactamase,single protein format
CHEMBL3890009,N[C@H]1CCN(C(=O)[C@@H]2CC[C@@H]3CN2C(=O)N3OS(=O)(=O)O)C1,=,1400.0,nM,IC50,5.85,Beta-lactamase,single protein format
CHEMBL3986788,O=C(O[C@H]1CNCC[C@@H]1F)[C@@H]1CC[C@@H]2CN1C(=O)N2OS(=O)(=O)O,=,81.0,nM,IC50,7.09,Beta-lactamase,single protein format
CHEMBL3910179,O=C(N[C@@H]1CNC[C@H]1O)[C@@H]1CC[C@@H]2CN1C(=O)N2OS(=O)(=O)O,=,2500.0,nM,IC50,5.60,Beta-lactamase,single protein format
CHEMBL3922994,NS(=O)(=O)c1ccc(NC(=O)[C@@H]2CC[C@@H]3CN2C(=O)N3OS(=O)(=O)O)cc1,=,7.0,nM,IC50,8.15,Beta-lactamase,single protein format
CHEMBL3955696,O=C(Nc1cnccn1)[C@@H]1CC[C@@H]2CN1C(=O)N2OS(=O)(=O)O,=,6.0,nM,IC50,8.22,Beta-lactamase,single protein format
CHEMBL3964136,O=C(Nc1ccc(N2CCOCC2)cn1)[C@@H]1CC[C@@H]2CN1C(=O)N2OS(=O)(=O)O,=,5.0,nM,IC50,8.30,Beta-lactamase,single protein format
CHEMBL3934106,O=C(Nc1ccc(C2CCNCC2)cn1)[C@@H]1CCC2CN1C(=O)N2OS(=O)(=O)O,=,6.0,nM,IC50,8.22,Beta-lactamase,single protein format
CHEMBL4115597,CC(=O)Oc1ccc(C(=O)NCCOC(=O)[C@@H]2CC[C@@H]3CN2C(=O)N3S(=O)(=O)O)cc1OC(C)=O,=,440.0,nM,IC50,6.36,Beta-lactamase,single protein format
CHEMBL3919215,O=C(NC1CNC1)[C@@H]1CC[C@@H]2CN1C(=O)N2OS(=O)(=O)O,=,1000.0,nM,IC50,6.00,Beta-lactamase,single protein format
CHEMBL3112744,CN1CCC(NC(=O)[C@@H]2CC[C@@H]3CN2C(=O)N3OS(=O)(=O)O)CC1,=,500.0,nM,IC50,6.30,Beta-lactamase,single protein format
CHEMBL3981837,O=C(Nc1cccc(C2CCNCC2)n1)[C@@H]1CC[C@@H]2CN1C(=O)N2OS(=O)(=O)O,=,270.0,nM,IC50,6.57,Beta-lactamase,single protein format
CHEMBL3947285,O=C(NCC1CCCN1)[C@@H]1CC[C@@H]2CN1C(=O)N2OS(=O)(=O)O,=,250.0,nM,IC50,6.60,Beta-lactamase,single protein format
CHEMBL3932306,O=C(NCCN1CCNCC1)[C@@H]1CC[C@@H]2CN1C(=O)N2OS(=O)(=O)O,=,42.0,nM,IC50,7.38,Beta-lactamase,single protein format
CHEMBL3931678,O=C([C@@H]1CC[C@@H]2CN1C(=O)N2OS(=O)(=O)O)N1CC2CNCC2C1,=,1000.0,nM,IC50,6.00,Beta-lactamase,single protein format
CHEMBL3112751,O=C(O)c1ccc(NC(=O)[C@@H]2CC[C@@H]3CN2C(=O)N3OS(=O)(=O)O)cc1,=,11.0,nM,IC50,7.96,Beta-lactamase,single protein format
CHEMBL3896059,O=C(Nc1ccc2c(c1)CCNC2)[C@@H]1CC[C@@H]2CN1C(=O)N2OS(=O)(=O)O,=,14.0,nM,IC50,7.85,Beta-lactamase,single protein format
CHEMBL3981884,COc1cc(NC(=O)[C@@H]2CCC3CN2C(=O)N3OS(=O)(=O)O)ccn1,=,1.1,nM,IC50,8.96,Beta-lactamase,single protein format
CHEMBL3938105,O=C(N[C@@H]1CNC[C@@H]1O)[C@@H]1CC[C@@H]2CN1C(=O)N2OS(=O)(=O)O,=,2250.0,nM,IC50,5.65,Beta-lactamase,single protein format
CHEMBL3906670,O=C(CC1CCNC1)[C@@H]1CCC2CN1C(=O)N2OS(=O)(=O)O,=,29000.0,nM,IC50,4.54,Beta-lactamase,single protein format
CHEMBL3971925,O=C(Nc1ccc2c(c1)CNC2)[C@@H]1CC[C@@H]2CN1C(=O)N2OS(=O)(=O)O,=,16.0,nM,IC50,7.80,Beta-lactamase,single protein format
CHEMBL3896225,O=C(Nc1nc2c(s1)CNCC2)[C@@H]1CC[C@@H]2CN1C(=O)N2OS(=O)(=O)O,=,10.0,nM,IC50,8.00,Beta-lactamase,single protein format
CHEMBL3984624,O=C(N[C@@H]1CCCNC[C@@H]1F)[C@@H]1CC[C@@H]2CN1C(=O)N2OS(=O)(=O)O,=,13.0,nM,IC50,7.89,Beta-lactamase,single protein format
CHEMBL3961606,O=C(OCC1CCNCC1)[C@@H]1CCC2CN1C(=O)N2OS(=O)(=O)O,=,180.0,nM,IC50,6.75,Beta-lactamase,single protein format
CHEMBL3112747,O=C(Nc1cccnc1)[C@@H]1CC[C@@H]2CN1C(=O)N2OS(=O)(=O)O,=,37.0,nM,IC50,7.43,Beta-lactamase,single protein format
CHEMBL3953568,O=C(Nc1ccc(N2CCCC2)cn1)[C@@H]1CC[C@@H]2CN1C(=O)N2OS(=O)(=O)O,=,4.0,nM,IC50,8.40,Beta-lactamase,single protein format
CHEMBL3957507,O=C(Nc1cc(C2CCNCC2)ccn1)[C@@H]1CC[C@@H]2CN1C(=O)N2OS(=O)(=O)O,=,0.8,nM,IC50,9.10,Beta-lactamase,single protein format
CHEMBL3968922,O=C(NC1CCCNCC1)[C@@H]1CCC2CN1C(=O)N2OS(=O)(=O)O,=,69.0,nM,IC50,7.16,Beta-lactamase,single protein format
CHEMBL3895684,O=C(O[C@H]1CNC[C@H]1F)[C@@H]1CC[C@@H]2CN1C(=O)N2OS(=O)(=O)O,=,38.0,nM,IC50,7.42,Beta-lactamase,single protein format
CHEMBL3913753,O=C(O[C@@H]1CCNC[C@H]1F)[C@@H]1CC[C@@H]2CN1C(=O)N2OS(=O)(=O)O,=,40.0,nM,IC50,7.40,Beta-lactamase,single protein format
CHEMBL3956247,O=C(Nc1ccc2c(c1)CCNC2)[C@@H]1CCC2CN1C(=O)N2OS(=O)(=O)O,=,14.0,nM,IC50,7.85,Beta-lactamase,single protein format
CHEMBL3112754,CN(C(=O)[C@@H]1CC[C@@H]2CN1C(=O)N2OS(=O)(=O)O)C1CCNCC1,=,290.0,nM,IC50,6.54,Beta-lactamase,single protein format
CHEMBL3900778,O=C(Nc1ccc2c(c1)CCN2)[C@@H]1CC[C@@H]2CN1C(=O)N2OS(=O)(=O)O,=,56.0,nM,IC50,7.25,Beta-lactamase,single protein format
CHEMBL3926592,CO[C@H]1CNCC[C@H]1NC(=O)[C@@H]1CC[C@@H]2CN1C(=O)N2OS(=O)(=O)O,=,120.0,nM,IC50,6.92,Beta-lactamase,single protein format
CHEMBL3944847,Cn1ccnc1NC(=O)[C@@H]1CC[C@@H]2CN1C(=O)N2OS(=O)(=O)O,=,240.0,nM,IC50,6.62,Beta-lactamase,single protein format
CHEMBL3933009,O=C(NC[C@@H]1CNCCCO1)[C@@H]1CC[C@@H]2CN1C(=O)N2OS(=O)(=O)O,=,100.0,nM,IC50,7.00,Beta-lactamase,single protein format
CHEMBL3938261,O=C(O[C@H]1CCNC[C@@H]1F)[C@@H]1CC[C@@H]2CN1C(=O)N2OS(=O)(=O)O,=,33.0,nM,IC50,7.48,Beta-lactamase,single protein format
CHEMBL3914399,O=C(N[C@@H]1CCNC[C@@H]1F)[C@@H]1CC[C@@H]2CN1C(=O)N2OS(=O)(=O)O,=,20.0,nM,IC50,7.70,Beta-lactamase,single protein format
CHEMBL3956371,O=C(OC1CNC1)[C@@H]1CC[C@@H]2CN1C(=O)N2OS(=O)(=O)O,=,600.0,nM,IC50,6.22,Beta-lactamase,single protein format
CHEMBL3903047,O=C(Nc1cc(N2CCCC2)nc(N2CCCC2)c1)[C@@H]1CC[C@@H]2CN1C(=O)N2OS(=O)(=O)O,=,515.0,nM,IC50,6.29,Beta-lactamase,single protein format
CHEMBL3959427,O=C(N[C@H]1CCCNC[C@H]1F)[C@@H]1CC[C@@H]2CN1C(=O)N2OS(=O)(=O)O,=,18.0,nM,IC50,7.75,Beta-lactamase,single protein format
CHEMBL3910351,CN(C)c1ccnc(NC(=O)[C@@H]2CC[C@@H]3CN2C(=O)N3OS(=O)(=O)O)c1,=,3.0,nM,IC50,8.52,Beta-lactamase,single protein format
CHEMBL3908919,O=C(O[C@@H]1CCCNCC1)[C@@H]1CC[C@@H]2CN1C(=O)N2OS(=O)(=O)O,=,33000.0,nM,IC50,4.48,Beta-lactamase,single protein format
CHEMBL3906670,O=C(CC1CCNC1)[C@@H]1CCC2CN1C(=O)N2OS(=O)(=O)O,=,110.0,nM,IC50,6.96,Beta-lactamase,single protein format
CHEMBL3932241,O=C(O[C@H]1CCNC[C@H]1F)[C@@H]1CC[C@@H]2CN1C(=O)N2OS(=O)(=O)O,=,46.0,nM,IC50,7.34,Beta-lactamase,single protein format
CHEMBL3112755,O=C(OC1CCNCC1)[C@@H]1CC[C@@H]2CN1C(=O)N2OS(=O)(=O)O,=,170.0,nM,IC50,6.77,Beta-lactamase,single protein format
CHEMBL3960469,O=C(NC(CO)C1CCNCC1)[C@@H]1CC[C@@H]2CN1C(=O)N2OS(=O)(=O)O,=,700.0,nM,IC50,6.16,Beta-lactamase,single protein format
CHEMBL3944458,O=C(OCCC1CCNCC1)[C@@H]1CC[C@@H]2CN1C(=O)N2OS(=O)(=O)O,=,165.0,nM,IC50,6.78,Beta-lactamase,single protein format
CHEMBL3967936,O=C(Nc1ccncn1)[C@@H]1CC[C@@H]2CN1C(=O)N2OS(=O)(=O)O,=,0.8,nM,IC50,9.10,Beta-lactamase,single protein format
CHEMBL3987101,NCc1cc(CC(=O)[C@@H]2CCC3CN2C(=O)N3OS(=O)(=O)O)ccn1,=,20.0,nM,IC50,7.70,Beta-lactamase,single protein format
CHEMBL3889864,CN1CCN=C1NC(=O)[C@@H]1CC[C@@H]2CN1C(=O)N2OS(=O)(=O)O,=,200.0,nM,IC50,6.70,Beta-lactamase,single protein format
CHEMBL3949467,O=C(O[C@H]1CNOC1)[C@@H]1CC[C@@H]2CN1C(=O)N2OS(=O)(=O)O,=,39.0,nM,IC50,7.41,Beta-lactamase,single protein format
CHEMBL3941396,NCc1ccccc1NC(=O)[C@@H]1CC[C@@H]2CN1C(=O)N2OS(=O)(=O)O,=,292.0,nM,IC50,6.54,Beta-lactamase,single protein format
CHEMBL3962320,O=C(NC1CCNCC1)[C@@H]1CCC2CN1C(=O)N2OS(=O)(=O)O,=,465.0,nM,IC50,6.33,Beta-lactamase,single protein format
CHEMBL3963657,O=C(Nc1ccc(N2CCNCC2)cn1)[C@@H]1CC[C@@H]2CN1C(=O)N2OS(=O)(=O)O,=,2.0,nM,IC50,8.70,Beta-lactamase,single protein format
CHEMBL3959010,O=C(N[C@@H]1CCN(C2CCNCC2)C1=O)[C@@H]1CC[C@@H]2CN1C(=O)N2OS(=O)(=O)O,=,45.0,nM,IC50,7.35,Beta-lactamase,single protein format
CHEMBL3112753,O=C(NCC1CCNCC1)[C@@H]1CC[C@@H]2CN1C(=O)N2OS(=O)(=O)O,=,30.0,nM,IC50,7.52,Beta-lactamase,single protein format
CHEMBL3913452,O=C([C@@H]1CC[C@@H]2CN1C(=O)N2OS(=O)(=O)O)N1CCNCC1,=,2200.0,nM,IC50,5.66,Beta-lactamase,single protein format
CHEMBL3972003,O=C(O[C@H]1CNC[C@@H]1F)[C@@H]1CC[C@@H]2CN1C(=O)N2OS(=O)(=O)O,=,200.0,nM,IC50,6.70,Beta-lactamase,single protein format
CHEMBL3963057,O=C(OCC1CNCCCO1)[C@@H]1CC[C@@H]2CN1C(=O)N2OS(=O)(=O)O,=,340.0,nM,IC50,6.47,Beta-lactamase,single protein format
CHEMBL3951105,O=C(O[C@@H]1CCNC1)[C@@H]1CC[C@@H]2CN1C(=O)N2OS(=O)(=O)O,=,3000.0,nM,IC50,5.52,Beta-lactamase,single protein format
CHEMBL3959809,O=C(NC1C2CNCC21)[C@@H]1CC[C@@H]2CN1C(=O)N2OS(=O)(=O)O,=,720.0,nM,IC50,6.14,Beta-lactamase,single protein format
CHEMBL3895474,CN(C)C1CCN(C(=O)[C@@H]2CC[C@@H]3CN2C(=O)N3OS(=O)(=O)O)C1,=,270.0,nM,IC50,6.57,Beta-lactamase,single protein format
CHEMBL3112743,O=C(N[C@@H]1CCNC1)[C@@H]1CC[C@@H]2CN1C(=O)N2OS(=O)(=O)O,=,29100.0,nM,IC50,4.54,Beta-lactamase,single protein format
CHEMBL3976550,O=C(NCC1(F)CNC1)[C@@H]1CC[C@@H]2CN1C(=O)N2OS(=O)(=O)O,=,40.0,nM,IC50,7.40,Beta-lactamase,single protein format
CHEMBL4164703,N#C/C(=C\c1cnc(N)nc1N)c1nc2ccccc2s1,,,,Inhibition,,Beta-lactamase,single protein format
CHEMBL4170126,N#C/C(=C\c1cnc(Nc2ccc(Cl)cc2)nc1)c1nc2ccccc2[nH]1,,,,Inhibition,,Beta-lactamase,single protein format
CHEMBL4164703,N#C/C(=C\c1cnc(N)nc1N)c1nc2ccccc2s1,=,0.2,,FICI,,Beta-lactamase,single protein format
CHEMBL4170126,N#C/C(=C\c1cnc(Nc2ccc(Cl)cc2)nc1)c1nc2ccccc2[nH]1,=,0.2,,FICI,,Beta-lactamase,single protein format
