molecule_chembl_id,canonical_smiles,standard_relation,standard_value,standard_units,standard_type,pchembl_value,target_pref_name,bao_label
CHEMBL268919,CC(=O)OCC1=C(C(=O)[O-])N2C(=O)/C(=C/C(=O)OC(C)(C)C)[C@H]2S(=O)(=O)C1.[Na+],=,6560.0,nM,IC50,5.18,Beta-lactamase class C,single protein format
CHEMBL355571,C=C1C(COC(C)=O)=C(C(=O)[O-])N2C(=O)/C(=C/C(=O)[O-])[C@H]2S1(=O)=O.[Na+].[Na+],=,2490.0,nM,IC50,5.60,Beta-lactamase class C,single protein format
CHEMBL268632,CC(=O)OCC1=C(C(=O)[O-])N2C(=O)/C(=C/c3ccccn3)[C@H]2S(=O)(=O)C1.[Na+],=,498.0,nM,IC50,6.30,Beta-lactamase class C,single protein format
CHEMBL171001,CSC(SC)=C1C(C)=C(C(=O)[O-])N2C(=O)/C(=C/c3ccccn3)[C@H]2S1(=O)=O.[Na+],=,510.0,nM,IC50,6.29,Beta-lactamase class C,single protein format
CHEMBL435467,CC1=C(C(=O)[O-])N2C(=O)/C(=C/c3ccccn3)[C@H]2S(=O)(=O)C1C.[Na+],=,3900.0,nM,IC50,5.41,Beta-lactamase class C,single protein format
CHEMBL169016,C=C1C(CSc2nnnn2C)=C(C(=O)[O-])N2C(=O)/C(=C/C(=O)OC(C)(C)C)[C@H]2S1(=O)=O.[Na+],=,2380.0,nM,IC50,5.62,Beta-lactamase class C,single protein format
CHEMBL1439,C[C@]1(Cn2ccnn2)[C@H](C(=O)[O-])N2C(=O)C[C@H]2S1(=O)=O.[Na+],=,51900.0,nM,IC50,4.29,Beta-lactamase class C,single protein format
CHEMBL353004,C=C1C(COC(C)=O)=C(C(=O)[O-])N2C(=O)/C(=C/c3ccccn3)[C@H]2S1(=O)=O.[Na+],=,165.0,nM,IC50,6.78,Beta-lactamase class C,single protein format
CHEMBL166730,C=C1C(C)=C(C(=O)[O-])N2C(=O)/C(=C/c3ccccn3)[C@H]2S1(=O)=O.[Na+],=,39.0,nM,IC50,7.41,Beta-lactamase class C,single protein format
CHEMBL355246,CC1=C(C(=O)[O-])N2C(=O)/C(=C/c3ccccn3)[C@H]2S(=O)(=O)[C@@H]1Sc1nnnn1C.[Na+],=,29000.0,nM,IC50,4.54,Beta-lactamase class C,single protein format
CHEMBL169515,C=C1C(COC(C)=O)=C(C(=O)[O-])N2C(=O)/C(=C/C(=O)OC(C)(C)C)[C@H]2S1(=O)=O.[Na+],=,1550.0,nM,IC50,5.81,Beta-lactamase class C,single protein format
CHEMBL355648,C=C1C(C)=C(C(=O)[O-])N2C(=O)/C(=C/C(=O)OC(C)(C)C)[C@H]2S1(=O)=O.[Na+],=,48600.0,nM,IC50,4.31,Beta-lactamase class C,single protein format
CHEMBL166677,C=C1C(C)=C(C(=O)[O-])N2C(=O)/C(=C/C(=O)[O-])[C@H]2S1(=O)=O.[Na+].[Na+],=,36800.0,nM,IC50,4.43,Beta-lactamase class C,single protein format
CHEMBL355288,N#CC1=C(C(=O)[O-])N2C(=O)/C(=C/c3ccccn3)C2S(=O)(=O)C1.[Na+],=,29.0,nM,IC50,7.54,Beta-lactamase class C,single protein format
CHEMBL355288,N#CC1=C(C(=O)[O-])N2C(=O)/C(=C/c3ccccn3)C2S(=O)(=O)C1.[Na+],,,,IC50,,Beta-lactamase class C,single protein format
CHEMBL353978,COCC1=C(C(=O)[O-])N2C(=O)/C(=C/c3ccccn3)C2S(=O)(=O)C1.[Na+],=,700.0,nM,IC50,6.16,Beta-lactamase class C,single protein format
CHEMBL353978,COCC1=C(C(=O)[O-])N2C(=O)/C(=C/c3ccccn3)C2S(=O)(=O)C1.[Na+],=,1200.0,nM,IC50,5.92,Beta-lactamase class C,single protein format
CHEMBL353694,NC(=O)/C=C/C1=C(C(=O)[O-])N2C(=O)/C(=C/c3cccs3)C2S(=O)(=O)C1.[Na+],=,290.0,nM,IC50,6.54,Beta-lactamase class C,single protein format
CHEMBL353694,NC(=O)/C=C/C1=C(C(=O)[O-])N2C(=O)/C(=C/c3cccs3)C2S(=O)(=O)C1.[Na+],,,,IC50,,Beta-lactamase class C,single protein format
CHEMBL169303,O=C(Cc1ccc(O)c(O)c1)OCC1=C(C(=O)[O-])N2C(=O)/C(=C/c3ccccn3)C2S(=O)(=O)C1.[Na+],=,3600.0,nM,IC50,5.44,Beta-lactamase class C,single protein format
CHEMBL169303,O=C(Cc1ccc(O)c(O)c1)OCC1=C(C(=O)[O-])N2C(=O)/C(=C/c3ccccn3)C2S(=O)(=O)C1.[Na+],,,,IC50,,Beta-lactamase class C,single protein format
CHEMBL169550,N#CCC1=C(C(=O)[O-])N2C(=O)/C(=C/c3ccccn3)C2S(=O)(=O)C1.[Na+],=,900.0,nM,IC50,6.05,Beta-lactamase class C,single protein format
CHEMBL169550,N#CCC1=C(C(=O)[O-])N2C(=O)/C(=C/c3ccccn3)C2S(=O)(=O)C1.[Na+],,,,IC50,,Beta-lactamase class C,single protein format
CHEMBL354754,C=C1C(/C=C/C(=O)OC)=C(C(=O)[O-])N2C(=O)/C(=C/c3ccccn3)C2S1(=O)=O.[Na+],=,30.0,nM,IC50,7.52,Beta-lactamase class C,single protein format
CHEMBL354754,C=C1C(/C=C/C(=O)OC)=C(C(=O)[O-])N2C(=O)/C(=C/c3ccccn3)C2S1(=O)=O.[Na+],=,60.0,nM,IC50,7.22,Beta-lactamase class C,single protein format
CHEMBL354758,NC(=O)OCC1=C(C(=O)[O-])N2C(=O)/C(=C/c3ccccn3)C2S(=O)(=O)C1.[Na+],=,2300.0,nM,IC50,5.64,Beta-lactamase class C,single protein format
CHEMBL354758,NC(=O)OCC1=C(C(=O)[O-])N2C(=O)/C(=C/c3ccccn3)C2S(=O)(=O)C1.[Na+],=,260.0,nM,IC50,6.58,Beta-lactamase class C,single protein format
CHEMBL171049,CCOC(=O)CNC(=O)OCC1=C(C(=O)[O-])N2C(=O)/C(=C/c3ccccn3)C2S(=O)(=O)C1.[Na+],=,400.0,nM,IC50,6.40,Beta-lactamase class C,single protein format
CHEMBL171049,CCOC(=O)CNC(=O)OCC1=C(C(=O)[O-])N2C(=O)/C(=C/c3ccccn3)C2S(=O)(=O)C1.[Na+],=,45000.0,nM,IC50,4.35,Beta-lactamase class C,single protein format
CHEMBL353613,NC(=O)/C=C/C1=C(C(=O)[O-])N2C(=O)/C(=C/c3ccccn3)C2S(=O)(=O)C1.[Na+],=,26.0,nM,IC50,7.58,Beta-lactamase class C,single protein format
CHEMBL353613,NC(=O)/C=C/C1=C(C(=O)[O-])N2C(=O)/C(=C/c3ccccn3)C2S(=O)(=O)C1.[Na+],=,10.0,nM,IC50,8.00,Beta-lactamase class C,single protein format
CHEMBL167539,COC(=O)/C(Cl)=C/C1=C(C(=O)[O-])N2C(=O)/C(=C/c3ccccn3)C2S(=O)(=O)C1.[Na+],=,900.0,nM,IC50,6.05,Beta-lactamase class C,single protein format
CHEMBL167539,COC(=O)/C(Cl)=C/C1=C(C(=O)[O-])N2C(=O)/C(=C/c3ccccn3)C2S(=O)(=O)C1.[Na+],=,180.0,nM,IC50,6.75,Beta-lactamase class C,single protein format
CHEMBL172564,CCC(=O)OCC1=C(C(=O)[O-])N2C(=O)/C(=C/c3ccccn3)C2S(=O)(=O)C1.[Na+],,,,IC50,,Beta-lactamase class C,single protein format
CHEMBL172564,CCC(=O)OCC1=C(C(=O)[O-])N2C(=O)/C(=C/c3ccccn3)C2S(=O)(=O)C1.[Na+],,,,NT,,Beta-lactamase class C,single protein format
CHEMBL353422,O=C([O-])C1=C(/C=C/[N+](=O)[O-])CS(=O)(=O)C2/C(=C\c3ccccn3)C(=O)N12.[Na+],=,20.0,nM,IC50,7.70,Beta-lactamase class C,single protein format
CHEMBL353422,O=C([O-])C1=C(/C=C/[N+](=O)[O-])CS(=O)(=O)C2/C(=C\c3ccccn3)C(=O)N12.[Na+],=,100.0,nM,IC50,7.00,Beta-lactamase class C,single protein format
CHEMBL422212,O=C(COc1ccccc1)OCC1=C(C(=O)[O-])N2C(=O)/C(=C/c3ccccn3)C2S(=O)(=O)C1.[Na+],=,100.0,nM,IC50,7.00,Beta-lactamase class C,single protein format
CHEMBL422212,O=C(COc1ccccc1)OCC1=C(C(=O)[O-])N2C(=O)/C(=C/c3ccccn3)C2S(=O)(=O)C1.[Na+],=,130.0,nM,IC50,6.89,Beta-lactamase class C,single protein format
CHEMBL355558,N#C/C=C/C1=C(C(=O)[O-])N2C(=O)/C(=C/c3ccccn3)C2S(=O)(=O)C1.[Na+],=,10.0,nM,IC50,8.00,Beta-lactamase class C,single protein format
CHEMBL355558,N#C/C=C/C1=C(C(=O)[O-])N2C(=O)/C(=C/c3ccccn3)C2S(=O)(=O)C1.[Na+],=,12.0,nM,IC50,7.92,Beta-lactamase class C,single protein format
CHEMBL353230,CC(C)(C)OC(=O)/C=C/C1=C(C(=O)[O-])N2C(=O)/C(=C/c3ccccn3)C2S(=O)(=O)C1.[Na+],=,1480.0,nM,IC50,5.83,Beta-lactamase class C,single protein format
CHEMBL353230,CC(C)(C)OC(=O)/C=C/C1=C(C(=O)[O-])N2C(=O)/C(=C/c3ccccn3)C2S(=O)(=O)C1.[Na+],,,,IC50,,Beta-lactamase class C,single protein format
CHEMBL355165,O=C([O-])C1=C(/C=C/c2ccccn2)CS(=O)(=O)[C@@H]2/C(=C\c3ccccn3)C(=O)N12.[Na+],=,180.0,nM,IC50,6.75,Beta-lactamase class C,single protein format
CHEMBL355165,O=C([O-])C1=C(/C=C/c2ccccn2)CS(=O)(=O)[C@@H]2/C(=C\c3ccccn3)C(=O)N12.[Na+],,,,IC50,,Beta-lactamase class C,single protein format
CHEMBL1439,C[C@]1(Cn2ccnn2)[C@H](C(=O)[O-])N2C(=O)C[C@H]2S1(=O)=O.[Na+],=,49800.0,nM,IC50,4.30,Beta-lactamase class C,single protein format
CHEMBL1439,C[C@]1(Cn2ccnn2)[C@H](C(=O)[O-])N2C(=O)C[C@H]2S1(=O)=O.[Na+],=,3400.0,nM,IC50,5.47,Beta-lactamase class C,single protein format
CHEMBL169373,C=C1C(/C=C/C(=O)[O-])=C(C(=O)[O-])N2C(=O)/C(=C/c3ccccn3)C2S1(=O)=O.[Na+].[Na+],=,6600.0,nM,IC50,5.18,Beta-lactamase class C,single protein format
CHEMBL169373,C=C1C(/C=C/C(=O)[O-])=C(C(=O)[O-])N2C(=O)/C(=C/c3ccccn3)C2S1(=O)=O.[Na+].[Na+],,,,IC50,,Beta-lactamase class C,single protein format
CHEMBL169392,COC(=O)/C=C/C1=C(C(=O)[O-])N2C(=O)/C(=C/c3ccccn3)C2S(=O)(=O)C1.[Na+],=,200.0,nM,IC50,6.70,Beta-lactamase class C,single protein format
CHEMBL169392,COC(=O)/C=C/C1=C(C(=O)[O-])N2C(=O)/C(=C/c3ccccn3)C2S(=O)(=O)C1.[Na+],=,300.0,nM,IC50,6.52,Beta-lactamase class C,single protein format
CHEMBL167311,C=C/C=C/C1=C(C(=O)[O-])N2C(=O)/C(=C/c3ccccn3)C2S(=O)(=O)C1.[Na+],=,24000.0,nM,IC50,4.62,Beta-lactamase class C,single protein format
CHEMBL167311,C=C/C=C/C1=C(C(=O)[O-])N2C(=O)/C(=C/c3ccccn3)C2S(=O)(=O)C1.[Na+],,,,IC50,,Beta-lactamase class C,single protein format
CHEMBL171999,O=C([O-])/C=C/C1=C(C(=O)[O-])N2C(=O)/C(=C/c3ccccn3)C2S(=O)(=O)C1.[Na+].[Na+],=,310.0,nM,IC50,6.51,Beta-lactamase class C,single protein format
CHEMBL171999,O=C([O-])/C=C/C1=C(C(=O)[O-])N2C(=O)/C(=C/c3ccccn3)C2S(=O)(=O)C1.[Na+].[Na+],,,,IC50,,Beta-lactamase class C,single protein format
CHEMBL169154,C=CC(=O)OCC1=C(C(=O)[O-])N2C(=O)/C(=C/c3ccccn3)C2S(=O)(=O)C1.[Na+],=,100.0,nM,IC50,7.00,Beta-lactamase class C,single protein format
CHEMBL169154,C=CC(=O)OCC1=C(C(=O)[O-])N2C(=O)/C(=C/c3ccccn3)C2S(=O)(=O)C1.[Na+],=,900.0,nM,IC50,6.05,Beta-lactamase class C,single protein format
CHEMBL355161,C=C1C(/C=C/C(=O)OC(C)(C)C)=C(C(=O)[O-])N2C(=O)/C(=C/c3ccccn3)C2S1(=O)=O.[Na+],=,440000.0,nM,IC50,,Beta-lactamase class C,single protein format
CHEMBL355161,C=C1C(/C=C/C(=O)OC(C)(C)C)=C(C(=O)[O-])N2C(=O)/C(=C/c3ccccn3)C2S1(=O)=O.[Na+],=,150000.0,nM,IC50,,Beta-lactamase class C,single protein format
CHEMBL433726,O=C([O-])C1=C(/C=C/c2cccc[n+]2[O-])CS(=O)(=O)[C@@H]2/C(=C\c3ccccn3)C(=O)N12.[Na+],=,600.0,nM,IC50,6.22,Beta-lactamase class C,single protein format
CHEMBL433726,O=C([O-])C1=C(/C=C/c2cccc[n+]2[O-])CS(=O)(=O)[C@@H]2/C(=C\c3ccccn3)C(=O)N12.[Na+],=,100.0,nM,IC50,7.00,Beta-lactamase class C,single protein format
CHEMBL368418,C/C=C1/C(=O)N2C(C(=O)[O-])=C3CCCCC3[C@@H]12.[Na+],=,3000.0,nM,IC50,5.52,Beta-lactamase class C,single protein format
CHEMBL174970,C/C=C1/C(=O)N2C(C(=O)[O-])=C3CCCCC3[C@H]12.[Na+],=,1800.0,nM,IC50,5.75,Beta-lactamase class C,single protein format
CHEMBL777,O=C(O)[C@H]1/C(=C/CO)O[C@@H]2CC(=O)N21,=,100000.0,nM,IC50,4.00,Beta-lactamase class C,single protein format
CHEMBL175015,C/C=C1/C(=O)N2C(C(=O)[O-])=C3CCSCC3[C@@H]12.[Na+],=,5000.0,nM,IC50,5.30,Beta-lactamase class C,single protein format
CHEMBL176949,C/C=C1/C(=O)N2C(C(=O)[O-])=C3CCSCC3[C@H]12.[Na+],=,4200.0,nM,IC50,5.38,Beta-lactamase class C,single protein format
CHEMBL1161807,O=C(Cc1ccccc1)N[C@H]1CN(S(=O)(=O)O)C1=O,=,1000000.0,nM,Km,,Beta-lactamase class C,single protein format
CHEMBL1161808,O=C(NCc1ccccc1)C1CN(S(=O)(=O)O)C1=O,=,75000.0,nM,Km,,Beta-lactamase class C,single protein format
