molecule_chembl_id,canonical_smiles,standard_relation,standard_value,standard_units,standard_type,pchembl_value,target_pref_name,bao_label
CHEMBL366826,CC1=C(C(=O)O)N2C(=O)C(NC(=O)CSC(F)(F)F)C2SC1,=,6.2,,Relative hydrolysis rate,,Carbepenem-hydrolyzing beta-lactamase KPC,single protein format
CHEMBL172840,Cc1nnc(SCC2=C(C(=O)O)N3C(=O)C(NC(=O)Cn4cnnn4)C3SC2)s1,=,130.0,,Relative hydrolysis rate,,Carbepenem-hydrolyzing beta-lactamase KPC,single protein format
CHEMBL327917,CC(=O)N/C=C\[S+]([O-])C1=C(C(=O)[O-])N2C(=O)[C@@H](C(C)(C)O)[C@H]2C1.[Na+],=,0.11,ug.mL-1,IC50,,Carbepenem-hydrolyzing beta-lactamase KPC,single protein format
CHEMBL93491,CC(=O)N/C=C\SC1=C(C(=O)[O-])N2C(=O)[C@@H](C(C)(C)OS(=O)(=O)[O-])[C@H]2C1.[Na+].[Na+],=,0.028,ug.mL-1,IC50,,Carbepenem-hydrolyzing beta-lactamase KPC,single protein format
CHEMBL93491,CC(=O)N/C=C\SC1=C(C(=O)[O-])N2C(=O)[C@@H](C(C)(C)OS(=O)(=O)[O-])[C@H]2C1.[Na+].[Na+],=,50.0,ug.mL-1,MIC,,Carbepenem-hydrolyzing beta-lactamase KPC,single protein format
CHEMBL93653,CC(=O)N/C=C\[S+]([O-])C1=C(C(=O)[O-])N2C(=O)[C@@H](C(C)(C)OS(=O)(=O)[O-])[C@H]2C1.[Na+].[Na+],=,0.001,ug.mL-1,IC50,,Carbepenem-hydrolyzing beta-lactamase KPC,single protein format
CHEMBL93653,CC(=O)N/C=C\[S+]([O-])C1=C(C(=O)[O-])N2C(=O)[C@@H](C(C)(C)OS(=O)(=O)[O-])[C@H]2C1.[Na+].[Na+],=,3.13,ug.mL-1,MIC,,Carbepenem-hydrolyzing beta-lactamase KPC,single protein format
CHEMBL433378,CC(=O)N/C=C\SC1=C(C(=O)[O-])N2C(=O)[C@@H](C(C)OS(=O)(=O)[O-])[C@H]2C1.[Na+].[Na+],=,0.0018,ug.mL-1,IC50,,Carbepenem-hydrolyzing beta-lactamase KPC,single protein format
CHEMBL3143371,C[C@]1(CC(=O)Oc2ccc(F)cc2)[C@H](C(=O)O)N2C(=O)CC2S1(=O)=O,=,0.2,ug ml-1,MPC,,Carbepenem-hydrolyzing beta-lactamase KPC,single protein format
CHEMBL777,O=C(O)[C@H]1/C(=C/CO)O[C@@H]2CC(=O)N21,=,0.1,ug ml-1,MPC,,Carbepenem-hydrolyzing beta-lactamase KPC,single protein format
CHEMBL3143369,C[C@]1(CC(=O)Oc2ccccc2)[C@H](C(=O)O)N2C(=O)CC2S1(=O)=O,=,0.8,ug ml-1,MPC,,Carbepenem-hydrolyzing beta-lactamase KPC,single protein format
CHEMBL328990,CC(=O)N/C=C/[S+]([O-])C1=C(C(=O)[O-])N2C(=O)[C@@H](C(C)(C)O)[C@H]2C1.[Na+],=,0.08,ug.mL-1,IC50,,Carbepenem-hydrolyzing beta-lactamase KPC,single protein format
CHEMBL3143383,C[C@]1(CC(=O)Oc2ccc(N)cc2)[C@H](C(=O)O)N2C(=O)CC2S1(=O)=O,=,0.2,ug ml-1,MPC,,Carbepenem-hydrolyzing beta-lactamase KPC,single protein format
CHEMBL1296,CN(C)CCn1nnnc1SCC1=C(C(=O)O)N2C(=O)[C@@H](NC(=O)Cc3csc(N)n3)[C@H]2SC1,=,400.0,ug.mL-1,MIC,,Carbepenem-hydrolyzing beta-lactamase KPC,single protein format
CHEMBL3143361,CC(C)(C)OC(=O)C[C@@]1(C)[C@H](C(=O)O)N2C(=O)CC2S1(=O)=O,=,0.8,ug ml-1,MPC,,Carbepenem-hydrolyzing beta-lactamase KPC,single protein format
CHEMBL3143368,C[C@]1(CCl)[C@H](C(=O)O)N2C(=O)CC2S1(=O)=O,=,3.1,ug ml-1,MPC,,Carbepenem-hydrolyzing beta-lactamase KPC,single protein format
CHEMBL327797,CC(=O)N/C=C\SC1=C(C(=O)[O-])N2C(=O)[C@@H](C(C)(C)O)[C@H]2C1.[Na+],=,0.22,ug.mL-1,IC50,,Carbepenem-hydrolyzing beta-lactamase KPC,single protein format
CHEMBL327797,CC(=O)N/C=C\SC1=C(C(=O)[O-])N2C(=O)[C@@H](C(C)(C)O)[C@H]2C1.[Na+],=,100.0,ug.mL-1,MIC,,Carbepenem-hydrolyzing beta-lactamase KPC,single protein format
CHEMBL3143370,COc1ccc(OC(=O)C[C@@]2(C)[C@H](C(=O)O)N3C(=O)CC3S2(=O)=O)cc1,=,0.1,ug ml-1,MPC,,Carbepenem-hydrolyzing beta-lactamase KPC,single protein format
CHEMBL3143365,C[C@]1(CBr)[C@H](C(=O)O)N2C(=O)CC2S1(=O)=O,=,1.6,ug ml-1,MPC,,Carbepenem-hydrolyzing beta-lactamase KPC,single protein format
CHEMBL3143362,C[C@]1(CO)[C@H](C(=O)O)N2C(=O)CC2S1(=O)=O,=,6.2,ug ml-1,MPC,,Carbepenem-hydrolyzing beta-lactamase KPC,single protein format
CHEMBL403,CC1(C)[C@H](C(=O)O)N2C(=O)C[C@H]2S1(=O)=O,=,1.6,ug ml-1,MPC,,Carbepenem-hydrolyzing beta-lactamase KPC,single protein format
CHEMBL174,CC1(C)S[C@@H]2[C@H](NC(=O)[C@H](N)c3ccccc3)C(=O)N2[C@H]1C(=O)O,=,100.0,ug.mL-1,MIC,,Carbepenem-hydrolyzing beta-lactamase KPC,single protein format
CHEMBL92019,CC(=O)N/C=C\[S+]([O-])C1=C(C(=O)[O-])N2C(=O)[C@@H](C(C)OS(=O)(=O)[O-])[C@H]2C1.[Na+].[Na+],=,0.00008,ug.mL-1,IC50,,Carbepenem-hydrolyzing beta-lactamase KPC,single protein format
CHEMBL92019,CC(=O)N/C=C\[S+]([O-])C1=C(C(=O)[O-])N2C(=O)[C@@H](C(C)OS(=O)(=O)[O-])[C@H]2C1.[Na+].[Na+],=,100.0,ug.mL-1,MIC,,Carbepenem-hydrolyzing beta-lactamase KPC,single protein format
CHEMBL327917,CC(=O)N/C=C\[S+]([O-])C1=C(C(=O)[O-])N2C(=O)[C@@H](C(C)(C)O)[C@H]2C1.[Na+],=,0.0038,ug.mL-1,IC50,,Carbepenem-hydrolyzing beta-lactamase KPC,single protein format
CHEMBL327917,CC(=O)N/C=C\[S+]([O-])C1=C(C(=O)[O-])N2C(=O)[C@@H](C(C)(C)O)[C@H]2C1.[Na+],=,3.13,ug.mL-1,MIC,,Carbepenem-hydrolyzing beta-lactamase KPC,single protein format
CHEMBL3138732,CC(=O)[N-]/C=C/SC1=C(C(=O)[O-])N2C(=O)[C@@H](C(C)O)[C@H]2C1.[Na+].[Na+],=,0.32,ug.mL-1,IC50,,Carbepenem-hydrolyzing beta-lactamase KPC,single protein format
CHEMBL3138732,CC(=O)[N-]/C=C/SC1=C(C(=O)[O-])N2C(=O)[C@@H](C(C)O)[C@H]2C1.[Na+].[Na+],=,100.0,ug.mL-1,MIC,,Carbepenem-hydrolyzing beta-lactamase KPC,single protein format
CHEMBL352175,CC(=O)N/C=C\[S+]([O-])C1=C(C(=O)[O-])N2C(=O)[C@@H](C(C)O)[C@H]2C1.[Na+],=,0.0024,ug.mL-1,IC50,,Carbepenem-hydrolyzing beta-lactamase KPC,single protein format
CHEMBL352175,CC(=O)N/C=C\[S+]([O-])C1=C(C(=O)[O-])N2C(=O)[C@@H](C(C)O)[C@H]2C1.[Na+],=,100.0,ug.mL-1,MIC,,Carbepenem-hydrolyzing beta-lactamase KPC,single protein format
CHEMBL316079,CC(=O)N/C=C/[S+]([O-])C1=C(C(=O)[O-])N2C(=O)[C@@H](C(C)(C)OS(=O)(=O)[O-])[C@H]2C1.[Na+].[Na+],=,0.0052,ug.mL-1,IC50,,Carbepenem-hydrolyzing beta-lactamase KPC,single protein format
CHEMBL316079,CC(=O)N/C=C/[S+]([O-])C1=C(C(=O)[O-])N2C(=O)[C@@H](C(C)(C)OS(=O)(=O)[O-])[C@H]2C1.[Na+].[Na+],=,6.25,ug.mL-1,MIC,,Carbepenem-hydrolyzing beta-lactamase KPC,assay format
CHEMBL702,CCN1CCN(C(=O)N[C@@H](C(=O)N[C@@H]2C(=O)N3[C@@H](C(=O)O)C(C)(C)S[C@H]23)c2ccccc2)C(=O)C1=O,=,24.0,/s,Kcat,,Carbepenem-hydrolyzing beta-lactamase KPC,assay format
CHEMBL702,CCN1CCN(C(=O)N[C@@H](C(=O)N[C@@H]2C(=O)N3[C@@H](C(=O)O)C(C)(C)S[C@H]23)c2ccccc2)C(=O)C1=O,=,18000.0,nM,Km,,Carbepenem-hydrolyzing beta-lactamase KPC,assay format
CHEMBL702,CCN1CCN(C(=O)N[C@@H](C(=O)N[C@@H]2C(=O)N3[C@@H](C(=O)O)C(C)(C)S[C@H]23)c2ccccc2)C(=O)C1=O,=,1333.0,/mM/s,Kcat/Km,,Carbepenem-hydrolyzing beta-lactamase KPC,assay format
CHEMBL617,CC(=O)OCC1=C(C(=O)O)N2C(=O)[C@@H](NC(=O)Cc3cccs3)[C@H]2SC1,=,75.0,/s,Kcat,,Carbepenem-hydrolyzing beta-lactamase KPC,assay format
CHEMBL617,CC(=O)OCC1=C(C(=O)O)N2C(=O)[C@@H](NC(=O)Cc3cccs3)[C@H]2SC1,=,53000.0,nM,Km,,Carbepenem-hydrolyzing beta-lactamase KPC,assay format
CHEMBL617,CC(=O)OCC1=C(C(=O)O)N2C(=O)[C@@H](NC(=O)Cc3cccs3)[C@H]2SC1,=,1400.0,/mM/s,Kcat/Km,,Carbepenem-hydrolyzing beta-lactamase KPC,assay format
CHEMBL1730,CO/N=C(\C(=O)N[C@@H]1C(=O)N2C(C(=O)O)=C(COC(C)=O)CS[C@H]12)c1csc(N)n1,=,14.0,/s,Kcat,,Carbepenem-hydrolyzing beta-lactamase KPC,assay format
CHEMBL1730,CO/N=C(\C(=O)N[C@@H]1C(=O)N2C(C(=O)O)=C(COC(C)=O)CS[C@H]12)c1csc(N)n1,=,160000.0,nM,Km,,Carbepenem-hydrolyzing beta-lactamase KPC,assay format
CHEMBL1730,CO/N=C(\C(=O)N[C@@H]1C(=O)N2C(C(=O)O)=C(COC(C)=O)CS[C@H]12)c1csc(N)n1,=,90.0,/mM/s,Kcat/Km,,Carbepenem-hydrolyzing beta-lactamase KPC,assay format
CHEMBL44354,CC(C)(O/N=C(\C(=O)N[C@@H]1C(=O)N2C(C(=O)[O-])=C(C[n+]3ccccc3)CS[C@H]12)c1csc(N)n1)C(=O)O,=,0.1,/s,Kcat,,Carbepenem-hydrolyzing beta-lactamase KPC,assay format
CHEMBL44354,CC(C)(O/N=C(\C(=O)N[C@@H]1C(=O)N2C(C(=O)[O-])=C(C[n+]3ccccc3)CS[C@H]12)c1csc(N)n1)C(=O)O,=,94000.0,nM,Km,,Carbepenem-hydrolyzing beta-lactamase KPC,assay format
CHEMBL44354,CC(C)(O/N=C(\C(=O)N[C@@H]1C(=O)N2C(C(=O)[O-])=C(C[n+]3ccccc3)CS[C@H]12)c1csc(N)n1)C(=O)O,=,1.0,/mM/s,Kcat/Km,,Carbepenem-hydrolyzing beta-lactamase KPC,assay format
CHEMBL996,CO[C@@]1(NC(=O)Cc2cccs2)C(=O)N2C(C(=O)O)=C(COC(N)=O)CS[C@@H]21,=,0.26,/s,Kcat,,Carbepenem-hydrolyzing beta-lactamase KPC,assay format
CHEMBL996,CO[C@@]1(NC(=O)Cc2cccs2)C(=O)N2C(C(=O)O)=C(COC(N)=O)CS[C@@H]21,=,120000.0,nM,Km,,Carbepenem-hydrolyzing beta-lactamase KPC,assay format
CHEMBL996,CO[C@@]1(NC(=O)Cc2cccs2)C(=O)N2C(C(=O)O)=C(COC(N)=O)CS[C@@H]21,=,2.0,/mM/s,Kcat/Km,,Carbepenem-hydrolyzing beta-lactamase KPC,assay format
CHEMBL158,C[C@H]1[C@H](NC(=O)/C(=N\OC(C)(C)C(=O)O)c2csc(N)n2)C(=O)N1S(=O)(=O)O,=,20.0,/s,Kcat,,Carbepenem-hydrolyzing beta-lactamase KPC,assay format
CHEMBL158,C[C@H]1[C@H](NC(=O)/C(=N\OC(C)(C)C(=O)O)c2csc(N)n2)C(=O)N1S(=O)(=O)O,=,310000.0,nM,Km,,Carbepenem-hydrolyzing beta-lactamase KPC,assay format
CHEMBL158,C[C@H]1[C@H](NC(=O)/C(=N\OC(C)(C)C(=O)O)c2csc(N)n2)C(=O)N1S(=O)(=O)O,=,70.0,/mM/s,Kcat/Km,,Carbepenem-hydrolyzing beta-lactamase KPC,assay format
CHEMBL148,C[C@@H](O)[C@H]1C(=O)N2C(C(=O)O)=C(SCCNC=N)C[C@H]12,=,12.0,/s,Kcat,,Carbepenem-hydrolyzing beta-lactamase KPC,assay format
CHEMBL148,C[C@@H](O)[C@H]1C(=O)N2C(C(=O)O)=C(SCCNC=N)C[C@H]12,=,81000.0,nM,Km,,Carbepenem-hydrolyzing beta-lactamase KPC,assay format
CHEMBL148,C[C@@H](O)[C@H]1C(=O)N2C(C(=O)O)=C(SCCNC=N)C[C@H]12,=,150.0,/mM/s,Kcat/Km,,Carbepenem-hydrolyzing beta-lactamase KPC,assay format
CHEMBL127,C[C@@H](O)[C@H]1C(=O)N2C(C(=O)O)=C(S[C@@H]3CN[C@H](C(=O)N(C)C)C3)[C@H](C)[C@H]12,=,3.0,/s,Kcat,,Carbepenem-hydrolyzing beta-lactamase KPC,assay format
CHEMBL127,C[C@@H](O)[C@H]1C(=O)N2C(C(=O)O)=C(S[C@@H]3CN[C@H](C(=O)N(C)C)C3)[C@H](C)[C@H]12,=,12000.0,nM,Km,,Carbepenem-hydrolyzing beta-lactamase KPC,assay format
CHEMBL127,C[C@@H](O)[C@H]1C(=O)N2C(C(=O)O)=C(S[C@@H]3CN[C@H](C(=O)N(C)C)C3)[C@H](C)[C@H]12,=,250.0,/mM/s,Kcat/Km,,Carbepenem-hydrolyzing beta-lactamase KPC,assay format
CHEMBL404,C[C@]1(Cn2ccnn2)[C@H](C(=O)O)N2C(=O)C[C@H]2S1(=O)=O,=,374.0,nM,IC50,6.43,Carbepenem-hydrolyzing beta-lactamase KPC,assay format
CHEMBL858,O=C(O)CN(CCN(CC(=O)O)CC(=O)O)CC(=O)O,,,,Activity,,Carbepenem-hydrolyzing beta-lactamase KPC,assay format
CHEMBL174,CC1(C)S[C@@H]2[C@H](NC(=O)[C@H](N)c3ccccc3)C(=O)N2[C@H]1C(=O)O,=,110.0,/s,Kcat,,Carbepenem-hydrolyzing beta-lactamase KPC,assay format
CHEMBL174,CC1(C)S[C@@H]2[C@H](NC(=O)[C@H](N)c3ccccc3)C(=O)N2[C@H]1C(=O)O,=,130000.0,nM,Km,,Carbepenem-hydrolyzing beta-lactamase KPC,assay format
CHEMBL174,CC1(C)S[C@@H]2[C@H](NC(=O)[C@H](N)c3ccccc3)C(=O)N2[C@H]1C(=O)O,=,850.0,/mM/s,Kcat/Km,,Carbepenem-hydrolyzing beta-lactamase KPC,assay format
CHEMBL316157,O=C(Cc1cccs1)N[C@@H]1C(=O)N2C(C(=O)[O-])=C(C[n+]3ccccc3)CS[C@H]12,=,390.0,/s,Kcat,,Carbepenem-hydrolyzing beta-lactamase KPC,single protein format
CHEMBL29,CC1(C)S[C@@H]2[C@H](NC(=O)Cc3ccccc3)C(=O)N2[C@H]1C(=O)O,=,60.0,/s,Kcat,,Carbepenem-hydrolyzing beta-lactamase KPC,single protein format
CHEMBL148,C[C@@H](O)[C@H]1C(=O)N2C(C(=O)O)=C(SCCNC=N)C[C@H]12,=,31.0,/s,Kcat,,Carbepenem-hydrolyzing beta-lactamase KPC,single protein format
CHEMBL127,C[C@@H](O)[C@H]1C(=O)N2C(C(=O)O)=C(S[C@@H]3CN[C@H](C(=O)N(C)C)C3)[C@H](C)[C@H]12,=,3.6,/s,Kcat,,Carbepenem-hydrolyzing beta-lactamase KPC,single protein format
CHEMBL491571,C[C@@H](O)[C@H]1C(=O)N2C(C(=O)O)=C(S[C@@H]3CN[C@H](CNS(N)(=O)=O)C3)[C@H](C)[C@H]12,=,0.55,/s,Kcat,,Carbepenem-hydrolyzing beta-lactamase KPC,single protein format
CHEMBL44354,CC(C)(O/N=C(\C(=O)N[C@@H]1C(=O)N2C(C(=O)[O-])=C(C[n+]3ccccc3)CS[C@H]12)c1csc(N)n1)C(=O)O,=,0.38,/s,Kcat,,Carbepenem-hydrolyzing beta-lactamase KPC,single protein format
CHEMBL316157,O=C(Cc1cccs1)N[C@@H]1C(=O)N2C(C(=O)[O-])=C(C[n+]3ccccc3)CS[C@H]12,=,510000.0,nM,Km,,Carbepenem-hydrolyzing beta-lactamase KPC,single protein format
CHEMBL29,CC1(C)S[C@@H]2[C@H](NC(=O)Cc3ccccc3)C(=O)N2[C@H]1C(=O)O,=,30000.0,nM,Km,,Carbepenem-hydrolyzing beta-lactamase KPC,single protein format
CHEMBL148,C[C@@H](O)[C@H]1C(=O)N2C(C(=O)O)=C(SCCNC=N)C[C@H]12,=,90000.0,nM,Km,,Carbepenem-hydrolyzing beta-lactamase KPC,single protein format
CHEMBL127,C[C@@H](O)[C@H]1C(=O)N2C(C(=O)O)=C(S[C@@H]3CN[C@H](C(=O)N(C)C)C3)[C@H](C)[C@H]12,=,13000.0,nM,Km,,Carbepenem-hydrolyzing beta-lactamase KPC,single protein format
CHEMBL491571,C[C@@H](O)[C@H]1C(=O)N2C(C(=O)O)=C(S[C@@H]3CN[C@H](CNS(N)(=O)=O)C3)[C@H](C)[C@H]12,=,1600.0,nM,Km,,Carbepenem-hydrolyzing beta-lactamase KPC,single protein format
CHEMBL44354,CC(C)(O/N=C(\C(=O)N[C@@H]1C(=O)N2C(C(=O)[O-])=C(C[n+]3ccccc3)CS[C@H]12)c1csc(N)n1)C(=O)O,=,230000.0,nM,Km,,Carbepenem-hydrolyzing beta-lactamase KPC,single protein format
CHEMBL316157,O=C(Cc1cccs1)N[C@@H]1C(=O)N2C(C(=O)[O-])=C(C[n+]3ccccc3)CS[C@H]12,=,0.76,/s/microM,Kcat/Km,,Carbepenem-hydrolyzing beta-lactamase KPC,single protein format
CHEMBL29,CC1(C)S[C@@H]2[C@H](NC(=O)Cc3ccccc3)C(=O)N2[C@H]1C(=O)O,=,2.0,/s/microM,Kcat/Km,,Carbepenem-hydrolyzing beta-lactamase KPC,single protein format
CHEMBL148,C[C@@H](O)[C@H]1C(=O)N2C(C(=O)O)=C(SCCNC=N)C[C@H]12,=,0.34,/s/microM,Kcat/Km,,Carbepenem-hydrolyzing beta-lactamase KPC,single protein format
CHEMBL127,C[C@@H](O)[C@H]1C(=O)N2C(C(=O)O)=C(S[C@@H]3CN[C@H](C(=O)N(C)C)C3)[C@H](C)[C@H]12,=,0.28,/s/microM,Kcat/Km,,Carbepenem-hydrolyzing beta-lactamase KPC,single protein format
CHEMBL491571,C[C@@H](O)[C@H]1C(=O)N2C(C(=O)O)=C(S[C@@H]3CN[C@H](CNS(N)(=O)=O)C3)[C@H](C)[C@H]12,=,0.34,/s/microM,Kcat/Km,,Carbepenem-hydrolyzing beta-lactamase KPC,single protein format
CHEMBL44354,CC(C)(O/N=C(\C(=O)N[C@@H]1C(=O)N2C(C(=O)[O-])=C(C[n+]3ccccc3)CS[C@H]12)c1csc(N)n1)C(=O)O,=,0.0017,/s/microM,Kcat/Km,,Carbepenem-hydrolyzing beta-lactamase KPC,single protein format
CHEMBL29,CC1(C)S[C@@H]2[C@H](NC(=O)Cc3ccccc3)C(=O)N2[C@H]1C(=O)O,=,15.0,%,Activity,,Carbepenem-hydrolyzing beta-lactamase KPC,single protein format
CHEMBL29,CC1(C)S[C@@H]2[C@H](NC(=O)Cc3ccccc3)C(=O)N2[C@H]1C(=O)O,=,260.0,%,Activity,,Carbepenem-hydrolyzing beta-lactamase KPC,single protein format
CHEMBL44354,CC(C)(O/N=C(\C(=O)N[C@@H]1C(=O)N2C(C(=O)[O-])=C(C[n+]3ccccc3)CS[C@H]12)c1csc(N)n1)C(=O)O,=,0.097,%,Activity,,Carbepenem-hydrolyzing beta-lactamase KPC,single protein format
CHEMBL44354,CC(C)(O/N=C(\C(=O)N[C@@H]1C(=O)N2C(C(=O)[O-])=C(C[n+]3ccccc3)CS[C@H]12)c1csc(N)n1)C(=O)O,=,0.22,%,Activity,,Carbepenem-hydrolyzing beta-lactamase KPC,single protein format
CHEMBL491571,C[C@@H](O)[C@H]1C(=O)N2C(C(=O)O)=C(S[C@@H]3CN[C@H](CNS(N)(=O)=O)C3)[C@H](C)[C@H]12,=,0.14,%,Activity,,Carbepenem-hydrolyzing beta-lactamase KPC,single protein format
CHEMBL491571,C[C@@H](O)[C@H]1C(=O)N2C(C(=O)O)=C(S[C@@H]3CN[C@H](CNS(N)(=O)=O)C3)[C@H](C)[C@H]12,=,45.0,%,Activity,,Carbepenem-hydrolyzing beta-lactamase KPC,single protein format
CHEMBL148,C[C@@H](O)[C@H]1C(=O)N2C(C(=O)O)=C(SCCNC=N)C[C@H]12,=,7.9,%,Activity,,Carbepenem-hydrolyzing beta-lactamase KPC,single protein format
CHEMBL148,C[C@@H](O)[C@H]1C(=O)N2C(C(=O)O)=C(SCCNC=N)C[C@H]12,=,45.0,%,Activity,,Carbepenem-hydrolyzing beta-lactamase KPC,single protein format
CHEMBL127,C[C@@H](O)[C@H]1C(=O)N2C(C(=O)O)=C(S[C@@H]3CN[C@H](C(=O)N(C)C)C3)[C@H](C)[C@H]12,=,0.92,%,Activity,,Carbepenem-hydrolyzing beta-lactamase KPC,single protein format
CHEMBL127,C[C@@H](O)[C@H]1C(=O)N2C(C(=O)O)=C(S[C@@H]3CN[C@H](C(=O)N(C)C)C3)[C@H](C)[C@H]12,=,37.0,%,Activity,,Carbepenem-hydrolyzing beta-lactamase KPC,single protein format
CHEMBL404,C[C@]1(Cn2ccnn2)[C@H](C(=O)O)N2C(=O)C[C@H]2S1(=O)=O,=,370.0,nM,IC50,6.43,Carbepenem-hydrolyzing beta-lactamase KPC,single protein format
CHEMBL777,O=C(O)[C@H]1/C(=C/CO)O[C@@H]2CC(=O)N21,=,10500.0,nM,IC50,4.98,Carbepenem-hydrolyzing beta-lactamase KPC,single protein format
CHEMBL702,CCN1CCN(C(=O)N[C@@H](C(=O)N[C@@H]2C(=O)N3[C@@H](C(=O)O)C(C)(C)S[C@H]23)c2ccccc2)C(=O)C1=O,=,15000.0,nM,Km,,Carbepenem-hydrolyzing beta-lactamase KPC,single protein format
CHEMBL702,CCN1CCN(C(=O)N[C@@H](C(=O)N[C@@H]2C(=O)N3[C@@H](C(=O)O)C(C)(C)S[C@H]23)c2ccccc2)C(=O)C1=O,=,3.4,/uM/s,Kcat/Km,,Carbepenem-hydrolyzing beta-lactamase KPC,single protein format
CHEMBL617,CC(=O)OCC1=C(C(=O)O)N2C(=O)[C@@H](NC(=O)Cc3cccs3)[C@H]2SC1,=,14000.0,nM,Km,,Carbepenem-hydrolyzing beta-lactamase KPC,single protein format
CHEMBL617,CC(=O)OCC1=C(C(=O)O)N2C(=O)[C@@H](NC(=O)Cc3cccs3)[C@H]2SC1,=,3.1,/uM/s,Kcat/Km,,Carbepenem-hydrolyzing beta-lactamase KPC,single protein format
CHEMBL1730,CO/N=C(\C(=O)N[C@@H]1C(=O)N2C(C(=O)O)=C(COC(C)=O)CS[C@H]12)c1csc(N)n1,=,207000.0,nM,Km,,Carbepenem-hydrolyzing beta-lactamase KPC,single protein format
CHEMBL1730,CO/N=C(\C(=O)N[C@@H]1C(=O)N2C(C(=O)O)=C(COC(C)=O)CS[C@H]12)c1csc(N)n1,=,0.7,/uM/s,Kcat/Km,,Carbepenem-hydrolyzing beta-lactamase KPC,single protein format
CHEMBL148,C[C@@H](O)[C@H]1C(=O)N2C(C(=O)O)=C(SCCNC=N)C[C@H]12,=,19000.0,nM,Km,,Carbepenem-hydrolyzing beta-lactamase KPC,single protein format
CHEMBL148,C[C@@H](O)[C@H]1C(=O)N2C(C(=O)O)=C(SCCNC=N)C[C@H]12,=,1.0,/uM/s,Kcat/Km,,Carbepenem-hydrolyzing beta-lactamase KPC,single protein format
CHEMBL480517,O=C(Cc1cccs1)N[C@@H]1C(=O)N2C(C(=O)O)=C(/C=C/c3ccc([N+](=O)[O-])cc3[N+](=O)[O-])CS[C@H]12,=,6000.0,nM,Km,,Carbepenem-hydrolyzing beta-lactamase KPC,single protein format
CHEMBL480517,O=C(Cc1cccs1)N[C@@H]1C(=O)N2C(C(=O)O)=C(/C=C/c3ccc([N+](=O)[O-])cc3[N+](=O)[O-])CS[C@H]12,=,8.7,/uM/s,Kcat/Km,,Carbepenem-hydrolyzing beta-lactamase KPC,single protein format
CHEMBL702,CCN1CCN(C(=O)N[C@@H](C(=O)N[C@@H]2C(=O)N3[C@@H](C(=O)O)C(C)(C)S[C@H]23)c2ccccc2)C(=O)C1=O,=,51.0,/s,Kcat,,Carbepenem-hydrolyzing beta-lactamase KPC,single protein format
CHEMBL617,CC(=O)OCC1=C(C(=O)O)N2C(=O)[C@@H](NC(=O)Cc3cccs3)[C@H]2SC1,=,44.0,/s,Kcat,,Carbepenem-hydrolyzing beta-lactamase KPC,single protein format
CHEMBL1730,CO/N=C(\C(=O)N[C@@H]1C(=O)N2C(C(=O)O)=C(COC(C)=O)CS[C@H]12)c1csc(N)n1,=,142.0,/s,Kcat,,Carbepenem-hydrolyzing beta-lactamase KPC,single protein format
CHEMBL148,C[C@@H](O)[C@H]1C(=O)N2C(C(=O)O)=C(SCCNC=N)C[C@H]12,=,19.0,/s,Kcat,,Carbepenem-hydrolyzing beta-lactamase KPC,single protein format
CHEMBL480517,O=C(Cc1cccs1)N[C@@H]1C(=O)N2C(C(=O)O)=C(/C=C/c3ccc([N+](=O)[O-])cc3[N+](=O)[O-])CS[C@H]12,=,52.0,/s,Kcat,,Carbepenem-hydrolyzing beta-lactamase KPC,single protein format
CHEMBL777,O=C(O)[C@H]1/C(=C/CO)O[C@@H]2CC(=O)N21,=,11000.0,nM,Ki,4.96,Carbepenem-hydrolyzing beta-lactamase KPC,single protein format
CHEMBL403,CC1(C)[C@H](C(=O)O)N2C(=O)C[C@H]2S1(=O)=O,=,167000.0,nM,Ki,,Carbepenem-hydrolyzing beta-lactamase KPC,single protein format
CHEMBL404,C[C@]1(Cn2ccnn2)[C@H](C(=O)O)N2C(=O)C[C@H]2S1(=O)=O,=,74000.0,nM,Ki,4.13,Carbepenem-hydrolyzing beta-lactamase KPC,single protein format
CHEMBL127,C[C@@H](O)[C@H]1C(=O)N2C(C(=O)O)=C(S[C@@H]3CN[C@H](C(=O)N(C)C)C3)[C@H](C)[C@H]12,=,31.0,U,Activity,,Carbepenem-hydrolyzing beta-lactamase KPC,single protein format
CHEMBL127,C[C@@H](O)[C@H]1C(=O)N2C(C(=O)O)=C(S[C@@H]3CN[C@H](C(=O)N(C)C)C3)[C@H](C)[C@H]12,=,55.0,U,Activity,,Carbepenem-hydrolyzing beta-lactamase KPC,single protein format
CHEMBL127,C[C@@H](O)[C@H]1C(=O)N2C(C(=O)O)=C(S[C@@H]3CN[C@H](C(=O)N(C)C)C3)[C@H](C)[C@H]12,=,76.0,U,Activity,,Carbepenem-hydrolyzing beta-lactamase KPC,single protein format
CHEMBL127,C[C@@H](O)[C@H]1C(=O)N2C(C(=O)O)=C(S[C@@H]3CN[C@H](C(=O)N(C)C)C3)[C@H](C)[C@H]12,<,2.0,%,Activity,,Carbepenem-hydrolyzing beta-lactamase KPC,single protein format
CHEMBL127,C[C@@H](O)[C@H]1C(=O)N2C(C(=O)O)=C(S[C@@H]3CN[C@H](C(=O)N(C)C)C3)[C@H](C)[C@H]12,=,57.0,%,Activity,,Carbepenem-hydrolyzing beta-lactamase KPC,single protein format
CHEMBL127,C[C@@H](O)[C@H]1C(=O)N2C(C(=O)O)=C(S[C@@H]3CN[C@H](C(=O)N(C)C)C3)[C@H](C)[C@H]12,=,64.0,%,Activity,,Carbepenem-hydrolyzing beta-lactamase KPC,single protein format
CHEMBL3317857,O=C(O)C[C@@H]1CC[C@H](NC(=O)Cc2cccs2)B(O)O1,=,0.25,ug.mL-1,MIC,,Carbepenem-hydrolyzing beta-lactamase KPC,single protein format
CHEMBL3317857,O=C(O)C[C@@H]1CC[C@H](NC(=O)Cc2cccs2)B(O)O1,<=,0.06,ug.mL-1,MIC,,Carbepenem-hydrolyzing beta-lactamase KPC,single protein format
CHEMBL3317857,O=C(O)C[C@@H]1CC[C@H](NC(=O)Cc2cccs2)B(O)O1,=,0.13,ug.mL-1,MIC,,Carbepenem-hydrolyzing beta-lactamase KPC,single protein format
CHEMBL3317857,O=C(O)C[C@@H]1CC[C@H](NC(=O)Cc2cccs2)B(O)O1,<=,0.06,ug.mL-1,MIC,,Carbepenem-hydrolyzing beta-lactamase KPC,single protein format
